appid,recommendationid,review_text,voted_up,timestamp_created,votes_up,votes_funny,weighted_vote_score,comment_count,playtime_at_review_minutes,playtime_forever_minutes,steamid
251670,9913279,nice game..,True,1398290546,0,0,0.5,0,115.0,115,76561198081978948
251670,201497175,"A nostalgic experience, it genuinely brings back memories of rainy nights lying in my childhood bed playing on my dad's first-gen iPad.",True,1754394715,0,0,0.5,0,174.0,12798,76561198061072743
251670,9867255,apperantly its not compatible with Windows! acording to the Debugger,True,1397882518,3,0,0.498039096593856812,0,14.0,82,76561198054139146
251670,12142292,"If you like farmvill guns and bad strategy games This heres the game for you and Oh look a Tf2 cameo!, All annoyances aside This isnt bad for a f2p IOS port, Animations while few are well done and fluid Characters banter is entertaining if not abit repetitive. the conversations try to make several funney Referances to things htat have been ppular on the internet such as the hide your family man, The combat is repetitive and badly made, in the end multi hit characters seem to be your best bet in most situations. The menues whilst fairly well made have some issues most likley due to this being a port as it will occasionally freeze the menus resulting in a black screen Hitting Escape and exiting the game fixes this but its irritating, More over even though the game runs on steam it doesnt use steam accounts as a way to save your progress instead you have to sign up for their accounts to make sure your game saves, Annoying? Yes. Unnessisary? Definatly. Unexpected? Thats like saying im suprised to hear people complain about Uplay. WHile I do have issues with hte above the game still is a good time waster and has some interesting dialog occasionally its great if you want somethign you can play for five or ten minutes put down for an hour and come back to later Considering its free and they dont throw too many ""BUY OUR STUFF"" adds at you (only about 3-4 for my 89-90 mins of game time) its not horrrid the game runs fairly smoothly the animations and visuals are asteticly pleasing and the gameplay is... Well, A farmville time waister, did you honestly expect more?

This all said Ill recommend the game as I know there are people who LOVE  farmville like games and in my opinion its not horribly done WHo knows maybe I wont uninstall this game, I mean I prolly will and it will rot in my library for the rest of eternity but hey! maybe it wont!",True,1411069539,2,0,0.47413790225982666,0,141.0,141,76561198131648529
251670,14520875,"Pretty good game, but it looks like it's something that should have stayed on mobile. It's not really designed for PC and i think it should stay on mobile and mobile alone.",True,1424210392,0,0,0.474999994039535522,0,126.0,126,76561198116188982
251670,196433685,THE GOAT IS BACK,True,1749099637,0,0,0.5,0,93.0,394,76561198171032639
251670,10006496,pretty cool game... what am i saying its an addicting fun game!,True,1399122343,0,0,0.5,0,3.0,11448,76561198062895384
251670,13089825,You're as beautiful as the day i lost you,True,1417014526,7,0,0.420078158378601074,1,41.0,10975,76561198117202203
251670,12035520,Can't login to my Battle Nations account because is logged in Facebook account and here I can not do this :/,True,1410280343,0,0,0.5,0,157.0,647,76561198081565831
251670,14819670,nicenice,True,1425983811,0,0,0.495951414108276367,0,20.0,20,76561198135285646
251670,12255094,"It has potential, I wouldent say its that great right now.  Its really fun though, So I'd rate it 7/10.",True,1411793599,1,0,0.454545468091964722,0,32.0,32,76561198071194047
251670,10068104,IT IS FUN U SHOULD GET IT,True,1399696120,0,0,0.471794873476028442,0,75.0,281,76561198107050780
251670,9905241,"I Love this game but when I download it the console says ""no API loaded"" Please Help!!",True,1398216486,0,0,0.5,6,39.0,618,76561198033922507
251670,12151039,i love this game its like clash of clans and a good strategy game as well 10/10 i love this game,True,1411148813,2,0,0.523809552192687988,0,97.0,99,76561198142243456
251670,178362582,Goated game makes its return.,True,1730692848,6,0,0.56204378604888916,0,20.0,1582,76561198104999290
251670,10863340,"A fun little mobile app game. It works quite well, though a bit janky here and there with some lag issues. It's one of those free games where it's free to play, but you can buy into it if you want. When you do, you can gain this in-game currency that speeds up construction and unit building, but if you're patient you won't need to.

It's quite funny in places and I certainly had a laugh or two playing it. As it's free i'd say give it a go and see if it's your kind of thing. I only went for it because it's turn-based combat and base building which are two things I love in games.",True,1403858592,1,1,0.462962955236434937,0,129.0,129,76561197997036304
251670,194228448,THIS GAME HAS BEEN REVIVED ON MOBILE!!!!,True,1746380029,5,0,0.519999980926513672,0,70.0,2792,76561198134098482
251670,12566154,gr8 game,True,1413717231,2,0,0.5,0,135.0,157,76561198158923089
251670,10145543,"Its alright but i have a bug, that i cant see any of the text like when you are required to complete a objective",True,1400315571,0,0,0.458015263080596924,0,18.0,18,76561198133162011
251670,197097960,one of the best games i had as a kid WHO CANT FORGET THIR TF2 COLLAB love the game !!,True,1749782659,1,0,0.501123011112213135,0,6.0,6,76561198070456396
251670,10150759,"I love this game on the Android platform, if they can finally get the bugs worked out of it to where it's actually playable, it'll be awesome!",True,1400351264,0,0,0.5,1,97.0,313,76561198042748510
251670,9874777,"I really like this game, and I am glad that I can finally play it on my computer. For those people who are rating it down just because it's a Pay to Win game, just don't play it then. Also, it's a perfectly playable game without buying nanopods. All in all, it's an awesome game, and I'm glad that it's finally on PC.",True,1397941969,2,0,0.50565260648727417,0,47.0,1786,76561198062543514
251670,10279629,Very good game. Once you get to at least lvl 30 things start to get intresting. Love the setup of the game and community.,True,1401398189,0,0,0.5,0,93.0,2642,76561198138371375
251670,11499221,9.9/10 only suggestion: less crashing by full release,True,1406853600,1,2,0.451661616563796997,0,59.0,60,76561198090826199
251670,11361553,This game is amazing,True,1406040347,1,0,0.5,0,154.0,172,76561198145397449
251670,12616369,"I don't see why there is so much negitivity on this game. But, heres BATTLE NATIONS in a nutshell:
GAME WISHLIST:
*If your a sucker for CLASH OF CLANS, then this is the right game
*Battles
*Build your city
*Interesting backstory
Overall, you can find all of this in BATTLE NATIONS",True,1414187812,2,0,0.5,0,114.0,165,76561198154708387
251670,12226644,"I've been shot, scalded alive, exploded, infected, lasered at, pierced at, and ionized by plasma. 

WOULD STILL PLAY THIS GAME. 10/10 WOULD BUY FOR FREE.",True,1411604478,1,0,0.5,0,56.0,63,76561198041102464
251670,206951445,"My gambling addict friend said if I post a review and it gets 150 likes and 50 Awards that he will buy me a case of beer, some vodka and 1 kg of lemon So im just gonna leave this here.

Мой друг-игроман сказал, что если я опубликую отзыв и он наберет 150 лайков и 50 наград, он купит мне ящик пива, немного водки и 1 кг лимона, так что я просто оставлю это здесь.",True,1760731044,3,1,0.485522449016571045,0,51.0,51,76561198083721420
251670,13112691,Fun battling game and free so why not.,True,1417126784,3,0,0.462208271026611328,0,77.0,145,76561198158423926
251670,13737626,Cool Game :),True,1420033072,0,0,0.5,0,108.0,108,76561198088340661
251670,204405372,"A surprisingly engaging turn-based strategy game. While it shows its age visually, it boasts a deep and rewarding progression system. Combat is fun and diverse. A solid time sink if you are looking for a freemium experience that respects your time.",True,1757951021,1,0,0.502923965454101562,0,68.0,68,76561198991699943
251670,12226876,relly love the gameplay,True,1411606018,1,0,0.5,0,56.0,155,76561198097725790
251670,9913988,Best PvP and strategy game other than minecraft! Highly recommended!,True,1398296384,0,0,0.5,0,77.0,87,76561198126869693
251670,10690336,It's as good as it is on a mobile device as it is on the computer. Recommended.,True,1403485923,1,0,0.5,0,38.0,38,76561198129124862
251670,10000177,this game is amazing i have been playing on my phone for months so happy to see it come to steam,True,1399061185,0,0,0.5,0,125.0,7016,76561197970840149
251670,196276705,Nostalgia bomb,True,1748906074,1,0,0.523809552192687988,0,57.0,13211,76561198155568324
251670,196313912,"peak nostalgia. the game is also pretty fun with a great community. of course it is a f2p ""mobile"" game from 14 years ago so take that how you will. 10/10 would recommend even if you have not played it originally",True,1748959442,1,0,0.5,0,80.0,29645,76561198166892482
251670,178425876,We are so back.,True,1730782492,4,1,0.545454561710357666,0,46.0,46,76561198188708828
251670,9895262,I've gotten quite far without paying for anything. Don't understand why everyone thinks its a pay to win. It's a fun game in my opinion overall.,True,1398118692,0,0,0.5,0,13.0,13,76561198089207720
251670,196279410,we are so back,True,1748909725,1,0,0.523809552192687988,0,87.0,16398,76561198298127405
251670,12360809,I have found that if Play the game for more than 70 mins it starts to glitch.,True,1412427732,0,0,0.5,0,166.0,224,76561198144023961
251670,200259250,"I was so happy to see this game return after 9 or so years.
The nostalgia, the grind, I love it!!",True,1753044984,0,0,0.5,0,12.0,938,76561198059321305
251670,190587900,Is this game coming back?,True,1742341691,1,1,0.491573035717010498,0,75.0,75,76561198117202007
251670,10343015,"The best real-time strategy war game i've ever played. So happy to be able to play on PC.
Thanks Z2 Inc.",True,1401877510,1,0,0.5,0,35.0,35,76561198139089019
251670,12149899,a good game and its easy to play,True,1411141585,5,0,0.475161999464035034,0,3.0,29,76561198126015254
251670,10911376,"I have this game for Iphone, its a great game, except its not working on the computer... it crashes everytime. Im still gonna rate up this game though, since the crashes may be on my part",True,1403975016,1,0,0.5,0,19.0,32,76561198020319550
251670,10201687,"I am a big fan of Battle Nations but this version for Steam will not load. When I start the game, it opens up in a white screen and stays that way until I excape the screen. I have deleted it and downloaded it again but the problem is still there. I have played it on the Ipad in the past and it is an awesome game. So please fix this problem.",True,1400796594,1,0,0.518518567085266113,0,25.0,46,76561198036303469
251670,11113689,good gaame,True,1404718151,2,0,0.497209817171096802,0,115.0,134,76561198107129899
251670,10413094,"Game is exactly like the one on the ios. 
Overall its still fun imo 
But, it crashes every now and then and closes the game.",True,1402368709,0,0,0.5,0,22.0,22,76561198139647933
251670,178204341,Finally this amazing game is back!,True,1730512799,6,0,0.536163210868835449,0,12.0,24536,76561198094844250
251670,196287593,"I frickin' missed this game. It's a mobile game but like, a good amount better. If you like Clash of Clans or something like that, this game is that, but turn-based. It also has a solid story. Also like, the game is free, just download it then uninstall if you don't like it.",True,1748921267,0,0,0.5,0,58.0,13565,76561198192641278
251670,196578289,Dope and stuff like that,True,1749254113,2,0,0.519559979438781738,0,9.0,1277,76561198277321622
251670,179320961,RIP. Played this on mobile when I was a kid. 10/10.,True,1731957538,3,0,0.565217375755310059,0,12.0,12,76561198159904502
251670,9904012,"Need to pass the time? Battle Nations is a good game for that. Want a strategy game? Battle Nations is one of the best I have ever played. Battle Nations does it all, especially the millitary theme. When I was trying this game out, I really felt like I was in the millitary and felt like I was there. That is how good this game is. It is also free to play. Just thought I should mention that.",True,1398204942,2,0,0.523809552192687988,0,178.0,268,76561198121228611
251670,178215608,The game.,True,1730528012,5,0,0.535192549228668213,0,36.0,17059,76561198151468895
251670,9954811,"I know it only says I have almost an hour on here but I have this game on IOS and have gotten to the level 57 out 65 there. I just want to say that for anyone who hasn't played this game before it is definitely worth a shot on steam but if you can get it on IOS you might as well there. It just isn't designed to be a game you sit down and put 3 straight hours into it is supposed to be revisted every now and then during the day. On the computer that just doesn't make alot of sense its not as practical as if you were using an apple product. If you don't have access to it any where else but on steam then its definitely worth a try. Finally I just want to say that I have almost hit the level cap without buying any in game currency, there are some units that need nanopods (in game currency) to buy but 70 percent of the units don't require real money. Plus you can watch the occasional ad and recieve a nanopod, eventually that will add up.",True,1398624001,0,0,0.487249523401260376,0,82.0,214,76561198064198731
251670,197240422,"We are so back, a beloved game of mine for iphone and steam. With the new developers things are looking up for battle nations. All of the old content is going to be re-added and advanced upon!!! Boss strikes are also confirmed to be coming back.",True,1749927971,2,0,0.501123011112213135,0,60.0,678,76561199465459716
251670,199083765,Mollies Perkins I feel so invincible,True,1751783573,0,0,0.5,0,16.0,30,76561198152184081
251670,13423814,"Heavy In Thumbnail

11/10 Would Look At Again",True,1418863974,0,0,0.5,0,175.0,175,76561198122179613
251670,9893681,when i click on the battle nations icon it says it has came across a problum,True,1398104869,0,0,0.5,0,10.0,11,76561198133962494
251670,196315775,It's back and better than ever!,True,1748961344,1,0,0.5,0,14.0,6719,76561198033890976
251670,198248921,Gives me great memories. Always played this game as a kid on my ipad and I just found out its on steam. Why didn't anybody tell me lmao its such a peak game frrrr. Kinda wished I had my old account which was goated and had a lot of stuff.,True,1751006373,0,0,0.5,0,42.0,13061,76561199052517884
251670,178355546,IT LIVES!!!!!!,True,1730682050,1,0,0.5,0,169.0,26209,76561198127156268
251670,12378195,Its not a bad game... I love it,True,1412527139,1,0,0.5,0,75.0,183,76561198145484401
251670,198125128,"""Aye, me bottle o' scrumpy! FREE-""",True,1750871336,1,0,0.523809552192687988,0,100.0,465,76561199000249293
251670,202725016,"played this game almost a decade ago, loved the art style. Glad to see it remade and here. redownloaded on my phone and it's good!",True,1755964660,0,0,0.5,0,19.0,451,76561198077203593
251670,193531407,"The best free to play cross platform mobile game to exist. The revival of this game is a Godsend to this earth. The story is engaging and humorous with lots of interesting units to choose from. Its the type of game that you can complete all the way without having to spend cash on it, but you want to because its that much fun.",True,1745560084,3,0,0.553752541542053223,0,8.0,23437,76561198081433319
251670,197483659,"[1:07 PM]
friend (username hidden to protect his privacy):
	hol' up. since when did that game get rereleased onto steam?

[1:07 PM]
insignificantnobody:
	you remember it too?

[1:07 PM]
friend (username hidden to protect his privacy):
	yeah

[1:07 PM]
insignificantnobody:
	from the early 2010s
	recently
	some of its fans
	started a company,
	and somehow got rights to its IP
	got it from bungee, which killed Z2

[1:08 PM]
friend (username hidden to protect his privacy):
	Alright, is it way more f2p friendly than it once was now?

[1:08 PM]
insignificantnobody:
	yes

[1:09 PM]
friend (username hidden to protect his privacy):
	So, if I lose a unit, I don't have to pay a premium for it?
	*to recover it

[1:10 PM]
insignificantnobody:
	seems so
	i was able to hospital a shocktrooper
	(SMG dude) with gold
	instead of nanopods
	and the battles give you a ridiculous amount now
	(of gold)
	if i'm wrong, or wrong later along the line don't hesitate to uninstall
	but it seems much more F2P friendly now, yes",True,1750188749,1,0,0.501123011112213135,0,45.0,466,76561198275939271
251670,203163181,absolute cinema,True,1756537443,0,0,0.5,0,51.0,1433,76561199724567308
251670,13166107,Fuck yeah i like this game,True,1417366540,5,0,0.473260730504989624,0,48.0,49,76561198129967099
251670,12373666,훌륭,True,1412503377,0,0,0.5,0,156.0,156,76561198136372126
251670,178360471,"This game is coming back, baby!",True,1730689399,1,0,0.5,0,35.0,24309,76561198155252311
251670,207734124,"My gambling addict friend said if I post a review and it gets 150 likes and 50 Awards that he will buy me a case of beer, some vodka and 1 kg of lemon So im just gonna leave this here.

Мой друг-игроман сказал, что если я опубликую отзыв и он наберет 150 лайков и 50 наград, он купит мне ящик пива, немного водки и 1 кг лимона, так что я просто оставлю это здесь.",True,1761588988,2,1,0.481751799583435059,0,52.0,52,76561199489626793
251670,197512570,Farmville with guns.,True,1750221258,1,1,0.501123011112213135,0,69.0,2167,76561198119707488
251670,196744473,IT'S FINALLY BACK!!,True,1749413111,2,0,0.501123011112213135,0,53.0,72,76561198208099559
251670,9985740,HEYY,True,1398922313,0,0,0.471794873476028442,0,12.0,62,76561198111899145
251670,203460187,Play good one.,True,1756925603,0,0,0.5,0,180.0,180,76561199876731165
251670,183624130,Is good,True,1735105501,3,0,0.522293031215667725,0,88.0,88,76561198116786246
251670,10187032,it's amazing!!!,True,1400674418,0,0,0.471794873476028442,0,15.0,97,76561198075477728
251670,11368229,"Is this a feature or a bug, where only the first guy is allowed to shoot and when you select a different troop and click an enemy to attack them it switches back to the first person and says no ammo, this is really annoying, actually quite game breaking as it takes away the fun because until the first guy is dead you cant use any other troops please fix!",True,1406072269,0,1,0.5,0,59.0,59,76561198090384727
251670,12385250,"I like the game. It is one of the few type of strategy type games that I like. You collect resources, build your town, and battle people. It is a simple and pretty fun game overall.",True,1412572912,2,0,0.5,0,61.0,61,76561198119025752
251670,211098639,",.",True,1764229530,0,0,0.5,0,44.0,44,76561198319489704
251670,12963520,The game is pretty good but need more polish and fix some crashes that make in couple time when make the loading. When the game get is fully potencial will be awesome and addictive for some gamers.,True,1416120881,3,0,0.493068903684616089,0,153.0,153,76561198132712351
251670,10429153,A game that needs time :D,True,1402504184,1,0,0.497209817171096802,1,107.0,112,76561198035166539
251670,196280546,It's great to be back again,True,1748911278,0,0,0.5,0,10.0,411,76561198137959467
251670,12635088,"I have been playing Battle Nations since it first debutted on iOS years ago.  It's freemium model is not at all intrusive and I have been able to keep up with other players despite not having spent a lot of money on this game.  

I was excited when it transitioned to Android, and like the Steam implementation even better.  I like the fact that I can flip flop back and forth between devices while still playing the same game.",True,1414291814,6,0,0.476377934217453003,0,171.0,401,76561198089828073
251670,196939578,RANK 6 WIMPS!!!!!!!!!!!!!!!!!!!!!!!!!!!!!!!!!!!,True,1749613559,2,0,0.526872038841247559,1,119.0,2462,76561198221496040
251670,204525440,Aweeesomeee coooooool,True,1758078900,0,0,0.5,0,18.0,191,76561198310305633
251670,9867114,"I've had this game for a while on iPod Touch. It's a lot of fun, has lots of different units, and has a good storyline. I highly reccomend it.",True,1397881132,5,0,0.527905821800231934,0,179.0,12135,76561198096705328
251670,12182820,"9/10.
Has TF2 Characters.
Doesn't have hats.",True,1411356870,8,0,0.437879890203475952,0,13.0,29,76561198149508202
251670,12228825,"I have enjoyed this game for some time on my ipod touch and now that it is on steam I will contiune to play it both on my mobile device and on steam. It is a fun quick mobile game that envolves creating your own compund and training your army to fight against the local warlords, wildlife and a group of rebels that have defected from your army. All in all this is a very well done free to play game.",True,1411619868,1,0,0.5,0,159.0,927,76561198063355082
251670,11912931,"At first glance you might not like this game since it is ""pay to win""  but if you take your time and play on and off it is a very fun little game. i have not spent any money on the game and its been fun. you do hit little roadblocks on the money portion if you dont invest correctly so keep that in mind.",True,1409344183,1,0,0.5,0,9.0,9,76561198025864014
251670,196408105,Cannot believe they revived the best mobile game from a decade ago. What a time to be alive.,True,1749069911,1,0,0.501123011112213135,0,78.0,5538,76561198340073013
251670,209537007,Who knew after all these years i would get to play the game in a 27 inch screen and i could buy lots of nanoss hehehe...,True,1763467859,0,1,0.5,0,7.0,564,76561198154592816
251670,12153167,Sweet!!!!!!!!!!!!!!!!!!!!!!!!!!!!!!!!,True,1411162247,3,0,0.542469382286071777,0,122.0,129,76561198091663631
251670,196450701,"I missed this game on mobile, thanks for bringing it back!!",True,1749124364,3,0,0.524828255176544189,0,85.0,277,76561199400242989
251670,12650564,8 Swatstikas out of 10.,True,1414371299,2,0,0.46709132194519043,0,147.0,147,76561198037735963
251670,10815815,awesome game!!!,True,1403742476,3,0,0.495135277509689331,0,31.0,31,76561198142063857
251670,11374110,Battle Nations is a very good strategy game (I think so) and highly addictive and i deeply reccomend it to other play!,True,1406112928,1,0,0.5,0,125.0,125,76561198145847834
251670,14326622,"You know those guys hating on this game for having microtransactions?

Yeah, don't listen to them.

This game is really fun, more fun with multiplayer, and genuinely funny at times.

You don't actually NEED to buy anything with nanopods, you can buy it with normal currency too, which means that you only need to BUY nanopods if you're the really inpatient type. But even then they're not that expensive.

I'd best describe it as a casual time-waster for free. Is it perfect? No. There are lots of bugs in this version, and it crashes occasionally, but that doesn't really affect gameplay at its heart.

I'd give it a 8/10 for fun, giggles, and awesome character design.",True,1423068107,2,0,0.525862038135528564,0,140.0,140,76561198100745355
251670,211335590,I Eat Nanopods,True,1764306277,2,0,0.537537515163421631,0,9.0,15,76561198049847819
251670,178204603,Best game that ever existed coming back for round 2.,True,1730513131,21,0,0.69104534387588501,0,66.0,4424,76561198056360456
251670,10143732,"This game is fun, iOS or Computer. It gives  good feeling to play. But, as with any game, it has flaws. It can be boring at times, and you'll have to wait.
Story Time!: On the iOS version, I was so stupid as a kid that I somehow managed to fuck myself over. I couldn't gain more resources, I couldn't attack, and I couldn't level up. Might want to fix that.",True,1400296844,0,0,0.5,0,36.0,36,76561198063635991
251670,13844348,"Its sorta like clash of clans with a modern militaristic twist. If you enjoy playing clash of clans, then this is the game for you.",True,1420446208,0,0,0.5,0,58.0,98,76561198083265157
251670,10315492,me not work please help me !!! :(,True,1401649920,0,0,0.5,0,30.0,30,76561198116443468
251670,198284633,"A fun and engaging strategy game with a surprisingly deep combat system. Building your base and training units is rewarding, and the storyline keeps pulling you in. While some things take time, it's well worth playing for any strategy fan.",True,1751041733,0,0,0.5,0,65.0,65,76561198133370067
251670,9945815,relly good game,True,1398556368,0,0,0.5,0,50.0,52,76561198128507590
251670,12165553,"GREAT GAME!
Yes... I know it can be hard to get started, but once you get the grips of the game, you find your self checking it atleast once a day. Addictive, amazing, love the new content, play it now :)",True,1411243632,2,1,0.5,0,105.0,105,76561198020005598
251670,12156230,its an ok game and the ios has the same update soo yeah keep updating it,True,1411187905,0,0,0.5,0,28.0,28,76561198143044481
251670,12459609,"good game,

for free and awesome.",True,1413095722,1,0,0.497208684682846069,0,,7,76561198148611755
251670,206394106,"This game brings back so many memories from before the shutdown, and it feels just as I remembered. Although it is still in development, I can hardly contain my excitement for the full release, especially with the promise of all the classic features that turned it into a true multiplayer masterpiece. As someone who has been part of this vibrant community since before the private beta launched, I have witnessed the dedication and passion of the developers firsthand. I am eagerly anticipating Madrona's full release, as I know it will restore the beloved elements that made the game so special. And remember, there’s always money in the banana stand.",True,1760144802,0,0,0.5,0,34.0,50,76561199204166764
251670,196279115,It's alive again!,True,1748909319,0,0,0.5,0,88.0,40233,76561198129901483
251670,196025336,The absolute GOAT of mobile games returns.,True,1748649343,9,0,0.577600002288818359,0,20.0,4320,76561198113976246
251670,12505703,Good game but needs to add the ability to trade troops with your friends.,True,1413419742,2,0,0.5,0,147.0,277,76561198149112918
251670,9887330,"Be aware, during the Open Beta period it's a min $5 per month on their patreon to gain access. The devs are very responsive and update the game frequently.",True,1398046641,0,0,0.5,0,42.0,59,76561198065211105
251670,196068543,ITS BACK BABY!!!!!!!!!!!!!!!!!!!!!!!!!!!!!!!!!!!!!!!!!!!,True,1748697150,3,0,0.523809552192687988,0,30.0,392,76561198011676314
251670,15148939,I Fu.KING hate fee2 lol iF you get it then I love  you,True,1427851057,0,0,0.5,0,96.0,96,76561198087327492
251670,13537359,"I'm getting a badly glitched screen when I try to play.

Does anyone know how to fix this?

Thanks",True,1419304127,0,0,0.5,0,13.0,13,76561198084272113
251670,196037196,We are soo back boi's !!!,True,1748662324,1,0,0.5,0,67.0,11567,76561198176542303
251670,196779938,WE ARE BACK BABY,True,1749453612,1,0,0.501123011112213135,0,49.0,5849,76561198325920118
251670,207527094,"Игра ""Battle Nations"" - это захватывающая стратегическая игра, сочетающая в себе элементы градостроительства и пошаговых боев. Мне очень понравилось развивать свою базу, добывать ресурсы и тренировать разнообразных юнитов. Боевая система интуитивно понятна, но требует тактического мышления, особенно в PvP-сражениях. Разнообразие юнитов и возможность их прокачки придают игре глубину и позволяют экспериментировать с разными стратегиями.

Графика выполнена в приятном мультяшном стиле, неплохо смотрится на мобильных устройствах. Однако, стоит отметить, что игра довольно старая, и это заметно по некоторым аспектам UI и оптимизации. Но несмотря на это, игровой процесс остается увлекательным.
Главный минус, на мой взгляд, - довольно агрессивная монетизация. Прогресс без доната возможен, но потребует значительного времени и терпения. В целом, если вы любите стратегии и готовы к некоторой ""гринд"", ""Battle Nations"" может стать отличным способом скоротать время. Рекомендую, особенно если вас привлекает ретро-стиль.",True,1761379379,0,0,0.5,0,60.0,60,76561199107273601
251670,12430405,It's a good real time strategy game with many types of units and full of interesting and random campaign missions,True,1412908101,0,0,0.5,0,44.0,70,76561198082614208
251670,12452038,"ican,t get another stone mine for some stupid reson but it is still fun",True,1413049641,0,0,0.5,0,155.0,156,76561198144953854
251670,14440284,"I really like this game it's not bad, fun, try it out for yourself. But there's only one problem, I can't get my game to load now, i'm like level 7 or 8 (Need to be level 10 to unlock the TF2 Characters) and why won't it load? Could anyone help me with this problem? Please?",True,1423791638,0,1,0.5,0,98.0,99,76561198064151519
251670,199868480,"A surprisingly engaging strategy game. The cartoonish art style is appealing, and building up your base and commanding your troops feels satisfying. Progression isn't overly grindy, making it enjoyable for casual play.",True,1752595682,0,0,0.5,0,70.0,70,76561198378737827
251670,10166593,"the best turn by turn strat game out their, available on ipod and iphone",True,1400472367,0,0,0.471794873476028442,0,34.0,6866,76561198086281140
251670,183914992,OH YESSSSSSSSSSSSSSSSSSSSSSSSSSSSSSSSSSSS,True,1735332658,5,1,0.567099571228027344,0,86.0,1942,76561198079112648
251670,12181827,i loved playing this on my ipod touch before it broke. i played it on steam when it came out it was  ok. now im trying it again.  but anyway now i just need dragonvale on steam then i got my avorite mobile game again :D,True,1411347394,4,0,0.471188932657241821,0,53.0,53,76561198084587062
251670,10731236,"when the world is knocked back 60 years by a nuclear war of nuclearness, an empire of fledgling survivors regain a foothold in the barren expanse of the harsh rocky north. (game of thrones lovers need not apply, well actually do its a good lil game)
you, commander T.mc sideburner must unite the northern hillmen, strange pre-war robots and texan farmers under the empires banner and spoiler alert win the war!!!!!. go america, or the emp;ire either one works.",True,1403563430,1,0,0.5,0,28.0,28,76561198104254430
251670,12143060,"Good game 9/10
Graphics 7/10",True,1411074697,1,0,0.5,0,127.0,131,76561198037621118
251670,12430657,IT WILL NOT LET ME PLAY!!!! AAAAAAHHHHHHHHHHHHH,True,1412910014,0,0,0.5,0,26.0,26,76561198147727681
251670,9978555,"This game is a fun and comical strategy game with a unique way of doing most things, I love this game.
Note: this is also an app, I am going to have my steam Battle Nations hooked up to my Ipad Battle Nations so they're all the same thing. You can try that too!

Oh! And my rating for this game is a 9/10. Only minor isssues such as occasional texture drops involving units and freezes during Boss Strikes.",True,1398857166,34,0,0.435362309217453003,1,9.0,9,76561198134919367
251670,13086757,defenitly because it has tf2 troops,True,1416986639,6,0,0.543018341064453125,0,10.0,10,76561198110566656
251670,11999502,For the gamer that wants to take a break from all the other games like clash of clans,True,1410010839,1,0,0.5,0,81.0,762,76561198090886950
251670,12177101,"It is free, it is like farmville with armies and tf2 toons, what's there to really hate? Bite the keyboards harder you keyboard warriors! CHOMP!",True,1411317542,1,0,0.402158737182617188,0,122.0,122,76561198011546793
251670,10031648,"Very fun game that keeps you in power and in the action. Also available on the IOS App store, so you can dual-wield your army! Only Problem I see with the port from IOS -> PC is random crashing issues, but definately much better on a bigger screen.",True,1399338913,0,0,0.5,0,10.0,10,76561198028684483
251670,14890603,"Good RPG and Action/Adventure games, like this one, have a more sense of a cartoonish look and the story plot and missons are really useful to the games mechanics, Good Work!",True,1426368574,0,0,0.49751242995262146,0,163.0,164,76561198130854398
251670,196107600,"awesome game, played as a kid, now it's back.",True,1748728877,3,0,0.525862038135528564,0,95.0,4528,76561198070411203
251670,196474104,My childhood,True,1749146454,2,0,0.524828255176544189,0,92.0,367,76561198174576179
251670,12021299,"Great game,similiar to clash but with more strategy and a good story. Would reccomend anyone to try at least once.",True,1410151732,1,0,0.5,0,117.0,272,76561198023773330
251670,12287575,Cool ap :3,True,1411986469,1,0,0.498866230249404907,0,9.0,9,76561198134944538
251670,12173986,best game ever,True,1411301550,1,0,0.498866230249404907,0,123.0,123,76561198111621355
251670,12158263,i love battle nations,True,1411204348,2,0,0.481481492519378662,0,139.0,150,76561198153828597
251670,15227075,has tf2 10/10,True,1428275709,1,0,0.523809552192687988,0,124.0,136,76561197996257053
251670,10166353,good,True,1400469459,1,0,0.495592564344406128,0,24.0,32,76561198059565045
251670,10245036,"Awesome game and everything.  I have three problems though.
1. Don't know how to close the game without using task manager on it.
2. Cannot make the game become a windowed screen.
3. Crashes occasionally when doing a hard battle.

Please solve these and the game will be perfect.",True,1401138037,0,0,0.5,0,29.0,9554,76561198102247255
251670,196332582,God damnit Perkins,True,1748977995,2,0,0.5,0,8.0,1583,76561198115934604
251670,10015834,Nice gmae but we the players need better graphics and more attractive things SOME HOW I RECOMMEND THIS GAME,True,1399201172,0,0,0.5,0,35.0,35,76561198127649420
251670,9890631,"This game is amazing. I have been playing it for nearly 2 years now and honestly have had an addiction to it, and still do! 
The bad reviews on this game are just premature. I completely agree the first 20 levels (which are very easy to surf through) are very boring and there isnt much to do. However, past these levels of introductions of characters, storylines and tutorials this game becomes a large, social haven. Of course after reaching level 65 (the current level cap) you would think there is nothing to do. This is not the case. There is even more to do. With the new Boss Strike events and invasions (frequently occuring) this game becomes part of its own league. You can play with your guild mates working together to achieve the common goals of special prizes and trophies in the guild system. Although there is room for improvement, this game has taken a lot of time up because of how diverse and global this game is. Granted, you would do better if you pay for the currency, but, this is not a Pay-2-win game. I have many friends who have never bought the currency and are still in high tier guilds enjoying the game to its fullest. Paying does make the game go quicker and makes it more enjoyable, however, but isnt this the same with all games? You pay you get a small advantage - an advantage that isnt needed to do the best. 
So, give this game a chance. Guranteed after level 35 you will be playing your socks off :)
Give it a shot, you won't be disappointed.",True,1398083458,0,0,0.5,0,43.0,59,76561198133712290
251670,11582939,i cant start it,True,1407380429,0,0,0.5,0,50.0,68,76561198097159518
251670,9914909,"i would recomend the people to not judge this game for its first appearence, because yeah, the beggining sucks, but then it gets so better! and it is free so you do not lose anything for giving it a chance, i know it looks like farmville, but trust me, it is not.",True,1398304840,0,0,0.5,0,21.0,41,76561198118520056
251670,10260616,This game is for all of those turn based game lovers with a twist of a cartoon detail.,True,1401260869,1,0,0.5,0,151.0,171,76561198067766140
251670,197010653,"Oh Battle Nations, you're as beautiful as the day I lost you",True,1749692680,3,0,0.524828255176544189,0,106.0,178,76561198066813527
251670,203456509,Fun,True,1756921254,0,0,0.5,0,9.0,9,76561199876920840
251670,196300870,Very glad this came back and hopefully goes beyond,True,1748943712,3,0,0.5,0,20.0,2086,76561198072379695
251670,9905652,"Been playing this on my ipad for years and I love it. Howeveryou're in PC world now, It's time to step it up Z2!",True,1398221477,0,0,0.5,0,40.0,1069,76561198075445263
251670,12154437,Not Bad Its Awesome U know,True,1411171713,0,0,0.5,0,16.0,16,76561198116628582
251670,198211201,"the game come from old time i play it long time ago and its very good game but here is some advice :
i see only 5000+ download in android  there is no marketing and you dont need just make friend invite button and small reward for inviting player through any social media for every friend player invite to the game will get reward up 20 player it work in other game , after the game have good number of player make market to sell resource between player , your social media account should be active always 
about game play there is not alot of things to do now small task and some enemy i wish it become more 
i wish for this game to succeed",True,1750965755,0,0,0.5,0,61.0,6914,76561199061061940
251670,10986106,A really nice game to chill and kill your time :D,True,1404164876,1,0,0.5,0,53.0,53,76561198142781314
251670,203047978,"This is a relic from a bygone time. It's not exactly a ""good game"" by the standards of PC gaming, but the writing actually exists and gets a chuckle out of me sometimes, so it beats other mobile games by a long shot. I'm looking at you, Raid: Shadow Legends.

I'd recommend you just play the mobile version since this port is somewhat poorly optimised and the achievements seemingly don't work (at least for me), but I'm still leaving a thumbs up because I am blinded by nostalgia. But also because the gameplay is quite fun. Mainly the nostalgia, though.",True,1756389361,1,0,0.506633520126342773,0,165.0,833,76561198443798828
251670,12357402,cool game,True,1412405704,1,0,0.476190477609634399,0,65.0,65,76561198150376856
251670,9917289,AWESOME,True,1398334886,0,0,0.5,0,74.0,96,76561198065776095
251670,202834227,Goat Returns,True,1756098284,0,0,0.5,0,12.0,12,76561198097988311
251670,10164470,"Fun Game.   Previously, I've been playing on the IPAD.   The Steam version on Windows 8.1 of Battle Nations is so much faster than the same game on the Ipad!   Also the graphics look much sharper.   Guess the PC is still king of gaming!",True,1400451304,0,0,0.5,0,76.0,552,76561198039035401
251670,9877966,"It Keeps blinking alot, GIVING ME A FREAKING HEAD-ACHE!!!! but its still fun",True,1397969659,0,0,0.498985767364501953,0,20.0,20,76561198048054487
251670,197516780,ive been playing this game since it came out it had mutiplayer u could battle other players u cloud visit other players land it was very cool hint if u train 5 hitmans and 5 bio greinaders u should be good if your lvl 20,True,1750227257,4,0,0.537999987602233887,0,130.0,686,76561199174510243
251670,196488825,"Absolutely phenomenal game with interesting characters, stories and world building with combat that is varied, diverse, and well animated, all backed by a small but banger soundtrack. While encouraging of paid purchases, the game is still fun in F2P, assisted by a passionate and social community that makes events like Boss Strikes so much fun. You have yo think strategically and plan ahead both in battle and in administration of your base, with the buildings that make it sporting their own distinct charm and character. This is my favorite childhood game, one of my favorite games all time, and I'm so glad its back!",True,1749158784,0,0,0.5,0,31.0,995,76561198173997189
251670,13606314,"This game is pretty solid, Only difficult thing about it is to find the right guild for you. Starting out can be a little rough because of repairs, however that is where a guild comes in. Also guilds are used for events, which is why i still struggle to find the right guild.",True,1419579111,2,0,0.5,0,180.0,8324,76561198064196696
251670,10255523,"I have played this game for well over a year, and still find it addicting. Once you start from IOS and go to steam, its awesome how you can play one account on both, (Not at same time of course). One thing I would like to touch on. Pay to win can be tagged on this, ALTHOUGH, if you have a mobile phone that has this game on it, you can get free nanopods with tapjoy, all by watching videos and downloading apps, for free. So anyone who rates down for P2W is wrong, They have not fully experienced the game yet!!!",True,1401220735,0,0,0.5,0,44.0,44,76561198086326466
251670,12526170,Noob Game,True,1413561062,0,0,0.5,0,33.0,76,76561198157527331
251670,203165124,"Played when i was 14 10 years ago, fire then fire now. Good to play at work, way more engaging for me than something like CoC, they just added multiplayer functionality back in today, hopefully pvp and the like returns soon too! Wish early game grind times were lower, but i bet friends will speed that up a bit. great job  10/10 thanks madrona",True,1756540360,3,0,0.560293138027191162,0,33.0,869,76561198123557571
251670,12368515,Great game,True,1412466127,0,0,0.5,0,7.0,3680,76561197984361187
251670,10159650,"Pay to win? More like, win for pay, am I right?",True,1400421936,1,0,0.488164365291595459,3,114.0,199,76561198071155279
251670,12142363,"Didnt notice this game got onto Steam ever since it was Greenlighted years back. (I was oblivious to it lol)

TLDR review

> Fun game, very engaging with several witty dialogues and nice storyline
> Strategy turn based, thumbs up if you like strategy games too. Though if youre using Nanopod units, its a different story 
> Oh did i mention time consuming? This game ate hundreds of hours of my life when i was playing this with my iPhone
> The community is still quite alive and the developers release new updates often, you cant run out of new things to test on

Only cons that I can think of so far is that the Nanopod units are very very OP in PVP and there is a heavy element of P2W. But that was years back when I was still playing this game on iPhone, the game might have changed from new updates or I just need to git gud in PVP battles.

Overall Ill give it a 7.5/10, great game. Do give it a shot.",True,1411069934,1,0,0.5,0,94.0,249,76561197991595380
251670,9884392,realy glitche tho,True,1398021636,4,0,0.479890316724777222,0,22.0,33,76561198123938421
251670,9909746,need to fix the White screen as the game opens! i cant play on Steam because of it!,True,1398265715,0,0,0.5,0,55.0,3330,76561198091365313
251670,9863109,"It's an ok game, though it being a port from the Ipad or Iphone due to the ""tap screen to skip messages"" bits.
But to me it's another click and wait for something to build type game.",True,1397847355,7,0,0.429272592067718506,0,8.0,8,76561197975594270
251670,198430228,Its actually really fun. im glad it was brought back. I can finally experiance a base builder thats not clash of clans. plus turn based strategy! and im all for strategy games and war games!,True,1751178471,0,0,0.5,0,65.0,65,76561198303900990
251670,11899921,"Great game, I recently got the kindle version a week ago. The combat system has a good RPG style of play.


One of the best parts is that I can connect my 2Z account to steam, making it possible to progress on both platforms, but the best feature is the lieutenant himself, he is a jerk and the best character ever, but mixed together.




8/10",True,1409251717,2,0,0.523809552192687988,0,52.0,52,76561198145090998
251670,12142842,ok if you like facebook and mobile game,True,1411073009,1,0,0.5,0,8.0,8,76561198141679312
251670,196330600,I love this game. Its back.,True,1748975993,2,0,0.5,0,59.0,757,76561198212415315
251670,12442687,this game is uhhh a game,True,1412992796,0,0,0.5,0,51.0,53,76561198126734286
251670,12324164,"[h1]PRO:[/h1]
+ Team Fortress 2 character
+ You can join on Android phone and than on PC with same stats
+ Achievements
+ Multiplay on battles
+ Level for the Profile
+ Leaderboard in game
+ Level each Troop
+ The game continues while you are logged off. Your buildings continue to construct, your villages continue to produce resources, and if you pay for a game token with real money, you can automate some functions of the game as if you were playing. 

[h1]CONTRA:[/h1]
- Environments,graphics
- Updates are rare
- Bugs, sometimes game crash without any error",True,1412247064,5,2,0.52173912525177002,0,176.0,201,76561198030310227
251670,196643581,"I was eagerly awaiting this nostalgic gem to come back from the dead. Here is is, years since the game was killed off by King, Battle Nations is back, with all her imperfections and brilliance. Thank you team for all your hard work giving us this amazing nostalgia trip. Cannot wait to see what you got in store for us in the future updates.",True,1749319464,1,0,0.501123011112213135,0,12.0,86,76561197978153216
251670,12213023,"Best Turn Base Shooter I have ever seen this month! Sure after a while it get's boring but for gamers who like turn base combat and like guns, this is your game for some fun- or just to kill time.

Funny how this was an app and now it's on steam.",True,1411526037,5,0,0.54356849193572998,0,9.0,10,76561198051360292
251670,12928223,thise game is epic!,True,1415909056,2,0,0.5,0,40.0,40,76561198161482988
251670,196949663,A game revived from my childhood! Oh the clunky nostalgia!,True,1749627994,1,0,0.501123011112213135,0,40.0,319,76561199020013409
251670,10973776,hmm,True,1404134029,0,0,0.5,0,9.0,10,76561198105776824
251670,13083799,I love the game. It's quirky universe has a unique feel. The story comes with a good mix of humor and action. The units are all equally balance. One does not need to spend real cash in order to surive in the game. The tablet version is great. On the other hand the PC version from Steam is pretty buggy. Overall  I say BattleNation is a great game.,True,1416959483,2,0,0.5,2,106.0,857,76561198041404696
251670,12015524,like clash of clans for the pc,True,1410110155,0,0,0.5,0,72.0,117,76561198147814505
251670,12155775,"As other reviews have already said, shitty wait all day flash game with combat that has little or no strategy and skill involved. It's recycled garbage and you shouldn't waste your time.

Also, the storyline is not ""HILARIOUS"".",True,1411183548,1,0,0.411692768335342407,0,40.0,40,76561197968832867
251670,12157603,"[b][h1]First of all... This game is one-of-a-kind. How many other games offer you the chance to direct the battle as YOU wish, not how some horrid ""guided"" GUI feels the battle should go. This game invokes pleasure when you completely DESTROY the raiders. And that brings up another point. There are MULTIPLE different enemies, making this game interesting. The amount of troops you can train and KEEP (without ever having to train that particular unit again, just heal them) is outstanding. So, please, if you're going to write a reply, at least play the game. I personally, love the iPhone version and have just got it on steam and could'nt care less if the writing say's ""TAP HERE!"" instead of ""CLICK HERE"". There are so many lines of code involved with this game, by them c/p the've sped up the release, making it possible to make it better over time, along with the iDevices and FB. Nuff siad. 10/10[/h1][/b]",True,1411199582,1,0,0.5,0,13.0,13,76561198057779559
251670,201119517,"This game may be free to play, with craploads of temptation for micro-transactions
The music can get repetitive, maybe there's a bit of grind and waiting around.

But you know what? 
I love it. There's charm, humor, cool weapons, a story (that really needs to be finished), and lots of potential.
I was one of the original players, and I'm glad it's back.",True,1753940247,7,0,0.60192185640335083,0,49.0,492,76561198069119927
251670,188235902,ITS FUCKING BACK BABY!!! BETA IS OUTTTT,True,1739925242,1,0,0.5,0,112.0,112,76561198151532172
251670,12432348,nice,True,1412926945,1,0,0.493745863437652588,0,26.0,57,76561198149616066
251670,203401973,Suprised it was fun.,True,1756837906,0,0,0.5,0,30.0,42,76561199880809586
251670,9999833,"i completely recommend dat game its amazing and as it says it is really adictive I think the bosstrike is great I love the planes helcopters etc also the limited time units are great for lower leves I just want say , I tip my hat at you good people at Z2",True,1399058733,0,0,0.5,0,97.0,375,76561198124787353
251670,9867657,"I've been playing this great game for a while now (before it came onto steam). And i would recommend it to anyone who likes turn based games. 
For some reason, people have been giving this game some bad rep. Before you come to any judgement, watch some other people play it on youtube. Not the crappy first-impression videos. 
Also, ignore anyone telling you this is a ""pay-to-win"" game. I have pretty much beaten the game without spending a single cent on the game. It's not that hard.",True,1397886999,5,1,0.518065869808197021,0,9.0,33712,76561198059869388
251670,9886637,"Well, I didn't play much, but I'm enjoying this game, it just takes time to build stuff, but never mind, the gameplay looks ""strategic"" :D And you know, the art style is really good",True,1398039297,0,0,0.465116292238235474,0,30.0,35,76561198081469254
251670,196290979,"This was my go to Timewaster back then. Loved the Look then, still love it now. I need to read GWTBW again.
IF you want a good idle game to play, this is it",True,1748926539,2,0,0.5,0,43.0,362,76561198056782115
251670,12544160,"Its really fun if you like stratagy games, and if you also like tf2 characters this will also be a game you might want",True,1413651784,1,0,0.5,0,144.0,146,76561198077263823
251670,199039383,We are so back!,True,1751739600,0,0,0.5,0,48.0,2036,76561198184985547
251670,9875029,is a bit brokin but fun,True,1397943983,2,0,0.50565260648727417,0,22.0,26,76561198122333396
251670,14719845,"Alright i see the reviews, but i'm not one of those Pay-To-Play types, I never pay money on something like this. But i like games where i play just to get stronger and better slowly, Not like clash of clans where you buy damn gems and get to town hall 8 in 2 days. If you like games like clash of clans and TF2, Get this game. It's free! (Damn in-app purchases.)",True,1425267424,2,0,0.5,0,52.0,52,76561198138029796
251670,9863987,Epic game!,True,1397853043,9,0,0.399245887994766235,0,42.0,64275,76561198027255401
251670,10383380,"This Game is awesome, people are complaning about Nanopods and etc. , but if you work hard, you are able to get the highest lvl without spending nanopods, (i bought 2 times nanopods and that's it.) Now i am lvl 65+:)))) This is the best game on phone and Steam. it's so... fun to play:)",True,1402160275,2,0,0.5,0,66.0,68,76561198104431483
251670,9873588,"it's just really boring, plus i fear it's going to attract facebook ""gamers"" into the community",True,1397934127,0,0,0.464974135160446167,1,38.0,38,76561198057415206
251670,10150772,o jogo esta avariado,True,1400351336,0,0,0.5,0,77.0,77,76561198014900656
251670,12292147,gave me cancer,True,1412015790,1,0,0.452941387891769409,0,31.0,31,76561198108585788
251670,10236634,Great game,True,1401066887,0,0,0.456431567668914795,0,102.0,102,76561198040982377
251670,12211173,This is a really good game i played it the 1st time and i was drilled but when i oppened it up the 2nd time it wont work it just keep saying it dose not respon and now i am realy sad i need help,True,1411515468,4,0,0.525691688060760498,0,6.0,173,76561198149613352
251670,195326955,Bring it back please,True,1747801497,2,1,0.5,1,6.0,737,76561198023923934
251670,212531364,"You're as beautiful as the day I lost you. 

Sad I lost my base, but glad i get to experience this amazing game all over again.",True,1764837077,0,0,0.5,0,60.0,1161,76561199486356062
251670,12166782,boom       i         need     sniper,True,1411250491,1,0,0.5,0,76.0,134,76561198124302465
251670,9891733,em i cant make this game work i run it and all i get is ablack screen and nothing else,True,1398091574,0,0,0.5,0,57.0,59,76561198039295619
251670,10041416,battl nation s,True,1399440129,0,0,0.5,0,129.0,17735,76561198127734442
251670,12492791,Fun game and better on pc,True,1413321540,2,0,0.494809657335281372,0,111.0,111,76561198154401333
251670,12546453,Great with TF2 characters.,True,1413660706,2,0,0.5,0,12.0,12,76561198126435764
251670,12239561,"Ok, most of you by now have seen the other reviews and think ""wow this game must be bad."" but those of you who are judgeing this game most likely would enjoy it. i have played for a long time on the IOs version but not much on this version because my computer is as bad as a computer you would find in a dumpster. moving on to details I am a level 49 and I have yet to spend a penny on this game. it may seem to be a PTW (pay to win) game but it isn't.

Pros:
fun storyline
funny characters
missions don't get boring (most anyways)
TF2 characters are still good at my level.
Epic Boss strikes.
Invasions
Guilds that have to work as a team.
PVP!!!
fun battle style
FREE good units from boss strikes

Cons:
constant ads
Production missions get REALLY BORING
Grinding for gold can be a hard until level 15.
PC version crashes a fair bit.
NO TAPJOY!

overall this is a GREAT game and all of you how are judgeing it play for a half an hour to an hour. you may just like it.",True,1411688149,1,0,0.5,0,116.0,142,76561198080713403
251670,197256082,WE ARE SO BACK,True,1749943119,2,0,0.501123011112213135,0,47.0,2281,76561198129370188
251670,204595316,"A little bit different, but fairly faithful to the original game. I hope it gets back to the position it was last at in the coming months, and I also hope they update the paid Nanopods back to their original values (i.e. the $5 purchase only giving 100 nanopods from 110). I also hope for new tanks.",True,1758165974,1,0,0.502923965454101562,0,98.0,130,76561198869971889
251670,185674118,Battle Nations return before GTA 6... who would have thought.,True,1736979669,7,7,0.611895143985748291,0,11.0,640,76561198155446223
251670,12502976,"This game has gameplay akin to Clash of Clans. Sure, you have to do some stuff that takes a while, but that's the joy of it. The build up is great and it feels very satisfying when you finally finish a building. It would be really boring if you just built everything instantly and there would beno challenge at all. There are missions in this game, but they are pulled off to show you how to play the game instead of 45 minutes of tutorials. It really is great since you get loot and exp for doing them, so there is insentive. I would only recommend this to people that like rts with build ups and long rates. If you play Clash Of Clans or Boom Beach, this game suits you. 7.5/10 (8/10 to clash of clans/boom beach players).",True,1413400813,0,0,0.5,0,30.0,30,76561198122052482
251670,9867100,fun good game,True,1397881046,4,0,0.476696610450744629,0,33.0,33,76561198080292426
251670,12699166,this game has a little tf2 in,True,1414700680,4,0,0.522293031215667725,0,149.0,232,76561198018645796
251670,12430549,no wrds,True,1412909294,0,0,0.5,0,12.0,66,76561198116306926
251670,12368530,10/10 Game wont launch best game EU,True,1412466215,1,0,0.487895727157592773,0,97.0,97,76561198131748924
251670,198137237,⠀,True,1750882773,9,1,0.591227054595947266,0,71.0,872,76561198036629241
251670,11576212,"Alright i've played this game for along time and i can say with out a dout its fun.
when i got on steam and look at the green light and found it i was like awesome i get to move over to my pc.
now then this game is an xp grineder of hell with fighting left and right but everything has to do with time more then farmvill ever will.
now the story of my time in steam when i first got it. it worked great then i played tf2 for 5 days and go to check my stuff and i can't even get the game to open that was 2 months ago and still no change i really love this game and hope the devs fix this its a fun game and has great things in it and funny jokes but. this aside it need more work and bug fixing then anything",True,1407340318,1,0,0.5,0,15.0,605,76561198069604995
251670,181977147,"O-M-G i never saw that coming ! 
Best comeback of the 21th century. It was one of my favourite games, so happy to see it live again!!!",True,1733425933,9,0,0.620853066444396973,0,9.0,49,76561198057935216
251670,196336748,Amazing and unique art style! gameplay is great. best city builder game out there,True,1748981925,11,0,0.565013110637664795,0,172.0,2520,76561198973430988
251670,9864727,"Im not sure why people dislike it so much, im really glad this came to pc, and it isnt really much of a pay 2 win game since i never payed for ""nanopods"" myself, but since this is a free game, and takes as much space as a flash game to load, you should try this out for a good old 10 minutes.",True,1397858811,151,0,0.570949256420135498,0,66.0,5086,76561198077093432
251670,9893287,"may seem boring at first, but gets very interesting and fun after a bit.  NOT A PAY TO WIN.  many ways to get free currency (tapjoy, watching videos on app).  There are also many high powered units that are free to obtain (obviously it takes more work to use them, though).  Love this game.",True,1398102324,0,0,0.5,0,31.0,57,76561198083228923
251670,196295517,Good,True,1748934519,1,0,0.5,0,50.0,7521,76561198240440694
251670,201421734,nice game,True,1754299452,0,0,0.5,0,180.0,188,76561198047498250
251670,15246914,"A hour into this game I got a notification letting me know that the game will no longer be available in a week. At the time I found myself to be greatly upset because the game pulled me in rather quick. I enjoyed the game while it lasted, I hope to see it return to Steam in the future.

Rest in Peace Battle Nations Via Steam",True,1428393793,0,0,0.5,1,102.0,153,76561197990649785
251670,196297505,come play,True,1748938153,2,0,0.5,0,38.0,533,76561198349996026
251670,13128748,"In my opinion this is a great game overall, it has a great character storyline (my favorite being Lt. Morgan) and yes maybe it was unnesscecary for Z2 to port it to PC but when i found out about this being on steam for FREE never the less I instantly downloaded it to my PC. Im not a person that usually has a phone on them constantly but when im at my home and i cant find my phone to play this game, I go right to my Desktop. This game on and off mobile will make you laugh at every turn and Boss Strikes? Z2 really blew my mind with that. However some missions require nanopods to complete, thats the only downside to this game (Nanopods being the Real $ currency ingame) i would pay it more often if those missions were removed or some way to generate nanopods slowly came along beside the Zombie outbreak and Black Nanopods since that only happens once a year but overall i give this game a 8 out of 10 on the Pie Scale",True,1417208684,3,0,0.490705370903015137,0,180.0,282,76561198057697313
251670,197420559,I never thought I'd see the day... We are so back.,True,1750121559,1,0,0.501123011112213135,0,50.0,515,76561198218481204
251670,9943839,"I like this game!!!Becauze you have to many class to choice!!!Tank,Sniper,Gunner and others class and other things I like in this game!!!",True,1398542489,13,0,0.467049121856689453,0,179.0,179,76561198090644814
251670,196281699,WE ARE SO BACK!,True,1748912868,0,0,0.5,1,42.0,17503,76561198142255471
251670,10708281,"Excellent fun little game, reminds me of the Advance wars series",True,1403527272,1,0,0.5,0,19.0,19,76561198014586779
251670,12229004,super fun game definatly worth getting,True,1411621175,2,0,0.5,0,47.0,4849,76561198026287383
251670,9867440,yes,True,1397884509,2,0,0.464151948690414429,0,61.0,120,76561198065136138
251670,12275468,"This game is a RTS in which you have to build up your base, rank up and fight enemies (Sounds familiar, doesnt it? (Clash of Clans, Kingdoms of Camelot, you know the rest...) Pretty good game and contrary to popular belief YOU DO NOT HAVE TO SPEND MONEY IF YOU DON'T WANT TO, and if you don't the game will still be playable. I recommend this to all but bear these things in mind when you download.",True,1411908995,0,0,0.5,0,179.0,337,76561198065684726
251670,9878238,AMAZING,True,1397972506,8,0,0.493156880140304565,0,99.0,9891,76561198098507569
251670,12232040,..,True,1411647281,2,0,0.523809552192687988,0,33.0,33,76561198112626827
251670,202541918,"It's back!  Microtransactions are lame, but it seems that you can just ignore them.",True,1755720140,0,0,0.5,0,18.0,190,76561198114950900
251670,10280826,This is my most favorite game,True,1401406815,0,0,0.5,0,118.0,118,76561198138256912
251670,192164102,"I have long waited for this game to come back since its departure in 2016. The story of how this game was acquired back from King (Developers of Candy Crush) and formerly owned by Z2 (before King bought them) is nothing short of incredible. 

The fans brought this game back and it took nearly a decade of hard work. This is just a beta with the intention to bring the game back to its original status before the shutdown and continue to create new content for it. The patreon really is a means to support this independent developer to make the game. They gambled on the risk to revive the IP and acquire it from an evil company (King) to own the rights to it. If you can't afford to jump on the beta then just wait for the full release. There is close to 4k supporters on the patreon right now. This game will move towards a full release where you can all play it then.  

Having spent 100's of hours on the original game I can confidently say this is something that will come to fruition. The community is there and has stayed intact all these years since the games first inception in 2012. 

Paying for the Patreon will give you early access to the game and get a head start when it fully releases to the public. 

If you have never played this game then its understandable to be hesitant to support it and I would encourage to look at the discord channel for the game to learn more about it to make that educated decision on your own. 

As of now most of the legacy story content is available in the beta and going forward they are working to bring back multiplayer and raids which was the thing that drove the community back in the day to be extremely addicted to this game.

As for gameplay its a turn-based strategy / City Development Sim. It is meant to be accessible as a mobile game and obviously on steam too. Building your Base and Army will take real world time to produce materials/troops/expansion etc. then you can battle other armies as you progress through the game to level up your army troops.

If you don't like the real world time aspect to build or heal units then it may be something to consider before buying the game. 

Personally the strategy that evolves from this game is so unique because you have a bunch of different classes and types of soldiers/vehicles/aircraft/boats that can be used in combination when battling. Its what keeps the addiction of playing this game going. 

Anyways play the game for yourself or look up videos but you can catch me building my base in this game until full release in anticipation of what will come.",True,1743966421,6,0,0.575672566890716553,0,10.0,10568,76561198133995179
251670,9886843,"Very good game!
Been playing it since almost 2,maybe 3 years ago,and it has changed a LOT since that time,always getting better!
I know it´s a free to play,and can take the ""pay2win"" model that lots of F2P take,but in this game,even without paying,it is still very fun!
Strongly recommend it.",True,1398040769,0,0,0.5,0,38.0,1775,76561198077097127
251670,10383079,goood,True,1402158712,1,0,0.5,0,13.0,13,76561198088403692
251670,198681869,Exactly how I remember it,True,1751405717,0,0,0.5,0,126.0,6936,76561198099638361
251670,196333588,You're as beautiful as the day I lost you,True,1748978933,5,1,0.548387110233306885,0,99.0,3286,76561198799937635
251670,12317712,Great game! I love it! Better than the IOS version!,True,1412194097,4,0,0.536600232124328613,0,107.0,303,76561198142711294
251670,9911927,can't see any words or numbers whilst playing,True,1398281289,2,0,0.5,0,25.0,213,76561198087521678
251670,12180123,It's alreyt,True,1411334111,2,0,0.475007921457290649,0,121.0,121,76561198137459777
251670,9870392,"Great game, although it would be more enjoyable if nanopods were easier to get or alot less things were non nanopod required buildings/ troops",True,1397911325,8,0,0.521502137184143066,0,9.0,835,76561198077497311
251670,12892401,This game remminded me of my childhood game Empires and Allies by Zynga.  It's something you get on to pass the time when you're bored.  Could use alot more units,True,1415736642,2,0,0.490196079015731812,0,152.0,275,76561198158542747
251670,14100895,I played this game on iPhone first. It was amazing. This one could be better though...,True,1421867198,0,0,0.5,0,69.0,69,76561198058841210
251670,9895878,good,True,1398124832,2,0,0.523809552192687988,2,6.0,7,76561198108378671
251670,12618330,"Great Game, Enjoyed Playing It More On The PC Than An iPad.
Great Game Anyways",True,1414201345,5,1,0.500716805458068848,0,103.0,136,76561198107002142
251670,10202520,"This game oh my god! i've been playing it so for so lnog on IOS, but seeing it on steam makes me utterly happy! this is one of my favortie turned-based stratesgist games i've played. i'm going to have many happy hours played on this! I seriusly recomend anyone who hasn't played turn-nased games or seriuos strategy games, give this a go!",True,1400804066,0,0,0.5,0,37.0,60,76561198068060597
251670,9954802,yes i love this game i play it on my phone but it is vary glitchy on my computer but i have loved the game for like 1-2 years now glad i can play on my laptop,True,1398623941,0,0,0.5,0,61.0,65,76561198122556468
251670,198602717,Good game.,True,1751332699,0,0,0.5,0,161.0,3831,76561199520564863
251670,14967275,We're so back baby!,True,1426816484,0,0,0.5,0,20.0,270,76561198110824805
251670,9945820,great app but needs some patching eventually,True,1398556383,1,0,0.523809552192687988,0,6.0,17,76561198064728972
251670,178457244,Very Cool Very Swag,True,1730830062,1,0,0.5,0,425.0,1326,76561198122575829
251670,12506882,"Fun! Annoying with having to buy extras, but extremly fun. Download it",True,1413430723,2,0,0.5,0,282.0,604,76561198157505015
251670,12175494,I find fun Ive also been intrested in strategy games like this but now that they added tf2 character i like even more.,True,1411309866,2,0,0.488054603338241577,3,470.0,925,76561198066331482
251670,10412569,its very fun..... thats all you need to know.,True,1402363220,0,0,0.5,0,279.0,336,76561198139784063
251670,198244418,.,True,1751000473,0,0,0.5,0,536.0,3503,76561198087321998
251670,201639616,Nostalgia trip,True,1754577651,0,0,0.5,0,320.0,4428,76561198271792053
251670,12999791,"Great game and fun. A liiiiiittle bit pay-to-win, but as PvP is pretty meaningless this is not a concern as long as you don't mind premium units being shoved in your face a lot. However, on Steam the game is highly unstable. It crashes frequently, usually when I'm AFK for some reason.",True,1416358261,3,0,0.474273979663848877,0,810.0,1697,76561198110225982
251670,10142255,"this game was one of the best games iv ever played, i first started it on the ipad, now my comp, the game has many different types of units, buildings, enemys and comedy. its graphics are astounding and it really works hard on what it has to offer, you simply can turn this game down, the many units that can be used are awsome and hillarous, one of them is a fluffly little cat, owned by the heavy brute with the mini gun, he loves his cat, it does take a while to build or train units but i dont get bothered by that at all. the game has plenty to offer and is outstanding,i reccomend that you play this game right now, just go and get it! this is one of the best games i have ever played!",True,1400282382,23,0,0.547808706760406494,0,234.0,1796,76561198118315812
251670,12603494,If you like facebook games. This would be the game for you.,True,1414108915,3,0,0.54356849193572998,0,576.0,659,76561198027787683
251670,14460375,"now, forget the fact that this is in essence, a facebook game. because there is a mission where you can play as a cat. and you can unlock tf2 units.",True,1423907124,0,0,0.5,0,256.0,256,76561198052432727
251670,207315139,"While the Revival project succeeded, there are plenty of steps left to go for the game. We all lost our Z2 Save Data, but... That's fine. King Games can go suck a fat one. We're back.

I recommend holding off on big spends until PvP and other functions come back, however. As it stands, the game's in a bit of a work-in-progress motion. Still, it's great. Please, and I say PLEASE, play this game if you like Freemium and Time-Gate games that you can drop and pick up. It's one of the best Turn-Based Tactical Freemiums on the market. 

Step aside, clickbait games, the general has returned. Battle Nations is so back.",True,1761144252,3,0,0.520547926425933838,0,347.0,968,76561198071171427
251670,14488260,it is a good stratigy game,True,1424032123,5,0,0.451914072036743164,0,852.0,1134,76561198112196189
251670,14269500,"So I've been playing this game for like what, three, four years now? It never gets old! I'm a pretty high level and I haven't spent a dime on the game! (Doesn't necessarily mean you shouldn't...) Still have got a few troops I've got to unlock in the game, which is amazing how long that takes. The recent update they had made the PvP that much better, the battle setup is amazing! I love how you can create a Guild and have your friends in it to go up against other rival Guilds! If you haven't gotten it yet, do! Like seriously, what are you waiting for!?",True,1422747733,0,0,0.476190477609634399,0,493.0,621,76561198110581211
251670,11142353,great,True,1404862778,1,0,0.5,0,696.0,1381,76561198139100842
251670,199453785,"yay, this game is finally back!",True,1752154841,2,1,0.540636062622070312,0,746.0,12582,76561198155987662
251670,11497265,Battle Nations is good game i give 10/10 :),True,1406842399,2,0,0.465686261653900146,0,506.0,535,76561198123583573
251670,196511649,i played this wayyyy back. years ago. i even got some of the limited figures they made. im glad it was brought back. been following the discord for a long time.  highly recommend.,True,1749185945,1,0,0.501123011112213135,0,401.0,4378,76561199135133959
251670,199539891,Nostalgia,True,1752243744,1,0,0.501123011112213135,0,405.0,1908,76561198928601083
251670,196820734,"fun, its kinda slow but very fun",True,1749493135,1,0,0.501123011112213135,0,456.0,12908,76561198941478096
251670,14167344,"This game reminds me a lot of World At Arms, an awsome game, except way better. Nice turn based strategy. Even though the game crashes a bit, and take a bit to load, it's worth it",True,1422214890,0,0,0.47826087474822998,0,203.0,273,76561198157768965
251670,12369555,great game gets addicting so be careful,True,1412473544,1,0,0.5,0,203.0,203,76561198128984941
251670,11927427,"I really like Battle Nations alot, have no problem playing it on the iPhone. It's just for some reason I can't play it on steam. I click the play button then this window pops up saying Play Game and Show Logs. I try both but nothing works. Help!",True,1409437989,1,0,0.5,0,289.0,12833,76561198116257292
251670,197932838,game,True,1750649798,0,0,0.5,0,203.0,1907,76561198024338208
251670,12443764,This Game is Create Your Army And Fight 'w',True,1413001430,2,0,0.5,0,284.0,329,76561198143933982
251670,11466567,COOLEST GAME EVER!!!!! GET IT!!!,True,1406656247,2,0,0.473407357931137085,0,328.0,328,76561198141314770
251670,205150334,It's crazy to see this game back but i am all for it. I still have the og game downloaded on an ipad along with og flappy bird lmao,True,1758787078,8,0,0.607007324695587158,0,194.0,2668,76561198097613292
251670,9894973,"It's your basic freemium war sim. Really good to just check in here and there to pass some time. It doesn't take too much time , and you don't really lose anything by not playing it for a while.",True,1398116207,2,0,0.523809552192687988,0,360.0,360,76561198063595783
251670,12311324,"Lot's of fun!

I used to play this ages ago when it first came out on iOS. Cool, and generally unique gameplay mechanics! Similar to Clash of Clans, and is also for the most part, a pay to win, but can be easily played without micro-transactions! Relatively small download and is definitely worth it! 

Happy battling! :D",True,1412158313,5,0,0.461221754550933838,0,735.0,2156,76561198077257576
251670,197939571,Peak finally returned,True,1750659463,1,1,0.523809552192687988,0,406.0,41021,76561198209160584
251670,200039326,"Downloaded it after not playing since the original. This game is amazing, download it.",True,1752787049,0,0,0.5,0,263.0,431,76561198065209773
251670,197235637,10/10 game its missing some social features but this game is truly one of a kind if you don't mind the wait times you should give it a try,True,1749923900,2,0,0.526558756828308105,1,347.0,9730,76561199114862993
251670,11070420,"A amazing game the first time i played it was awsome,and now, ITS STILL AWSOME,so yeah, ITS AWSOME",True,1404492307,1,0,0.5,0,840.0,872,76561198082668396
251670,197353231,Nostalgia :D,True,1750046353,4,0,0.583333313465118408,0,623.0,623,76561199030996232
251670,10011753,"Fun and casual. Really love the Shock Trooper. 

Only bad thing is that Nanopods are for sale in the wrong currensy. Offered in SEK payed for with EURO.
Hopefully just a bug, soon to be fixed...",True,1399160782,0,0,0.5,0,897.0,9740,76561198034976049
251670,199282783,"Just like the old game, fun base building and great combat.",True,1751978990,0,0,0.5,0,361.0,4343,76561198392969677
251670,205545284,its cool how you battle nations and such would recommend,True,1759241642,0,1,0.490837693214416504,0,264.0,390,76561199211184733
251670,199019718,My childhood has suddenly returned to me,True,1751724535,0,0,0.5,0,319.0,2173,76561198191600654
251670,12495371,sick,True,1413341346,0,0,0.5,0,750.0,861,76561198071726554
251670,199634662,who up battling they nation???,True,1752339601,0,0,0.5,0,355.0,727,76561198145062014
251670,12226911,From the moment I downloaded this game I swore it was going to be just another one of those dumb old tower defense games with your average Facebook timed quests and missions. Boy was I wrong. The story line is crreative and the characters have real personality and voice(especially Lt. Morgan) But what really made me enjoy this game was the controls. I myself enjoy turned based games like Fire Emblem and Pokemon but what makes this one unique is the vastness and ablilites being used durning these turns. You can take a whole two turns just readying a masterful strike and if the enemy has no more ammo than all the better for you! I enjoy this game alot and would definetly recommend it to anyone who loves turned based gameplay.,True,1411606229,2,0,0.523809552192687988,0,668.0,1645,76561198067473715
251670,13070024,"Finally, after 13 years ... I can waste money on this game again...",True,1416854328,0,0,0.5,0,834.0,9519,76561198154263240
251670,10365316,Simple Games But Fun to Play........and have a great Look.,True,1402039251,2,0,0.5,0,518.0,2014,76561198133761159
251670,13930995,"10/10 game.
Get it.
It wont waste your time.",True,1420924266,0,0,0.5,0,251.0,266,76561198091336594
251670,12169560,NOW It HAYS TF2 OMG ITS A COOL GAME PLAY IT,True,1411271386,0,0,0.5,0,506.0,851,76561198120543804
251670,197389138,Its back chat,True,1750091040,0,0,0.5,0,429.0,1152,76561198976156953
251670,201412551,BEST GAME,True,1754284091,0,0,0.5,0,821.0,1037,76561198286290571
251670,211678170,"A fun, and silly game that shut down nearly a decade ago has been brought back to life by a new development team. The game has cross play synching between your phone, and pc allowing you to play the game anywhere.",True,1764431952,0,0,0.5,0,680.0,684,76561198325659207
251670,12664955,its a fun game,True,1414471716,5,0,0.449339210987091064,0,248.0,248,76561198026613201
251670,196742784,"""You're as beautiful as the day I lost you""",True,1749411585,5,0,0.564348220825195312,0,887.0,3326,76561198178431841
251670,14978541,"Lazarus-like, very nice.",True,1426888813,0,0,0.5,0,546.0,546,76561198145771499
251670,197427363,best game ever !!!,True,1750130357,1,0,0.501123011112213135,0,574.0,4478,76561198395492139
251670,11426610,I loved the ipod edition and i love this even more. Calm game in which you don't have to spend any money to have a great time playing.,True,1406420322,1,0,0.5,0,607.0,667,76561198136534207
251670,14995904,i like this game but now there is no point to play soon it's closing for no reason and why is it closing i think i should just uninstall it if it goes away,True,1426978446,0,0,0.5,0,870.0,889,76561198049122790
251670,197457975,Best phone game ever,True,1750168047,1,0,0.501123011112213135,0,207.0,10515,76561198085838268
251670,14983303,AMAZING!!!!!!!!!!!!!!!!!!!!!!!!!!!!!,True,1426920262,0,0,0.5,0,261.0,1407,76561198107470685
251670,11327042,when i download the game and start playing it i loved it but the next day i lunched it up and it wont work please help me,True,1405825423,0,0,0.5,0,187.0,187,76561198093847443
251670,10420780,"Terrific game. Very addicting! Lately it has been getting boring, though.",True,1402432411,0,0,0.5,0,583.0,697,76561198080148084
251670,9868976,"This game in my opinion is amazing. So far I have been playing Battle Nations for about a year now coming from the IOS version and I can tell you that the steam version doesn't dissapoint. So far this version of the game has been lag free and running perfectly on my pc. Now, even though this game bugs you to buy nanopods you don't need them to actually play the game. Without using any money you can play this game and have a good time at it. Overall throughout all the aspects of this game I would say that it is fantastic and that before you read others reviews on how this game needs money and things that you just try it out first.",True,1397899717,2,0,0.504705965518951416,0,525.0,7727,76561198041190823
251670,178580204,Cant wait for the beta!,True,1731011758,1,0,0.5,0,693.0,5889,76561198154376421
251670,198943143,amazing game happy its back.,True,1751648419,0,0,0.5,0,529.0,5000,76561198969788638
251670,12697541,It is actully really fun :) good game,True,1414693404,2,0,0.479651182889938354,0,220.0,390,76561198045501716
251670,11118613,"Hey this is a REALLY good game, so i wanted to recomend it to you guys, and please play it have fun and kill dem peps",True,1404746191,1,0,0.47826087474822998,0,672.0,1620,76561198135870183
251670,196717536,I can't wait to go into generational debt because of this game 10/10,True,1749391403,2,1,0.501123011112213135,0,660.0,2157,76561198420601079
251670,9919408,"AWSOME GAME
 all it needs is 1000000000000000000 money whan you start",True,1398352266,1,1,0.52173912525177002,0,429.0,457,76561198107880443
251670,196434975,The Return of the King,True,1749101545,0,0,0.5,0,218.0,875,76561198280424127
251670,10072654,The game for me seems to not want to let me put troops down when they invade your base for the first time. Why is that?,True,1399733918,0,0,0.5,0,682.0,892,76561198117961036
251670,200053852,very nice! splendid! nice even!,True,1752805912,0,0,0.5,0,277.0,875,76561198116108156
251670,196673592,"this was one of my favorite mobile games growing up and I am so happy that the new devs are bringing it back! its a bit rough around the edges since it technically has not gotten any update since 2016 and even then the full pre shut down game has not been realized just yet. But I hope they restore it to its full glory and update it more with some more modern quality of life features and re balance some of the broken units. 

would recomend if you want a fun base building game that will not gauge you on money as it offers a fair premium system with most building and units being free and a small influx of premium currency for leveling up.",True,1749347889,1,0,0.5,0,764.0,1139,76561198328950205
251670,11515138,"so addictive!!

add me: Callofduty1",True,1406948417,0,0,0.5,1,429.0,9785,76561198083403506
251670,203125023,BEST.GAME.EVER.,True,1756487420,0,0,0.476190477609634399,0,194.0,359,76561198246885262
251670,12373963,this game is epic,True,1412505207,2,0,0.457515895366668701,0,218.0,309,76561198099166776
251670,10141747,Although lots of people dont like this kind of game i do because i dont have to spend much time on it and i can just go play other things whilst it loads,True,1400278425,1,0,0.47826087474822998,0,539.0,637,76561198103801382
251670,196752526,WE'RE SO BACK!!!,True,1749420645,2,0,0.501123011112213135,0,241.0,15079,76561198108210386
251670,9896244,I like this game a lot and it free :D I dont care if it a smartphone game i still have fun playing it on PC. All the pop up in the game asking you to buy nanopods are freaking annoying but other than that it a good little game !,True,1398128469,2,0,0.453172177076339722,0,565.0,1360,76561198019195061
251670,9864679,this allows me to do some miticulus work on my base. i know this i beta but only bad thing is graphics when attacking animals or people i see peoples arms move out of there socket and my grinader looks better than all my other units but over all its asome,True,1397858427,17,0,0.488467425107955933,0,373.0,2153,76561198031712937
251670,12189922,"I like the game, but the playerbase is just too small. Yes they try to make you pay but it is not a must to enjoy the game.
Any active guilds out there? Please contact me, looking to join one :)",True,1411416777,4,0,0.516737401485443115,0,219.0,219,76561198021064785
251670,10401703,AWESOME GAME!!!! MUST GET......... 10/10,True,1402278477,1,0,0.5,0,199.0,258,76561198138245482
251670,10020196,"THE GAME IS BACK! Here's my review from 2014:

I played this game for about 2 years on iOS.
Would people please stop giving off your misleading, useless spam reviews. First off; it isn't p2w. P2w means Pay-to-win. What does that mean? P2w is when a game offers game-breaking premium content that gives payers insane advantages and the game is near hopeless without it.

HAVING CONTENT THAT SIMPLY LOOKS NICER ISN'T ""WINNING"". I have put money in over the years; so lets' compare the content I have to free stuff; the distillery(free, game-resources) is critical to some missions and doesn't give out any extra money compared to the brewery(premium). The cobblestone roads look nicer, and give mildy bigger tax returns compared to the blacktop road(free). Even in decorations, premium only gives more variety. The artworks aren't even all that far apart in style. Premium units are inferior to special units you can get with a good guild and participation in boss battles, heck, you can even EARN premium credits from boss strikes with your guild.
Before you go on to complain about the defenses being superior, just actually build a garrison and a couple blockhouses, you'll find there isn't much of an issue with defense. AT ALL in fact. I just have the armored fortress(premium) again, because it looks imposing.

Another thing is when people accuse it of being a FB game or like one.

You DON'T spam your friends or post stupid things to your wall. Get a guild and add them; no adding to friends or spam invites necessary, and actually, kind of impossible.

There IS a player base. There are TONS of full guilds at level 50 with some 60-70 members, tons of them. Just look at the leaderboards. No one played PVP because there isn't a lobby system and the level (and would you believe LOCATION) threshhold is very tight. Finding someone your exact level and nearby within' 30 seconds isn't exactly the easiest thing to match up. Besides, PvP isn't that fun.


ON TO MY REVIEW INSTEAD OF COUNTERPOINTS:

The game itself is very well done with lots of good, story-driven missions. Destroying Gantas's fortress, battling the legendary Ridgy Didgy, to finding the ancient stucture, is all very well written. Although challenging at times, you can just leave the missions be for a while and move on with the game until you can compete against them.

If money is a problem, then you probably need to upgrade your structures and add decorations. Plus, having roads and a good layout gives you an advantage. I'm sick of 'similar'(if they can even be compared to) games encouraging the bunching together of structures with outlaying defenses. Having cluttered defenses does nothing as only so many can participate in battle. Garrisons and defenses have long ranges and you'll find that outposts that look liek military bases, cities, or settlements, are far superior in defense and profit when compared the the FaceBook jockeys who bunch together their buildings in a center surrounded by defenses and walls (Occupy these guys; easy money).

The combat system is a turn-based system. To master it, you need to have a variation in defense. Tanks are good fodder, but don't hit as hard as a lot of other units. You can earn Air Force units, which are hard to target in themselves, by joining an active guild and participating in boss strikes. The mercenary vault also gets some good units, which are great for occuption and raiding.

Building takes patience, and most of your tiem will be spent reorganizng your buildings to get the best look as possible. I for one have a city-style outpost. I have a sector for commercial-looking buildings, a residential area(middle class) an upper-class area, and a shanty town. The industreal sector doesn't have cobblestone roads, but I like blacktop roads better for my industry. I also have a park, a military base, an agriculture region with an orchard and field, as well as a tent city. The area (excluding the tents and agriculture) is surrounded by concrete walls with guard posts at the entry ways.",True,1399230013,0,0,0.443386375904083252,0,374.0,374,76561198036594140
251670,178284315,wtf???????????????????????????????????? i saw the icon change hasnt the studio that made this game been gone for like 6 years,True,1730602068,3,1,0.527282536029815674,0,242.0,19589,76561198103055501
251670,10171076,"Battle Nations is an epic and addictive combat strategy game filled with exciting adventures and lovable characters.

The game is perfect for any aged players!

I love the game.
It's fun for everybody.

Problem, the attack animations is really off right now, it should be fixed.

8/10",True,1400517520,2,0,0.503027498722076416,0,216.0,224,76561198121610045
251670,13179923,"i fucken hate writeing these reviews.so make other people are better, funnyer, and im just here like

duck/quackers",True,1417438105,0,0,0.5,0,258.0,276,76561198059068227
251670,197145616,Old mobile game. Got recreated by the community. Absolute banger game!,True,1749833598,2,0,0.501123011112213135,0,642.0,1270,76561198357224424
251670,196406003,"I've never felt so much adrenaline hit my body at once when I saw a recently uploaded youtube video talking about Battle Nations. For one I thought I was having a stroke because no way this game came back from the grave but here I am writing this review proven wrong and I couldn't be happier. This game was one of its kind back then even tho it was in competition with all the other ""Clash versions"" but this one is different. The amount of nostalgia and memories flooding back to me after starting from scratch and re-reading the story lines can make anyone cry. For the Emperor!

(This game is very time consuming since it takes a while to build buildings and do upgrades) To the new people think of it like a chess turned base strategy game. With time you can unlock units and use them in battle. The story telling and little random moments are hilarious and all the units are super cool! Yes there are units you can only purchase with Nanopods (in game currency that takes a bit of time to get) but fret not you can get them with time and patience by leveling up and doing the story. I'd definitely recommend saving every single nanopod you receive and just wait out the times of upgrades, promotions, land expansions, shop item making and unit making. It can be a little tedious but worth the wait. The game use to have a gacha system but no longer does because this is now under a new development team that brought the game back to life (God bless you) so to make it fair theres separate buildings now that you can unlock with time to get the rest of the units legitly and not have to roll the dice on luck. In the end due note that you can put the game aside and always come back to it later since it does take a while to complete some things like upgrades. A time killer, a game you dont have to take seriously like your average FPS shooters. A game that you can have fun with and figure out what to do next and how you'll progress and make your army stronger.

Overall this game is wonderful just as the day we lost it, I'd recommend anyone new to at least try it because who knows! It could be your type of game!",True,1749068008,1,0,0.5,0,566.0,53739,76561198319207781
251670,12209653,"wow tf2 i turning into a viris

YAAAAAAAAAAAAAAAYYYY",True,1411508585,0,0,0.5,0,471.0,473,76561198117317026
251670,9895645,"Great game, I admit is is a port from mobile devices, but Its a great game, I hate how its labled P2W (Pay to win) because one of the strognest units doesnt require the in game 'money' to build and train up, just time and patience. However the nanopods, or in-game money help get PREMIUM units, units you DONT really need. They're just powerful, but there not indistructable, therefore I do give this game a Seal of Doo-Proval, and recommend it to everyone! Did I mention its FREE?!",True,1398122287,9,0,0.562905728816986084,1,701.0,4008,76561198018952476
251670,12190800,Nice game.,True,1411422993,3,0,0.5,0,651.0,1887,76561198101669125
251670,200269067,I LOVE THIS GAME I USED TO HAVE IT IM SO GLAD THEY CAME BACK OUT WITH IT TRULY A GEM,True,1753056918,0,0,0.5,0,832.0,2015,76561199482337873
251670,198779255,"kept you waiting, huh?",True,1751496559,0,1,0.5,0,359.0,4923,76561198080613706
251670,10369798,This game is very enjoyable. I highly recommend it to all people that enjoy a mini strategy game. :),True,1402072187,2,1,0.5,0,390.0,390,76561198074418230
251670,199485101,Best mobile game,True,1752180761,0,0,0.5,0,444.0,1017,76561198797898506
251670,12153619,BEST,True,1411165612,0,0,0.483870983123779297,0,319.0,431,76561198024775031
251670,205600411,a little slow,True,1759304144,0,0,0.5,0,666.0,1106,76561199002191195
251670,12160490,"What can I say, there are Raptors that maybe be smart enought to drive an automatic vehicle, Mammoths with cannons, Quirky characters like Perkins, Cool units example is the TF2 characters, build your own base and armies, so it is a fun somewhat basic strategy game that I find really really fun. It is free and small download but you can buy NanoPods to get prenium items and structures but that is optional. Also there is PvP and Guilds, Guilds is basically your team you can make or join the only bad thing about that is most people are from the mobil version right now so some are AFK but once you hit level 10 you can make your own Guild. That is what I am going to do. So have fun if you decide to play it and also if you want to shoot me a friend request as well I will try to answer questions and help you in this game or any other game I own.",True,1411218128,1,0,0.5,0,805.0,1455,76561198123731064
251670,12212397,"A fun, casual mix of farmville + turn-based strategy. It does have a premium currency used to speed up production of resources and troops, but you can earn them from boss strike events (solo/guild raids) as well. You can obtain a large majority of the free troops from just harvesting resources for a couple days, and while that's going on in your base, you can go to the world map and look for enemies to kill. The characters are pretty funny, and you'll get some silly missions once in a while that are a nice relief from the resource grind. Switching from a mobile device to the computer only takes about a minute or so, although it does tend to crash sometimes on the steam version.",True,1411522341,3,0,0.494399398565292358,0,625.0,1479,76561197997555831
251670,203851411,Thank you devs for bringing this beauty back. One thing give us a way to earn nanopods for free or don't make the units cost nanopods it is very limiting.,True,1757305469,0,0,0.5,0,340.0,529,76561198274231079
251670,196932021,The OG is back baby,True,1749603880,1,0,0.501123011112213135,0,261.0,3663,76561198099439445
251670,12248832,"Battle Nations is originally a mobile game DONT WORRY ITS NOT THOSE CRAPPY CASH IN GAME!!!!!. It has an intersting and almost never ending story line and many memorable characters friend or foe, especially ones that is under your command. 

You will start out will a small base with pathetic plot of land, pathetic army, not even a threat to the ingame raiders faction, but later in the game. you will expand your base, your teritory, your army and your power. You will crush from army of raiders to animals, to bigfoot (those fuckers are tough as hell), to ancient piece of technology, mysterious soldiers, and even zombie.

the story will grip you in a headlock after advancing long into the game, how gripping

See one or more (not sure if there is more) NPC be in a romantic relationship. (seriously, i did not see that...but it is sweet that my main NPC is finding love dispite his status in my army. people who played the game knows this)

almost endless update

Comedic and sometimes serious situation that will keep the game fresh

the theme song fits when in battle

you will meet friend and foe alike, memorable character you will remember even after months of not seeing them.

I really recommend you play this game, beside, if you dont like it. Its free, you dont lose nothing but missing out on a well developed story that is years in and still updating.

Finally, ZOEY!!!! YOU WILL BE MY FAVORITE NPC CHARCTER FOREVER. (Battlenations veterans will know why)",True,1411754316,3,0,0.5,0,206.0,705,76561198045016610
251670,196295967,peak nostalgia,True,1748935407,1,0,0.5,0,435.0,24019,76561199389883281
251670,11113082,"love the game, it is cool with the strategy, but i wish it was easier to get nanopods.",True,1404713481,1,0,0.5,0,363.0,1266,76561198055317712
251670,11106429,One of the best games free-to-play!!!,True,1404675606,1,0,0.5,0,247.0,3747,76561198135718794
251670,12882228,"I seriusly think this is a great game and I love it, plus who does not like the TF2 characters. This game has great battle tactics and its just awesome.",True,1415671043,7,0,0.460284650325775146,0,272.0,272,76561198152408833
251670,12355213,"If you've heard people call Battle Nations essentially a FaceBook game... it is. Sort of. Worth more than those things, but that comparison is not at all far off.

I would say that its strengths come from its characterization of the atmosphere. The actual characters in particular are written in fairly interesting ways and have vast amounts of dialogue. Some of it is quite funny, most of it quite engaging. Items and actions often have amusing descriptions, and there are a number of things to do during a play session. If you're a fan of resource-collecting, I suppose there's something you'll find here. There's lotsa that. The combat system was something I found to be very fun. If you've ever played Final Fantasy: Tactics or other tile-combat-ish games, they hold many similarities. Plus, if you like Team Fortress 2, apparently some of the more notable characters, i.e. the Heavy and the Pyro, are in Battle Nations. I suppose that's not much of a selling point, but I thought I'd mention it 'cause that's pretty much the only reason I got Battle Nations in the first place.

But weaknesses? There are a lot to be sure. While there's no arbitrary energy system like in many city-building FaceBook games, there are many moments when you just have to either wait and do absolutely jack-diddly or do a few repetitive tasks, i.e. waiting five minutes for cabbages. Yeah, it's a real-time game. Set something up and wait actual minutes for it to finish. I personally like those because of how I play games, but I know a lot of people don't. Granted, there are a lot of timers that are fairly short, taking literally what barely makes several seconds (building some things only takes three seconds), but there are a number of things that also take a whole ruddy day to finish. The humor, if you play it very often, can get wearing after a time. The art, while I appreciate its uniqueness, is kind of bizarre and definitely is not gonna be everyone's cuppa. I rather like it, but even then, it's more of an ""Oh, it's neat that it looks like that"" than an ""I really like the way that looks."" I'm talking mostly about the talking heads, but the rest of the art falls into this category too at times.

In addition, I don't know if anyone else has this problem, but I can't complete of the missions in the game because the game decides to have a crash whenever I look at the forces' Unit screen. I rarely run into game-breaking bugs, and I don't know if this qualifies as such as I can still play the rest of the game pretty alright, but that's a whole mission I can't complete. And because it's a whole screen I can't access without the game crashing, that's a whole level of functionality lost, which may indeed lead to game-breaking-esque issues, 'cause I can't level up my characters, at least not in this way. And missions often only show up after you've completed other missions, so whatever this particular mission (I don't remember the exact name, but it's something about promotions) is hiding will stay hidden for a good while longer, it seems.

Overall, I still enjoy playing Battle Nations. Probably will for a while to come, too. I like that it's more or less part of the TF2 universe and the fact that the vast majority of the characters look like specialized Pyros. It's neat to imagine that I'm building what BLU's HQ looks like or something. It's very much a casual game, not meant to be played for long periods of time, as far as I can tell. For what it is, it does its job quite acceptably. When it doesn't its job, it's bearable but only just. It's very close to being a FaceBook game but maybe a very well-executed FaceBook game yet a FaceBook game to the end. I can't whole-heartedly recommend it because of its issues, but I'd imagine it'd be worse just saying don't even check it out. I say get it. It's not a bad game at all and can be pretty enjoyable. It's free, anyhoo. Why not?",True,1412387218,2,0,0.482837021350860596,0,298.0,19670,76561198127304656
251670,203478668,"Pro - Great chess like game-play. 

Con - Somewhat Pay to win.",True,1756952604,0,0,0.5,0,809.0,1506,76561198058168941
251670,209891862,"Fun throwback to early mobile game days. This was before instant gratification was the sole goal and people believed in taking breaks from games, hence the long wait times for building/upgrading. I'm not sure where people are getting this being a pay-to-play only game from. I played this game when it released over a decade ago and got very far without spending a penny. Now I'm level 26 and again, haven't spent a penny. 
It's a fun game with a silly funny story and decent gameplay. I'm hoping Madrona Games adds the watch-ads-for-premium-currency thing soon. I'm happy to watch a 60 second ad for a reasonable amount of nanopods.",True,1763859155,1,0,0.525862038135528564,0,423.0,529,76561198073476988
251670,196041070,"An absolute gem, nostalgic and just as fun! Glad it's back and excited for its future! Also, Fish =).",True,1748666750,1,0,0.5,0,657.0,2269,76561198043349424
251670,14266736,"I have this game for my iPhone. i enjoy it to no end, when i found out i was able to play it on steam, i couldn't believe it. but it's true! To be honest with you all, the game is, at first, unplayable, as it keeps crashing, but some kind person posted the guide to make the game work, and it is one of my favorites on steam! on the PC the player has better control of their environment, and that can mean ALL the difference here. to make it even better, if you have a BattleNations account on your phone, you can play it on the PC version, and everything carries over! I give the PC version of BattleNations two thumbs up!",True,1422737237,0,0,0.5,0,235.0,495,76561198078980350
251670,11412905,this is one og the best turn based games EVER!,True,1406342198,1,0,0.5,0,799.0,821,76561198070271251
251670,197643933,Nostalgic,True,1750361726,0,0,0.5,0,287.0,1133,76561199030510414
251670,12258264,"This strategy game is awsome.Although I dont like strategy game, I still like it.",True,1411814629,3,0,0.5,0,892.0,966,76561198031300443
251670,196362016,very good,True,1749017864,0,0,0.5,0,670.0,12956,76561199220619552
251670,9952533,This game makes me moist,True,1398610813,6,0,0.538207828998565674,0,256.0,19613,76561198103067412
251670,9865217,Been waiting for this to come to pc ever since i first played it on ipad,True,1397862723,22,0,0.428594738245010376,0,772.0,2381,76561198040331181
251670,12151432,wow awesome,True,1411151303,0,0,0.5,0,266.0,706,76561198151926346
251670,198838942,they actually brought it back,True,1751555861,2,0,0.545454561710357666,0,809.0,815,76561198194355429
251670,207921078,"The gang is having fun. I didn't play this on the original release, so I have nothing to compare it to, but this is a well-put-together RTS. The overall gameplay pace is solid and the rollout of new material has been fun to experience. 

It would be cool if the battles were paced better. Whenever someone is poisoned or on fire, the extra second or two to show that animation adds up when you do a bunch of battles in a row. And you have to, since that is the only way to really make money. 

Also, when you select troops for battle, it is a little clunky. Not a big deal but it could use an overhaul.",True,1761785700,2,0,0.5,0,594.0,1776,76561198058680664
251670,196854326,Played this app 15 years ago when it was still up on the Apple store and its a nice breath of nostalgia. Shame it was ever pulled off the platform,True,1749528587,0,0,0.5,0,412.0,3921,76561198140958094
251670,9904110,I cant get this game to work. I get a blank screen upon launch. any suggestions?,True,1398205792,3,0,0.497942358255386353,1,243.0,1186,76561198133802360
251670,14840094,"I was amazed by this game.
Jeez, I must have got it for the TF2 characters or something. But when I saw that you had to unlock them. I was outraged. 

I deleted the game immedeatly after that. Then after a while I thought to myself, did I seiriously get this game for ONE thing? So I gave it another go. I soon got addicted to it. Even though it looks like I'm not addicted to it (Cuz I only got 6 or so hours into it) I play it more on my kindle (Yes don't judge me, I have a kindle, not some fancy iPad or tablet). I now love this game and even though I still dont have the TF2 characters, who cares?

Sadly, some heartbreaking news has just been released.

BN will close down on Steam. I reccomend getting it soon as possible or else you will have to get it on kindle or iPad or some other device or phone.",True,1426095533,0,0,0.5,0,398.0,445,76561198139225059
251670,12201058,"This game CRACKS ME UP! I love the conversations and the gameplay! My only complaints are that it looses quality when you zoom in, and that it keeps me from working. Which is technically only one complaint ;)",True,1411479402,7,0,0.53125,0,302.0,643,76561198031105058
251670,12091331,very good game especilly considering that there is a online option,True,1410654521,2,1,0.431724667549133301,0,292.0,434,76561198134126992
251670,203944248,More on grinding than p2w (better imo),True,1757423906,0,0,0.5,0,503.0,1206,76561198383911826
251670,12451213,"In a nutshell, this game is a combination of An empire builder and some Tf2 characters!

In this game, the objective is to make your own army base, help npc's by doing quests, and defend your base from invaders, which is fun. On the other hand, after a while of upgreading/building things will start to take a shitload of time! But, if you have a lot of spare time (just like me) i'd recommend this game!",True,1413046108,0,0,0.5,1,281.0,288,76561198080559384
251670,196283256,Fav Facebook game <3,True,1748915041,1,2,0.523809552192687988,0,181.0,68517,76561199644497567
251670,196289217,"i liked this game as a kid, and i definitely still like it now :)

new developer team put in a lot of effort to bring this game back to life, and the effort shows already. it's got fun and simple mechanics though somewhat grindy, a unique art style, and a surprisingly good story",True,1748923763,1,0,0.5,0,273.0,1127,76561198044442972
251670,196811019,The dev team behind this revival project are phenomenal. The game still holds up and is f2p friendly,True,1749484826,2,0,0.501123011112213135,0,471.0,653,76561198117861136
251670,198685769,gud,True,1751409401,0,0,0.5,0,194.0,229,76561198253758824
251670,196637760,"Nostalgic, very good.",True,1749314730,1,0,0.501123011112213135,0,228.0,19877,76561198152285843
251670,9984684,I like it,True,1398908467,0,0,0.5,0,463.0,828,76561198103818527
251670,10326893,"great game, had it on ios for a while and i enjoy this better.


Oh yes, and I forgot to mention, jack, this game is great.
<3",True,1401736320,1,0,0.500072300434112549,0,210.0,3225,76561198122860614
251670,196501258,"Best strategy game, not pay to win, super good storyline and dynamic fights. the game really picks up lvl 15 or 20 and on. Super recommend for both casual game players and big time gamers",True,1749172750,1,0,0.501123011112213135,0,239.0,49083,76561198148057258
251670,196058985,"Its ALIVE! The best turn-based strategy game. PvE. Optional PvP (not forced AT ALL). Free to play completely. Great humour in the campaign. A city builder, resource management grid style. Place all your buildings, and set productions for x amount of time. Come back and collect them. No ads. None of that bs. Just pure fun. This is an old mobile game, back to life, and in good very capable hands.
There are so many units to choose from, going from infantry, slowly making your way into tanks, artillery, aircraft and navy. You even get to use infected and critters! Build up your troops. Build up your base, fight encounters across the maps, they pop up around the world map, on your base. You build defenses around your base that can defend x amount of tiles, and if an attack occurs in their range, you can call in those defences for that fight. Its honestly such a great idea. The art is really cool, the story is great. Its worth your time.

I remember sinking a few 100 hours into this back in the day, and im coming back for more.",True,1748687738,54,0,0.827143192291259766,0,191.0,20845,76561198027186712
251670,10871848,fun game,True,1403879648,1,0,0.5,0,519.0,3388,76561198042257370
251670,9913181,"Amazing game, maybe a little slow in the beggining, but once u get a little more into it its an awesome game. Best game ive ever played :)",True,1398289878,3,0,0.5,0,809.0,5461,76561198122645088
251670,196487530,"Finally after 7 years, a core part of my childhood returns, praise be to the dedicated devs who brought it back from licensing hell",True,1749157559,0,0,0.5,0,209.0,8468,76561198436960535
251670,196278793,1:1 OG game is back and feels promising as of writing.  The core of everything runs smooth and graphics are pretty good! Not a typical civ sim situation (this game contains a relatively compelling plot/lore!),True,1748908858,1,0,0.5,0,415.0,3067,76561198064459240
251670,196823625,GOOD,True,1749495626,1,0,0.501123011112213135,0,733.0,11410,76561198185299557
251670,178948385,iv played this game for years on my cell phone. loved it. kinda hate having to gather all my payed troops again. and kinda wish it was still on the phone.,True,1731513516,1,0,0.5,0,794.0,794,76561198043410853
251670,199662415,Awesome!,True,1752367681,0,0,0.5,0,259.0,3004,76561198113638915
251670,14203241,One of the best game I've seen on the free to play market. WARNINGS!!!! DO NOT PLAY THIS GAME IF YOU DO NOT HAVE A GOOD FINICAL SITUATION BECAUSE YOU WILL BE SO ADDICTED TO IT THAT YOU WILL PAY MONEY AFTER A WHILE!,True,1422419782,0,0,0.458015263080596924,0,217.0,330,76561198093523339
251670,9985330,"Awesome game, started playing today and I love it. Only downside of this is there's no windowed version. Also, not even close to a fb game, most of those games have an ""energy limit"" but battle nations has none what so ever, you can literally play for hours. And it's not a play to win game, missions, leveling up and tapjoy all give free Nanopods, the premium unit. Everyone gets a fair chance.",True,1398916020,9,0,0.50316321849822998,0,282.0,3246,76561198107227044
251670,12288598,"Please fix bugs, Everytime I choose Unit and Promotion, It's always crash!",True,1411994763,0,0,0.5,0,528.0,3219,76561198030895227
251670,14134395,no me inicia el battle nations,True,1422057233,0,0,0.5,0,435.0,2486,76561198086514515
251670,12270167,"best ""facebook games"" i've ever play",True,1411874154,1,0,0.493745863437652588,0,267.0,314,76561198101637184
251670,12230038,"Not a bad game for strategy lovers , but too much money needed inside",True,1411630585,2,0,0.493130862712860107,0,327.0,615,76561198097203810
251670,12447441,huh after the first game I cant bloody get it working what and of course they have some form of money you have to buy,True,1413027367,0,0,0.5,0,193.0,198,76561198153263961
251670,12454438,this game is lumpin fun!!!!!!!,True,1413060491,2,0,0.522678196430206299,0,276.0,445,76561198078215310
251670,12156355,"Ok I've been playing this game for like 3 years now, still love it. It has a good story line and characters, the game play is a normal place units here for the upcoming battle and yes It does take some understanding of enemy units. The game itself is always getting updated with new units and some people say its a pay to win but the strongest units you can get are free units that drop for the many bosses. Over all I would rate it a 8/10 cause the game play can get repetitive and some mission sets make it seem like there should be more but still a great game. And yeah you also get to try every unit before you want to get them including the TF2 units which are still strong at lv70.",True,1411189104,3,0,0.492788463830947876,0,284.0,3535,76561198032656609
251670,9907684,This game is great. Its not a play to win its like a play to advance your army and settelment of the imperial army.,True,1398248647,5,0,0.50316852331161499,1,361.0,591,76561198129221406
251670,9904486,Its great but theres a mission were you need to move barraks that crashes my game,True,1398209226,0,0,0.5,0,475.0,1917,76561198071671546
251670,12239806,Its awesome having tf2 characters on batt;e nation,True,1411689634,0,0,0.5,0,265.0,265,76561198112480087
251670,12183662,It doesen't taste good,True,1411367142,2,0,0.449586987495422363,0,360.0,642,76561198082018141
251670,13325727,a fun game,True,1418361558,0,0,0.5,0,805.0,8456,76561198167565883
251670,9875398,"I really had trouble deciding to recommend this game or not. Battle Nations has a fun and quirky art style and simple, easy to learn game play. These couple of things would normally get a game a recommendation from me but the game as a whole is held back by its cash shop mechanics that try to suck as much money as possible from you non stop. Almost 100 percent of the features in the game are on horribly long timers, that you can bypass with a special cash shop item called a nanopod. I don't want to have to wait twelve hours to upgrade something that is necessary for me to move forward in the game. I just dont. The only option I would (had) in that situation is to use the cash shop to speed up (finish) the timer or to wait till tomorrow to continue playing. The game also gives a ton of pop up adds for these nanopods all the time, they will make certain you never forget this is an option. I find this method of ""cash shop"" highly detrimental to the game, there are a ton of other ways to make money of a free to play game without making these types of terrible time sink/ pay walls. I hope that sometime in the future they change this, but until then the game is fun to play if you stay casual and have a TON of time to wait to progress or have the money to sink into getting past this pay/time wall.",True,1397946972,2,0,0.418768852949142456,0,187.0,191,76561198045381877
251670,12067539,Its really fun!  I play Battle Nations on steam and on my ipod! Sometimes it crashes on me but I dont mind it at all. its still a great free game! :D,True,1410484169,1,0,0.459246993064880371,0,237.0,29128,76561198152226257
251670,196339140,We are SO back!,True,1748984415,2,0,0.5,0,185.0,11967,76561198168586934
251670,205668177,.,True,1759381173,1,0,0.502923965454101562,0,207.0,236,76561198842739487
251670,12195592,"I played this game a long time now, on my ipad and with alot of power, wealth and soldiers. It was a epic experience playing on my tablet, now i get to play it on my PC. [u][i][b]Viva la battle nations.[/b][/i][/u]",True,1411447276,4,0,0.494711577892303467,0,719.0,3276,76561198072155942
251670,12163471,Ohh i love it!,True,1411233386,1,0,0.5,0,460.0,575,76561198137194247
251670,203006996,"Yeah, that's pretty nice and chilling game. I like that this game is simple and you just can do building, boosting, upgrading, grinding recourses, attack bases of enemies and just develop and flourish your town and base, make it bigger and stronger. You have to give it a try",True,1756327975,0,0,0.5,0,239.0,259,76561198991178294
251670,12457533,nice,True,1413079352,1,0,0.497208684682846069,0,856.0,907,76561198089690871
251670,11770158,"The game is fun, playing it in the present resting. True humor in it is pretty boring. And jobs are arranged somehow not quite logical that performs a task that corresponds to the level, then pops up something like ""build a sawmill,"" and such assignments should be at the very beginning. Sometimes it takes, well, in general a good game, but quickly tired of the monotony of its.",True,1408387896,1,0,0.5,0,371.0,371,76561198073705773
251670,186576743,"Legendary team of amateur devs pulling this game back from the dead, working to acquire the rights from King ,and now remaking it with a fresh coat of paint. I have great childhood memories of this game and it feels great to play again.",True,1738030951,7,0,0.563848912715911865,0,404.0,1125,76561198067915497
251670,9866840,"I have been playing the iOS version of this game during my downtime over the last year. I found this to be a very fun and quite enjoyable game. The main storyline for the game is for the most part light hearted and humorous. There are however some serious points in the game. It is similar to the Facebook style games in which it takes time to build units, heal them, build buildings, and create in game materials. So playing through the missions can not be done in a single sitting, so expect to do a few missions then have to wait a day (possibly more if you have to get many different materials that will take a long time) to continue onwards. But, you can still fight random battles while you wait or play with friends.

You can also fight battles with randomly selected players (please note the other player is selected according to the strength of the soldiers you choose for the battle. So you typically won't be put up against players that are significantly stronger than you.

They have been regularly having major events (at least) since last summer. So there is plenty to do besides main storyline missions, and they also provide you a way to win nanopods.

There is ""premium"" in game money that is called nanopods. Nanopods are used to purchase limited time event units, special units, special buildings, to hurry units, and to heal units during battle. The easiest way to get nanopods is to symply buy them. As you level up you will earn a nanopod for each level (until you reach the level cap). You may also be given nanopods during certain missions or events. The iOS version lets you watch videos or earn the by completing tapjoy deals. Nanopods can be quite hard to come across.

I have personally never purchased nanopods. All of the nanopods I have used I got through tapjoy, watching videos, or in missions. And even then, the only time I ever needed to use a nanopod unit to win a battle was when I was level 65 and I had been playing the game for many months. You can level up your units to avoid purchasing nanopod units, but nanopod units do help in later levels. But, again, I have never purchased nanopods and I still have several of the special nanopod units.",True,1397878626,11,0,0.505203783512115479,0,494.0,3426,76561198075831847
251670,196670831,"classic mobile game I used to play, ftp friendly",True,1749344863,2,0,0.501123011112213135,0,422.0,4293,76561198182729309
251670,10040521,i love this game. Ive been playing it on ios for 2.5 years and nows its better on on pc. Only thing that could make it better is a user name change thing but thats the only complaint.  [=,True,1399427970,0,1,0.5,0,761.0,1683,76561198092124463
251670,196432565,"We. Are. So. Back.
This game was one of my favorites when I was younger, and when it disappeared, I was deeply saddened because it died slowly as Z2 slowly stopped caring.  Now its back, and just as good as I remember it! (obviously not everything is in the game yet, but progress!) Devs did a great job!",True,1749098089,1,0,0.5,0,270.0,14644,76561198095818677
251670,9898214,"The battles are enjoyable and addictive but the building is like every other city building game out there so the game brings nothing new to the table, and all the allies that i have seen so far are constantly fighting in a silly way which i'm guessing is an attempt at humour [but not a very good one].


+addictive gameplay.

-nothing new.

6.8/10
[i might change my review if it gets better so please don't bother with obnoxious comments, thanks]",True,1398156388,0,0,0.5,0,308.0,334,76561197970981020
251670,12443725,"Fun little facebook game, i think its cool. Dont expect a triple A title, but hey, its free.",True,1413001134,2,0,0.5,0,702.0,774,76561198008951530
251670,199902192,Very cool that I remembered playing when i was younger because my cousin showed me it and thought it was cool,True,1752628059,0,0,0.5,0,616.0,4866,76561199246834198
251670,12178957,"HOLY CRAP,THIS GAME IS DAMN AWESOME,THIS IS A MUST PLAY GAME,I AM NOT KIDDING,THIS IS AWESOME!",True,1411326930,2,0,0.461809515953063965,0,360.0,363,76561198093807393
251670,12295334,"This game get's alot of flak for the Pay-2-Win model, but this game can be played without buying Nanopods. The units and combat is extremely fun, and now the strategy of the units is fleshed out rather well. Do I take another tank, or grab a sniper for anti-infantry? The resources by the late stages are pretty much unlimited. If you are patient, you have alot of catchup to do with the rest of the community, but will make it.

My personal game exerience. I've been playing since around 1.4 from my iPod and now I've completely switched to the PC, as my 3rd gen iPod was stolen by my little bro, who subsequently lost it. This was around 2.3, so I took a year off until I got a smartphone. Now I'm back and amazed at all the cool new things. This game can still go places, and it looks like it might.

Advice: Ignore all buy this faster, and save for units or important buildings, I got all my Nanopods through the free offers back on my iPod. Lot's of downloading and deleting, but the rewards were worth it.

9/10 Big Macs",True,1412036712,1,0,0.498866230249404907,0,213.0,4376,76561198077587830
251670,206208240,This was my favorite game back in 2012 and now ITS BACKKKKK!!!!! LETS GOOOOOO,True,1759947228,3,0,0.537414968013763428,0,853.0,5893,76561198120363151
251670,15309181,"this game, is excellent i love that when you use nanopods they dont cost a ton to speed up. i think this game should keep updating, and adding new stuff.",True,1428771794,1,0,0.48571428656578064,0,506.0,506,76561198165108068
251670,10603592,"Its basically a browsergame utilizing its own client. 

Big pro: wacky dialogue between the ""protagonists"" and nice characters, also a likeable gameplay =3",True,1403340918,1,0,0.5,0,644.0,5217,76561198114249240
251670,10108276,"Good game and easy to solve kinda.
I really like rpg story so far.
Come play with me over the weekend if ya like!? ^^",True,1400057422,1,0,0.505988001823425293,4,267.0,326,76561198134670864
251670,10468367,fun game may take time but in the end it is worth the wait to domanate your closes alies like your best friend,True,1402738221,1,0,0.5,0,187.0,388,76561198128523896
251670,12143927,"First of all, I don't recommend this game to you if you don't have a tablet or phone. The game was mainly designed for mobile use. But other than that, the game is just amazing. Countless hours of fun and exciting storyline, a strategic and challenging combat system, enormus amount of units to find your favorite playstyle, Guild Events that require teamwork do be successful. I know that I played the game only a few min on the PC, but I played hundreds of hours on the mobile version. Many people were complaining that Battle Nation is a typical 'Facebook game' bougth to steam, but I need to disagree. Battle Nation was designed for mobile Phones and Tablets, what you can clearly see when playing the game. It is a game where you play for 20 min and then stop playing until all your task are finished. But if you want, you can stick up to a few hours without a break into the game without getting bored. But i also need to go over a few bad things. While there is no requirement to ever pay money, there are advantages for paying player. You can buy yourself nanopods to speed up thing, but anyone that does this is an idiot. The only real use for nanos are the fact that you can buy yourself some special units that are a little bit better that their normal counterpart. But  thanks to the level system, F2P player can have units that easy match there Premiun units counterpart. The most expensive units in the game cost maximum 4 dollar, but when you get one of them you can see them as a long time investment. Every month there is a so called Boss Strike event in the game that usually introduces a premium limited time unit that can only be purchased with nanopods for a certain time ( about 5 days). These units are very powerful and are always designed to help players with the Boss Strike if there are lacking the units to compete in it. For every enemy that you kill in this wave styled event, you get Boss Strike points, which when enough collected will give you exclusive plane units that are in the current state not being able to purchase. You can even get in every Boss Strike free Nanopods worth about 8-10 dollars. I hope that I was able to convince a few people to try the game out.


To help the lazy people, here is a Pro and Con list:
Pro: 
-Good and exiting Story
-Many units to find own personal playstyle
-Base customization with alot of detail
-Challenging coop event that need teamwork to get full potencial
-Best units in game are only obtainable by defeating Bosses or competing in special coop events
-Strategic Battles with many ways to solve without lossing troops
-Monthly special event and promotional items
-Many areas to explor 
-No 'you need to pay' requirment 
-Vaults which give you the ability to randomly get old promotional and limit time units for a way cheaper price that there used                 to be
-Friendly and helpfull comunity
-Player base raiding and fighting for recourses 
-Battles don't take any waiting time and you can fight as often as you want unless that your troops are dying too often and you need to heal them

Cons:
-Premium units ( but with a little bit of training, F2P users can have similar strong units)
-Crashes
-Sometimes broken PVP matchmaking ( for example fighting with lv 70 Elite units against lvl 1 trooper)
-A few completly useles premium units ( which is not a bad thing for F2P users)
-Waiting time for doing Jobs and healing or training new unit",True,1411081765,1,0,0.498866230249404907,0,409.0,5200,76561198027829376
251670,11301479,awesome,True,1405679616,0,0,0.5,0,452.0,520,76561198143777845
251670,10438427,good,True,1402578817,1,0,0.5,1,262.0,324,76561198047032537
251670,196757692,"I remember playing this when I was a wee lad, absolute cinema still.",True,1749425771,3,0,0.524828255176544189,0,275.0,3398,76561198818813284
251670,11543701,i cant connect today,True,1407130683,0,0,0.5,1,367.0,460,76561198041794859
251670,12272013,its a new way to looking at tf2 and its ok still got the carrtoney look so good all over and im looking forward to spending more tome on this game.,True,1411888881,1,0,0.493745863437652588,0,679.0,763,76561198091219447
251670,196847717,WE'RE SO F***ING BACK BOYS!!!,True,1749520283,0,0,0.5,0,216.0,298,76561198122452704
251670,9863063,after 9 months in develomont hoefley it wil bee wort das whieht,True,1397846977,8,1,0.296912193298339844,0,684.0,61532,76561198055960056
251670,14683467,"would be great if it didnt crash alot, other wise it is pretty good. sometimes the images get screwed up aswell when to things try to pop up at the same time.",True,1425083407,2,0,0.5,0,740.0,788,76561198066147971
251670,197384588,Great Game!,True,1750087019,0,0,0.5,0,356.0,533,76561198894934166
251670,11058071,"I love this game, but there is a MASSIVE glitch that is really screwing me over.  For some missions when I have to turn in a reasource, after I turn it in the game says there was a server error and disconnnects me.  I lost 3 widgets and 3000 steel becasue of this.  Other than that glitch I love the game.",True,1404426769,0,0,0.5,0,623.0,850,76561198055193375
251670,205608808,.,True,1759315971,0,0,0.5,0,804.0,11338,76561198281319906
251670,10149174,this game is for casual gamers but its pay to win always nagging at you to buy nanopods but if you have a lot of free time its a good game just ignore the buy nanopods and the missions that force you to buy them nanopods and youre golden,True,1400341731,0,0,0.5,0,902.0,1015,76561197977347329
251670,12576618,"Really fun game, lots of strategy, lots of friends to play with, and not entirely pay-to-win.",True,1413764702,7,0,0.537366509437561035,0,257.0,273,76561198081199331
251670,10082886,"really good game the only probablem i have with it, is that it takes so long to bulid tools and expand land ECT...

apart from that amazing game",True,1399813690,0,0,0.5,0,874.0,1211,76561198135876964
251670,12140659,wtf what this update is amazing or is it a joke or a rip off what.,True,1411060120,17,0,0.215278103947639465,0,596.0,1827,76561198145193133
251670,10373959,"It's a generic pay to win mobile style strategy game. It's fun, but easy to lose interest quickly.",True,1402097639,2,0,0.5,0,250.0,260,76561197989896081
251670,12329220,i like this game its fun but i dont like the in game puchases as nanopods are fu@~ sh@:,True,1412276906,7,0,0.502172172069549561,0,426.0,426,76561198139584835
251670,206088793,Great resurrection of a game I loved a decade ago.  I'm thoroughly enjoyong playing through the content again.,True,1759806915,11,0,0.630971312522888184,0,403.0,1674,76561197996166708
251670,12141512,good,True,1411064963,6,0,0.184522047638893127,0,503.0,1372,76561198087027330
251670,10013884,"I have played battle nations when it first came out, and I was hoping it would come out on windows. Now that it did, the only bug I'm getting is the crashing one. The new tutorial is better then the old one. [strike] I BAKED ALL THE COOKIES!	 [/strike] The only thing I think they should do is add free nanopod videos. Overall, this is a awesome game.",True,1399183875,3,0,0.523809552192687988,0,506.0,991,76561198133767358
251670,9879224,Get it!,True,1397983255,6,0,0.521852731704711914,0,492.0,533,76561198056115408
251670,15119438,BUT WHERE DID IT GO,True,1427682339,0,0,0.5,0,195.0,759,76561198159438799
251670,12166008,Its Groovy!,True,1411246035,2,0,0.5,0,290.0,290,76561198101023032
251670,9923611,"I really freaking love this game, never put money into a game ever its not really pay to win I just want to progress faster for fun so I don't have to wait. Some crashes I guess but not bad enough not to play, try it people!",True,1398382756,0,0,0.5,0,352.0,3035,76561198060456192
251670,208723226,The old game got revived but sad my old base is gone. Still its a great game,True,1762615257,6,0,0.590403735637664795,0,797.0,2040,76561198211510748
251670,196451238,"It's funny, the base design element is fun and I like training my army.",True,1749125010,0,0,0.5,0,417.0,832,76561198847735581
251670,13256548,Very addicting game! The type of game you would have to patient with but overall it's a pretty good game! You just have to know what strategy will work in battles.,True,1417891339,0,0,0.5,0,272.0,272,76561198079331530
251670,206499588,Massive nostalgia trip getting to play this game again. I hope the devs add in all the old events and social functions.,True,1760231085,0,0,0.5,0,195.0,1205,76561198868553003
251670,12265963,This game is kinda addicting but for some reason this game with crash a LOT and it is very annoying.Also for some reason the game with mess with your internet connection for around 15-40 seconds you will not have internet idk if it is me or the game but it will only happen with this game.,True,1411849848,3,0,0.422825038433074951,0,615.0,1352,76561198108774777
251670,196610341,Should give us all legendary sandworms for free :3,True,1749291252,3,0,0.5415840744972229,0,377.0,4865,76561198179393250
251670,198421597,"It's back! A relic from ages past, Battle Nations has amazingly been resurrected.

It's kinda funny how this freemium Farmville-esque game from decade ago is almost a breath of fresh air in the modern gaming epoch, but here we are!

I could've sworn bringing this game back from the dead was impossible, but Madrona Games somehow managed it. Granted, the game isn't 100% functional right now; there's a few bugs, some old and some new, but also some features like socials, such as friends and guilds, haulers, and late-game content isn't available yet. 

But again, the game just got dug out of the literal grave after over a decade, give it some time. I've got complete confidence that Madrona will do wonders with this game, nobody spends this much time and effort bringing a game back if they aren't genuinely dedicated. They even managed to get the old Steam page and Steam appid, which is why the reviews are ""mixed""- that's actually from BEFORE the game shut down originally, in 2015. Check the graph, it's crazy.

As for the game, well, it's a relic from the 2010s. The gameplay revolves around turn-based combat, and resource management building out your Outpost, which is similar to Farmville. Buildings produce goods, resources, and units in real-time, which leads to a good deal of waiting around. That, and you have a premium currency, Nanopods, which are used for more advanced units and structures which help out massively. You earn a small amount for free, however. The game has a good sense of progression, and to help with that, the game has great writing and story telling.

You've been sent by the Empire to go look for uranium in the desert, and as the Captain of the 95th Rifle's Division, you're under-equipped and under-trained in a hostile wasteland. To help you out are your advisors; Lt. Morgan is your drunk, embezzling second-in-command schemer. Sgt. Ramsey is hard-headed, good-natured, and well-respected. Perkins is... Perkins. In other words, the rookie soldier that is the subject of every experiment in the Outpost. As for civilians, your liaison to them is civil engineer Floyd, who is a bleeding heart ecologist with no sense of respect for human decency. Finally, you have Zoey, your mechanic. She's talented enough to get nearly any machine working, if you count ""explodes"" or ""catches fire everywhere"" as ""working."" 

These characters will be your guide and the driving force in the story, for as you build up your Outpost more threats will get wind of your presence and try to drive you out. All the characters are well written to the point where modern writing in most games pales in comparison, which is again kind of weird coming from a copy of a Facebook game.

Make no mistake, Madrona's got a lot of work to do before the game is restored to it's original state, let alone a *modern* state. You can't watch ads for Nanopods anymore (thank GOD) but that leaves no way for free players to get Nanos reliably. Madrona have said they are looking into ways to help balance the economy and eventually expand the game past where it was on shutdown, and I have good faith that they'll be able to do that.

If you feel like trying the game, give it a shot; there's good reasons why fans were so dedicated they resurrected the game 10 years after it died. Here's to a long, prosperous future for Battle Nations.",True,1751169196,6,0,0.577077984809875488,0,911.0,2206,76561198152214955
251670,208479553,"Game has a promising future. Dev's remaking old, lost code. Remaking the entire game to how it was. And apparently, making moves away from the old predatory systems of the game and making it much more F2P friendly, such as converting a premium currency unit that's useless compared to others of its category (The Medium tank) and converting it to a non-premium unit. If they continue like this, It be not just a revival but a Zenkai boost.",True,1762354167,1,0,0.5,0,212.0,2440,76561198064669997
251670,197001472,So glad this game is back on mobile and steam. Can't wait to see what the devs plan for us  down the line.,True,1749681861,3,0,0.524828255176544189,0,530.0,5501,76561198196184797
251670,10520676,good,True,1403141106,0,0,0.5,0,275.0,282,76561198068822374
251670,9924148,most play love the game,True,1398386931,0,0,0.5,0,301.0,8950,76561198134301293
251670,11746781,"Hello, I just have to say... What a great job on Battle Nations!! There is only really one bug I have been experiencing that I feel needs to be fixed ASAP. Bug- When I am trying to occupy an area on my friend's outpost, it loads and brings up a text that says,  ""An unexpected error has occured on the server."" Please fix!! Otherwise great job!",True,1408239533,1,0,0.5,0,367.0,379,76561198139809911
251670,14090609,"A facebook game in steam with OH LOOK SHINY BUTTONS THAT FINISH THIS TASK RIGHT AWAY BUTTONS but works.
It is farmville but manly. Make tactics and other stuff. Tf2 stuff as well? Heck yeah!",True,1421803074,0,0,0.497925311326980591,0,247.0,247,76561198098028929
251670,10778918,it good butt the raider snipers are bull at level 21 when u 1st meet them you dont have ANYTHING to fightback with,True,1403662110,2,0,0.453586161136627197,0,329.0,2646,76561198089924672
251670,10285244,"i have this game on IOS and i love it, however the game has only ever loaded once for me on pc..... all the other attempts just had a whit blank screen :( not impressed.",True,1401450564,0,0,0.5,1,604.0,792,76561198127442300
251670,9864097,"I don't understand why there are so many negative comments to the game.  I've been playing Battle Nations on the IOS for nearly 2 years now and the game is still great!  Sure, at times the game may feel like it's Pay To Win, but the game is still playable without Nanopods. Playing without Nanopods just adds to the difficulty, which in turn adds to the fun.  The game is really fun in my opinion and I'm so happy to see the game finally in Steam!

The only complaint I have so far with the Steam version is that windowed mode isn't an option.  Hopefully in the future there will be a patch to do that.  Other than that though, the game is exactly like the IOS version, and is definitely a game you should get.

Edit: So it seems you can make it windowed by pressing the escape key and clicking on the button ""Full Screen on Startup""  Figured I'd add that as I've seen a lot of people wondering how to get it to full screen.

Edit 2: So many people have been saying that this game is so much like a Facebook game so why should it be on Steam.  What exactly is so wrong with a ""Facebook Game"" being on Steam anyway?  I admit, you're not gonna sit down for 6 hours at a time and play Battle Nations, but the game is actually fun.  These people with not even an hour on the game and haven't played it on the IOS or any other device at all haven't really expirenced what Battle Nations really is.  The game is slow until approx. level 20, where the battles get interesting and the selection of your units make a huge difference in a fight.  With that, I again hope that everyone reading this will give Battle Nations a shot, even with all the harsh criticism coming from the opposition.

Edit 3: Nearly 6 months since this review has been made, I have gone from the top review along with all kinds of people upvotes for this game.  Now though, it's cluttered with ""This game is a PTW game!  Delete now!""  I wanted to just clarify, you can go through the ENTIRE game without buying a SINGLE Nanopod.  In the IOS Version (That I played for 2 years now) has a way to get free ones by just watching 30 second videos and by downloading apps.  By now everyone has some sort of device that can run Battle Nations that they can get the free ones.  In my personal expirence, I have not spent a dime on Nanopods and have been able to progress throughout the game.

I've also seen many people say that it's a ""Grind Fest"" to get levels.  ....  I don't even know how to react to this.  Any game you own that has levels requires you to play and grind for levels.  Borderlands, League of Legends, Path of Exile, and many successful games all have you grinding either levels/ING Currency to get better weapons or gear.

Finally, I've stated this multiple times but just because it is an IOS game DOES NOT MAKE IT BAD.  If Clash of Clans was on Steam the amount of positive feedback would be overwhelming.  Honestly, Battle Nations is a better version of Clash of Clans.  Of course that's just my opinion and I have no facts to back that up.

I can't force any of you to try nor play this game, but I hope that I have at least covered some of the main points so that you can see the veteran fans' point of view.  Good luck and I hope to see you all on the battle field!",True,1397853950,337,0,0.621854841709136963,33,248.0,443,76561198095720727
251670,196675691,"Fun game, used to play this on a IPOD back in the day. Hope that Nanopods will be easier to earn this time around.",True,1749350189,1,0,0.5,0,199.0,637,76561198241950472
251670,10004120,"Battle Nations is a good game. For those who likes to build your own territory, collecting resources, fighting endless enemies forces, also, it has it own stories, missions. This game has guild system, many players can join the clan and help or fight each others. When boss strike comes, you have to help your guild by donating requested resources or fight the enemies, when it ends, all the guildmates who fought would got a prizes. This game has many things to do with it, you won't get bored by playing this, I tell ya that. But don't believe me just yet, try it yourselves. :)",True,1399101525,0,0,0.5,1,392.0,12334,76561198130975500
251670,9886496,"If you've ever wanted a game similar to Clash of Clans, Battle Nations is just for you! You can train and keep the troops you have. Unlike CoC, you have an expansive world to build your military empire and can establish multiple shops, plantations, training camps, factories, etc. Although there's merely a story involved, many players just care about who has the better firepower and who could attain the best civilization. In addition, it has a very unique way of strategized-like gameplay than other mobile games today don't really have. There's so much more to do in this game, and I do recommend anyone who wants to play an amazing world creator/ PvP game.",True,1398038193,0,0,0.5,1,306.0,515,76561198116215906
251670,10295919,"Its free, why do you even need a review, scroll back up and just download the stinking game and try yourself lazy! (i recommend this game)",True,1401520366,0,0,0.5,0,271.0,271,76561198079594870
251670,15173367,Best game ever!,True,1428000022,0,1,0.487804889678955078,0,253.0,1877,76561198161039163
251670,10988545,"This game can be very buggy at times, and tends to have annoying, random crashes and bugs. But if you can get over these minor errors, this game can be a very fun experience.",True,1404173174,2,0,0.523809552192687988,0,314.0,322,76561198142521599
251670,199968459,Don't get discouraged at the amount of people who drop money on this game as the paid currency is given generously every time you level up. I would watch a video or two on nanopod spending prior to making any decisions as a ftp. Other than that the team has done an amazing job bringing BN back from the dead.,True,1752702681,0,0,0.5,0,708.0,2012,76561198163804246
251670,13398162,Awesome and simple game if you like this style of game/world designing,True,1418708113,0,0,0.5,0,393.0,1160,76561198163878057
251670,12226048,"we're unironically so back

...unlike Z2 😂🍆💦🪦",True,1411600190,3,0,0.545113742351531982,0,511.0,8798,76561198083248265
251670,197599377,Grateful for it's comeback,True,1750318866,1,0,0.5,0,745.0,1854,76561199077537552
251670,11438990,one of the missions are broken,True,1406490748,0,0,0.5,0,258.0,270,76561198062197664
251670,10266630,I love this,True,1401301937,0,0,0.5,0,344.0,2004,76561198120629291
251670,203998099,"Everything about this game is just as it used to be 7 years ago if not better, not only that we have a new dev team thats promised to make this game better than everything it already was. This game is a gem and if you're willing to put in the grind its entirely worth it. It was truly worth the wait.",True,1757488920,3,1,0.537414968013763428,0,370.0,998,76561198128077944
251670,11892308,"Its a fun game I've played it for 2 years, through its high and low points. It is fun but it is not a game that you can play hours on end, its similair to CoC ( but with less waiting i mean seriusly you have to wait a week for some things to upgrade in Coc). There is a pay to win aspect, but it is slowly diminishing. With the monthly Boss Strikes if you join a solid guild you can get 45-135 nanopods (the premuim currency). And theres also the holiday missions where if you beat them you get around 35-45 nanopods. There are TONS of units over 100 unique and some weak some pwerful. It has  bugs that come out usually every update some major some not, but hey what game doesnt have bugs. However the main fault in this game in my opinnion is the lack of communication between the devs and players. I think the game could really benefit from some of the D ideas the players come up with..especially mine (totally not biased :D ). Other than that overall the game is a good download, its free so if you want to try it out, you should its fun and theres is a good community on the forums. I woud rate the game aroud a 7.5 or 8 out 10 it could use more dev and player interaction and more bug fixes, but overall its quite fun and addicting..",True,1409191823,1,0,0.5,1,339.0,8142,76561198064234522
251670,12926813,It. Is. Awesome. Nice turn-based gameplay.,True,1415902183,6,0,0.476190477609634399,0,582.0,2015,76561198064229852
251670,10917852,"Great game but mostly pay-to-win, if you dont buy anything it is not immposible but it is harder to play.",True,1403987893,4,0,0.513437867164611816,0,417.0,2696,76561198122810488
251670,11500254,"PROBLEM. in the mission ""On Tracks"" Does not work if you turn in any recources then get out of the game and go back in all of your recources are back and the mission is not completed. If you stay in the game and turn in the iron and concrete you continue the mission you get through the diolouge then the game reaches a unexpected error. and resets the mission. Please fix I can't continue the mission.",True,1406860201,0,0,0.5,0,441.0,4763,76561198072493465
251670,12181535,nice tf2 good messages bother me when your busy can you fix that hope so.,True,1411344977,1,0,0.5,0,387.0,387,76561198152573267
251670,196861571,THE OG GAME IS BACKKKKKKKKKKK!!,True,1749539100,0,0,0.5,0,275.0,28470,76561198089408101
251670,196149176,My favorite mobile game has returned!!! Just as good as i remember it!,True,1748776271,0,0,0.5,0,355.0,3886,76561198137579722
251670,199230012,IT COOL,True,1751919336,1,0,0.523809552192687988,0,529.0,11127,76561199238488721
251670,10115642,"great game, got two accounts both lvl 65 both in tier 9-10 guilds awsome game, just awsome",True,1400124073,0,0,0.5,0,630.0,2161,76561198059955149
251670,197328702,"An absolute OG game.
this game is responsible for my love for turn based and RTS games",True,1750016688,0,0,0.5,0,307.0,2117,76561198160979374
251670,197011945,Yes,True,1749694236,1,0,0.501123011112213135,0,229.0,1614,76561198875041153
251670,12158322,"i like the game because you can build on your own instead killing real players 

im more killing bots than killing players :)",True,1411204692,8,0,0.323920726776123047,0,323.0,545,76561198128352213
251670,196405553,Nostalgia,True,1749067621,1,0,0.501123011112213135,0,599.0,65548,76561198129439042
251670,200139358,"This is one of my favorite mobile games that came out along time ago.
So i cant understand why people don't like the game saying its a mobile game that was poorly move to PC, I disagree i have had any problem with the game on the PC or back when it was on phones. Yea there's a lot of waiting in the game for stuff to be made or mine and so on but that's how the game is and most games that are made for phones back then and even now. If you don't like grindy games or having to wait then don't get it, it doesn't hurt you to try it but I've put countless hours in the game while it was on phones and it was fun in the process. 

As a side note yes there is a paid currency in the game because once again IT""S A MOBILE PHONE GAME just like all other phone games you've probably have played but you don't have to buy it nor is it needed, you get free nanopods just from quests and lvling up. All in all if you don't mind grinding and a bit of waiting then its a fun game you can boot up and play for a few mins.",True,1752913729,0,0,0.5,0,314.0,12392,76561198111563003
251670,196717484,"IT'S BAAAAAACK!!! I played the absolute hell out of this game as a kid. Can't wait to sink another 1000 hours into this. As I understand it's going to be a lot less pay-to-win under new management and will have a lot more QoL, so hopefully no more 2 hour waits between fighting friends. Regardless it's really cool to see some early 2010's hyperkino playable again, thought this would be just some weird niche thing from when I was a kid that was gone forever.",True,1749391370,3,0,0.524828255176544189,0,483.0,10494,76561198211917055
251670,199571563,"This is a great game if it's what you're looking for. It scratches that nostalgia itch perfectly, there's a lot of waiting, but that makes it great for people with a 9-5.",True,1752271194,3,0,0.563492059707641602,0,257.0,2560,76561198196359329
251670,196436442,"Do note that it's fairly buggy and needs QoL updates, which I'm sure it will get because I've seen that the developers are still hard at work ironing those issues out and restoring the game to its former glory all those years ago.

For now, be patient with the game and use this time to level up your stuff. By the time the gameplay experience is buttery smooth, you'll be prepared.

I'll update this review as needed.",True,1749103734,10,0,0.619758844375610352,0,567.0,24991,76561198273714995
251670,9864199,Its a great game that for free is worth giving it a play..You can lvl up and heal your troops vs. friends and has a fantastic combat system,True,1397854670,16,0,0.449048906564712524,0,261.0,3509,76561198071787238
251670,185039226,As beautiful as the day I lost you,True,1736274376,16,5,0.662277877330780029,0,308.0,2576,76561198093867027
251670,12356185,good game,True,1412395022,3,0,0.476190477609634399,0,693.0,885,76561198060177356
251670,11396996,"ehhhhhhhhhhhhhhhhhhhhhhhhhhhhhhhhhhhhhhhhhhhhhhhhhhhhhhhhhhhhhhhhhhhhhhhhhhhhhhhhhhhhhhhhhhhhhhhhhhhhhhhhhhhhhhhhhhhhhhhhhhhhhhhhhhhhhhhhhhhhhhhhhhhhhhhhhhhhhhhhhhhhhhhhhhhhhhhhhhhhhhhhhhhhhhhhhhhhhhhhhhhhhhhhhhhhhhhhhhhhhhhhhhhhhhhhhhhhhhhhhhhhhhhhhhhhhhhhhhhhhhhhhhhhhhhhhhhhhhhhhhhhhhhhhhhhhhhhhhhhhhhhhhhhhhhhhhhhhhhhhhhhhhhhhhhhhhhhhhhhhhhhhhhhhhhhhhhhhhhhhhhhhhhhhhhhhhhhhhhhhhhhhhhhhhhhhhhhhhhhhhhhhhhhhhhhhhhhhhhhhhhhhhhhhhhhhh................................................................


It is alright",True,1406246550,1,0,0.523809552192687988,0,250.0,254,76561198066751943
251670,199720259,Very good game from the old days pls play and boost the player count,True,1752423899,0,0,0.5,0,254.0,1226,76561198359810590
251670,200853063,Great interactive game,True,1753635295,0,0,0.474322408437728882,0,853.0,3932,76561199127075719
251670,13018296,"Did you ever want your only military outpost with your own army and supplies? 
Interested? Play Battle Nations with awesome and hilarious missions & characters.
upgrade your barracks to unlock more and awesome troops. you can buy better troops with nanopods. You can also buy your lack of resources with nanopods.
Battle Nations was first a app but now it's a great game on steam.",True,1416505897,3,0,0.523809552192687988,0,299.0,2195,76561198089017475
251670,12326587,The only problem is for this game is that on my pc the game keeps nonresponding while im on steam. I keep quitting and reloading and it does the same thing. Please help,True,1412263170,1,0,0.493745863437652588,0,468.0,7172,76561198156752205
251670,10077173,"SO HAPPY ITS AVAILABLE FOR STEAM NOW :D
GREAT JOB Z2!!",True,1399762413,0,0,0.5,0,514.0,1098,76561198129844167
251670,196362828,It's good to be back !,True,1749019237,1,0,0.5,0,232.0,18030,76561198100486502
251670,191933074,I recommend this to anyone. 10/10,True,1743745059,2,0,0.517450332641601562,0,240.0,2401,76561198059353481
251670,207976888,Just as grindy and frustrating as I remember. Pls add back guilds and pvp soon. 5/5 big boom busses,True,1761846033,1,0,0.5,0,271.0,416,76561198152313554
251670,12258519,"Great game for fans of battle islands, great fun and game doesn't force you into microtransactions although i do recomend them",True,1411816095,3,0,0.5,0,713.0,863,76561198072517784
251670,196499020,The games back get excited,True,1749170098,2,0,0.524828255176544189,0,491.0,27943,76561198822347472
251670,15367093,"I liked to play this game on touchscreens, but on the computer the game seems to crash every 2 minutes. If you want the game go to an ios device. Also I got a message that they are stopping the steam service soon, so there is no point or advantage to playing this game on a desktop.",True,1429055851,0,0,0.5,0,226.0,227,76561198114111482
251670,196275492,"Sun Tzu once said, that a nation once destroyed can never come again into being.


SUN TZU LIED BABY, WE'RE BACK, THE GAMES ALIVE AND KICKING :V",True,1748904443,1,0,0.523809552192687988,0,1341.0,3856,76561198095251325
251670,12950262,"Strategically addictive and operationally enjoyable, a 3x thumbs up!!",True,1416053816,3,0,0.493068903684616089,0,26555.0,33491,76561198029877058
251670,197748668,Fun game,True,1750469816,0,0,0.5,0,9878.0,50234,76561198321478977
251670,205641097,Amazing! So glad its back!,True,1759346889,1,0,0.502923965454101562,0,21928.0,25076,76561198385577570
251670,189912748,perkins is the real OG!,True,1741654544,0,0,0.5,0,1572.0,5714,76561198076848768
251670,203833727,couldnt have asked for a better game to return.,True,1757283325,0,0,0.5,0,2988.0,4415,76561198955719527
251670,14817906,"Battle nations is a great game. full with options to make your taste at what your land should look like and what types of combating units are your type of playing style. im just dissapointed they decided to take battle nations outta steam,",True,1425965999,1,1,0.408348590135574341,0,11336.0,35395,76561198101656391
251670,13935910,The game has crashed every time i try to open ever since it updated to the battleships update. plz fix,True,1420949080,0,0,0.5,0,6083.0,6095,76561198127950932
251670,9946821,Battle Nation is really better than that command and conquer tiberium alliances.,True,1398565196,0,0,0.5,0,1345.0,62792,76561198005327059
251670,201489502,PEAK CINEMA,True,1754384332,1,0,0.523809552192687988,0,4297.0,16062,76561198040609121
251670,202965719,nostalgia,True,1756277814,0,0,0.5,0,1991.0,4556,76561198108570640
251670,12908627,Its a cool game. :D,True,1415778882,5,2,0.453474670648574829,0,1702.0,2092,76561198125530174
251670,203883977,Welcome back!,True,1757346420,0,0,0.5,0,1221.0,10909,76561198279494439
251670,12141751,"Great game, but takes a while to get your base started without nanopods. Also PVP matches are rigged to where you face someone a lot stronger than your current level.",True,1411066464,4,0,0.514168202877044678,0,14500.0,61839,76561198032111644
251670,202371050,,True,1755496390,0,0,0.5,0,4785.0,4792,76561199139400656
251670,12941837,"This game is AWESOME! 1 bad thing though, it crashes for  me D: I hope z2 fixes that. Only happened to me from the time I downloaded the Navy update",True,1415999953,6,0,0.5,0,3042.0,3175,76561198155679144
251670,10079687,Simple and fun game to play with fun humor. Hopefully they'll port their other games as well to steam.,True,1399785930,0,0,0.5,0,2057.0,2361,76561198025709504
251670,12962388,"I love the game,but I recomend a phone or tablet for free nanopos",True,1416112389,3,0,0.493068903684616089,0,3930.0,4061,76561198108199407
251670,12566447,"Personally Im enjoying the game, I just recently hit level 20 without really paying anything more than 5 dollars for something I simply wanted to have. Its a city builder with armies of mass destruction, what more would I need to explain? While the wait times can be somewhat irritating, once you get going it gets progressively better and better. To all the people so far that have complained about nothing but the wait times and p2w, go play a different game while you wait, or just dont play it at all.",True,1413718624,5,0,0.458939015865325928,0,9256.0,63561,76561198050535155
251670,201063079,amazing to see this game back!,True,1753877706,2,0,0.489457517862319946,0,9213.0,10642,76561198136619310
251670,178241852,IS IT COMING BACK ??????,True,1730558828,5,0,0.580419540405273438,0,7596.0,8532,76561198008741048
251670,200694751,We're Back Baby,True,1753469944,0,0,0.474322408437728882,0,2297.0,3155,76561198132842532
251670,196535871,i need tapjoy,True,1749215718,2,0,0.524828255176544189,0,3203.0,40348,76561198121267523
251670,207805947,This game is a classic and I'm so glad they brought it back. I can't wait to see what Madrona has in store for us.,True,1761672195,1,0,0.5,0,1955.0,11301,76561198168542706
251670,196989779,BN is back and working pretty well. PvP and such isnt added yet but will be.,True,1749670043,2,0,0.522766709327697754,0,952.0,4489,76561199248349955
251670,12630230,"An amazing game full of strategy, progression, and cool caracters and units. the storyline is the reverse of the usual where you fight for the empire instead of the rebels. overall a 10 out of 10 worth downloading.",True,1414265505,2,0,0.5,0,3612.0,9538,76561198126294516
251670,10077860,good game but should do more with the guilds in the game over then that 9/10  as it takes a long time to beable to do a lot of things,True,1399768095,0,0,0.393307000398635864,0,2050.0,2883,76561198066519297
251670,199071654,We're so back 🥹🥹🥹.,True,1751770336,0,0,0.5,0,5475.0,11761,76561198095419835
251670,12141607,Battle Nations is one of the best games ive ever played and it shows off how well it has been made like the story line the story line is hilarious and it keeps on going and it builds up a good set of characters in the game and yet theres more still to come in the later updates there is not one character i dont like there all funny and have a good story to them. Yet theres also side missions to do and sometimes they want a thing called NANOPODS now you have to buy nano pods but you dont have to you can earn them like in events like boss strikes you can earn over 130 in each one of these if you finish them ....NOW ive heard some people call this a {PAY TO WIN} they say that it nags you on to buy them and you need them to finish the missions or to speed up progress now i have to say thats all lies about the speed up progress it dose help if you want to get an op unit but this can be done by waiting or if you go on ios you can watch vids to gain 1 nano pod or cheap or free offers around 100-150 or more or events can be done by joining guilds its easyer to earn but it takes time now about the mission pay to win i just want to say it dosent force you its a 1 time only side mission you dont have to do it in any way and it wont stop the story line and nags it does a little but there only sales dealsssss ect ect only if you want them so it really isent a Pay To Win if it was i would quit and but its here just because its not a pay to win it just makes gameplay a little harder and back tomy good side the game play is very good you need tatics and skill to defeat your enemys or you could just send in an op unit on the field but it wouldent be the game if it wasent for the animated attacks and units and all the comedy it has to offer but to be fair there 1 thing i dont really like about this game and it has to be that compound its highly over priced so is most of the houseing so im gonna rate this game around 9/10 one of my faves for years to come also who ever made it this far without dieing from text  amazing hope this enough on the game and hope you find this useful :).,True,1411065501,16,1,0.255166292190551758,0,9401.0,13534,76561198140801098
251670,212470042,"yes progress is weird, focus on xp (food)",True,1764762275,0,0,0.5,0,1275.0,1568,76561199158974477
251670,207758107,"Great, unique combination of base-building and turn-based strategy gameplay.",True,1761614090,2,0,0.520547926425933838,0,4231.0,18486,76561198777657712
251670,196730184,"One of the best live service mobile games ever made has finally returned. I would say it is the King, but those who know find this is not the truth. 
Literal months of content. There is always something to do between the hybrid base builder/turn based strategy. An absolute incredible amount of units to choose from and train, with there being no hardset meta outside of shoot them until they die. The story is fun and the dialogue is witty, also very easily skipable if reading isn't your thing and you just want more action. 
Thanks so much Madrona team for bringing back the GOAT! 
You must try this game.",True,1749400817,7,0,0.539683103561401367,0,4846.0,4952,76561198173816441
251670,202548330,so good that it was shut down for 7 years and has returned.,True,1755728074,1,1,0.522058844566345215,0,3281.0,7642,76561198137346879
251670,197430628,"Great Game, though it will take some time to reach its former glory.",True,1750134801,1,0,0.501123011112213135,0,1633.0,14874,76561198115832035
251670,10676405,Fun game that can soak up your money fast,True,1403461899,1,0,0.5,0,38988.0,42864,76561198049204647
251670,201487880,I waited 9 years and finally I am back to playing this game that should have never left us. I can't wait for multiplayer to come back. Multiplayer content is pretty much the backbone of late game and would be a shame if it didn't return.,True,1754381806,2,0,0.543859660625457764,0,2679.0,36732,76561199519340878
251670,11630340,"I like this game alot. It puts me in mind of Clash of Clans. It is a similar (if slightlly altertered) form of that sort of game. Time based resource management. You can then occupy opposing forces' areas and collect what basically amounts to as a rent until the enemy roots you out. If you do this to someone who does not play the game often, it can be quite lucrative. I stopped playing this game due to a bug that will not allow me to start it. This seems to be a localized to my computer since I have a friend who plays it quite normally. If I could still play this game I would. (Which is saying alot because in general I am not into waiting and as such normally a game under this category would not be my metephorical cup of tea.)",True,1407687167,2,0,0.523809552192687988,1,1087.0,1111,76561198127821734
251670,11951444,"This game. This game. It's complexity is purely beautiful, and it does that right. It never forces you to spend to have fun, even though there are some missions which require payment, those are all optional and do not move the story on. The gameplay is balanced, the multiplayer is fun, and there is always something to do in this square-based tactics and resource management game.",True,1409605812,6,0,0.550098836421966553,1,2471.0,2681,76561198134542868
251670,12629080,it is FUUUUUNNN!,True,1414260646,2,0,0.5,0,1593.0,1595,76561198157991424
251670,10975680,"Swallowed a nanopod, roasted boars, wipe out an entire nest of spiderwasp and got wrecked by blue dudes with homemade weapons more powerful than the advanced weaponary produced by the empire.

10/10 would swallow a nanopod again",True,1404139119,1,0,0.5,0,1644.0,2889,76561198071881328
251670,12319908,"03/10/2015 Edit:
*Was a great game until its discontinuation on Steam*


Lots of story, funny characters, plenty of units to send into battle and more buildings then you can shake a rifle at!

Played this game on mobile when it first came out and loved it only issue was the lack of content so I stopped playing. Now 2+ years later its on Steam with tons of new content and has me hooked again.",True,1412207788,5,0,0.501754403114318848,0,3125.0,3184,76561198089567363
251670,10109052,Relaxing,True,1400066676,0,0,0.5,0,4545.0,9474,76561198134362623
251670,197842735,One of the best games around,True,1750562318,0,0,0.5,0,1427.0,17579,76561198177290723
251670,14136751,"As an avid player of the original game, this game was my childhood growing up through Middle School, it got me through having next to no friends.

For anyone new here, ever decide you want a military-themed base-builder with turn-based elements that plays sort of like chess on steroids?
Well, welcome to Battle Nations.

These days, I write lore for Battle Nations explaining the war between the Rebellion and Empire, the continent Ateria (which we fight on), as well as the Imperial dossier titled ""The Imperial Codex"", hoping one day this goes official.
Hope to see you all on the battlefield.

Long live the Empire. o7",True,1422070605,0,0,0.5,0,8130.0,62994,76561198080508346
251670,190477972,"IT'S COMING BACK, GET IT WHILE ITS HOT SP UPDATE JUST DROPPED RECENTLY.",True,1742235537,0,0,0.491573035717010498,0,1363.0,1369,76561198024774105
251670,199911815,best mobile game ever made.,True,1752640369,0,0,0.5,0,12325.0,33052,76561198121738749
251670,198796199,Glad to see it finally come back!!,True,1751513803,0,0,0.5,0,2790.0,10076,76561198812647562
251670,9935631,"BATTLE NATIONS IS BACK BABY!! TEN YEARS OF WAITING FOR THE RETURN!!

PROS:
ITS BATTLE NATIONS the farmville like turn based strategy game

CONS:
mobile game premium currency making it feel pay to win or super slow to progress without spending money
stuff like the guild is missing as of writing this",True,1398483435,0,0,0.5,0,7130.0,8001,76561198067766223
251670,13011669,This game is AWESOME!,True,1416447770,7,0,0.465796709060668945,0,74898.0,164860,76561198138137373
251670,199259351,Solid game back from the past with a new devoted dev team. The story is interesting and the characters are very lovable.,True,1751950441,0,0,0.5,0,33198.0,101501,76561198119041857
251670,13183616,"Oh hell yes, finally i can play this without it crashing every 10 minutes or so, Ipod3 just wasn't cutting it.

Wooooooo!!!

Grabby grab this peeps it syncs with device accounts perfectly.",True,1417454690,0,0,0.5,0,1194.0,109876,76561198017910247
251670,10683855,Love the game its a lot of fun. I see alot of people saying that you have to spend money. You can spend money but you dont have to. You get nanopods over time. I like how you can by people and if they die they are not lost forever. So when one some of your guys die it is not all lost.,True,1403472747,5,0,0.510584354400634766,0,1486.0,1637,76561198131443997
251670,201990367,"This is hands down one of the best mobile games of all time. This is worth you time to play through as it provides a nice Darkest Dungeons style battle gameplay. Give it a try. This game was fire 10 years ago, and now in 2025 it has been revived by a team of dedicated developers.",True,1755019219,2,0,0.541984736919403076,0,1413.0,1602,76561198119746771
251670,12370727,Very fun game. Been playing on Mobile since 2012. Starts to get really fun once you hit 35ish and get the Armor Shop.,True,1412482049,3,0,0.545454561710357666,0,1087.0,1389,76561198050285795
251670,206199134,yes!,True,1759938693,1,0,0.502923965454101562,0,19808.0,33740,76561198046025785
251670,10815423,this game great,True,1403741460,1,0,0.5,0,22418.0,94275,76561198137719205
251670,9952442,Battle Nations my beloved,True,1398610176,0,0,0.5,0,1238.0,8539,76561198072275808
251670,10818270,"Battle Nations 4.0 does not work with steam, please fix before the next boss strike",True,1403748364,0,0,0.5,0,27572.0,76027,76561198133690458
251670,189262385,"[h1]Do not be fooled, Currently it seems to only accepting donated Patreon if you want entry.[/h1]

I would choose to not recommend this, but things are sound promising, so if you have money to donate, I am sure you would enjoy this based on my experiences before game's closure.

You will also require to login to Madrona Games, doesn't sound like anything too bad though.

Hope to see when it's released!",True,1741006178,10,0,0.554956495761871338,2,2162.0,2162,76561198066412265
251670,201327833,"I'm so glad this game was brought back! It's amazing, the devs are doing a fantastic job and I'm looking forward to more progress. Cant wait for first Boss Strike",True,1754185887,0,0,0.5,0,57940.0,185254,76561198855879913
251670,12158986,omg this is the best thing that ever happened to this game,True,1411209118,5,1,0.485286355018615723,0,1570.0,1570,76561198129659834
251670,212527748,"我是中国人，这游戏我记得是我很小的时候在Ipad上玩的，当时还瞒着家里面往游戏里面充值了30RMB
我还记得当时有武器大师、这瑞克这些角色。现在那个账号我也找不到了
新版本的这个游戏能在电脑上玩真的还挺让我回忆我的童年的，但是不知道为什么，玩起来感觉好吃力。
现在绝大多是时间都是在等资源。我记得之前开垦荒地、建造工厂、收集资源的过程很容易啊。不知道是不是我心态变了。
希望变得更好吧！",True,1764830638,0,0,0.5,0,954.0,1324,76561199091029731
251670,10163252,please bring back the full screen mode,True,1400443067,0,0,0.471794873476028442,0,926.0,2167,76561198133762628
251670,10785389,i love it,True,1403680526,1,0,0.5,0,2073.0,2464,76561198103545652
251670,203765211,"I was going back in my library because I made a catagory for ""dead games"" for all the live service in the past that shut down like Tribes: ascend or Monday Night Combat and out of no where this games, out of all the dead games on this massive list of mine, this one comes back?!

pffft, next your going to tell me Defiances is going to be revived",True,1757225953,2,0,0.545454561710357666,0,2552.0,5905,76561197994363778
251670,10264062,"I really enjoy this game and think it has come far from a IOS game to a Steam game, but sad to say it's Pay2Win...",True,1401287209,2,0,0.47826087474822998,0,3139.0,6624,76561198046283661
251670,10238410,Recommended,True,1401086308,0,0,0.5,0,950.0,29559,76561197985587862
251670,11904098,"I'm not sure what is happening, but when I click on the play button, nothing happens and the game doesn't open.",True,1409282353,0,0,0.5,0,918.0,923,76561198144528280
251670,197812201,"After all these years, it's back!!!",True,1750530472,1,0,0.523809552192687988,0,5159.0,122582,76561197961428367
251670,198758360,So happy to see this game back after 10 years,True,1751478669,0,0,0.5,0,6053.0,15513,76561198080313408
251670,13849975,"You can actually control your troops unlike other games like so there's is some strategy involved but some unite are better and no matter how much you strategize you will lose against those.
In rest it's pretty much the SAME for games in it's genres.
Also please fix the pvp EVERY time that I win or lose when I want to try again the game gives an error message that it has lost connection to the server.
And sometimes it crash for the hell of it.",True,1420474341,0,0,0.5,0,1416.0,2104,76561198143293986
251670,195935249,Full game is coming out tomorrow,True,1748564537,6,0,0.560293138027191162,0,1169.0,6460,76561198061632666
251670,196400699,3167 days...,True,1749063491,0,0,0.5,0,1054.0,15947,76561199188898026
251670,14814685,Great mobile game that I can access on steam aswell.,True,1425940604,0,0,0.5,0,7614.0,54977,76561198055799510
251670,197587241,As gorgeous as the day it left........,True,1750302152,3,0,0.524828255176544189,0,1336.0,5875,76561198147251641
251670,206964504,<3,True,1760745086,0,0,0.5,0,1508.0,3039,76561198864394449
251670,199906776,we are soooo barack.,True,1752633731,0,0,0.5,0,15164.0,35152,76561198079894106
251670,13232071,"If you like the grind, then you need this game, its easy and fun... but its also a pay to win kinda game, unless you know what your into, play and if you already playing this, come join my guild, Young At Heart : a family friendly guild where we are good, (ten 10 guild) want new or vetern Players. Now Lvl 80 guild :D",True,1417734708,0,0,0.5,0,1555.0,4056,76561198041631471
251670,208854433,NOSTALGIA,True,1762739839,1,0,0.523809552192687988,0,3623.0,3739,76561198222167452
251670,12654184,"I'm glad this game's back man, and now that I have the means to whale it.",True,1414404445,39,9,0.462677329778671265,0,9764.0,19613,76561198091160757
251670,199517553,Probably one of the best online games ever....,True,1752219694,1,0,0.501123011112213135,0,12963.0,44786,76561199181530756
251670,210559921,bringing back old memories thank you madrona games for bringing back the games from our childhood keep up the good work,True,1764088898,0,0,0.5,0,26700.0,35076,76561198409468680
251670,12307114,"I really like this game. I used to play it on my Ipod and when I saw it was on steam I decided to try it again. Its a great game execpt for a few things. 

1. Nanopods: These are a in game currency that can be used to buy troops and speed up building things (Ill talk about this next). They need to be brought or you can earn 1 per level which is basically nothing. You do come with some at the start but they are easily wasted.

2. Building times: You have to wait until your buildings etc can be completed and this is very annoying. I would recommend playing another game while you wait. 

3. The game can get very boring at times because all the missions currently available require either alot of resources to by something, long waiting times or both.

But overall I still do recommend this game because it is fun. Remember to add other players as your friends because that makes the game better in my opinon.

7.5/10

Edit:

It would be nice if they added a pass feature to pvp battles vsing random players because too many times I come up against impossible battles with players using nanopod units. It would be great if they added a no nanopod pvp but I know that wouldn't happen.",True,1412123251,4,0,0.5,0,2077.0,2168,76561198070010827
251670,10037685,"I love this game, lost all my stuff on a glicth but i carred on playing. 10/10",True,1399403577,0,0,0.5,0,1347.0,1419,76561198006945096
251670,12869857,"Its a very addicting strategy game, its mostly very up beat with hilarious characters, you can even train troops that only match your play style.",True,1415582448,23,1,0.426965802907943726,1,5158.0,21212,76561198095888390
251670,10577087,Awesome game :D kills time alot :D,True,1403289586,2,0,0.497209817171096802,0,2375.0,2459,76561198074329460
251670,10562415,Best IOS app I ever played. So far it's been a great port.,True,1403265881,1,0,0.5,0,2462.0,5862,76561197962192615
251670,210212885,I can't wait for pvp to come back,True,1764026219,0,0,0.5,0,1309.0,1316,76561198050616146
251670,15150051,"Like CoC? This is like it
Like turn based strategy games? This is it
Like collecting a bunch of troops to show off? Yup, that's in this
Like building a great empire? Do it in this game
Like sex? Wait, this isn't in the game
9/11 would try to 69 again. 
Butt no, this is a really good game.",True,1427859416,0,0,0.476190477609634399,0,9496.0,10871,76561198148754664
251670,12203840,this is so cool now that tf2 in it,True,1411489915,0,0,0.5,0,1908.0,1998,76561198035637199
251670,10304349,"Yes I would recommand this game to all the strategy gamers out there. I played it for about 34 hours and it is still a great game! But for some reasons I couldn`t open the game anymore, is this a error or bug? Please help!",True,1401572706,0,0,0.5,0,2077.0,11748,76561198126889014
251670,198684025,"When she battle on my nation.

THIS SHIT WAS A PART OF MY CHILDHOOD AND I AM HAPPY TO SEE IT RETURN. 
This game's style, character, world-building, and gameplay captivated me when I first played it back when it was first launched. I am glad that the game has been preserved more or less like how I remembered with a few adjustments that make it a little more simpler to collect resources. While at the time of writing this, there are some things missing such as PVP, guilds, boosts, and other online features, at the moment, the game is functional and perfectly encapsulates the single player experience. Both veterans and newcomers will find the game enjoyable to nurture, create, and destroy and serve the glorious Empire.

While the game has come back in its almost full glory, I do wonder how the progression will be handled to make it more accessible for new and F2P players. The rarity of nanopods is a bit of a hindrance, though that was always the case back in the original version. While not necessary for progression, many strong units and well-paying buildings are too costly and limited to produce. I am hoping that a balanced and fair system to give players more opportunities to earn nanopods as rewards will be implemented down the line. Apart from that, anyone who enjoys slow and steady RPG experience will love what this game will offer.

Also, TF2 characters are in it, so that's a bonus.",True,1751407710,14,1,0.682168424129486084,0,4487.0,123900,76561198008900479
251670,12627474,"We are SO back.

Hope the old features are reimplemented smoothly.",True,1414253908,3,0,0.454545468091964722,0,2589.0,5630,76561198076014472
251670,196464765,"great place to build your empire, farming your nations, building an army",True,1749138417,2,0,0.524828255176544189,0,1813.0,50217,76561198273447294
251670,10220928,good at wasting time it is a fun game it is realy easy the contoles are easy i play lot its like stronghold just differnt ways to fight.,True,1400953562,0,0,0.49751242995262146,0,1475.0,1950,76561198091795636
251670,10867536,Nice game XD,True,1403869593,2,0,0.492440104484558105,0,5305.0,23230,76561198041389246
251670,9864488,"This is a great game! Sure it is completly different from most games on steam, and If your eyes are closed tight enough you'll see it as a pay to win game an won't play it. That's fine. It's not a pay to win game, It's a great game with excellent artwork and characters unlike anythin gelse on the market. At first it isnt a sit down and spend all hours, it's a whle you're waiting in between your ranked DOTA 2 matches to check on things and once you rank up and achieve higher levels then you begin to sacrfice your life to this game and you fall inlove with it. I'd reccomend this game to almost anyone, It is defintly worth it. I've had expierance with this company they have great customer service and are involved with thier community! WOrth all your time give it a try and be optimistic, if you go in thinking it will suck then that's all you'll get. :)",True,1397856890,24,0,0.427805244922637939,1,2730.0,4355,76561198062260608
251670,209157711,"Im a OG and played the original as a kid and had a actually really sweet account but wasnt really efficient in my playthrough, would reccomend this game to people who like turn based shooters, great art, and animations and best of all the story is hilarious!",True,1763077639,0,0,0.5,0,10414.0,10481,76561198259343404
251670,178190600,It's coming back!,True,1730496106,4,0,0.52173912525177002,0,2349.0,9369,76561198089270171
251670,202759269,Love you,True,1756005429,0,0,0.5,0,2828.0,3214,76561198283351057
251670,205640446,"This game is all I ever played on my old iPod Touch back in middle school, genuinely a solid turn based tactics and city builder game. Glad that there's new devs that are passionate about bringing it back and improving on the old game I enjoyed.",True,1759346227,5,0,0.582895159721374512,0,1418.0,2655,76561198149150625
251670,199786068,I HAVE AN ADDICTION TO THIS GAME,True,1752502580,0,0,0.5,0,16292.0,64006,76561198967945347
251670,13405359,"Solid strategy game for people who don't mind playing something casually. I haven't spent a dime on it and I find I have plenty of 30 min moments throughout the day to log on and play around with it for a bit. Excellent casual experience and pretty funny too, kudos to the writers!

Pros:

- Great for casual/strategy gamers alike!
- Hilarious missions.
- Wide variety of units, buildings, and missions.
- Entirely playable without spending a dime!

Cons: 

- Nanopods (in-game currency) get shoved in your face ALOT, but easily ignored with a click.
- Lots of waiting around (sometimes 24hrs for things to finish).
- Occasionally buggy, but the devs tend to fix things in updates.

Overall, an excellent mobile-to-pc port that is entertaining and fun for occasional gameplay.",True,1418754385,5,0,0.523809552192687988,0,981.0,2970,76561198004701532
251670,209446894,very fun and interesting,True,1763353311,0,0,0.5,0,4040.0,4378,76561198403302870
251670,10062904,Nice if you like turn based stategy! It resembles Heroes of Might and Magic in a way. Not bad at all!!!,True,1399653178,0,0,0.5,0,2009.0,13223,76561198035280849
251670,12569100,"Holy Shit, It's Back!",True,1413730414,6,0,0.474822163581848145,1,4648.0,9811,76561198103939521
251670,12741407,Addictive Fun!,True,1414924929,5,0,0.479452043771743774,0,13491.0,15946,76561197999210180
251670,200232401,"Favorite mobile game of all time, I am just happy its back and is extremely faithful to the original. Also it is Linux native now so that is always nice. Love you Madrona Games, you guys are awesome :)",True,1753019494,9,0,0.613597214221954346,0,6609.0,17328,76561198070406279
251670,196032079,The GOAT returns.,True,1748656628,2,0,0.5,0,90484.0,111727,76561198068693781
251670,14643794,Great addicting game!,True,1424846055,2,0,0.5,0,3192.0,5388,76561198086557309
251670,212603054,good game,True,1764927020,0,0,0.5,0,19050.0,21220,76561198093702336
251670,11856861,YesVery Good Game Best ive ever Played,True,1408949828,1,0,0.47999998927116394,0,20872.0,42546,76561198133884279
251670,12191906,"It's a fun stratagey game with a realistic Time-and-rescource requirement that requries patience (or cash) but reflects the game to be entertaning when played for a long amount of time. I enjoy it.

(note to noobs: dont put a mortar on square 1)",True,1411429771,4,0,0.473657995462417603,0,1549.0,2850,76561198113257797
251670,12435803,Its a perfect game when you are bored...,True,1412952959,5,0,0.542181551456451416,0,1046.0,2064,76561198084805725
251670,205962320,Great revival of an iconic game,True,1759679452,1,0,0.502923965454101562,0,2601.0,3985,76561198174076321
251670,14564289,"It's a good game, arguably pay to win, but that creates a feel of ""You are going to die in this shit hole waste land from a combined super army of raptors, pigs, angry natives, mammoths, bandits, rebel armies, giant robots, zombies, and who knows what the fuck else. Good luck!"" I like said feel.",True,1424461647,0,0,0.5,0,2110.0,2113,76561198087521701
251670,178407546,Who knew Battle Nations would return before my father did,True,1730755162,22,11,0.728539228439331055,0,956.0,3789,76561198131592979
251670,10311746,"I enjoy this game!
 It has a casual play style that is easy on the mouse hand and with the turn based battles my eyes don't go buggy trying to follow the action lol.
 I like the interaction with other players and the ability to choose to help or fight them.   
You can battle pvp or do game missions. You also get to design the look of your base with buildings ,roads and decorations which can be upgraded to benefit your army.
 A healthy dose of humor is mixed in with it also!
:) Fun!",True,1401628973,0,0,0.5,0,4638.0,10153,76561198137695373
251670,12227889,"its a good game 

im lev 12 now didnt use any real money yet

its more like a get on build fight get off roughly 30min - 1 hr  time
then play somethin else.       

the tf2 char look nice lol gonna have to get myself a few pyros if i start spending money =]]]
games like this dont bother me since its up to you if you gonna spend money or not.

and yes i support kickstarter and early access game if i like them.",True,1411612499,4,0,0.504784822463989258,0,2195.0,6166,76561197971483180
251670,205398277,Game of the year,True,1759066128,0,0,0.5,0,1084.0,2248,76561198079712040
251670,9888612,"Feels like Farmville but with guns. Built around sucking your money but the writing is snappy and the combat works well enough. Will probably play until DS2 comes out.

Edit some million months later:
How wrong I was. This game is addicting once you get the hang of it and continually clever. Still built around sucking your money but there's enough regular events and happenings to keep most people involved. It's sucked my productivity away and it's a damn iPhone game.",True,1398063628,0,0,0.5,0,36216.0,64255,76561198023459320
251670,12990897,"Its fun.  Fun story, good group of people, nice mechanics and it keeps you engaged.  They also keep making new content.",True,1416297131,6,0,0.523809552192687988,0,21352.0,23610,76561198077103929
251670,207676682,Still as good as i remember it!,True,1761516564,0,0,0.5,0,1883.0,2781,76561198253996398
251670,11793365,I've liked it so far thou just wish we can build more population quicker.,True,1408538861,3,0,0.520903050899505615,0,6648.0,23309,76561198035774913
251670,12926754,"great game, computer won't let me download update to continue playing, even after doing everything I could find to do",True,1415901941,6,1,0.465631932020187378,0,3960.0,6965,76561198058748999
251670,14860530,the first thing you see is realy apear to be just only this stopids mobiles games and facebook games but if you play a little longer you gona see this game become a exelente games to play (sorry for this BAD english) anyway for us bad this game is gona be gone in this version but i wana say if can stay forever is realy great game to play is more if you got powerfull  units  yes is a little cash games aham but you can get cash for free in games. anyway i just wana say to not remove this incrible game i like play forever look my hours  ^^,True,1426221843,0,0,0.5,0,6490.0,7130,76561198062520500
251670,12632038,its a funny and badass game,True,1414273828,5,1,0.467289716005325317,0,972.0,10539,76561198152587014
251670,199088471,You're just as beautiful as the day I lost you...,True,1751788770,0,0,0.5,0,11411.0,18156,76561198053174221
251670,211165311,A game returned to the community against all odds,True,1764250388,1,0,0.523809552192687988,2,30715.0,31212,76561198834756890
251670,10512249,lol,True,1403081336,0,0,0.5,0,2140.0,2373,76561198122780643
251670,10533302,10/10 would recommend,True,1403205303,8,0,0.457228183746337891,0,19607.0,40254,76561198009500337
251670,197325286,"After so many years its so good to see one of the best turn-based games come back to life. And as much as nostalgia carries my hype for the game, its still true that this game feels as unique as when ity was played back in 2012.

Hoping the best for the new team of developers! Keep up the good work bring this legend back to life!",True,1750013623,0,0,0.5,0,5758.0,117850,76561198261418889
251670,10928726,"I love the game so far, but I have run into some glitches and issues with missions...I can't complete some...even if I have the required gear for it and it approves it. The game will crash and the mission is there again...I have tried restarting it and such to no avail. 

I do love the graphics to it, the strategy and the play style of it. I find it all very addicting but would be better if these issues were fixed.

But I do recommed others to try and play it, so far I have seen I am the only one with these issues...",True,1404016036,1,0,0.5,0,1400.0,3542,76561198118736694
251670,199650297,WERE SO BACK,True,1752354014,0,0,0.5,0,1373.0,10212,76561198985237310
251670,9882320,"Happy to have the game back! 
Looking forward to get back to where I was!",True,1398008265,3,0,0.523809552192687988,0,5574.0,7032,76561198128873473
251670,12161060,epic,True,1411221285,0,0,0.5,0,1102.0,1671,76561198108764873
251670,206170230,Return of the king,True,1759903314,1,1,0.502923965454101562,0,10126.0,13302,76561198071114132
251670,12189851,"BEST GAME EVER.Except for the fact that everything needs nanopods and the only way to get them is by actual money which sucks so much but what i really suggest is that there should be a machine where you get nanpods and you have to upgrade it to make faster and produce more and honestly i wouldn't even care if it cost rescourses  or like if cost 5$.But rather than that it's a fun heart stopping  (big guns,explosions,cool unit's) game.",True,1411416302,2,2,0.478409439325332642,0,3190.0,9211,76561198149920876
251670,207557599,If you are on the fence about getting this game just go ahead and get it. The story is super good and explains well what to build and do. Super good to pop on occasionally or to also sit and play for a couple of hours. Favorite game right now by far,True,1761406626,2,0,0.523809552192687988,0,1231.0,1231,76561199806110330
251670,210029940,"even though it's a typical mobile game from 2014's, it's quite a blast from the past for those who played it some ten years ago",True,1764007169,5,0,0.60000002384185791,0,34418.0,37137,76561198248016766
251670,200950836,"I played this game religiously as a kid, and i missed it dearly all of those years it was inactive. I constantly mentioned it to my cousin who i played with, and the day has finally come. It is back with all of the nostalgia and I am so excited for the updates and support it is receiving. They are doing an amazing job bringing back everything it once was and for a ""mobile"" game it is the best of the best",True,1753745451,0,0,0.5,0,2888.0,8464,76561198084453743
251670,204575633,Top!,True,1758139952,0,0,0.5,0,23595.0,29076,76561198202497798
251670,197252353,We are so back,True,1749938929,2,0,0.501123011112213135,0,16483.0,29039,76561198110822654
251670,201020238,"this is trve kino, the best of mobile games",True,1753823250,0,0,0.474322408437728882,0,1752.0,4451,76561198162280533
251670,10244919,"If you think of all the Diffrent MMOs, they all have a way of making the player fight other player or PvPs. This game has that and also has an epic story line and the villians are so great not only haveing Radiers, you have rebels, wild animal and Sliver Wolfs. On some of the missions are where you have to have Nanopods (game currency) to win, but other than that this game is the best MMO game ever invented. Thanks Z2 games!",True,1401137247,0,0,0.5,0,7230.0,8569,76561198124039794
251670,10087513,This game is a hoot!  The story line is funny and entertaining.  The learning curve is easy to moderate.  Lots of opportunity for team and group activities through guilds.  Rates high on the Goink scale.,True,1399844286,0,0,0.476190477609634399,0,4867.0,16191,76561198030871373
251670,196205307,"It's back, it's back, IT'S FUCKING BACK BABY!!!!!!! 

THE RESURECTION OF THE UNICORN TROOPER NOW!!!!!",True,1748824813,13,0,0.632812142372131348,1,67892.0,76641,76561198084887068
251670,204105684,Childhood game is back baby,True,1757620960,1,0,0.502202630043029785,0,29099.0,75831,76561198134788431
251670,200312324,"I played this game when it was released way back when. I loved this game, put money into this game. And I'm ECSTATIC that it's returned. I cant wait to get to the end-game again like back in the hay-day. Sad there isn't a starter pack to purchase, but, Honestly? I dont really care. Just super happy that this game was re-made and re-released again I hope and pray for the longevity of the game this time. Let's go for ten years!",True,1753114959,0,0,0.5,0,3692.0,6988,76561198026348265
251670,14525355,"This is a great game, sure, you need to grind up everything from your lvl to the ranks of your units but really, the ovarall game concept is great (just some lack of basic logic in some areas), the characters in the story are really funny and plus monthly events. So ovarall this is a great game to try out and its not bad of a freenium game either.",True,1424238510,0,0,0.5,0,12247.0,13751,76561198142677795
251670,203153729,"Best War-themed and base-building game I've played. So glad its back after all these years. If you are reading this, DOWNLOAD IT NOW OR ELSEEEEEEE",True,1756522924,0,0,0.5,0,3197.0,8635,76561198319483032
251670,12650502,It's like Farmville but for men.,True,1414370937,90,64,0.459551364183425903,2,13369.0,14085,76561198082925764
251670,12151853,it's back baby,True,1411153958,0,0,0.5,0,2495.0,3332,76561198066949021
251670,13000588,"The new 4.5 version will not load with STEAM!  I played the game this morning before this update launched and now the game can not be played through Steam as it ""fails to load""!!!

Don't launch updates before they are fully tested!!!

I love the game, but it is difficult to play on a small android screen and I was glad when it launched on Steam.  I would recommend the game, but am just upset with updates being forced and then not working.",True,1416365113,0,0,0.5,0,2845.0,5877,76561198155150352
251670,9873004,"THIS IS WAR, AND I LOVE IT! it's glitchy as heck for me, i went to boar badlands and about 50% of the time it would crash, lovely game, astounding, HEART POUNDING, but it crashed",True,1397930581,2,0,0.460324794054031372,0,1087.0,3653,76561197977256819
251670,196423511,"Played this game way back when. Now its back and will be better than ever. Full game technically isnt re-released but It's been a long time in the making and I am very excited for what is to come.
Edit: for clarification I had around 500 hours in the beta across all platfroms.",True,1749086715,1,0,0.5,0,6074.0,25369,76561198086469024
251670,12689950,For the people who thinks this game is a waste of time they just lack patient and besides they have other games to play for there progress to finish.,True,1414637266,11,0,0.420595288276672363,1,1398.0,1873,76561198136076318
251670,13442397,The new pvp system is MILES ahead of the old. The only problem that needs to be patched is that any battle beyond the first causes an error and may crash the game.,True,1418962153,0,0,0.496054112911224365,0,1518.0,1558,76561198071292675
251670,10017352,"Let me tell you something, Pen*dejo...
This game is pay to win. It is. Dont listen to people who say different. Yeah, its true, that premium units have weaknesses and you can defeat them, but Heavy Granadier in back row will always tear your army appart, and you could try and try...
anyway, if you dont mind losing PVP against Wallet Warriors, and if you want to play just PVE, you might enjoy it. Tbh, I am playing it just to get as many achievements as I can and now, I am moving on. 
So, if you´re achievement hunter, as I am, than YES, I recomending it. But if you want to fight PVP and be true champ or so, then dont. Play rather something else",True,1399212623,2,0,0.505173206329345703,0,1924.0,3679,76561197990182923
251670,10166987,"It is addictive as hell. Will get you in trouble at work while you try to steal moments of time in your life to manage things. And any fool who says it is pay to win must really suck at chess. It is a strategy game, you gotta level up doofus.  It is a battlefield commander sim so you must also PLAN, and make GOOD CHOICES. Fail to plan = plan to fail.  In real life you would have to deal with limited resources and thus choose wisely what you must do.  Rome was not built in a day.  The nanopod currency can be gotten super easy for free if you are so inclined via kindle fire, android, or iphone by earning them for free.  Otherwise be patient, it is a process. Many players i have met completely fail to realize that the reason they are developing so slowly is becasue they are too timid to go out and RAID for their needs.  It sounds savage yes and heathenistic, but it is the most entertaining dynamic of the game besides the boss raids you do with a guild.  AND THE BEST PART IS IT IS CROSS PLATFORM!!! You can play the same profile with the same friends on all they availible platforms. GET YOU SOME!",True,1400478528,4,0,0.541984736919403076,0,12322.0,40067,76561198103220400
251670,197305430,Never thought i would see this making comeback.,True,1749997791,4,0,0.544504463672637939,0,18569.0,89692,76561198034740367
251670,11744463,yeah im not a potatoe so don't judge the way I eat my chicken nugget that I found under the pipelines of New York.,True,1408224525,0,6,0.454545468091964722,0,3891.0,3964,76561198129453042
251670,10040740,Oh baby we are so back.,True,1399430491,0,0,0.5,1,2887.0,2928,76561198116131144
251670,10663803,gg,True,1403443108,2,0,0.497209817171096802,0,1348.0,1441,76561198027594371
251670,200128167,"I don't know what it is about this game, but ever since I downloaded it in 2012, I just love collecting the little green men and their silly vehicles",True,1752897569,0,0,0.5,0,1522.0,3627,76561198258442055
251670,12846163,"Battle Nations is an amazing game, I love the soldiers and vehicles you can get in it. The enemies could be a bit better considering that I've been fighting Lvl. 35 Infected since Lvl. 15, that's a bit OP and it set me back a lot. Although this is a really good game, it could go without all of the best stuff being Nanopods only, it makes it seem like a bad game making you spend real life money just to get good units and new abilities for your ranked up units. Other than that, it is a really good game that is both fun and strategic, the entire storyline of it is hilarious, they main characters are always funny. I especially loved Tronk, that guy got a lot of laughs and I'm glad to have played this game for the funny and ridiculous moments.",True,1415462509,23,2,0.530125796794891357,0,6579.0,8002,76561198068130082
251670,10270036,"i actually enjoy this game. i have been playing it for a while now, and enjoy every minute of trying to rebuild my base, and get farther in the game.",True,1401324215,0,0,0.476190477609634399,0,3087.0,13237,76561198131020172
251670,201609245,the Goated  clash of cans progen is back and better than ever 10/stars,True,1754533131,0,0,0.5,0,3655.0,4102,76561198148346927
251670,185788220,"This game acompanied me through my studies and apprenticeship. It's part of my memory for ever.
It's simple but addicting. There's nothing else out there in terms of turn based strategy comparable to Battle Nations.
Sadly Z2 got sold to King (which was or still is owned by Activision Blizzard) and that was the mark where it started to tip over....but now with the new devs it means > WE'RE SO BACK BABY! No more P2W bullshit and a promising development.
Been a Patreon for months now and I dont regret anything!",True,1737127759,11,0,0.634852707386016846,0,499557.0,711003,76561197975239870
251670,10403067,"Genuinely Fun.

A play style mix between SimCity and Final Fantasy Tactics. Combined with well writen NPCs, this game is aimed at the strategic role player who has time to burn or money if they dont.

Long turtorial before being able to PvP and Interact with other players, but very imformative and introduces the fundementals of the game through an entertaining story filled with humor.

Battle system leaves room for more depth, but is okay in its current state.

8/10.",True,1402291328,0,0,0.5,0,3209.0,3502,76561198112736722
251670,12403476,"The game is great, but the waiting times are just absymal. I wish developers would stop with these ridiculous cash-grab schemes that involve ridiculous waits, and micro-currency, just make a game thats free and can very enjoyable while still being free. maybe it'll change, maybe it won't, but as long as it kills time, it'll sit in my library",True,1412712065,0,0,0.5,0,2848.0,10719,76561198077582794
251670,10078464,Battle Nations is an amazing and simple game. I would recommend any one who loves games where you start from nothing and can grow into what ever you feel like. You have a wide varity of paths with units and ways to fight the enemies.,True,1399773464,0,0,0.5,0,3686.0,3686,76561198105369689
251670,199518204,"old nostalgia, alive once again",True,1752220480,1,0,0.501123011112213135,0,24183.0,97195,76561198115286024
251670,10172410,"its fun can be addicting, very slow paced in terms of building unless you want to drop a lot of real money into the game to by nanopods that can be used to speed up build times",True,1400526594,3,0,0.524084150791168213,0,9074.0,15843,76561198113870823
251670,13854383,"Quite cool, very pay to win (some of the missions almost can't be completed without spending a little money) but overall pretty neat, and free to pickup, so why not...",True,1420492851,0,0,0.5,0,1168.0,1272,76561198055646916
251670,201711094,IT'S BACK BABY.,True,1754667066,0,0,0.5,0,1918.0,2503,76561198062774477
251670,12651613,"Love this game! It's like an RTS with chess, and a hilarious story and likable characters.",True,1414379532,5,0,0.472547233104705811,0,2624.0,4156,76561198017056574
251670,209870563,So glad this game is back,True,1763839504,0,0,0.5,0,5832.0,6146,76561198220965180
251670,12155683,"First off, this is definitely a pay-to-win game. That said, it's a *good* PTW game. The plot is a good mixture of comedy and war story and the combat system is fun and varied enough that it usually doesn't feel like a grind. The biggest downside for me is the constant nagging to buy/use nanopods, there's a popup just about every time you log in or change screens to return to your outpost. You can play the game without paying for the premium content but you will be at a significant disadvantage and will not progress quickly.",True,1411182671,3,0,0.5,0,28336.0,37462,76561198022971793
251670,205006641,Love Battle Nations!,True,1758604808,0,0,0.5,0,4384.0,4766,76561198326341132
251670,11653325,"i love playing this game even before it was only available in itunes, its a good thing its in steam, ive been playing this by steam for a long time now but unfortunately some issue happen when i upgrade to 4.0 now i cant play it only black screen i hope steam can help me solve the problem",True,1407772462,0,0,0.5,0,23479.0,59669,76561198134125575
251670,186635946,"All looking great so far! Dev team is releasing patches regularly and it's looking like the king has returned. 
You'll need to sub to the Patreon for pre-release access. If you were a fan of BN or fancy a great 2d base-building game combined with a solid turn based strategy game that oozes charm and humour... then this is really is the only choice.",True,1738103867,1,0,0.5,0,1533.0,20738,76561197971464586
251670,196276756,"We are BACKKKKKKKKKK!!!!!!

Hands down my favorite mobile game of all time!
I genuinely believe anyone who plays this game will have a great experience",True,1748906145,1,0,0.5,0,10096.0,36062,76561198144565582
251670,201422486,very nice,True,1754300556,0,0,0.5,0,3097.0,6740,76561199016146007
251670,12665331,"Not a bad DL for free. Try it out and see for yourself. Gameplay consists of city building and turn based combat. Combat and art style remind me of ""ADVANCE WARS"" for the ""GAMEBOY ADVANCE"". Decent animations coupled with fairly well written humor give Battle Nations a Cartoon'ish and Adolescent appeal. Has quite a few units to develop and mildly addictive gameplay. However Battle Nations has a strong ""PAY TO WIN"" formula unfortunatly, where as most of the best units and structures are purchased with an in-game currancy that can either be aquired through tedious ""in-game"" accomplishments or  ""REAL MONEY""  micro-transactions. Again, not a bad DL. I'd give it a 6/10.",True,1414475951,7,0,0.542384922504425049,0,6627.0,7160,76561198073412990
251670,187181725,"Loved this game, played it so much on my phone. Awesome seeing it get revived, even if I had lost all progress I made through out the years playing it. Better to restart from scratch than to never be able to touch the game again.",True,1738710133,4,0,0.544072985649108887,0,2053.0,14797,76561198105666776
251670,10073185,One of the best games I've ever played. Been playing battle nations since it first released in 2011. I was devastated when it came off the app store / steam in 2016. Finally after almost a decade it's back online and I've been having a blast reliving old memories and playing one of my favorite games from childhood. Battle Nations has a fantastic story line and great strategy-based game play. To anyone looking for a game to sink their free time / boredom into I would highly recommend.,True,1399737325,0,0,0.5,0,4140.0,27741,76561198073247006
251670,201328409,Used to play this game back in the day. I'm soooo glad it's back!,True,1754186606,0,0,0.5,0,22227.0,149072,76561198863949334
251670,196115475,"Feels good to be back after forever. Starting over from square one (literally) is a bit sad but also exciting, fresh new take and imagining what my base will be like this time! Can't wait to get lost in this gem all over again. Welcome back BN!",True,1748737095,1,0,0.5,0,134922.0,242625,76561198072703950
251670,10371210,fuck it,True,1402079438,2,0,0.5,0,2405.0,3423,76561198120735327
251670,9968875,"Here's what you need to know if you haven't heard of this game before:

1. This is a F2P game ported from mobile to Steam.
2. The game was mostly Greenlit by its existing players, myself included. I may be biased because I voted to greenlight the game and was part of the closed beta for the PC version.
3. This game is still in beta. There are crashes, the game runs in a strange windowed resolution, and some PC-specific bugs exist.

The game blends a city-building mechanic common to many F2P games with a turn based strategy game. As you collect resources in the city-building portion, you can train more troops and vehicles to use in battle. The PvP has been pretty dead for a while, and PvE events have provided the bulk of gameplay variety for a while now. The game has been incrementally updated over time, slowly increasing the level cap from 30 to 65 and adding many more buildings, UI features, resource types, enemies, locales, and most importantly, units. Level progression gets really slow around the early 20's because significant expansion is required, but once past the early 20's the game really picks up speed and units become much more interesting as you get away from 1.0 content and into more recent content.

Overall, the game starts rather slowly, but it is not difficult to succeed without buying Nanopods and the game won't punish the player for choosing not to do so. Nanopods certainly help, but the choice of whether to buy them is just that - a choice, unlike many other F2P games, especially from iOS.",True,1398759294,0,0,0.5,1,3502.0,3776,76561198080974803
251670,9894464,"This game is really fun. I never really owned an IOS, so this was interesting to me. The only annoying thing about it is when you're fighting a strong thing, and then the session times out.",True,1398112205,0,0,0.5,0,3666.0,4634,76561198041709476
251670,207111828,so glad its back,True,1760896016,0,0,0.5,0,12969.0,42773,76561198053770940
251670,12472882,"i hate how it takes so long just for it to work.
it keeps saying session closed!",True,1413170227,0,0,0.5,0,1519.0,2069,76561198043867066
251670,13344516,"The variety of ""chores"" this game offers is simply outstanding. The fact that it can be played on mobile devices as well as PC makes it my favourite choice to spend time that would otherwise go to waste (like waiting for a bus / in line etc).

The communities or ""nations"" in-game add a lot of fun to the anyways funny quest line.",True,1418477242,6,0,0.548395276069641113,0,6879.0,9077,76561197979720337
251670,11587067,"Battle Nations is a fairly good game, if you can look past the bugs it has. Some of which have been in the game for months. Despite the fact that there are units you can only buy with premium currency (nanopods), I wouldn't really call it pay2win, since you can still beat them with normal units, albeit with more difficulty. There is also a possibility to gain nanopods for free during the boss strikes once a month, so there is that as well. It's not exactly unfair. If you are familiar with these kind of games, you won't mind the long upgrade and build times, since you will be used to them from other games in that genre. A levelsystem for your base that doesn't need forever to fill up also keeps you motivated to keep at it and expand your base to grow even stronger. Which is good, given the fact that you will need to level up to unlock new buildings, ressources and units.

Pros:

- Very likable and humorous characters and storyline. A very good mix between seriousness and comedy.
- A small, but still nice Soundtrack. Some effort went into creating those tracks.
- An easy to understand combat system that still is a lot of fun despite its simplicity.
- Regular events such as Boss Strikes, which offer great rewards for everyone participating.
- Company behind the game appears to be very involved with its community.

Cons:

- Very unstable game that keeps crashing. Very annoying.
- An interface that obviously wasn't created with PCs in mind. You will see immediately that this game was intended to be a mobile game first, before getting ported to a PC version.
- The PvP system, albeit present, isn't really worth mentioning. I hardly ever saw anyone use it. Technically, the occupation feature could be considered PvP as well, but no one ever does it to fight each other, but rather to help the occupying player to get some resources. I don't find this to be really THAT bad, but for people who look for a game in which they can bash and farm weaker players all day, this would certainly be a downer.
- You literally have to grow a big friends list and help them regularily if you don't want to wait forever to have enough resources to build something. While this, in it's principe, is good, it quickly becomes tiresome to do this every day.
- Finding a guild takes some effort, because the bad interface doesn't allow for an easy search of the existing ones. Since a lot of small and/or inactive guilds exist, finding an actual working one is quite bothersome. Took me several forum posts and tryouts to find one that wasn't utter crap.
- I find the unit info screen to be lacking. I often tried to find information there, but had to realize that it just wasn't there. And if it was, I haven't found it to this very day. Even such crucial things such as ""can attack air"" or ""can't attack air"" aren't showed there, not to mention that the unit info screen crashes 7 out of 10 times upon opening it.

tl;dr:

good game, but needs improvement in terms of bugs and interface. The world, characters, story and gameplay are good and  probably the only reason I am still sticking around, despite the bugs. It definitely has more charm than most games in this genre, now all it needs is to stop crashing all the time.",True,1407412971,10,0,0.564457952976226807,0,3921.0,23535,76561198043949224
251670,197025021,never thought i would see this game ever again. thank you for bringing it back.,True,1749711596,3,0,0.524828255176544189,0,4153.0,11962,76561198867249186
251670,12225707,"It's back from the dead; rebuilt by the community! A good day for video games.

Also it's very very easy to leave open in the background, so divide the hour count by like ten or twenty.",True,1411597829,2,0,0.5,0,57765.0,94353,76561198068835051
251670,201518923,great game on the way to get greater as the updates to ressurect it continue,True,1754417378,0,0,0.5,0,11553.0,27537,76561198047923851
251670,198226778,YAY IT's BACK cant remember login tho XD,True,1750980494,1,0,0.519999980926513672,0,28789.0,28794,76561198022836480
251670,9944013,"There's two types of people who play this game, those who just want to crush anything that goes against them, usually by buying nanos and creating a Rank 6 army of Megas, Wimps, Trebs, etc. and those like me who just want to play for the storyline and the base building. Either way there's something for everyone in this game, you just need to give it some time, add a good amount of people as in-game friends, maybe spend five dollars on nanos. Having a mind set of conservation of money and resources as well as some basic military skills, you'll be as good as those who spend hours and dollars just to build a powerful army, but have no basic economy or resource income.",True,1398543529,0,0,0.5,0,1553.0,2295,76561198039469761
251670,12999287,"What an unexpected comeback
[list]
    [*]FB game on steam -> Play about 5-20 ish mins every [strike] 3-4 hours [/strike]  day. 
    [*]Perfect for casual players.
    [*]Strategy thing. Turn based. Tactics involved n stuff.
    [*]P2W game -> [b] Avoid PVP. [/b] [spoiler] Or take the risk, Im not your dad. [/spoiler]
[/list]",True,1416353868,4,3,0.504651486873626709,0,7848.0,7848,76561198043626932
251670,199699326,Great mobile game ported to PC,True,1752404812,0,0,0.5,0,1332.0,26382,76561198160210845
251670,13020526,good game awsome and funny sayings and a good backround and areana,True,1416518867,2,0,0.5,0,4779.0,4929,76561198033579996
251670,9941000,"Played in iOS, even better on PC.",True,1398526329,0,0,0.5,0,2224.0,3462,76561198105245319
251670,12805200,"I love this game because the characters can be funny and when you beat big armies, it makes you feel stronger...
Now that their adding TF2 to Battle Nations, the game is even better; using the giant Heavy to take out groups or the Scout to take out each soldier or raider, is amazing!",True,1415209246,2,0,0.522293031215667725,0,958.0,1708,76561198117335107
251670,14130475,"Great Freemium game.  Some may call it a ""cow-clicker"" or Facebook game, but I like it.  It has nice artwork, engaging story-line and interesting characters laden with heavy doses of sarcasm and psychological issues.  From a mechanical perspective, this is a resource management, outpost development and strategic combat simulator.  Gameplay is of course made easier by purchase of in-game items such as premium units or nanos to heal or speed up production, but the game is perfectly enjoyable without the expenditure of real money.  I heartily recommend connecting with a guild to receive support in building your army and outpost, but as with the premium purchases, you can fore-go social interaction for a lone-wolf play style at the expense of increased struggles.  Technical issues and crashes exist though are getting better with each update.",True,1422039659,0,0,0.5,0,37671.0,44954,76561198017646054
251670,11928703,Updating my review after 11 years to recommend the game again feels glorious. Sank hours into this game as a Teen and will now sink many hours more into this game as an adult. Can't wait for boss strikes!,True,1409447066,0,0,0.5,0,13905.0,30017,76561198059953489
251670,178425600,one of the best games of all time not an exaggeration,True,1730781954,3,2,0.524828255176544189,0,1991.0,3784,76561198119277273
251670,197655954,Amazing game! Props to madrona for bringing it back! Fills me with joy.,True,1750373577,1,0,0.5,0,1335.0,1729,76561198090270168
251670,212455676,"Great gameplay, story, and world building, only thing I would change is how long it takes to advance, but its still very well balanced",True,1764738779,0,0,0.5,0,1236.0,1239,76561199118831410
251670,13020770,i mostly play it because i used to play a while back but but i do recommend this game because its a fun game where you use cool units to play but its still an app that you do stuff then wait for it to finish and you do have to use nanos to get the really good units or promos but in the app you can get free nanos by watching vids and doing offers and also using tapjoy i know this because im a f2p player with really good nano units and ive never spend a buck on anything you can too if you play your cards right but its still an app not a real game like tf2 or dota but the commity is good and you can get some info on the units on the wika and you can get some nanos and limited time units from the wilka but its still a fun game the story is good in my opinion but some people dont think so and the game is kinda boring at lvl 1 but im a lvl 54 player and the story is really good im also in a really good guild so im a pretty happy player but the ones who are just starting out are having problems enjoying the full game thayt is why Z2 made missons for lvl 25s in the new update and the steam is has problems with the game but the app is working with no problems so i recommend playing it on the app than steam,True,1416520680,2,0,0.497046798467636108,0,3452.0,45763,76561198074948178
251670,196982563,"An old fan favorite has returned. A great strategy rpg and base builder game  an childhood favorite. As well a interesting story with good characters its not even at its fullest and i already have tons of hours, the beta alone I had hundreds of hours in it.",True,1749663412,1,0,0.501123011112213135,0,3512.0,76814,76561198317694962
251670,203267525,Very Good.,True,1756660029,0,0,0.5,0,1449.0,1701,76561199076444332
251670,12183612,piekna gra,True,1411366640,1,0,0.429578870534896851,0,1013.0,3956,76561198117094526
251670,12928836,"I like the stradegy and quests they give you but recently it stopped working for me and won't complete the upgrade.....
I would recommend this game if I can get it running again.......",True,1415912082,2,0,0.5,0,4394.0,12186,76561198043784108
251670,202488496,relic,True,1755650318,0,0,0.5,0,3234.0,3539,76561199129317061
251670,207499138,guud,True,1761344807,0,0,0.5,0,3908.0,8284,76561198256444007
251670,202557315,peak,True,1755741448,0,0,0.5,0,1296.0,1336,76561198051346113
251670,12214782,"This reminds me of a browser game I used to play called Forge of Empires. 

It's a great game and they handle the ""Free to Play"" parts of the game rather fair in my opinion, anyone throwing around the term ""Pay to Win"" has not spent enough time playing the game to understand how wrong they are. If people want to spend real money on an XP boost to save time then that is up to them and it's not a game breaker. If people want to spend real money on in game currency to build something faster to save time then that's up to them and it's not a game breaker. These elements don't make a game ""Pay to Win"".

If you want a great city builder game where you can form a guild with friends and raid each other, I highly recommend this game. It's free, you have nothing to lose.",True,1411539981,4,0,0.42700958251953125,0,1028.0,7532,76561198043115858
251670,203566194,"Battle Nations somewhat finally returned and it is doing fine job.

My suggestion is just remove bars and gears otherwise you just got softlocked if you wasted.

Maybe Nanopods is too much of this game.",True,1757041138,1,0,0.518518567085266113,3,18893.0,24810,76561198138221931
251670,196297734,We are SO back,True,1748938568,4,0,0.518518567085266113,0,4465.0,31669,76561198067827781
251670,198404929,"A great game. Missed this from back then. recommend giving it a shot,",True,1751151939,0,0,0.5,0,3622.0,24218,76561198287707488
251670,196275474,We're so back,True,1748904431,0,0,0.5,0,1347.0,24731,76561198106147324
251670,183640776,"welcome back, it's been a while, old friend",True,1735123842,16,1,0.663440346717834473,0,1023.0,4040,76561198125978001
251670,202217168,Played this game when it first came out. The tactical parts are awesome. Love the character designs.,True,1755305145,0,0,0.47413790225982666,0,2783.0,7846,76561198053803894
251670,10467207,This game may not take alot of time when you play but it is fun all the way through. I may have not beaten the game yet but it's really still really fun.,True,1402728563,2,0,0.523809552192687988,0,3192.0,7831,76561198069910473
251670,197382634,We're so back,True,1750085270,0,0,0.5,0,1087.0,13286,76561198296012045
251670,196332335,"I love it and am happy it’s back. Please keep it alive and continue to update it🙏🏻.  WE need promises that were made to us to be delivered, the game has been out a month now,  the studio must have made absurd amount of money from IAP.  UPDATES PLS!!",True,1748977751,2,0,0.52173912525177002,0,4419.0,16477,76561198272688567
251670,12161245,"After playing on for exactly 2 weeks I'm changing recommendation from negative to neutral/slightly positive.  84 hours logged, not sure how much of that is actual play.  Playing completely free -- no external nanos at all -- for greatest challenge.

Collectiong over a dozen friends helped a LOT, both with interactions and providing help, resource raid opportunities and extra selection of battles.  Raids were pretty grindy, same battle against 2 troopers but provided resources for faster development and with multiple mines I don't much do that anymore. Managing population and storage cap is really hard without the advanced storeroom but CAN be handled, I started replacing small warehouses with medium ones.

The missions are actually fun to follow and the game drops units time to time so keeps up variations.

Importantly several updates happened, the crashes are almost gone, not hindrance anymore. While the imbalance between green and regular stuff is huge you can get ahead on just that and still access very many things. For serious players there is wikia and bnoutpost to provide all the info, tables, guides, tips, everything you imagine. 

Short suggestions to starters:
 -- read up a little before engaging
 -- buy the starter pack to aviod the early struggle
 -- DO NOT spend the nano, expecially on resources and time -- reserve it to most important stuff
    -- buy the advanced storage about immediately
    -- buy 1 heavy around lvl 10 as becomes available, maybe 2
 -- get into a big clan and pick many friends, keep processing their bases
 -- pay close attention which land to buy, time doubles up to 1 day! 
   -- secure 2 stone mines ASAP then wood and iron, try to reach as many of those with least steps; ignore oil and coal. Obviously upgrade your mines. place depos well: 1 depo can serve 2 or 3 mines with a single hauler
  -- keep building troopers and grenadiers (I have like 30+12) to allow many raids and have available troops if someone challenges for F2F battle
  -- play F2F battles for the good resources
  -- fight all kinds of raiders for good money without losing expensive-to-heal troops



-- old review from first days -- 

It looks like fun at first glance but you soon discover that the battles grow pretty boring repeat of the same and it takes just a few hours to reach the pay wall -- I got to level 10 with ~7 logged hours and little over half a day from where I need to build more things but each cost min 500 stone and income is 2x30 per hour, and I'll even need a storage for another pop. So pace fall back to like 1-2 buildings per day. Not sure it worth the trouble.    Certainly if you plan to keep pouring money it's a different story for that I'd expect more strategic value in play. 

And I didn;t even mention it keeps crashing every 10-20 minutes.

For extra fun the storage tops at 499 telling you to build more and to build you need 500. So you are forced to use the green thing.  The $5 ""starter pack"" looks like a must and all the way yor hand gets twisted. And there is no way to just turn off the popups coming every few minutes on all the one-time deals and best buys.

PVP is obvoiusly P2W by nature, a heavy for 36 pods easily kills of any freebie army or the bonus units they attach to offers. 

In summary it's a rich kid click-spam timewaster not a game let alone a strategy one -- guess it fits its natural ecosystem on phones but if you're on Steam looking for actual games it's not for you.

-- --- EDIT after giving it more time

With guild and 'friends' you get mor options to get resources. Though it is not improvement afer the first day as raids are all the same battles against 2 troopers. Also you have a fair chance to find your party in hospital afterwards to serve for more clicks.   Everything costs insane amounts. 

So I keep the 'not recommended' status.",True,1411222184,0,0,0.5,0,6709.0,44654,76561198054106167
251670,12506769,"Battle Nations is a fun and addicting game for IOS, Android, and now Steam. I recomend you try the game out, as it is free. Kinda gimike with the nanopods, many units cost alot and almost any job can be compleated instantly with these little things. I would make the nanopods either cheaper, or the new nano units cost less.",True,1413429348,0,0,0.5,0,3753.0,7809,76561198119137988
251670,178677767,"""A closed Patreon beta for active patrons will open sometime this October with a v1 release at the end of 2024. V1 will encompass almost all aspects of the game with the exception of guild mechanics and live PvP to allow us more time to balance and revamp the experience.""

See y'all out there champs!",True,1731151435,13,0,0.642510890960693359,0,1398.0,1398,76561198073554730
251670,12589136,"I don't usually write reviews, but when I do, it is for this game. At first I thought of it as pretty much another tap and wait kind of game, but for some reason it is so satisfying to see my patience and effort with my base paying off in combat. Plus occupying my weaker friend's base and taking all of their stone is fun. The one downside is that to get about a third of the things in the game you need to spend actual money on in-game currency. If you are on the mobile version you can just watch little advertisements for free in-game currency, though. I usually just watch TV while the ads run.",True,1413847812,3,0,0.5,0,1262.0,2226,76561198084859222
251670,196275472,Jewels of the early 2010s mobile gaming,True,1748904430,0,0,0.5,0,1301.0,26872,76561198109707718
251670,12517957,ITS FREE GET IT,True,1413507552,2,0,0.476190477609634399,0,2494.0,3329,76561198102378123
251670,14518678,fun game highly recomend,True,1424200470,0,0,0.5,0,6900.0,7432,76561198135859507
251670,14987311,"great game. too bad, it's closing for pc's soon. :(",True,1426942857,1,0,0.5,0,7442.0,8505,76561198140833005
251670,209389260,"I like this game! 
Unfortunately, you can not get your old account back, but i do not mind.",True,1763302405,0,0,0.5,0,7807.0,10588,76561197997739320
251670,13165687,This is a Very Aditive Game and is LOADS  of fun to me at least,True,1417365146,5,0,0.526730954647064209,0,11366.0,62746,76561198147853366
251670,207530923,wimp wimp,True,1761383887,1,0,0.5,0,5771.0,6778,76561198118016771
251670,13084027,"It's a fun game to play, love the turn-based combat. Besides from the expensive in-game purchases it's a really fun game",True,1416961483,2,0,0.5,0,3108.0,3583,76561198132431532
251670,15209148,A very unique and fun freemum game.,True,1428182815,0,0,0.5,0,1780.0,1872,76561198156218621
251670,9926393,facebook/phone app game.    i am not going to down this game. but i well not give it 10 stars .   game is like i sad facebook tipe. so it has that build wait hours to do something.  the naging of nanobat . i am not using real cash on this game...  other then that.  i guess it is good.  if your like me working late and just need a game to pass some time with out full hands on.,True,1398409820,0,0,0.462012350559234619,0,2672.0,2903,76561197997670570
251670,13022064,Cool Game,True,1416529513,2,0,0.495206326246261597,0,54753.0,98198,76561198133724536
251670,210984192,"Nice mobile\PC turn base combat game, with funny mission desctiptions and memorial characters in a unique way. hope that raids will be available soon to allow free tier players to get in game currency to by nano units.",True,1764188203,0,0,0.5,0,18640.0,18640,76561198023495574
251670,197568899,Just how i remembered,True,1750280421,1,0,0.501123011112213135,0,5916.0,10271,76561199114458448
251670,203555460,"""You're as beautiful as the day I lost you"" - Lieutenant Morgan after finding his brandy (Also me when this game came back)",True,1757032513,0,1,0.5,0,5251.0,9497,76561198839688878
251670,14407045,What the hell the game is back!,True,1423511620,0,0,0.5,0,2064.0,9452,76561198125079531
251670,206315565,very good game from back in the day,True,1760078312,0,0,0.490837693214416504,0,6567.0,9864,76561198007288416
251670,207531639,good old times are back,True,1761384649,0,0,0.5,0,8802.0,10860,76561198002966266
251670,12780709,"I can't launch my battle nations? i've already try to uninstall the Battle nation,. But it doesn't work?I also tried to re-install my steam Application,. And again my Battle Nation didn't work? my Dota 2 is working well,. Pls help me,. What should I do?",True,1415063607,1,0,0.467366337776184082,0,1817.0,5769,76561198158061990
251670,196025334,Fish,True,1748649342,3,0,0.52173912525177002,0,27020.0,40271,76561197980866550
251670,12143793,Team Fortress 2 characters are now in this game. Nuff' said. As if I didn't love this game enough already!,True,1411080594,0,0,0.47826087474822998,0,3830.0,14061,76561197991408219
251670,10173835,Oh yeah peaks back on the menu,True,1400538129,2,0,0.517338335514068604,0,3443.0,5367,76561198088349748
251670,197504307,GUD,True,1750210564,1,0,0.501123011112213135,0,1614.0,6098,76561198319835445
251670,10069777,"We back baby, lets goooooo.",True,1399712747,1,0,0.523809552192687988,0,12026.0,16843,76561198129518243
251670,12294297,This game becomes better with patience,True,1412028844,1,0,0.493745863437652588,0,2962.0,10065,76561198004019237
251670,12754697,"This game is quite a addictive game and also this game has one of the best games i evered played.When leveling up you get to unlock buildings and units and not only the units look bad ass the creators of this game recently added TF2 characters with missons as well (you will encounter the first TF2 misson on lv 10)

So what are you doing? click that download button or raiders kill start raiding you!",True,1414973637,5,0,0.427693635225296021,0,1266.0,2238,76561198137224026
251670,196278844,"Amazing base building. Nostalgic gameplay and combat. Freemium done right.

An amazing revival of a game I played as a kid. I'll admit full well that this review is driven by nostalgia and I'm perfectly okay with that. This is how it plays and felt those years ago and I wouldn't want it any other way. Take current hours +6 for the Beta.

Oops, edited by mistake. My prior time was 36 minutes lol, I'll never recover from that flunder",True,1748908942,12,0,0.569351613521575928,0,23054.0,32628,76561198451423696
251670,12920017,"I have played this game on the iOS for a long time; since it first came out. Although my activity with the game is on and off,  I still think this is an excellent game. It has a great community and excellent updates. On a mobile device this is a gem. However on the Computer it is a bit wonky. The drawing and graphics are detailed and appealing, the game is humorous at the least, and has an amazing, well-written story.

I think that the reason why this game has mixed reviews is because of it similarites it shares with the cash-grabbing crappy city building games. It would be extremely ignorant to say this is a rip-off of Clash of Clans; its a turn-based strategy is the biggest difference.

The game itself is more glitchy than its mobile counterpart, but if you have a smart phone that can play this, go ahead and download it here aswell as on the app store. It's free, and the time you spend is well worth it.

(P.S. The mobile version also has tapjoy, which is a way to get free nanopods by jumping through hoops like downloading an app and running it; which is alot better than paying!)

Rate: 8/10",True,1415853292,5,0,0.514018714427947998,2,1209.0,1251,76561198082376488
251670,196287938,"It's like a dream come true. Played the original way back when on my ipod up until the original creators decided to end the game for what ever reason, i do believe was EA's fault. Maybe. But its back and its true to the original. Defiantly recommend this Free to play game.",True,1748921836,0,0,0.5,0,4616.0,15032,76561198045143286
251670,10349671,Its a HARD game like really freaken HArd y'all so play it !!!!!,True,1401920356,1,0,0.500072300434112549,0,2485.0,4888,76561198122617497
251670,9954692,"Really fun game as soon as i saww it on steam i automatically got it, i really like the gameplay and charecters its noit like the other games it takes awhile to build stuff like in real life",True,1398623201,0,0,0.5,0,1288.0,1562,76561198065761094
251670,13534671,"1.this game is an iphone game not a facebook game.
2.it runs better on steam than on ipod/iphone.",True,1419293174,0,0,0.5,0,10736.0,13448,76561198112964426
251670,15035795,It is the best stratage game you can play I love you Battle Nations,True,1427215371,1,0,0.484974086284637451,0,4485.0,9041,76561198106829019
251670,205657490,GIVE ME MY THUNDERCLOUD F10 UNIT!!!,True,1759366468,1,0,0.502923965454101562,0,28373.0,29196,76561198166665406
251670,10888268,"a fun singleplayer or multiplayer game depending on what modes youre on its addicting and time consuming


// UPDATE: 04/07/2025 //

So, it's genuinely nice to see this game back up, thanks to Madrona games and the other crews, genuinely, I've had a blast picking it back up, recovering some long memories lost",True,1403912042,1,0,0.483870983123779297,0,10243.0,10590,76561198113200019
251670,9872929,yes it looks like a p2w BUT YOU DO NOT NEED HELL YOU GET 2 GOOD SOLDER FOR FREE (yes if you like them you do need to buy more) but you do not need to hell i doing good,True,1397930135,2,0,0.483989864587783813,0,1219.0,6410,76561198050336093
251670,13000191,Great Game Very fun/funny missions along with some fun battles against friends and other players!!,True,1416361783,5,0,0.477221250534057617,0,1847.0,9905,76561198056712999
251670,207066510,Greatest mobile game ever made I am beyond happy that it has returned and with a company that cares for the game and its community,True,1760853320,3,0,0.520547926425933838,0,10415.0,11262,76561199400647138
251670,201812187,"as fun as i remember, gotta love stomping everything that disagrees with the imperial way.",True,1754791342,0,0,0.5,0,35186.0,68885,76561198070038585
251670,14491415,Its pretty good.,True,1424045759,5,0,0.458832204341888428,0,1503.0,4023,76561198087089502
251670,14873059,Paywall: The game.,False,1426289126,0,0,0.481927722692489624,0,13.0,13,76561198071087170
251670,12505657,no,False,1413419330,2,0,0.446247488260269165,0,8.0,8,76561198074333477
251670,12176177,"This game... Is not even worth launching.

Let me get this straight: this game is not worth launching on PC or laptop. It's designed for a mobile device and it already fails on Steam PC because of that.
Why? Because it literaly has no introduction. That said, it shows you the few basic units and actions you need to start the game, but good lord, I was wiplashed the second it loaded. Another reason I hate it from the step in, it only has fullscreen mode. Yes you can turn it off, but since you can't adjust your resolution or drag-stretch the window, you can literaly do jack to make it any different than fullscreen. Except the annoying border.
Why is this an issue? Well, I have a large screen and I like to have a few thing at once open (for example Skype and Steam chat are both visible AND I can still see my game AND I can return to and from it without having to suffer 60s loading screens that occur when you alt+tab into a fullscreen game) and anyone who does the same thing will most definetly have an issue. Another thing, YOU CANNOT ADJUST VOLIME! Unless your phones have a volume control wheel or you're willing to lower your entire system's volume (again, Skype and Steam suffer from it) or you wanna play with audio mixers, this game is not worth the trouble.
I get it, it's a mobile title moved to PC. It's not even ported, because ports are adapted to the system they're supposed to work on - this is literaly just ripped from a phone and glued to a PC. 

tl;dr avoid like fire! Unless you have a mobile. Then it's worth at least looking at,",False,1411313138,0,0,0.5,0,10.0,10,76561198031928567
251670,10009389,Shit Game just like clash of clans but worse,False,1399143297,1,0,0.5,0,12.0,12,76561198086474354
251670,12148425,This game is too bad. Many Bug and It on facebook.  Never frget to pay to win in this game.,False,1411132073,0,0,0.5,1,18.0,18,76561198075153721
251670,10989299,"I'd rather be satans sex slave then play this game for 30 minutes. I swear to god this game is so fucking awful and cheesy and god damn annoying. Let me explain my problems with this. -The combat is fucking so dull, it's so boring. Their is no challenge what so ever. -It's pay to win completely. Pay to win written all over this awful game. When you get to level 3, and you beat this one raider troop. They make you go into the store and buy nanopods. Bullcrap. This is literally one of the worst things I've ever played. You're better off eating dog shit then wasting your time playing this. -99/10",False,1404176009,3,3,0.523668527603149414,1,20.0,20,76561198079730701
251670,12355948,good,False,1412392830,3,0,0.493150681257247925,0,12.0,12,76561198103652701
251670,10040789,get it for iOS,False,1399431069,2,0,0.501761436462402344,0,16.0,16,76561198088417585
251670,10103789,it wont even let me play it so i just deleted the game so i dont think you should waste your time trying to make it work,False,1400010190,0,0,0.5,1,14.0,21,76561198120601681
251670,12635150,"The game is a clunky and poorly setup port of a mobile application that doesn't fit to any PC playerbase except to those sadistic few who decide to P2W on a large scale. I believe that this game contains the least financially-sound decisions that could've been made in developing a ""free"" game.

I have played this before, downloaded on Steam to see the changes, if any.

The UI is based upon a small-screened platform, trying to hide everything is collapsed menus and scrollbars. The scrollbars cannot be grabbed, and flicking the mouse does not keep it sliding at all. So, enjoy your literal 50 clicks to get down the troop window and 5 clicks to rotate through all your resources you have. The collapsable menus hide as little as 5 buttons, making many of them pointless if the developers allowed for the UI to be scaled down.

Enjoy your ads.

The gameplay begins with the very first fodder unit taking about 9 minutes to produce. The time to produce a unit quickly becomes on the order of days. Of course, many of the useful units are locked behind the pay-currency of ""Nanopods."" In the gameplay of F2P to Premium, an analogy would be that of apples to rockets, respectively, not apples to oranges in many other games. F2P can build up resources, but you'll never be able to defend yourself within reason, so your position as F2P continues to fight against you in multiple ways.

If you enjoy this type of game, don't play this game in particular. Find anything else.",False,1414292202,4,0,0.528183817863464355,1,8.0,8,76561197984598532
251670,12209812,want to buy this to do things faster? FUCK OFF,False,1411509160,0,0,0.5,0,10.0,10,76561198071386460
251670,12295733,Tablet/Facebook/Unity game on steam,False,1412039727,2,0,0.451241374015808105,0,17.0,17,76561198071988499
251670,11510901,"Not worth downloading even though its free. Its a mobile game ported to PC. This is a game I somewhat liked on my ipod touch, back a few years ago. This is not a game that works on the PC. The whole ""wait for stuff to build"" thing really doesnt work for this. The battles are fairly fun, but the named fighters that cant level up are really the only good troops in the game. Most of the other soldiers are really crappy, they die too easily, and they arent worth fixing up in the hospital. Don't download this game.",False,1406922564,1,0,0.476190477609634399,0,12.0,12,76561198042333797
251670,9862908,"Typical Facebook Game brought to Steam.
Long tutorial.
Pay for this thing called nanopods which allow you to boost progress (Pay to Win.)
The game always Nags you to buy Nanopods.
Pay to win.",False,1397846012,450,0,0.547277510166168213,8,20.0,20,76561198076396257
251670,12142076,"It's essentially a Facebook game, full of shiney 'CLICK HERE TO FINISH THIS TASK INSTANTLY' buttons.",False,1411068186,920,17,0.797462701797485352,33,7.0,7,76561198028983891
251670,11217042,Kinda boring. Meh. Game concept is very unoriginal.,False,1405262534,2,0,0.492957741022109985,0,18.0,18,76561198124009770
251670,12145749,"Its just a p2w cow clicker ""game"" nothing more nothing less",False,1411099918,119,5,0.598639011383056641,1,18.0,18,76561198077083121
251670,10251028,"The artwork is fun (cartoon'ish) but the game is riddled with so many bugs...simply clicking on required buildings or units will bring up an error box and disconnect you from the server. After reading the forums, it looks like the Dev's have abandoned or simply DGAF about the game (or are too incompetent to fix it)

I'm unable to comment on gameplay, since it starts crashing immediately after the tutorial finishes and I have to build a barracks.",False,1401196891,0,0,0.5,0,17.0,19,76561197990435678
251670,12485903,"I First remeber when this game came out for the ipod. It was great and had ALOT of potential.... since 2011 they really made the free to play experience suck alot, i mean all the cool units cost a shit ton of nanopods... everything is just a huge grind. the pvp is broken and the friends system is just flat out messy and annoying. This game was a huge let down. because whe i started playing it was good, and i invested alot of time into it.

Unless you have VERY deep pockets and ALOT of free time, dont even look at this game.",False,1413274866,5,0,0.480347782373428345,0,6.0,6,76561198064703826
251670,13630577,its shity dats all thank you,False,1419663214,0,0,0.5,0,16.0,16,76561198064921585
251670,12361604,"this game sucks more than a 1 dolar hocker people if you hate facebook games with all the adds and the stuff you need to buy all the time to play the game
all im seing is the game sucks",False,1412432157,1,0,0.5,0,9.0,9,76561198049429583
251670,12164937,"This is a game with typical free-to-play money grabbing techniques, there are no reasons why this coudn't be played on a phone.Don't download, a mobile dumb game is better, more interesting and especially not this! Valve what are you doing with your tf2 here?Dumb move!",False,1411240747,0,0,0.5,0,11.0,11,76561197983203939
251670,10334450,this is rubbish dont play it its a port from ios and not a good one,False,1401806190,2,0,0.457840502262115479,1,5.0,5,76561198059854405
251670,10266465,ID RATHER GNAW MY OWN ARM OFF THAT IS ALL,False,1401301078,2,0,0.436060935258865356,0,20.0,20,76561198137298584
251670,9877636,Didn't realize that I was on Facebook.,False,1397966183,12,0,0.447709321975708008,0,9.0,9,76561198063907842
251670,12194387,"I was trying to avoid playing this game on ios and android for so long after getting ad after ad about this game, and then i saw this on steam and saw that the team fortress 2 characters are featured in this game, and in my head im like holy god team fortress 2 characters in a strategy game? amazing! now thats what i thought. but i played this game for 19 minutes and it crashed. I wouldnt recommend this game to anybody at all. seriously, this sucks.",False,1411440534,11,0,0.504241824150085449,0,19.0,19,76561198085939842
251670,14169515,its a fucking virus !,False,1422223654,2,4,0.503902852535247803,1,11.0,11,76561198027899815
251670,12198620,"This version is really the worst...

10 minute 1 crash... and so on...

play it on mobile phone if you want the experience...

and this is a bit Pay to win",False,1411467590,8,0,0.507895529270172119,0,11.0,11,76561198078746983
251670,12165797,No,False,1411244907,1,0,0.525862038135528564,0,14.0,14,76561198042604093
251670,12492583,"Played this on iOS a couple years back.

Stability issues and even more money grubbing.",False,1413320223,3,0,0.487502634525299072,0,,70,76561198054329342
251670,12267884,"This game is so....LAME....""lamer"" THEN TF2,and TEAM FORTRESS 2 is good but this game is SUCKS!",False,1411859318,3,0,0.492788463830947876,0,19.0,19,76561198117845752
251670,11211368,"This is a mobile ""Strategy"" (Tap, wait 8 hours, tap) game ported to PC. If you are OK with that, go ahead and DL this. If you'd rather not, skip it. I am the latter.

I don't know or care if it's pay to win, the genre is very boring to me and I hoped this was going to be closer to Advance Wars, but it is not.",False,1405231154,12,0,0.516296803951263428,0,6.0,6,76561197985387398
251670,12144569,"It's a Facebook/browser mmorpg

Try it if you like those games. 

I personally hate them so this game sucks for me.",False,1411087659,0,0,0.5,0,10.0,10,76561197992826437
251670,9972862,"I've played this game on my ioS device ever since it has been released. But I decided to try out this version with a fresh new account and there's already some terrible flaws. The game has the tendency to crash at times. For me, text doesn't appear in speech bubbles so I can't tell what the person is saying. I know it's been on steam for a week or so but please fix these bugs z2!!!",False,1398796801,0,0,0.5,0,10.0,816,76561198080719789
251670,12154892,"I'm giving this game a thumbs down because when I click ""Play"" it opens a little and windows and has 2 options ""Play Battle Nations"" and ""Show logs"" when I click play battle nations it keeps on telllng me ""Battle Nations has stopped working"" :(",False,1411175704,1,0,0.512820541858673096,0,7.0,7,76561198115152337
251670,12323647,"FUCK YOU, THIS GAME DOESNT WORK!
GO DIE IN A HOLE",False,1412242390,1,1,0.5,4,13.0,13,76561198082816831
251670,12177108,"THE GAMES GRAPHICS ARE HORIBLE!!!!  The trailers have enhanced graphics, so don't waste your time with this game.",False,1411317565,0,0,0.5,0,13.0,13,76561198108278410
251670,12224991,"This game is not as good as I imagined, make it more interactive, so the player wont just click buttons, he will have to move the mouse and aim or what not....",False,1411594350,0,0,0.5,0,10.0,10,76561198154146739
251670,9863761,CONFUSING!!!,False,1397851466,3,0,0.444225728511810303,0,9.0,9,76561198106176983
251670,10014722,This is a game for smartphones and tablets crammed awkwardly into PC.,False,1399192010,1,0,0.459862023591995239,0,14.0,14,76561198060972645
251670,12155693,"Play it on your phone or facebook, don't waste your time with it on steam.",False,1411182741,37,0,0.45906144380569458,0,16.0,16,76561198046915226
251670,12161915,it didnt load,False,1411225527,1,0,0.503811955451965332,0,5.0,5,76561198147158975
251670,205833745,Boring turn-based browser game.,False,1759561723,7,2,0.368874281644821167,0,6.0,6,76561198076042674
251670,202888271,"Played for 5 minutes just to say that I am not going to make an extra account for a game ever again, even if it's an MMO of some kind. The devs should seriously consider working out something with steam for account links and logging in via steam.",False,1756170031,1,0,0.484375,0,6.0,6,76561199084842218
251670,12342610,cannot run after download it on steam.. keep saying connection error on the starting page.,False,1412369851,3,0,0.5,0,13.0,19,76561198046996523
251670,9955205,"Was hoping for an Advance Wars-esque game. It's a crappy mobile-to-PC port, though. Pass.",False,1398626498,1,0,0.410010933876037598,3,5.0,5,76561198053210555
251670,12281638,IPAD app on pc. It's farmville but has a soldier theme. It's not actually free because unless you want to spend 1 or 2$ per troop they take 7-15 mins to deploy. This game is just a sad cash grab off dumb kids who will use their parents credit cards.,False,1411936806,1,0,0.5,0,8.0,8,76561198004342277
251670,12018409,Cannot connect to Server,False,1410125299,0,0,0.5,0,5.0,5,76561198007179147
251670,12182758,this game  suck and no one  should play this creep of pay to win game and play a good free to play like tf2,False,1411355981,47,0,0.465071737766265869,4,9.0,9,76561198154267192
251670,9865856,Too laggy,False,1397868738,3,0,0.49434739351272583,0,15.0,15,76561198102187911
251670,10266429,"the game is bad. it's so bad. LIKE REALLY BAD. not for me, or scott. alans boyfriend. he's gay, what of it. this game is bad if i didn't already say. you should gt it just to say how bad it is. I ate a raccoon and a possom flew over the moon because it took heroine to the eyes after a fatal drug dispute war.",False,1401300825,7,2,0.497593224048614502,0,5.0,5,76561198092138717
251670,12459905,SUCKS,False,1413097883,2,0,0.475757002830505371,0,12.0,12,76561198070280173
251670,10046316,Absolute Pay-to-play crap. Within 10 minutes of gameplay i was at a standstill waiting for the ridiculous wait times for everything. Want to build a structure? wait 30 seconds. wanna train a unit? wait 7 minutes. Wanna build a hospital and dont have the stone? WAIT 2 FUCKING DAYS OR GIVE US MONEY. Seriosuly this looks like a ripoff port of every other game like it. this is lazy game design and a cash grab. save your money for better titles. unless you've already hasd your lobotomy.,False,1399488909,1,0,0.459862023591995239,0,,36,76561198084923089
251670,9866592,It dosnt even load on my computer,False,1397876348,8,0,0.485936343669891357,3,19.0,28,76561198076195166
251670,9862948,p2w,False,1397846225,103,0,0.4953746497631073,1,12.0,12,76561197977200621
251670,9913694,dosent work,False,1398293833,0,0,0.5,0,6.0,331,76561198121204813
251670,10359693,terrrible do not gert it puts viruses on computers and glithches all the time luckily i got rid of the virus!,False,1401995551,1,0,0.476190477609634399,0,19.0,19,76561198135874628
251670,12729716,"Free to play, facebook type strategy where you wait many hours for anything or pay for boosters. I already played somthing similiar on Facebook - however it did not required so much time for building / deploying, had better UI and graphics and most importantly - was fun. This one is not, from the beginning it's obvious that devs made this game as money sink for nothing. Not worth your time.",False,1414869445,1,0,0.467178434133529663,0,19.0,19,76561197980096324
251670,11112101,No... just..... just..... no.... Why the hell would steam accept a browser game on here? shame....,False,1404706159,39,0,0.545557200908660889,7,9.0,9,76561198092071303
251670,13469513,"This game sucks, whatever it's from facebook or anywhere else.

The graphic: sucks.
Gameplay: sucks.
Plot: suck.
Story: let me tell you how shit came out of your ass.
Enjoyable: rather fuck a cow for fun.
Anything-else-about-this-game: SUCK

More fuck: have to Ctrl+Alt+Del to exit the shit.

As alway, I'll score my review in numbers.

0/10

Recomendation: Why not review for your finals?",False,1419073239,0,0,0.430463552474975586,0,9.0,9,76561198071192143
251670,9947119,"I played through half of the demo and already hated the game. two words, Micro-Transactions. It takes 7m to train the simplist troop. Another game completly ruined to make money.",False,1398568298,1,0,0.45504385232925415,0,14.0,22,76561198079585105
251670,12359353,"the gameplay is bad,the graphics are bad and it wont let me attack with anyone exept the first trooper",False,1412419419,4,0,0.517786562442779541,0,14.0,14,76561198079187947
251670,208339605,I'm not giving you my email.,False,1762198738,1,1,0.423501849174499512,0,7.0,7,76561198027984399
251670,14637575,"best uninstall simulator, another fratzenbook game",False,1424804634,0,0,0.497322112321853638,0,6.0,6,76561198062244424
251670,12287606,cant load if they fix it il like it :V,False,1411986796,1,0,0.5,0,11.0,11,76561198137789102
251670,14734159,"Anti-virus says it's a virus, then it must be. If it weren't, this ""problem"" from almost half a year ago would be fixed by now, but it's not. Also, it's a facebook game, so it would be cool if it stayed where it belongs.",False,1425499145,0,0,0.5,0,8.0,8,76561198052007123
251670,12145472,"I expected at least an average game. This game was mediocre at best. 0/10, this game is horrid. Everything from the UI to the combat mechanics sucks. Those 2 topics are also just about the only aspects of the game.",False,1411096668,64,0,0.505462586879730225,4,5.0,5,76561198038081404
251670,10161745,Please don't play this. It's not worth your team. Way too much pay to play. There are a lot better free versions of this available on your phone or tablet.,False,1400433818,1,0,0.437894314527511597,0,18.0,18,76561197967739493
251670,12601839,Difficult game,False,1414098863,1,0,0.451127827167510986,0,9.0,9,76561198032681097
251670,14945910,"Signs that a game sucks: 
-When you get to the title screen, ""Downloading files"" progress bar
-after getting through that, the game immediately inserts you into tutorial mission. No menu, no changing resolution, music, sfx volume, you MUST sit through the tutorial first before you can get a menu.
-when game changes any modes, ""Connecting to server""loading icon (even though you aren't doing anything online, just sp)
-waiting, waiting, waiting for loading
-game disconnects you from your single player home screen ""Error contacting server""
-shitty phone port and all the other things the other reviews say

... this game is crap.",False,1426682576,2,1,0.423555314540863037,1,6.0,6,76561198007665656
251670,10829640,"This game should be on FACEBBOK, not steam. It's just like all the other facebook game with micro transactions, adding friends, and waiting hours/days for something to get built",False,1403781282,28,0,0.531869769096374512,1,20.0,20,76561198014815565
251670,10422231,It's a pay to win game.,False,1402443679,0,0,0.5,0,13.0,13,76561198080804691
251670,12185675,it's a bad game the iphone games better than this game,False,1411388815,0,0,0.5,0,13.0,13,76561198075949533
251670,12264506,sucks like crap,False,1411843904,7,0,0.493182748556137085,0,9.0,9,76561198135608875
251670,12144562,"Stupid ""pay-to-win"" game. Exactly the same as thousand game of the same type on cell phone.

You build base, build troop, can ""pay"" to speed up things. 

Waste of time",False,1411087609,0,0,0.5,0,12.0,12,76561197960525236
251670,202421472,"Another mobile game waste. Thanks, but no.",False,1755559465,1,0,0.484581500291824341,0,12.0,12,76561199059169580
251670,14775419,WoRST GAME EVER MADE D:<,False,1425735294,3,0,0.535369813442230225,1,7.0,7,76561198170569855
251670,9949423,"Understand this is early access.  

As it stands right now this is a straight port of the mobile version.  Graphics that look good on an ipad or iphone dont really look that great on a monitor.  

Really hope they improve this.  Otherwise the only bonus will be that you can play this off your steam account i guess if your phone or whatever is not available.  Dissapointing.",False,1398589251,60,0,0.602239012718200684,2,8.0,8,76561198024267821
251670,10021180,Never loads for me wheb i try to play it,False,1399236027,0,0,0.5,0,13.0,14,76561198117843388
251670,12587879,"Won't go past the loading screen.

Potato/10
Would crash again.",False,1413838836,3,0,0.5,0,9.0,9,76561198022961511
251670,203426110,"Mobile game garbage that had a Team Fortress 2 cameo, which was the only reason I installed it.",False,1756873674,1,0,0.461132079362869263,0,14.0,14,76561198053698755
251670,12377974,Very boring game....,False,1412526055,4,0,0.489849984645843506,0,17.0,17,76561198155779530
251670,12204339,TF2 Is a Lie ;c,False,1411491231,0,0,0.5,0,18.0,18,76561198106091372
251670,12420174,"Boring,Repetitive facebook game",False,1412840673,1,0,0.433786302804946899,0,10.0,10,76561198003895818
251670,9998322,"wont let me use my other units, just the one on the far left, please fix this major problem as i cant even play the game.",False,1399045410,0,0,0.5,0,10.0,22,76561198073224334
251670,12173154,"Did not start the race, already lag",False,1411296858,6,0,0.311953574419021606,0,12.0,12,76561198100041994
251670,9879925,"Feels more like a Facebook game pushed onto Steam. The battle gameplay is mediocre at best, doing nothing new. The base management is literally the same as most Facebook game using a town building mechanic. That's not exactly bad, but it's not great either.

It has a nice art style, but when it comes to human(oid) units and characters, I personally don't like them. The vehicle art was neat though.

Sound isn't all that impressive, but it gets the job done, though I found the music a bit boring and repetitive. 

I haven't put hours into the game, so I don't know personally how frequently it bugs you to buy Nanopods, but it was fairly quick to offer me a 'deal'. Nanopods, which are bought with real money, are used to speed up progress in many ways, which is something I've been always been against.

This game was just released as 'Early Access' at the time of this review, so they have a lot of time to turn around the P2W mechanics and/or make the gameplay more interesting, but right now I can't recommend it.

[b]Edit:[/b] Haha, 13(out of 25) dislikes? Does having an opinion make those 13's neckbeards quiver with anger? Keep it coming, your nerdrage arouses me.",False,1397989649,15,0,0.506221413612365723,0,13.0,13,76561197967419832
251670,10494720,Strategy game with some ingame transactions. A business model that's been around on facebook games years ago.,False,1402938028,3,14,0.400847524404525757,0,19.0,19,76561197999668055
251670,12341445,is rubish dos not work for me so,False,1412364159,2,0,0.47826087474822998,0,15.0,15,76561198120252891
251670,9882459,"the game is better on ipad and it dosent take 30mins to download,its ok but it takes forever of the units anamation to load unless you have a beastly pc other then that its a great game.FYI you can get it on ipad,ipod,iphone,etc..  and it has better graphics",False,1398009147,13,1,0.459681093692779541,3,9.0,9,76561198110710751
251670,9898058,"Do not play this game. That is my advice for you.

Battle Nations is very obviously a cellphone game that was ported to the PC, and it is BAD. If you want to know what it feels like to play this game before you download it, then go onto facebook and open up any number of the farmville or cityville games. The gameplay is identical to those. From the timed resource rewards to the graphics quality and interface, its identical.",False,1398154065,2,0,0.501761436462402344,0,6.0,6,76561198066122394
251670,12207687,Horrible crap!,False,1411501600,0,0,0.433168143033981323,0,12.0,12,76561197994729886
251670,12355838,It kept flashing lights and wouldnt stop,False,1412391992,1,0,0.5,0,5.0,5,76561198146991381
251670,12147183,"How is this on steam?
Its a rubish facebook game...
The characters look retarded and so ugly..
The fact that they tried to make cartoon characters realistic? Whats the point? Cartoon characters aren't supose to be realistic in the first place.
This is one of the worst game ever...
And they though adding one of the best free to play games would make it popular.. Just no get out of here stupid game..
Uninstalled.
0-10",False,1411122192,0,0,0.5,0,5.0,5,76561198058053929
251670,206824337,Very bad mobile game,False,1760579133,2,3,0.357162207365036011,0,12.0,12,76561198050249406
251670,12641333,"Leaving aside obvious problems like it being a port of the mobile game without much if any change, ""Pay to win"" gameplay that constricts players who do not wish to pour their money into it, with time and pay walls... 
The game is just simply broken. It crashes constantly, sometimes several times per hour, and sometimes it does not start at all.

No matter if the game is fun or not, if it does not work most of the times, it failed.",False,1414329261,1,0,0.504048585891723633,0,18.0,18,76561198083523024
251670,12313914,"Pay 2 Play, BIIIAAAATTCH!!",False,1412174540,14,0,0.503948450088500977,0,5.0,5,76561198127518153
251670,12146859,"The game is basically a port from what is it on  mobile, and the TF2 units cost real money.",False,1411119203,0,0,0.5,0,10.0,10,76561198039074432
251670,15323130,"This is a computer port of a tablet/phone game, fueled by microtransactions.",False,1428849875,0,0,0.476190477609634399,0,7.0,7,76561197995271481
251670,13241560,it ok if you like this kind of thing but not for me im affraid =[,False,1417805779,0,0,0.5,0,9.0,9,76561198139683159
251670,9862863,its a ipod game it's ported ok nothing to bad but it could have been better i think dont let the low play time fool you i played far to much on the ipod that and it was killing my eyes the characters are nice. the story well there is'nt much of one mainly just doing missing and killing suff. if you like waiting endlessly dont download it they'll just make more. if you like pay to win dont give them money they'll just make more this like this. if you want a good free to play game go some where eles im sad that steam let this on to here DO NOT DOWNLOAD IT,False,1397845806,64,0,0.516199052333831787,2,11.0,11,76561198044751479
251670,12484663,"Stupid game, don't waste ur time",False,1413261130,1,0,0.486618012189865112,0,11.0,11,76561198063659159
251670,13173997,Literally a reskinned FarmVille with a mini-RTS minigame.,False,1417397056,0,0,0.5,0,14.0,14,76561198006792167
251670,12143814,"Don't install this, it's one of those mobile game ""pay for time speedup"" game clones.",False,1411080680,1,0,0.52173912525177002,0,65.0,797,76561197962971695
251670,10508403,bad...,False,1403042028,7,0,0.464441627264022827,0,57.0,57,76561198137080535
251670,9865321,Its a fun game for mobile devices but it is way to glichy on steam. it wont even load any of the buildings or background.,False,1397863630,3,0,0.49434739351272583,0,21.0,232,76561198035872846
251670,12231301,just like a Fb game time for building buy things to speed up a slow game just to get a bit of fun out of it but not much,False,1411641953,3,0,0.518716573715209961,1,23.0,23,76561198095850237
251670,12150325,this is to much like a facebook game hwere in order to do anything you have to buy shit with real money or wait for a week,False,1411144357,0,0,0.47826087474822998,0,73.0,73,76561198085080014
251670,205074376,"As a longtime fan of Battle Nations, I’m glad to see it return, but the current state of the game leaves a lot to be desired. Right now, several core features that made the original so engaging are missing, most notably PvP. Without PvP or other social modes like guilds and boss strikes, the game feels incomplete and loses much of its community-driven appeal.

Another concern is the absence of free-to-play nanopods, which were promised but have not been implemented. For a game built on strategic depth and community engagement, locking progression too heavily behind monetization creates frustration rather than loyalty.

Battle Nations was revived because it had a passionate, dedicated fanbase. That goodwill is being put at risk by the perception that the game is being reduced to a microtransaction platform rather than rebuilt into the rich experience players remember.

Please reconsider the direction. Restoring promised features and respecting the expectations of the community would go a long way in ensuring this revival succeeds rather than becoming another case of abandonware.",False,1758670763,2,1,0.434814184904098511,0,44.0,123,76561198180883033
251670,202389885,"Dated mobile gameplay - everything is on a timer, everything wants you to pay for currency to get stronger units or speed things up. Wouldn't be too bad if the gameplay or story would at least be enjoyable, but it was not for me.",False,1755524352,1,0,0.5,0,45.0,45,76561198113671596
251670,9932486,"i cant even play the game it crashed and it wont let me play because i dont have internet

I DO HAVE FUCKING INTERNET ITS WORKING SO WELL

DAFUQ",False,1398457515,1,0,0.424561887979507446,0,50.0,50,76561198113950157
251670,15247341,"Well I wanted to recommend this game but they just announced they are taking this game off of Steam this month so no point in getting invested in this game at all. But all is not lost they said their game will still be supported on tablets and smartphones. So if you're interested in this game, follow it on the mobile platform. If not, enjoy the last days of it on Steam. By all means it's not a bad game or anything in fact it resembles the old school game Advanced Wars as other people have mentioned. I probably won't play this ever again because I don't game on my phone. Chase this game only if you really love it. If not enjoy it while it lasts before it disappears...",False,1428397524,0,0,0.411223411560058594,0,33.0,33,76561197999406618
251670,12286141,"Nah mate it's shit.

Just more of that wait an hour heal up your soldier bollocks.",False,1411969233,1,0,0.5,0,47.0,47,76561197999825103
251670,12228666,"The allure of TF2 nonsense isn't enough to make me want to keep playing a game designed around microtransactions. Real-time waiting is central to the experience, as there is simply not enough content to pad the time while you're waiting for things in your base to finish upgrading/building/whatever. You can spend real money on spacebucks to have things finish instantly, and there's no effectively way to earn spacebucks without hours of leveling. Multiplayer seems balanced, but any unit you lose, especially early game, you may have a hard time getting back without spedning more money. Not worth it.",False,1411618588,0,1,0.464684009552001953,0,69.0,69,76561197986853226
251670,15061435,"basically this game is a steaming pile of shit that plays terribly with a  ""hilarious"" story that is unoriginal and unfunny.",False,1427385088,0,0,0.5,0,25.0,25,76561198087410425
251670,12146368,"Pay2Win Cowclicker with promising concept, but frustrating implementation, lack of information and waiting. The lure of TF2 characters comes with half of them only being available for real money. Thus, rendering it NOT free2play, not even counting the grind and waiting required for all the advanced stuff. 

If you like Empire: Four Kingdoms, this game is in the same league with a more active combat part.",False,1411113657,0,0,0.463957637548446655,0,85.0,85,76561198018990627
251670,12376239,"Trashy shovelware game. This is for facebook, not steam. Get rid of this garbage, don't bother trying it. It's a farmville equivilent.",False,1412517658,1,0,0.5,0,40.0,40,76561197975450639
251670,12182945,"Ok really, game crashes, yells at me that 'session changed', logs me out, and when i try to relog with my user - it throws same messages at me. It's a bugfest, then again - what do you expect from a facebook game developer.",False,1411358233,70,3,0.658701419830322266,2,135.0,182,76561197985906995
251670,11562826,Slow  paced start up unless you spend real cash at start up to speed things up a bit . I found it was too much  wait before  even getting the first pillbox challenge started since the few coin producers are  8 coins per 5 minutes. the fight units are 250 each and the pillbox fight units are 900 each. Then when you have the 2 pillboxes it requires forthat fight you can't use them anyway so you can't do the fight  and expect to win. The graphics are simple and a bit boring. I'll uninstall this game  in aminute. :),False,1407257183,1,0,0.5,0,75.0,75,76561198083960724
251670,12305463,"Had a few mins of fun with it. I just then realized it was another facebook game... Where its like ""pay us money so you can get things done faster!"" The only thing that kept me motivated past twenty mins of gameplay, was the TF2 guys. And then I realized I had to get to level 10. So no way I'm gunna play that long just to see some Tf2 characters. I'd rather stick with the real game thanks.",False,1412111835,1,0,0.5,0,34.0,34,76561198091409806
251670,12651250,really bad game and TF2 models really,False,1414376530,0,0,0.5,0,22.0,22,76561198107074626
251670,9867313,"I can't play it now in my laptop. 
Computer said battle nations is currently stopped and must be turn it off. It looks like system crashed.
There must be some problem in this game.
Is there any problem on my OS? Because My laptop OS is windows 8? I don't think so.
Well, It was first time to launch on other platform, So I can understand anyway. 
But, please fix them rapidly. 
I'm sure that U don't want to lose one of the biggest Fan of Battle nations such as me.
Please do something",False,1397883288,0,0,0.5,0,56.0,1045,76561197984270969
251670,14691923,there are loads of bug and the worst one is every thing turns into 0,False,1425132508,0,0,0.5,0,40.0,41,76561198053387462
251670,12205202,Typical pay or wait smart phone game. Combats are kind of lame.,False,1411493882,0,0,0.476190477609634399,0,111.0,132,76561197984386394
251670,12531850,o hell no,False,1413586347,2,0,0.47413790225982666,0,59.0,83,76561198126330578
251670,9967465,if you like facebook games. this game is for you. its not for me though,False,1398738886,1,0,0.338989704847335815,0,57.0,57,76561198071760031
251670,13876121,Filthy game for social gamers,False,1420618408,0,0,0.397130280733108521,1,64.0,64,76561198043835610
251670,200755150,Pay2win mobile garbage. Dont even download.,False,1753537307,1,0,0.367695719003677368,1,27.0,27,76561197985936546
251670,10147325,bugs bugs bugs dont get at this stage wait a bit,False,1400329769,0,0,0.5,0,96.0,151,76561198071546418
251670,9915502,"This is obviously a phone/facebook free to play game, that hasn´t been in any way rethought for the PC. it´s the typical ""wait 2 hours for your next move"" tripe that kinda works on platforms that don´t need any user engagement but as a standalone PC game, it cockblocks you right from the starting blocks and won´t let you do anyting unless you pay $$$$ and lots of it.

Just a small example, one of the biggest draw should be the pvp battles that you need to fight to lvl up your troops (very slow leveling them otherwise). Seems a good idea but YOU NEED TO WAIT 2 HOURS FOR YOU ARMY TO GET BACK FROM THE FIGHT EACH TIME OR PAY UP BOY!!!! 

I can only say WTFFFFFFFFF. 

There is the typical ""come back and play to get better loot"" system in play but to get the best loot, you need to win (win, not just participate in I think) 10 - 14 games in a 24 hour period, otherwise it resets. This means that if you are not coughing up the $$$$, you have to go to your comp every 2 hours for the 24 hours that at least is my full day and play the game to even have a remote chance in hell of getting a good drop.

WHO CAME UP WITH THIS SYSTEM?? DRAG ♥♥♥♥ING ULA??

Add to this lots of bugs, running through a system that reminds me of win 98 I honestly can´t recommend this for anyone, even if it´s free.

It´s a shame cause the writing can be grin worthy once in a while and the graphics and sound are nicely done. 

Hope some of the devs read this and reconsider cockblocking this game so badly, PC gaming is different from Isheep gaming and you will loose all your players in a couple of weeks with this system.",False,1398311893,0,0,0.5,0,194.0,194,76561197970372709
251670,12146227,"I'll start by saying that this is not my type of game but I gave it a shot due to TF2 characters being in it.. yeah probably not the best of ideas. The game is basically a Facebook or mobile game where you have to pay to speed up the progress or wait X amount of time before you can advance by earning more ""nanotechs"". A few of the missions even require that you use the nanotechs in order to finish the mission, well guess what, if you don't have them available and you want to advance you can always pay this small fee to buy them.. Gee Thanks! The TF2 characters aren't unlockable until you're a lvl 10 or roughly 5.5 hrs into the game. I decided that even though I love TF2 I can't sink more time into this trite game than I already have. The gameplay isn't completely bad and I could see it being somewhat fun but I refuse to succumb to the ""pay to play"" mechanic that has been plagueing games since Devs/Publishers learned they can suck people dry by adding microtransactions. I can't believe Valve even agreed to let their characters be in this game.",False,1411111950,10,2,0.61299055814743042,0,28.0,28,76561198031381554
251670,12199902,"It's going to take a lot of time for any considerable progression unless you start paying for it, which makes this game essentially a pay to play game much like how farmville or mafia wars on facebook are. The game isn't even fun after the first few battles.",False,1411474156,0,0,0.5,0,53.0,53,76561198134230542
251670,12271655,meh,False,1411885961,4,0,0.479984462261199951,0,46.0,46,76561198067142287
251670,10176489,"I would give it a thumbs up except when I launch it, it just comes up as a blank white screen. If a solution can be offered up I'll gladly change it to a Yes vote.",False,1400570530,0,0,0.5,2,21.0,32,76561198022098434
251670,13977849,A facebook game on steam. Give it a miss.,False,1421205026,0,0,0.5,0,60.0,60,76561197977250280
251670,13066302,"THIS GAME SUX, TRY CLASH OF CLANS, VIKINGS GONE WILD, JUNGLE HEAT, BATTLE COMMAND - ALL FOR ANDROID INSTEAD",False,1416829822,0,0,0.454545468091964722,1,25.0,25,76561198091961728
251670,12183553,"I think there is a bug, I can even change troop when in a battle on the first battle against the raiders.",False,1411365954,35,0,0.518859922885894775,1,27.0,27,76561198102436712
251670,9894788,"It started out fun and simple like most time based strategy games, but it has practically no player base and its pay to win, which is a huge turn off for me and most people who like good games.

You create a base and forge an army to defend from raiders and your friends. When you feel like making some money and resources, you need to wait large amounts of time to collect from various buildings and farms or you can put up a squad of soldiers VS another player to collect some money. 

The problem is that no one plays the game and the time it takes to collect anything from buildings is just stupid. 

You can buy nanopods or something like that with real money which allows you to speed up production like crazy and allows for special buildings and units that can only be built using this real money currency. 

Unfair advantage, slow gameplay and no player base makes this a very poor game and I don't understand what a facebook game is doing on steam. Its like a simplified version of Total Domination or another flash strategy game.

It was interesting at first but quickly got boring as hell. Unless you want to dump cash on this game, don't bother.

Personal Rating: 2/5",False,1398114685,14,0,0.515697717666625977,6,94.0,94,76561198073600298
251670,12267931,I cant beleive this is on steam or how this is considered a game.  Its really just waiting for buildings and troops to build over a longer time than anybody should have to wait on a game the only real game aspect of this is the turn based combat which I dont find to be that great either its really just luck who ever shoots first wins in most cases rather than fighting in a regular turnbased game such sid miers games.  On another note this is a pay to win title in many aspects like nano-pods the resource you use to speed up building times which you can buy or gain but when you battle a person who has bought them you can see the differance in battle. You may be think I have not played this game a friend showed me it on ios and is currently playing it on steam.  Dont buy this game unless you like no gameplay in your games.,False,1411859578,1,0,0.47826087474822998,1,29.0,29,76561198055898612
251670,202402195,Played for a bit but my initial impressions for this clicker is that its a cash grab.  I like the premise of the game but even in the very beginning everything takes way to long and you are encouraged to spend currency to speed things along.  If you don't spend it looks like it will be a slog fest.,False,1755537037,2,1,0.5,0,43.0,43,76561197986421435
251670,202474558,"Outdated mobile game, time gated progression with pay to speed up.  Not worth your time.",False,1755632108,9,1,0.579794585704803467,1,137.0,137,76561197987685105
251670,15180541,Great game to start off with if its your first time but then after a while it gets boring because it takes you so long to get good troops which i do understand that in these type of games it takes a while but once your their youll spend money just trying to get the good troops,False,1428040235,0,0,0.5,0,68.0,74,76561198067736118
251670,9967330,This is like farmville mixed with clash of clans... just not very fun either.  seems very pay-to-win as well.  its too bad because i wanted to like this game (i love tanks),False,1398737506,0,0,0.5,1,184.0,184,76561198029029459
251670,12166239,This game dosent explain how to play it Dammit tf2 ur giving away ur amazing characters to a shit game,False,1411247374,0,0,0.5,0,140.0,148,76561198108007896
251670,197760866,"Not something I'm interested in and the timers are very long. Never could figure out how to use the Grenadier, since it never deals any damage to any opponents or objects.",False,1750483875,2,0,0.423076927661895752,0,89.0,89,76561198121781891
251670,10183251,"It tastes 7 minutes in real time to build the basic rifleman.

Fuck this.",False,1400630419,1,1,0.486618012189865112,0,35.0,35,76561198005546862
251670,10039124,"Definetly NOT recommending this Facebook app with IAP.

Why is Valve allowing such bullshit on Steam?
This is not a game!
This is a rip-off for customers!",False,1399414769,7,1,0.390453040599822998,1,27.0,62,76561197960330502
251670,201738500,Grindy mobile freemium game. Was going to give it a chance but I can't adjust grenadier aim.,False,1754698013,0,0,0.483870983123779297,1,72.0,72,76561198152014955
251670,12241714,"A bad rip-off of Clash of Clans which is already a bad game. Don't waste your time on this or Clash of Clans. This is also another pay to win game, it looks promising but after playing it for a few minutes you find out what it's actually like.",False,1411704701,2,0,0.523809552192687988,0,43.0,43,76561198037040315
251670,9945121,"Just a bluestack version, buggy as hell crashes every 15 minutes and they didn't even change ""tap here"" to ""click here"" a waste of time to convert it form smartphone to PC and some how the game that has no shadows no oculassion no anit-alasing with no settings interface manges to drop its FPS down to 40 with FPS spikes all the time, servers always have problems but thats not new and the deveplobers really need to look into the gamess memory regions and addresses because I think is somtimes tries to give different vaules to the same address, the only good thing about this version is gives you some free units form the start, but its more PTW then it was in the iso version",False,1398550990,1,0,0.5,0,98.0,256,76561198078483826
251670,12495599,I tried the game for a bit but quickly found myself to be bored of this title....i will however say it is decent enough to burn some time if you are  truly bored,False,1413343056,3,0,0.524239003658294678,0,98.0,98,76561198035410427
251670,200039394,Another grindy freemium game made for mobile.,False,1752787108,5,0,0.349069088697433472,0,155.0,155,76561198124964574
251670,12214928,mais.... ces.... DE LA MERDE!,False,1411541362,0,0,0.5,0,28.0,28,76561198023343461
251670,12163575,A poorly ported Facebook game with a large amount of Pay-to-win buttons and screens.,False,1411233898,0,0,0.5,0,103.0,103,76561198011934999
251670,12260470,Well I Have Beeen Uhhhhh Haveing Trouble With The Army I Wanted to Use A Lets Say Scout Or Heavy Or What ever And This Game DOSE Not Supprot Beginners. I Feel Bad.,False,1411825792,2,0,0.476190477609634399,0,22.0,22,76561198147591312
251670,12208737,Typically shameless facebook/mobile style waiting simulator with patience testing methods employed to reach into your wallet and atempt to get you to allow yourself be relieved of your cash.,False,1411505088,0,0,0.5,0,77.0,77,76561198025004060
251670,12708383,"Seems like your typical browser/social media game, with turn-based combat and camp building. Clicking to collect resources. Long timers on everything except if you choose to boost them using a special currency. Tutorial dialog that covers the basics, but it's pretty annoying, and the humor is so-so. Pretty visuals.

I'm not really a fan of this type of games (even if I did play a lot of C&C: Tiberium Alliances for a while). Therefore I find it hard to recommend it. It's free-to-play though, so you can try it for yourself.",False,1414761580,5,0,0.544842183589935303,0,30.0,30,76561197972299640
251670,12141212,it's is a facebook game on steam.,False,1411063102,353,12,0.742856264114379883,15,29.0,29,76561198081645405
251670,12144662,nope.avi,False,1411088576,0,0,0.444049715995788574,0,76.0,76,76561197967583698
251670,10246583,"Do you know what I seen what I went to the world map, nothing. No players nothing. I actually thought it was going to be a game thats a clone of a clone but no its not. I thought there was multiplayer becuase the ability to speed up constrution times cost money which is also a bad idea when playing a single player game. Want me to pay money to play a game marketed as free? No thank you.

If you want to make money stop cloning these stupid games. Take a look at strong hold kingdoms. Tbey make a ton of money and actually let you play the game eithout forcing you to but their cards.",False,1401149899,2,0,0.453883498907089233,0,28.0,28,76561198038518429
251670,195430985,"I do not know why people are spamming positive reviews. Yeah playtest is out, but Madrona Games is a joke. Every code i get to login says ""incorrect code"" when its a direct copy and paste. All my time is just trying to sign-in to no success. Great job Madrona.",False,1747943522,4,15,0.156501427292823792,0,57.0,7366,76561198119740295
251670,12165213,"there is a glitch where wnenever i go to collect my upgraded trooper and the game crashes also if the re is a mission where i need to upgrade a bulding it just completes the qust without me doing anything

(2 year old windows 7 gateway laptop) (posted on 9/20/14)",False,1411242045,0,1,0.5,0,184.0,291,76561198141617018
251670,12247953,"Do not get this game. The build and train times are WAY too long. The only reason I got this game was because you can get some TF2 troops, but then I figured out they are MUCH too overprised. After about 1 hour of the game I got sick of it. Terrible game.",False,1411749651,3,0,0.5,0,42.0,42,76561198079416156
251670,10436401,"This game is the worst game I have ever played, it isn't pay to win it is pay to play, making a hospital (a building needed early) you have to wait an hour. This is an IOS game brought to steam, if this is a trend in games that gets popular it will be the death of gaming. DO NOT BOTHER DOWNLOADING THIS GAME!",False,1402561813,9,0,0.484309405088424683,0,34.0,34,76561198047824800
251670,10104120,"Too many bugs to be worth playing in this state. I could hardly play for over a min without dropping from the server, or having the game crash.",False,1400012385,0,0,0.5,0,28.0,28,76561198041800372
251670,14205117,Takes too much time to do things... >.<,False,1422433335,0,0,0.476190477609634399,1,113.0,933,76561198083266023
251670,12378117,"Military-base building free-to-play game. Feels unpolished, typical free-to-play model with purchasable boosts. Avoid.",False,1412526756,4,0,0.51015007495880127,0,26.0,26,76561198019560052
251670,12338911,"Would enjoy as a game for some old mobile phone, not as a flipping Steam game. It's exactly like 95% of all the mobile strategy games and almost an exact copy to Clash of clans which is a really badly made mobile game. Even the graphics look shit. Only one question remains. Why on earth would some one publish such shit on computers? As a real game? Seriously? 

Just get yourself a free mobile strategy game and you'll have more fun with that than this.",False,1412350765,4,0,0.47826087474822998,1,53.0,53,76561198051166142
251670,12178015,it never works,False,1411321947,0,0,0.5,0,33.0,36,76561198154575805
251670,10112298,...................!!!!!!!!!!,False,1400091990,1,0,0.407913535833358765,0,34.0,34,76561198136273288
251670,12472810,"This is one of those mobile-esque civilization building games where you build an outpost... and then watch it build over the next few days. Other people can attack your base in a shitty take on turn based army combat. There are a couple TF2 characters here, but they don't make the game any better. It's Freemium done wrong: Gives you a bunch of stuff at the start for free, but doesn't tell you that you need to sink your money into it in order to make any real progress.",False,1413169547,9,0,0.506435692310333252,0,40.0,40,76561198062856533
251670,204758028,"The game feels heavily unbalanced, especially when it comes to resource management. Steel production takes far too long, which is critical in the late game where building and repairing a large navy requires massive amounts of steel. The naval system is also poorly balanced—torpedoes can wipe out an entire fleet even if it has a huge health pool. By the late game, you basically need nanopad troops just to keep things interesting. A major rework is definitely needed.",False,1758350842,1,2,0.428556859493255615,0,183.0,183,76561199681060985
251670,9865453,its ok but i hate microtransactions im used to this on tablet not pc when microtransactions leave i and the rest of us will be happy i recomend if you have money to spend i don't,False,1397864671,3,0,0.458016425371170044,0,22.0,22,76561198102481433
251670,10996271,"I can't start the game, cause ervery time i try to start it the screen just goes white and i don't know what to do...",False,1404208271,2,0,0.501761436462402344,0,129.0,159,76561198096484721
251670,13376974,simple tactic combat system. Freemium app waiting game.,False,1418648070,16,1,0.609696924686431885,0,114.0,193,76561197990912393
251670,12331769,"looks like facebook game or game made for smartphones, ps. i had text crash 4 times in 2 hours.",False,1412293502,1,0,0.5,0,92.0,92,76561198034260090
251670,12263894,the game dont let me select an trooper and its just kept staying on the first trooper and i have to keep skipping turn till i hit to no ammo. I never been given any controls for direction on selecting an troop and attack. That game is broken.,False,1411841182,12,2,0.524266600608825684,2,46.0,53,76561198061337777
251670,11569700,"""While you're waiting for your buildings to be constructed, go off and play some PvP!""  ...2 minutes later...  ""Unable to find a match, please try again later!"".  

Awesome.  Game Deleted.",False,1407296436,0,0,0.5,0,84.0,84,76561198020838155
251670,202659639,"It's fine, I played it probably 14 years ago on my phone and just remembered it just the other day, it's just nostalgia for me",False,1755880562,4,0,0.514214158058166504,0,41.0,41,76561198139529333
251670,14062519,Not for Steam.,False,1421650536,0,0,0.5,0,98.0,98,76561198063499256
251670,9941215,"Oh you wish to play this game ? How about you wait one day before your building or unit is built/healed so you can loose it in the next fight and wait for it to heal again. 
Dont want to wait ? Pay up sucka. Oh you think theres only one currency ? Think again coz theres two (besides normal gold), one you can earn and the other not.
Oh boi and if you actually can look past that, then get ready for some nice pop ups that tell you what you can buy for your money. A true free to play game in deed.
Since its early access I wont mention the crashes and other bugs.",False,1398527522,1,0,0.5,0,75.0,75,76561198035890583
251670,12174754,"I'm sure there are some of you who would like these types of games but I find the ""pay to win"" model boring and outdate. So I'm giving this game a thumbs down even though it looks like a fun game to play.",False,1411305634,0,0,0.5,0,184.0,184,76561197971218600
251670,13097003,"I played this game since release and I have to say it was nothing but a grind since. It's the same missions over and over again, same promos over and over again. Want any decent units? You have to buy them. And don't tell me ""o you have the trebs or plasma artillery because those are late game. I didn't have any decent units earlier. And the earlier game is slow and insanely hard compared to how you just steam roll everything late game. The best way i see it getting nanos without purchases (which this game does nearly every week with new promos) is not tapjoy it's joining a guild that can get level nine at least in boss strikes and not spending them on anything but new units. And even than you're only getting 1-3 units a month, since there is only one boss strike per month.

Also the community has turn to complete crap and everyone always like ""o you made fun of me? add me and ill occupy you with some meaningless troops i have lying around after i spent twenty plus hours leveling it to rank 6."" Thats the attitude in the forums and the game. It's really an unforgiven community and many only make one post and leave after a troll or some random flaming. 

I don't see how people are having fun with this game and leveling units only for those units to get made worse or outclasses nearly every update or promo. I spent maybe 200 dollars over 2 years and i have no where near the amount of units or the base that most players have.

The battles are pointless and required no skill or strategy at all. They're the same thing over and over again, if you lose a unit you have to heal it. Takes an hour or so and you'll need resources and what not, but who cares about that. Pvp perhaps requires some skill but good luck trying to use it when people just spam promos all max rank. Try getting match evenly too, nearly impossible.

My worse gripe besides the grind is how they rush out boss strikes and other events, it like pushes me to my limit. And your forced to if you want to remain in a good guild. Couple with how i feel with the main combat in the game, its utterly boring, repetitive to the ninth degree and it's not on your time at your pace. It breaks the whole doing it your pace routine which is why i played the game originally and it lost that completely. And now i log onto the game 2-3 a month just so i can get 100k or so boss strike points so i can perhaps see if anything cool came out. 

The company ruin this game with us the players expecting or demanding a new unit at least once a month and it'll always (except rare circumstances) cost money. And it's not buy the unit and have it kind of purchase, it's per unit. So if i wanted 5 of something i need to pay for each unit seperate. That's where they rake in all the money, because 1 unit is alright on it's own, but when people have dozens or hundreds you can clearly see where it's p2w and you'll see the unbalance combat and the amount people amass. The amount of money people poured into this game, having thousands of 90+ nano units all maxed level ofc is mind blowing.",False,1417045714,0,0,0.5,0,27.0,77,76561198034628417
251670,12955800,"This game is a nice strategy game, but I never see any point in playing it. It tries to get you tied in with the story, but I can never connect with it. The game is better fit for IOS devices, and should try focusing their attention there.",False,1416077658,46,2,0.643430471420288086,0,143.0,165,76561198115085780
251670,10184906,it does'nt work on my computer,False,1400648053,0,0,0.5,0,27.0,27,76561198136824286
251670,12156407,"I love turn-based strategy, so when I saw this title on Steam, I thought: ""Hey, this looks neat! I'll give it a shot!"" 

Well... it's basically the PC equivalent of a Facebook or Android game. Normally I'm forgiving of certain quirks if the game came from a different platform, but the one thing I can't get past is the fact it has micro-transactions. Not just a few, but a LOT of them and it badgers you to purchase them. 

Now, I don't doubt this game is playable without ever paying a cent, but it seems like that would require a huge grind. 

The problem is you need special items to increase the speed of building, healing or doing whatever with your troops and buildings. You can decide to forgo that, but you'll have to wait in real-time. So if something takes five minutes, it's five minutes off your real day. 

Five minutes wouldn't be so bad if that was the extent of it, but the more advanced options can take hours or days. So unless you pay, the game's essentially stalled. 

It's not a terrible game and I've certainly played worse. Even so, that's hardly a ringing endorsement. 

That said, it's free, so if you don't believe me or think I'm full of crap, try it yourself. Maybe you'll love it, and if you do, that's great. However, I have a feeling most PC gamers won't spend a whole lot of time with this game.",False,1411189687,1,0,0.478762447834014893,0,43.0,43,76561197998348465
251670,9991656,"This game simple doesn't work.
After launch  ""Unexpected error occured on the server"" and the game shut down.",False,1398972850,0,0,0.476190477609634399,0,23.0,44,76561198008574340
251670,9888843,"Another shitty facebook game put onto Steam.

Everything is time based, it takes 8 minutes to train a basic infantry unit. I didn't get much further than that. Waiting massive amounts of time to build something or train a unit isn't what I'd call fun. I don't recommend it unlses you're into facebook shit.",False,1398066660,2,0,0.501761436462402344,0,27.0,27,76561198014835592
251670,9865607,"This game is quite literally a farmville-esque cow clicker with a Heroes of Dragon Age battle system shoved in. Absolutely not worth your time to even try as you will not be missing anything interesting.

The game also has no effort put in to the port to the point where they didn't even take out iPad menu prompts such as ""Tap the screen to continue"". The options menu is non-existant and every texture is blurry.

You can see some gameplay as well as my full review here:

https://www.youtube.com/watch?v=SMkinCsIsSE",False,1397866086,4,0,0.413979262113571167,0,52.0,52,76561198032088203
251670,12148981,This makes me want to cut myself,False,1411135425,2,0,0.541666686534881592,0,23.0,23,76561198046381936
251670,15343606,Its a pay to win game. Can be additive but if you spend 0 dollars on the game its pretty hard because people spend a lot of money on the game.,False,1428973179,0,1,0.476190477609634399,0,136.0,298,76561198118126506
251670,12458440,It would be better if you free to play as you see fit.,False,1413086414,3,0,0.476922601461410522,0,24.0,24,76561198075182890
251670,12145143,"It's another ""Free 2 Wait"" game. It's not a bad game, but it's perpetuating bad design decisions that got us into this mess to begin with. Any money you spend on the game does not give you anything concrete (yes, like hats) - it just makes time move faster, so you can wait again for something else to happen later. If you are making your players pay in order to make what should be an entertainning experience be over faster, you're doing it wrong.

Go watch [url=https://www.youtube.com/watch?v=FwI0u9L4R8U]this video[/url] by Extra Credits on why this is really messed up and bad for both gamers and developers, and please keep this type of bad Free 2 Play out of our PCs. It's our job as consumers make sure our PC market does not turn into the crapfest that is mobile gaming.

Full disclosure: [url=http://store.steampowered.com/app/300280]I'm a game dev myself[/url], but I'm writting this solely as a gamer and consumer.",False,1411093109,0,0,0.5,0,25.0,25,76561197971559790
251670,9863359,"I had some issues in the first login but nothing too serious, for some weird reason one of the logs of the game appears everytime that I log in and some pages are in blank/bugged ( even the shop page, yes unbelievable).

The game is very similar to a game that I played once in face, basically a place to city build and collect gold/products and with some turn-base fights, if you don't like pay-to-win games I don't suggest it, because as all the ""face"" games you can expect that with money you can get better units/buildings and a fast pace game. 

It's nice for a casual play but not if you want a complex/challenge/long game.",False,1397848970,12,0,0.557937800884246826,0,82.0,82,76561197993022786
251670,9863587,"If I wanted to play like this I would go to facebook.
Boring, pay to get everything faster, its just a facebook game, not worth even trying.",False,1397850426,6,0,0.482345640659332275,4,50.0,50,76561198064035733
251670,12739719,Nope. Just Nope.,False,1414916341,0,0,0.477707028388977051,0,23.0,23,76561198079648062
251670,12274809,"Essentially a facebook game for download, flash like graphics, pure pay to win game. Sheer waste of my time...",False,1411905790,1,0,0.5,0,191.0,370,76561198047093621
251670,9924939,"Nice game so far, i dislike the looooooooong building times that are a blatent money grab so that you can play the game more often than for a few minutes each hour or two though.",False,1398394122,0,0,0.5,0,48.0,48,76561197993394764
251670,14103622,"Recently there have been a number of the ""build a base in stages, build an army, and defend--repeat""-type games on the market. This is yet another one of those games. Granted, the cutscenes and some of the dialogue are kind-of cutesy and diverting in a way, but it's all stuff we've heard before from other places just reused here without credit even being given. If you're looking for a slightly different take on the tower-defense/town-defense but in a military-ish type setting then this might be the thing for you. Suffice it to say, I was hoping for so much more from this game when I first fired it up a while back--it just didn't hold my interest long enough to stay in my library very long.",False,1421880487,0,0,0.452961653470993042,0,58.0,58,76561198046164509
251670,12297836,"Game play wise, its ok. It's a lot like a board game. Actually reminds me of Startego in a few ways. But the whole reason I tried this was for the TF2 characters, but you don't even unlock the first one (which i believe was scout) till around level 12. Not to mention all the boring wait times. This game has everything I hate about mobile games. A great concept hidden behind all this waiting. And to top it off, this game is a broken mess. Whoever ported this didn't know what they were doing.",False,1412059863,2,0,0.495412856340408325,0,70.0,70,76561198098000657
251670,12250018,"Glorified facebook game. Needs to be implemented to level up slightly faster, because it will take about a week to reach level 10 if you don't put money into the game.",False,1411760680,3,0,0.5,0,359.0,359,76561197960577060
251670,13258815,"It's okay, but I still won't recomend it. The game was good and fun at first, but then it got boring. I was just waiting for my things to upgrade and stuff. I had to wait 24 hrs. for a land mass to be built... yes, 24 hrs. Theres also things called nanopods that are super important, but they are very had to get (unless you buy them with real money.) I remeber getting a good bit of nanopods at the begining of the game, but I had no idea how important and rare they would be, so I spent all of them. Now, I can't really get through the game anymore because I can't get nanopods (and I really don't want to buy nanopods.) So the very first bit of the game was good for me, but then, once I got to about level 10, stuff got rough. So this game makes you sit around forever waiting for your things, and forcing you to buy nanopods. 4/10",False,1417901536,0,0,0.5,0,656.0,793,76561198079340452
251670,212461943,"I remember playing this game as a kid, but stopped after a while despite loving the characters and world.
I now remember why I stopped.

The leveling and resource scaling is just so unbalanced, it becomes borderline unplayable around level 25-30. An example is steel factories.
Steel factories require 7200 iron to be built. A warehouse allows 1000 storage. costing 75000 gold and requiring 8 people to man.  That means you need a minimum of 8 warehouses, which is 64 workers. At level 29 you get a maximum of 75 workers. Between all your different mines, food production, and army producers, you reach this number with just 5 warehouses easily. This is ignoring the extremely high cost of 600000 gold and, no joke, hundreds of hours in real time collecting the resources just to BUILD the WAREHOUSES to BUILD the FACTORY.
I haven't even mentioned the fact that the game expects you to have steel LONG before this point, giving you missions and units that require it without any possible way to obtain it - without using premium currency of course!
Technically you can collect steel from an NPC town, but that's merely 10 a day, iirc.

I really do love the funny characters, but I simply can't recommend a game that requires hundreds of hours of grinding and waiting just to get basic resources to actually play it's missions. And, honestly, I feel most who didn't grow up with it will find the combat extremely dated. Bad, even.

I really do hope extreme balance efforts are made, because I would be willing to grind (within reason) to see more of these characters and stories.",False,1764749759,0,0,0.454545468091964722,0,3708.0,3708,76561198023446856
251670,12560688,"Pay to win after a couple of hours. Tried really hard to see the limits but everything ingame is built to make you use your credit card. 

The population limitation is almost impossible to deal with if you only use ""standards"" building, soon you run short of storage for your ressources and cant even build the others buildings or you have to disable your whole base to be able to get the storage capacity. 

The guys who worked on this ""free to play"" were very smarts it seems.",False,1413684601,2,0,0.495412856340408325,0,1814.0,2480,76561198012275072
251670,11109011,"help, when i install for laptop game wont open''problem not solved if i reinstall''",False,1404687444,4,0,0.488540410995483398,0,11643.0,15317,76561198134066598
251670,12487988,Turning out to be a bit of a con. this is a good idea spoiled by greed. Nanopod prices are daylight robbery.you want to make money from a game you don't charge silly money for what is basically nothing. I am going to delete this game and i would not recommend it to anyone until they stop charging the earth for their most important currency in the game and constantly creating  situations that means you have to buy it if you want to progress in the game.  If  you were to spend  £69.99 on any other you would get the full game with the rewards built in and a season pass as well. You would have to be incredibly gullible to spend the excessive amounts of money these developers are asking for so you could enjoy the game . If they slashed the prices they would get more players staying and not getting pissed off at these shabby obvious tactics.,False,1413293044,50,2,0.742355763912200928,2,878.0,879,76561197981802125
251670,14167636,"Still blocked by AVAST, situation has been like that since November. Can't these two sort things out?",False,1422216009,0,0,0.5,0,970.0,1029,76561198069041814
251670,196679872,"I played this all the time back in high school with some friends. It's almost exactly how I remember it, except it is missing all the social features, events, and ways to earn premium currency. Due to how the game is paced, that unfortunately means that there is not much to do. After the introductory quests there's no real point in playing for more than a few minutes once per day or so. Compared to other, more modern freemium games, it just feels very dated and empty. I honestly wish they would have just released it as a $5-10 offline game without a premium shop, kinda like Nintendo did with Animal Crossing: Pocket Camp.

The UI/UX on PC is pretty terrible. It was obviously designed for mobile first, and using the mouse to click and drag menus is clunky and annoying. It's basically like playing the game in an emulator. The characters and art are cool, but I don't think I could recommend this to anyone in 2025, especially not through Steam. If you're on your PC and want to play something free, do almost anything other than this. Try it on your phone if you want, but even then, it just doesn't hold up against other titles. Whatever you do, please don't spend money on this right now. If you're willing to shell out cash, there are far better base builders, turn-based combat, and even idle games out there.",False,1749354839,5,0,0.41632455587387085,1,19775.0,19775,76561198063659985
251670,11464289,"On a star rating I would say 2 out of 5

The Good:
  The story is interesting, and I like the art. The concept of the game is good as well. There is some level of achievment
  for getting better things and completeing missions

The Bad:
  The game is far more tedius than it needs to be. When I check the game real quick, it takes over 500 taps and 20 minutes.

  Battles take twice as long as they need to; The battle animations are painfuly slow, and there is a lot of waiting around too.

  The game disconects from the server or crashes way too often, usualy more than 3 times a day. This is unacceptable. It only  
  adds to the tedium.

  Bugs are rampant. I had to use the Apple version to get some missions to work.

Overall:
  This game was good in concept, but very poorly executed.",False,1406644689,1,0,0.5,0,1649.0,2746,76561198143791219
251670,14563898,"its a really fun concept and story with nice looking units, and ""decently passed""...for a mobile game, somewaht pay to win, with some of the best looking and powerfull units behind paywalls, as well as constant reminds if you want to pay X instead of grinding whatever resource you need, try it for yourself, but soon after all the paywalls, you will get sick of it",False,1424460117,0,0,0.5,0,1955.0,4249,76561198036207293
251670,12637249,facebook type game...it's ok if you play on mobile but not on pc...,False,1414307518,1,0,0.5,0,234.0,295,76561198054008254
251670,12162813,"If you want anything to get done without it taking 8 hours, you better be prepared to spend money.  Fun game, humorous dialogue, terrible execution.  Try Facebook.",False,1411230202,0,0,0.5,0,209.0,209,76561197998919538
251670,12395338,"Too easy for beginners to make construction mistakes after completing the tutorial. Forget about building defenses and barracks right away, just focus on resources and get that hospital up early. I made such an error and am paying the price. The guys below are right, too. though I guess it would depend on whether or not you enjoy these types of games that require patience...",False,1412648500,8,1,0.482788294553756714,0,1371.0,4171,76561198125191044
251670,9908997,"So yeah I played this game to level 10 and I have to admit up to there it was pretty balanced and every fight in pvp was close and the game seemed balanced.  Then I hit 10 played another 5 games and it was a complete blow out, because almost every opponent had the vault box units or nanopod units.  Like my guys did 38 to 50 damage and they do 83 almost every time.  Not to mention stuns and other untility things.  The game is pay to win. I hate to say it, but its like all the other facebook games.  Really is a shame because they have a fun core game and art style for a nice casual time based game, but if you dont buy the boxes you wont win.  Some will tell you that you can get nanopods without buying, but this is really untrue. Yes you can get 1 or 2 nanopods like every day, but you will need 100s to keep up.  I will be uninstalling the game. It really is a shame I was enjoying it until the Pay to win kicked in.",False,1398260122,1,0,0.5,0,952.0,952,76561197985364638
251670,209340922,"It takes real-life hours for things to process, unless you want to spend money. There isn't a way to play it for free by grinding. I don't mind pay-to-play games, but only if there's also the option to grind & play for free.",False,1763254118,1,4,0.423501849174499512,1,240.0,620,76561199041493616
251670,13584032,"I've played this game from the very start, from when it started on IOS, and quite frankly, it has only gotten worse from there. This game had so much potential that even till this day many would consider it a good competitor to COC, but now it's nothing more than a money-making machine. The steam version of the game is laggy and buggy all round, despite claims from the game's devs that suggest they've already fixed it; PVP is broken, storyline is now virtually non-existant. Pay to win paradise. Not paing is literally a death sentence, not to mention, very difficult. Akin to other triple A titles like destiny, this game will require you to  grind a fair bit, albeit in a more mundane fashion. The 13 boxes formation is the only thing you'll see after one weekend of grinding. WARNING: might get cancer, and may go blind.  Completely not worth your time until some real changes actually take place. A complete disappointment.",False,1419495084,0,0,0.476190477609634399,0,672.0,2070,76561198166661712
251670,14453907,Why The Hell Does this game not let you Play anymore once you reach 17 Hours?,False,1423866766,0,0,0.5,0,1077.0,1079,76561198102560412
251670,12207549,"I enjoy games like this, so it looked promising.. minus all the micro transactions.. which I knew were going to be included in this game.. The game mechanics are not to complicated... but the constant crashing is horrible.. I mean every ten mins or so my game crashes.. which is just horrible.. and yet I still boot the game up.. so what does that say about the addictive qualities? lol.. but pretty soon this game is going to crash for its last time!",False,1411501199,0,0,0.5,0,1243.0,1372,76561198016737920
251670,10153691,this games cool and all but not enough people play it im always searhing for battles and right now at 6:00 pm on a saturday night and i cant find one pvp match ..................... its a awesome consept but i fell like there isnt enough people playing it i spent some money in the store in this game in the hopes it would get better but its just gotten me nowhere there just isnt enough people playing im lvl 11 so theres a pretty wide range of people/ levels around me but i cant get one person to fight .... just kinda defets the perpous of the name in my opinion .......,False,1400371420,0,0,0.5,0,4679.0,4679,76561197992567233
251670,198154330,"I like the game for the nostalgia factor but I don't think it's worth playing in its current state for a new player. The devs are still working on re-inplementing Battle Nations in its original form which includes a lot of annoying features/mechanics.

My hours are high because I leave the game running a lot.",False,1750902927,0,0,0.5,0,5569.0,12780,76561198253792079
251670,190872822,"I used to play this on my phone for a couple of years. It was cool for a quick 10 minutes of play each day and then allowing the timers to reset/level up. There was some basic strategy to it, so it's easy to lose your battles if you don't think at least a move or two ahead, and choose the right upgrades.

So I was happy to be let into the Playtest here on Steam, until I tried playing it and was told that I can't because I'm not one of their Patreon subscribers. See for yourself:
https://imgur.com/a/H6t6kfU

That's a first, and hopefully a last!",False,1742633233,8,3,0.225510820746421814,0,1448.0,1448,76561197990727946
251670,10424100,"Crash & Disconnect everytime, everywhere i've played this game, on quest subject, on building menu? Please fix this bug!!!",False,1402461778,3,0,0.50397878885269165,0,1229.0,2493,76561198130962692
251670,14898378,"PRO:
+ Team Fortress 2 character
+ You can join on Android phone and than on PC with same stats
+ Achievements
+ Multiplay on battles
+ Level for the Profile
+ Leaderboard in game
+ Level each Troop
+ The game continues while you are logged off. Your buildings continue to construct, your villages continue to produce resources, and if you pay for a game token with real money, you can automate some functions of the game as if you were playing. 

CONTRA:
- Environments,graphics
- Updates are rare
- Bugs, sometimes game crash without any error
-P2W",False,1426409218,0,0,0.5,0,210.0,220,76561198116040576
251670,12645060,"This game is really Pay to win, and the game might get you to spend some money. It might be fun, but it will take you a while. This game is like a remake of Backyard Monsters on Facebook.",False,1414345037,0,0,0.5,0,1181.0,1248,76561198071864526
251670,12320020,This game is not sooooo bad but there is a facebook game.. a chance it's free lol,False,1412208491,3,0,0.476190477609634399,0,217.0,601,76561197987056626
251670,203061663,this game is so buggy,False,1756403600,1,0,0.523809552192687988,0,989.0,1032,76561198341137271
251670,12175937,"Battle Nations has a lot going for it, great art, simple combat and the Steam version has Team Fortress 2 characters. On the surface this is a Farmvillian 'click harvest' sort of game that wants you to buy micro currency called nano pods. These nano pods let you finish tasks instantly instead of waiting X amount of seconds, minutes or hours. You can also buy the good units with nano pods. If you don't want to buy nano pods, you can slowly get them, maybe one per level you achieve.

With that out of the way, this game sets itself apart from other click to harvest games by having simple tactical strategy combat. Its your army vs enemies. Before each battle, you pick X amount of soldiers and place them on the battle grid. For the most part, on your side, each grid seems to be 3 rows of 5 with the last row only having 3. Each type of unit / soldier has a different attack range and pattern. Some troops can only attack the first row of enemies. Others can attack up to two rows. Some units can attack the entire row or every enemy on the grid as long as its not being obscured. There are fire units that cause burn damage as the battle goes on. If all of your units are out of ammo or 'cooling down,' you can 'pass' a turn.

Once the battle starts, the units cannot be moved. When a row of units has been cleared, the rows move up. So when the front line dies, the next line becomes the new front line. Combat is turn based. You go once, then the enemy goes, then you go. Like a game of chess where you only do one attack instead of a RPG that might have your entire party take a turn before the enemy gets its turn. Each attack has a cool down that lasts one or two turns. Its a very simple system. Easy for kids, easy to play. The enemy AI seems random. They won't make intelligent attack patterns like this unit is hurt, let's finish him off!

When a unit is 'injured' (finished off), you will need to visit your hospital and admit them into the hospital. Its not just automatic. It just feels like an extra clicking process, when really the game could just have a courtesy to put them into the hospital for you even if it takes X number of minutes to fully heal them. Units that are not 'injured' get full health for the next battle, which is great. It seems like a courtesy when everything is click heavy.

When units get enough experience from battles, they can be promoted (leveled up), which takes X amount of hours. Once upgraded, they have improved stats, other bonuses and even additional attacks. It adds some nice depth to a simple game and rewards players who put in the time or nano pods.

If you'd like a real combat challenge, eventually the game will let you post a battle flag so you can have Player vs Player. In PvP each player gets 20 seconds to take a turn, which keeps the battle active. When you've used a unit in a Player vs Player battle, you can no longer use that unit for X number of hours until they 'return,' but if you use nano pods... This makes a need to buy more units from your barracks and pay nano pods for the better units. If you accomplish a mission while in a player vs player battle it kicks you out of the battle, denying you a victory bonus. The plus side is that if a unit dies in battle against another player, you don't need to restore them from the hospital. They just come back with the others fully healed.

It is player vs player that I enjoy, that keeps me coming back every 2+ hours to play it. Facing real people and having to chose, do I make an A+ team to take on an unknown team and have only C units for my next team? Or do I make two B+ teams for two battles? Usually I can win the first two battles, before my good units are used up. The good units are the ones that cost nanopods, but the game gives you one or so of each good unit, so you know just how good they are compared to the rest. When those good units die outside of player vs player, they cost a lot of gold + metal to heal them in the hospital. With that in mind, I rarely use my good units in non PvP.

Now that I've covered the actual game part, let me cover the 'click harvest' half of the game. It feels like every other click harvest game. You have an 'Outpost' and several types of buildings. You have expand your land, setup military buildings, shops, homes, resource gathering and place decorations. Homes (camps, houses) will increase your worker capacity and get you gold from 'taxes.' Decorations will boost resources you gather from nearby buildings. Such as flowers will get you 8% more gold from surrounding homes. Military buildings like Barracks, factories and so on will build units. Resources will let you gather things like stone, lumber and oil. Having gardens, raising crops, tool shops, building tools and bakeries baking goods will all get you gold. The problem is you need to click to harvest the output of ea in X amount of hours.

All buildings can be upgraded, but you can only upgrade one building at a time, unless you use nano pods. Upgrading buildings makes them more efficient and gives higher output. Clicking things seems a lot like busy work and that's part of the fun of building your own outpost, because you took the time to get it.  Sure you can sink a lot of time into this game, Farmville or the Simpsons, but there's a certain point where it becomes too demanding like a bad habit.

I've been playing 5+ hours and I still haven't gotten to any Team Fortress 2 characters. They reserve those characters for level 10 players. Want to know how I know? It will tell you with full screen billboards. Not just billboards for those characters, but full page ads saying for $5 you get X amount of nano pods and we'll throw in 10,000 gold! These billboards appear frequently and I need to click 'no thanks.' I started taking screenshots of them and I wonder if Steam will bust me for screenshots of spam, when its in game.

The game also seems a little crash heavy, I've got 3 computers that I play this on and while some crashes seem to be random, it crashes pretty consistently when I try to view detailed information on a unit. If others are having this problem, it can prevent them from getting beyond level 6.

The character art is a high point of this game and goes a long way to make me enjoy it anymore. With every new objective, you'll read short lines of dialog from them and after you complete an objective, you'll read more brief dialog and see what you earned. To be honest, I didn't read the dialog when there's an easy to follow objective list bluntly telling you, build this, upgrade that, visit here and battle that. The dialog seems needless and just more clicking even if they could be reciting the best lines you've ever heard. The mission list is easy to follow, but after you click a mission, to open the objectives, then you need to close the list and do it, when the game could easily just have a button to instantly do it so you don't need to exit and find it. Of course if there was some easy click button it would cost nano pods.

In the future I'd appreciate easier clicking so I don't have to scroll around to find everything and click on it. Any developer could easily make a long list of 'countdowns' so that I can easily see what's doing what and a harvest everything button that has been cooled down, but again that would probably cost nano pods to do something so courteously easy for the player. I guess being convenient for a player doesn't generate revenue.

In all, there is an actual game here its not just click to harvest, but there are other click harvest games and other tactical strategy games that seem deeper with better AI. It will keep you coming back day after day to harvest things and play, but make you feel like you're missing out when you don't have the better units that cost nano pods. The game gives you good units, but if you want more of those good units, you'll need nano pods. Without the potential for Team Fortress 2 characters, I would have lost interest.",False,1411311996,290,5,0.786259055137634277,10,1117.0,1125,76561198019205444
251670,15125364,"crash, crash, crash... occasional freeze, then crash. Also, won't be playable through steam after 16.4. Many options are either empty or no more supported (not working anyways). Otherwise I think I'd like this (casually), seems nice.",False,1427726101,0,0,0.5,0,285.0,290,76561197970603855
251670,9868926,"Last year in April around the 19th we were called to arms through the general mobilization. 
We trained our troops, our economy has never seen such heights and our exchequer has never been filled that much.

We have conquered countries, pacified the rural regions and have been fighting outside of our realm against the enemies. Be it bandits, silver wolfs, animals or Pirates... 

We have never lost nor let them get near our realm!

But then not even a year after the war was declared and while we have been still undefeated in the field,

we have been stabbed from behind by those developers from the opposition!

Suddenly our realm decided to surrender...

Not understandable for us who where winning on all fronts,,,

Our achievements will be soon forgotten, 
our sweat and blood will be in vain...

“Remember, remember the Fifth of November
Gunpowder, treason and plot;
I know of no reason why gunpowder treason
Should ever be forgot.”

-----------------------------------

When it came to steam i thought let's try it out, i am still having it running but.

1. The biggest fail, they brought it to steam, but i doubt they did a black box test.
- If one cannot register, cause one cannot type the email adress down is rather unlucky. I downloaded a game of them via mobile and registered there.

2. The game often crashes, things you have done before you have to do again, on the other hand things you got like quests disappear. And that game is for a mobile game not new.

3. The constant spam with advertisement when you go back to base. Each time a near full window advertisement to spend real money on the game when you go back to your base.


I am comparing the game with ""Clan Wars"" one might know as a mobile game, which this is, just that you are playing it via pc. this game has not been optimized for pc usage, they made it just run here.

Due to the points mentioned above and the comparison with a stand of a bit over 1 day play time, i would give this game :

as a pc version a thumb down

as a mobile version a thumb to the side.

delete the annoying advertisement, fix the bugs, omtimize it for pc and then may be a thumb to the side or more for the pc version but as it is no chance

EDIT:
When trying to get a pvp fight, one needs like 15 min to find an enemy... and that on a weekday around 19:00 (oftent he same on other normal times too)",False,1397899308,2,0,0.498039096593856812,4,152147.0,160094,76561197985973235
251670,202217159,"There are a lot of core features missing that were prevalent within the original battle nations game, specifically the trawler system, and all pvp functionality. However, its rumored that pvp and the guild system will return soon, but given that the depot/ trawler system isn't in the game, I wouldn't have high hopes. The game in all intents and purposes the exact same from when it was on the app store, with some missing assets of course, and for better or worse that also means the scummy nanopod system also returned in its entirety, although you are given some free ones for leveling and you eventually can slowly obtain them in the end game, the nanopod premium currency is back and is oppressive as ever, gatekeeping speicfic units and ability upgrades. However, this is the perfect game if you have job/life for you can just not use any nanopods and check back in for about 10-15 mins a day and claim your money/building upgrades or unit training, in essence the long build and training times are blessing for some and a curese for others lol.",False,1755305133,0,0,0.5,0,2212.0,3829,76561198089468596
251670,13551799,"DO NOT DOWNLOAD OR WASTE TIME TRYING (please read below)
I have been playing Battlenations for a very long time now (well over 2 years now, originally in App store) and have spent several $100's of ""in-app"" purchases, which was for special ""Nano units"", the game use to be fair and excellent for everyone as you did not really have to buy Nanos at all or very little, lately the last 6 months, this company Z2 that makes Battle Nations has become nothing more then a money hungry, manipulative, scheming game, the latest event was a PvP Arena battle that lasted 5 days and if you want to recharge your battle energy to fight for 3 more rounds it costs 20 nanos (= $1 US), the prizes are rather pitiful for the amount that they end up pushing you to spend as the guilds have to spend nanos to try to make it to the the higher tiers to get any prizes.  So now it has become a game for people to feel pressure to spend money (or not be competitive and lose) to play while advertising it as 'free to play' another sad ending to such a previously excellent game.  There will be no more 'investments into this game or company ever again' unless they change their practice of being more fair and not manipulative like so many others.
Paladin",False,1419362139,3,0,0.513477563858032227,3,519.0,519,76561197974980775
251670,12994361,"Glad I never spent any money on this game. A poor Iphone port app, farmville basically. Don't waste your time.",False,1416325807,1,0,0.480231434106826782,0,5677.0,6091,76561198017283203
251670,197346870,"Firstly, I want to say that I love Battle Nations and used to play this game all the time as a kid, seeing it get brought back to life does truly make me happy. So why the negative review then? Well, its simple. In the buildup to this the developers promised to remove the freemium aspect to the game and make nanopods accessible through renewable free sources.. so I'm sure you can imagine my disappointment when I eagerly booted up the game for the first time in many years just to see that nanopod shop still there. Now, do I have an issue with freemium games? Not really, the game studio is a business and gotta make money, I get that. But what I do have an issue with is how we were promised a nanopod rework and never got it. Perhaps they plan to change it in the future, if so I might edit this review but for now it'll stay as a negative. Thanks for reading",False,1750037399,39,1,0.619374632835388184,4,2028.0,23158,76561198196851691
251670,13024448,welp..,False,1416552091,0,0,0.462553560733795166,0,2802.0,3163,76561198142150431
251670,10277388,"This game could of been really good, But its pay wall is a pain things take forever to build oh unless you use in came money. The fun part is combat using units with cool weapons and attacks, large enough varity on enemies. This pay wall thing is killing gaming ruining games that could be awesome I wish they stop it.",False,1401384691,0,0,0.5,0,737.0,984,76561198038592281
251670,10106423,"When I first started I recommended this game, however now I've changed to no.  Granted the game play is really good and I enjoy building up my base, but it's still a face book style game.  It takes way too long to build resources up to repair, create or advance anything.  It almost feels like you're being forced to buy stuff.  This results in playing for 20-30 min and then logging off to build back up or waiting for things to finish.  I'd like to be able to play for a bit longer.

PvP is also pointless if you haven’t purchased the nanos or advanced units.  After playing for 3 weeks I have yet to battle another that did not have advance units, thus making winning a rare proposition.",False,1400033276,0,0,0.5,0,707.0,707,76561198007715104
251670,12427619,it wot let me paly it,False,1412888030,2,0,0.485074609518051147,0,325.0,364,76561198149818322
251670,10278755,"No nanopods?Sorry, no party...",False,1401393087,0,0,0.5,0,2234.0,2496,76561197966280476
251670,12702950,"was going fine but now on steam i am getting a session expired glitch, not happy z2",False,1414721625,1,0,0.481748968362808228,0,10826.0,26302,76561198133903993
251670,12923035,"While I enjoy playing this game, there are many issues with it on Steam client.  Support for this game is slow to get to issues and often time ignore requests for help in the support forums.  Crashes are frequent and new patch (4.5) cannot be uploaded at this time for me.  Have spent two days trying to uninstall then install game and it does not work.",False,1415881619,38,4,0.614884555339813232,0,16221.0,17961,76561198099716387
251670,12581098,"OK in the early levels but takes too long to advance and build skills without in-store purchases.  Eventually, can't win battles without losing lots of your better troops.  Repair times are long and costly.  Keep falling farther and farther behind.  Game constantly crashes.",False,1413802952,12,0,0.516796648502349854,0,1671.0,1671,76561198046127962
251670,196620255,"Such a scam...

In just 4 and a half hours the waiting time goes mad. You can spend 200 gold and 50 wood to upgrade a level 4 shelter and... having 4 gold every 15 min if you click on it... so I am actually buying ""wait 15 min and pay attention 50 times to start having benefit"". It pretends you do better, but you are in a useless loop

Buffs? They don't work. The ""decoration bonus"" of flowers costs 1000 gold and it doesn't buff gold in house around.  ""Dirt round"" doesn't buff farming. 

Very disapointed. There is no strategy, just useless waiting time",False,1749300921,3,4,0.389621078968048096,0,272.0,283,76561198064229288
251670,11406237,"Cannot complete a pile of missions due to a bug that the Devs seem unable to(or dont care to) fix.
Think they made a HUGE error in trying to directly port a iCrap App to the PC.
Game could be fun but as it stands now it is nothing more than crash fest.",False,1406306604,8,0,0.499664992094039917,0,475.0,485,76561197975882230
251670,12468900,"At first the game feels really demanding with the premium content, but you can actually live without it for a certain time, but if you actually want to enjoy the PvP system the game is 100% pay to win. 
How to get fun in this game: Forget about PvP if you arent going to waste up to 50 dollars.
I can understand most of the cooldowns of this game, but waiting 2 hours for each fight betwen friends and random pvp games its just pathetic.

Im seriously sad about the amount of time invested in this sad game.....",False,1413142564,73,7,0.729649126529693604,0,2604.0,4616,76561198044502510
251670,12123382,"Game is rigged so you have to purchase the nanopods for extra troopers or the enemy attacks get so strong as to give you no way to win - you end up have your best troops defeated time and time again (even when you outnumber then in a sure victory - they get multiple critical hits, destroying your units.    When advancing troop levels, researched new abilities but couldn't use them (thus wasting the cost of the research) until the unit could use a new ability (which has yet to unlock and there is no user guide to give you any indication on how to do it or when it will happen.

Game is being deleted",False,1410908421,42,0,0.590443551540374756,1,4108.0,4108,76561198014325825
251670,15011796,"i played this for a bit. then later i tried playing it again. as soon as i launched it it crashed admediettly. tried again, and it had the same result",False,1427058726,1,0,0.502487540245056152,0,323.0,324,76561198076403958
251670,10185633,"The single player storyline is interesting and somewhat amusing, but ultimately it becomes way too much of a grind-fest unless you spend real money.",False,1400658047,160,0,0.729544699192047119,3,5134.0,5268,76561198014789135
251670,12266504,"As soon as I got past level 10, I got all the people that spent money on nanopods to buy waves of ""unique"" character Heavy's and tanks, and I was still struggling to build an iron mine. And then I went into a PvP battle at level 12, and faced a level 16 player with TANKS, HEAVYS, AND ARTILLERY. All I had was machine guns, infantry, and bowmen.

This ontop of the Facebook/Zynga game mechanics, the constant barrages of ""Buy Nanopods!"" and build times/resource requirements that are infuriating, I've given up. Even the funny characters, interesting story, and otherwise okay PvP battles when playing against same level chracters can't save this game now.

Z2, until you blance this game and don't make it a Pay-to-Win game, I quit. All you are doing now is shooting yourself in the foot by pissing people like me off.",False,1411852328,10,1,0.552883923053741455,0,786.0,786,76561198031028738
251670,204116683,Oops,False,1757632045,0,0,0.476190477609634399,0,12213.0,18247,76561198018821714
251670,12321556,"I myself have been a BN player for roughly 1-2 years now and I have to say it's an okay game, but I think it needs improvements, major improvements. 

Building  your city/outpost/base whatever you wanna call it, is simply a pain, parts of the map are blocked by rocks, mountains, rumbled ground, and water. Theese things cannot be removed or worked with, and they're spread across the map so much that you'll find yourself wasting so much time trying to figure out a nice outpost design that can work around all of these annoying envoirmental blockades. It would be nice if they added in purpose for them, E.X giving the player the ability to setup defense structures on the rock formations or carving out mountains where buildings can be made into.

The raid/occupy system is decent but needs more purpose, no one really cares if the NPC enemies attack you since the worse they do is stop you from moving the buildings they're on top of. Make the garrison buildings actually fend off NPC units from invading your land and maybe people will actually care for trying to defend their land. Also allow players to attack others even if they aren't on eachother's friendlist, it's just flat out dumb that only people on your friendlist can attack you...

The unit rank system is far too much of a grind, it's dumb and annoying, lower the SP needed to to rank up or make some sort of research building that simply allows you to use your resources to rank up units instead,(and I swear to god if you guys make this thing cost preminum currency...) 

Bosstrike is nice for the most part, however the kick feature needs to be enabled since so many playerse just try to get into the big guilds to leech off the prizes. Give the guilds a limited amount of invites/kicks during BS so they cannot abuse it by letting a bunch of random players in to take the prizes. 

Overall if you can look past everything I said here it's a pretty ok game, the premium units are hardly any better then their normal counterparts and you want to mass produce your units, which doesn't work for the premium for obvious reasons.",False,1412220032,1,0,0.5,0,1290.0,2210,76561198057107106
251670,15069364,"Its bad, this is coming from someone who sunk way too much time and money in it. Just no.",False,1427423702,0,0,0.5,0,2085.0,2085,76561198084421336
251670,12176316,Boring game. Feels like the devs tried to sell this to facebook first and failed.,False,1411313785,0,0,0.5,0,447.0,685,76561198056064279
251670,14845118,"I never write review, so I feel this is important:

To whom it concerns,
I somehow spent 53  hours only to get to level 19. Guess I was actually interested in the kiddie storyline for a while...
After said invested hours I begin to feel like I could not expand or get enough gold to do anything, eventually using all my gold to do nothing but heal troops and even then painstakingly waiting endless hours to be able to use them again... only to die another pointless death. 
Oh, the fun part? You'll eventually have no troops OR gold. WTF?? 
How is that suppose to be fun?
Every so often I decide to come back to see if I can resurrect my wee little empire, but no: it seems impossible and I'm done trying.

TLDR: THIS GAME DESERVES TO DIE A MOST HORRIBLE DEATH.",False,1426118894,0,0,0.5,0,3178.0,3213,76561198024306928
251670,12575061,If I may say. The most unstable game in the world. You have to restart at least once in an hour and in the worst case 10 times in an hour...and basicly same sh*t facebook offers you.,False,1413755026,7,0,0.476756811141967773,0,1265.0,1356,76561198142990847
251670,11714514,"At first it seems nice, but it rapidly turns into a slow game screaming for your money!",False,1408109101,2,0,0.501761436462402344,0,1698.0,1698,76561197970866695
251670,10052289,This game won't download the game files when I open it.,False,1399555749,0,0,0.5,0,265.0,1661,76561198101357181
251670,10887532,"+
Good game design
Can be pretty addictive

-
Unintuitive UI, clear that the game is designed for smarphone and hastily converted for PC, felt like playing on emulator.
Too many Pay to Win aspect, small chance you will have fun with the game if you don't plan to invest money.
No setting or option.
Often crash.
Unresponsive.",False,1403910296,9,0,0.54903799295425415,1,3806.0,9623,76561198062193690
251670,14836694,"Buggy, Laggy, Pay to be the King - Micropay crap app that is being removed from Steam by Z2 and King because they are greedy pigs and dont give a crap about the thousands of PC players who helped make their Mediocre at best game semi-successful. 

Dont waste your time or energy on this garbage or any product carrying the Z2 or King (GreedyPig) name for that matter.",False,1426078910,0,0,0.5,0,69516.0,70399,76561197967271366
251670,11401823,"Its an ok game at first but after the first few levels the pay to win of the game starts to show up more and more. After reaching about level 15 or so in the game and you try to play it strictly free content your spending more time farming and less time actually doing any encounters. Eventually youll get to level 30 or so and you'll be stuck unable to get any good units for your level and just stuck farming till you reach max level and can sustain building max tear units after about i dont know 3-4 hundred hours of farming.

But if you wanna drop a few hundred dollars then the game might actually be playable at all points and you can enjoy some turn based combat that you might have a chance at winning in.",False,1406282466,1,0,0.5,0,3331.0,3346,76561198041625770
251670,14628602,"Everytime I open it, it crashes, once that is fixed I might play this more often.",False,1424742605,1,1,0.502487540245056152,0,240.0,258,76561198161258659
251670,203750574,"This game definitely needs some major changes if they wish for it to have a long life span. Multiple system reworks need to be done to make the game even playable. In it's current state it is impossible to recommend to new players, and the only reason people play this trash is pure nostalgia.",False,1757210464,12,2,0.495332121849060059,0,5379.0,13380,76561198106205376
251670,11099218,"I was enjoying game until about level 7 when some of the quests could not be completed (they say they are,but when you go back to mission screen they are still there and you have not received stated rewards) - The other major problem is that i have not been able to log in at all times (having to reinstall to work) - People on forums explain about changing lines in folders and other stuff to get program to work,but this is beyond me and you shouldnt have to do to play a game - Not going to leave game forever, it is advertised as early access game so hoping that developers will fix issues so that it is fun to play again- will return to game in future and hopefully it will be fixed - i should say that there is a lot of stuff in game that you want but can only be obtained by buying in game currency, so another sort of pay to play game, although i found the in game costs reasonable compared to other pay to play games.",False,1404643204,8,0,0.515921175479888916,0,1641.0,1642,76561198022235251
251670,12153148,it is an overall good game but has some questionable moves from the developers ex: when entering pvp if you were to lose all your troops you do not have any chance to revive them and the only way to get replacements is with real $ . This feature ruined the game for me and i would not recommend it to anyone else because it seems more of a cash grab without fair mechanics forcing you to play to continue. The game also has some good wrighting,False,1411162159,3,0,0.523809552192687988,0,253.0,253,76561198070110211
251670,9935719,"it is as most have said a pay to win game, after a days worth of play I'v found that unless you drop coin in the meter the Ai is much better. the enemies gain faster skills then you and you get over whelmed was to fast. I'd skip this one. I should have known better these games are crap.",False,1398484336,1,0,0.5,1,331.0,331,76561197969496920
251670,14820234,Try to avoid this company. It's just aweful. Game crashes all the time. They stop steam support now. On android the game dosen't really work. It's just a huge pain in the ass. They treat their consumers like garbage.,False,1425988373,1,0,0.480231434106826782,1,55507.0,66264,76561197971941518
251670,13176000,"Unfortunately, this game no longer exists, as King bought it and destroyed it.",False,1417409678,0,0,0.5,0,6864.0,6903,76561198113245987
251670,12373844,So Many Bug in This Game  :'(,False,1412504452,2,0,0.491620123386383057,3,388.0,388,76561198140346362
251670,10108762,This game is garbage,False,1400063419,0,0,0.5,0,24482.0,24923,76561198009461346
251670,10656941,Screw this game and your microtransactions... this game is as bad as Farmville.,False,1403431450,31,0,0.5002785325050354,1,1007.0,1255,76561198065638611
251670,198105659,"100 euro's for a measly 2500 nanopots?! 
Uninstalls laughing hysterically
Nice game tho...",False,1750852533,1,2,0.439999997615814209,2,1627.0,1629,76561198065434538
251670,12763966,"Original review:

Get this game. You may think to compare it to any other 'pay to win' base building game. It is not. there is a reason this is on Steam, this game is excellent. If anything else, this game is free and small, so just try it out. 10/10

Edit - 3 Years later and the game was killed by the company who bought it. I had fun at the time but yeah, it's dead.",False,1415032490,0,0,0.5,0,14099.0,14686,76561198059639205
251670,10161788,on the PC it always crashes right when i click play i cant even get on the game... its a good game but to many bugs on PC,False,1400434064,0,0,0.5,2,220.0,235,76561198034326518
251670,9910730,"Extreamly ""pay to win"". Avoid unless you have more spare income than common sense.",False,1398273794,0,0,0.457650274038314819,0,506.0,526,76561197973028238
251670,10504706,It turns out this game will be discontinued on Steam. What a sore loser.,False,1403019638,0,0,0.5,0,24266.0,25293,76561198139359231
251670,11253993,"Sorta fun, but super buggy. I can't seem to complete many of the objectives, as they reappear every time I start the game and don't give me the rewards for completing them. A good example of a Pay-to-Win game though you can have some fun without paying anything. I wouldn't pay a dime for this.",False,1405465048,1,0,0.5,0,381.0,381,76561198142381542
251670,12292271,"If you are looking for a timesick then Battle Nation is one.
It reminded me of Trade Nation but with battles.

Would I recommend it as a idle time sink game? Yes. 
Would I recommend the silly story? Sure but can be stale sometimes.
Would I recommend Player vs Player aspect? NO, very much no.

As far as PVP is concerned your matches are a crapshoot. 
Over all, I'm using this game as a time sink.",False,1412016432,1,0,0.47826087474822998,0,1501.0,1501,76561197997880213
251670,202493185,Holy shit everything costs way too much gold. Just won a battle but lost a single unit(sandbags)? Here's 2.3k gold for the battle and btw repairing the SANDBAGS costs 2.5k and 50 stone as an extra fuck you.,False,1755657228,12,5,0.514964103698730469,0,2726.0,2746,76561197988930413
251670,9867362,Wow... they even let games found on iPhones and Facebook on Steam now with no changes...   Amazing...  Lets see how low this elevator goes with Steam.,False,1397883716,6,0,0.543287336826324463,1,3131.0,3668,76561198022870249
251670,14503524,"i like it, but it's not suporting windows 8",False,1424114372,0,0,0.5,0,574.0,585,76561198058665830
251670,13039580,"I don't know why, what or how but my virus software (avast) just picked up a threat from it. Something along the lines of Win-32CRYPT and it moved it straight to a secure location where it could not harm anything. I do not reccomend getting this game especially if you don't have any virus software.",False,1416661224,0,0,0.5,0,1300.0,4754,76561198123126093
251670,10016536,"I have to say this is a terrible game.  The concept is good and it could have been a lot of fun, but the pay to win aspect ruins it.  Anything you pay money for is about 4 times better than standard units and buildings.  I'm not exaggerating.  Buildings cost about £3 each and you need probably 40 of them.  You can build the standard ones but you will never match someone who pays.  PvP is a joke, there seems to be some balancing but quality always beats quantity.

I brought the starter back for £2.99 and a special pack that gave me two units that could one shot everything I went against until level 11.  Without these units it would have taken much longer and I'm sure I would have dumped the game.

To sum up:  The story is OK and I'm interested in where it's going but there are many better games out there so don't waste your time.",False,1399206617,0,0,0.5,0,2205.0,2205,76561197985968121
251670,12999510,thanks for the latest updates... its a pay to win game I put money into it and now with the latest update it wont run on my system... good job rippin me off,False,1416355900,1,0,0.504048585891723633,0,8582.0,34407,76561198157463348
251670,14956575,"canceled steam because... reasons..!                                                                                                                 

*Ding*







Sin counter: 1",False,1426747596,0,0,0.5,0,4767.0,4970,76561198147402230
251670,12597208,This game is very much pay to win,False,1413911873,1,0,0.481481492519378662,0,1114.0,1114,76561198025058679
251670,13000718,"Its cowclicker. Everyone by now should know that cowclickers are pay2win games riddled with timers with really slow content development made only to drain money out of conumers.

That aside it wont affect my opinion cause i knew what i put myself into.

What really was dealbreaker for me is crashes.

You went afk?? you come back and game crashed.
You clicked too fast?? crash
Certain quests on pc?? crash
with 4.5 it just got worse.
Want to make 1st quest for naval units on pc?? crash
Enemy uses certain attack?? animation loop leading to alt f4 as only solution
and after today patch game crashes upon launch.",False,1416366154,1,0,0.500828742980957031,0,12385.0,13063,76561198024118738
251670,14816356,does It matter this is good but on 4/16 This will not longer be playable (On steam) so yeah I guess its a no here,False,1425951643,1,0,0.504048585891723633,1,299.0,300,76561198084440753
251670,12438353,"If your dream is to be a great wallet warrior, then this is the perfect game for you. There is no amount of noobness that money cannot fix it here. From my point of view, this game is just lame.

A few in-game hours later… 

It’s unbelievable lame to have only one way to complete a mission (Duelist 9: Season of the Punch in the Face) - spending money (nanopods). So far, even if they did not make much sense, I did appreciate the funny dialog in those missions. But now… 

Having to spend “bars” to heal units who did not require such things to be created is just stupid.  Actually, why would anyone want to do that? Just make some more and that’s it.

The way this game revolve around the idea of using nanopods is just gross. There is nothing they did not do to hinder you on every step that you take.

Overall, the biggest fail is on the actual fight – there is very little tactical depth to it, more of a rock, paper and scissors game. Once you deploy your troops, they are stuck on those positions. Since you do that in advance, without knowing anything about your opponent army, there is nothing you can do after. 

There is no balance between the units, or during the deployment of units. You can deploy “x” number of units, no matter what, there for many will get absolute very fast.",False,1412966369,4,0,0.517803430557250977,0,3649.0,3903,76561198009497031
251670,14933564,"Going off steam soon, STAY AWAY from this game unless you have a mobile or Tablet you can play it on.",False,1426601329,0,1,0.5,3,70673.0,86438,76561198032882099
251670,14905783,good game shame that the developers are stopping supporting it,False,1426439181,0,0,0.5,0,228.0,228,76561198064304314
251670,198704094,"I played this game years ago, and it legit has not changed. I thought with it coming back and how you can support the Patreon to get access to the beta, they would add or at least change some QOL issues, but so far it's the same. It's still the old wait 8-24 hours for progress and then level up just to get quests that take forever to complete because they are just sit and wait for resources. 

	The game is still weirdly laggy or just delayed in combat. I can click on a unit, and it just never registers, or it's really delayed, and dragging a mortar attack can just not work. The quests can give you some strong fights, but most of the time they are quick, and I bet if you spend months getting to the late game, it's more interesting, but I'll be dead by then. So far the grinding to level up my troops is super boring. The cost for promoting units is insane too; for instance, the recon vehicle that they give you costs 2800 iron just to promote it once. I make 1200 iron a day, and I need iron for every other building, and then, to top it off, you have a storage limit that requires warehouses to increase the cap, but the warehouses eat so much population you can't just make a whole bunch of them. The most annoying thing is if a strong unit dies, they will eat all your resources just to heal them. If you spend money, then it's easy because the paid versions are just far better because, like every cash-grab mobile game, it's pay-to-win. 

	I see the recent reviews, and people have hundreds of hours, but this content is not constant enough to be actively playing; they just leave it on for whatever reason. I really liked this game, don't get me wrong, but I thought with how long they were working on the game, they were going to really do some changes like some online play or at least make it feel more fluid, but it's still a single-player game. and still feels clunky. I can see why people would like to play the game as it was from all those years ago. I just think there are just new games out now that, although they may not be exactly the same, have a more fulfilling feel and are worth your time.",False,1751429730,6,0,0.448707342147827148,0,584.0,2872,76561198156515659
251670,14854186,they are stopping support steam very soon so now the game is dying.,False,1426185866,0,0,0.5,0,6913.0,7018,76561198025828048
251670,14861003,"you now what i like this game till they said only for ios and shit (I spent some money on this game)now this has to happen 
....................../´¯/) 
....................,/¯../ 
.................../..../ 
............./´¯/'...'/´¯¯`·¸ 
........../'/.../..../......./¨¯\ 
........('(...´...´.... ¯~/'...') 
.........\.................'...../ 
..........''...\.......... _.·´ 
............\..............( 
..............\.............\...
stay on steam assholes",False,1426226426,0,0,0.5,0,1095.0,1101,76561198067403482
251670,12448402,"Battle Nations has the potential to be a very awesome game.  I say potential because in it's current state as an obvious pay to cheat game it is aganozingly obvious it is skewed to suck coins out of your pocket and all teh advertising to do so is somewhat annoying.  It is just enough of a tease to get you enjoying it, then when you reach around level 6 it becomes so obvious you will never go anywhere in the game without paying the high rates of extorttion in order to be able to play on anything like a level playing field.  So, unless you have tons of cash to dump into this game I suggest you go buy a cheap game because you will only be waisting your time here for what is untimately going to be very dissappointing.",False,1413032915,20,0,0.583241641521453857,0,9964.0,11763,76561198037381537
251670,11693878,yes and no because it added a virus which is the down side and plus it doesnt work.....but the good side was it was fun..while it lasted,False,1407966015,0,0,0.5,0,818.0,903,76561198069608599
251670,12473469,"game started off fun , but unless u pay the monies for the upgrades then its no fun.....",False,1413176084,2,0,0.485074609518051147,0,1991.0,1991,76561198017085761
251670,12172633,"4/10
Your resources are too low to read this review, why not spend $5 on nanopods to get you through it?",False,1411293662,2,0,0.493865013122558594,0,19376.0,23267,76561198038963412
251670,201570693,"its a shame that this game has turned into a credit card swiping simulator. devs promised a way to make nanopods (premium currency) in the game. that would make sense since a lot of the game is locked away behind spending nanopods. nobody paid for it before when THE GAME FAILED, and nobody will pay for it TODAY. if you want this game to fail a second time youre on the right track. i dont want this game to fail. drop the excessive build times (ESPECIALLY EARLY GAME) and drop the nanopods price and or make a nanopod factory or raw resource for nanopods. only then ill change my thumbs down. in the meantime i will be waiting 3 more hours for my first ever raptor ranch to finish building at the time of this post..

EDIT 1.. let me make this easy and clear for you Madrona Games Inc. The best company to learn from is not from your fan base, but from SuperCell. They have the build time, base building formula MASTERED. Clash of Clans is as old as Battle Nations when it first came out. Learn from their experience. Make a game grindy, but not too grindy. What I mean by that is the wait time for me to even move on to another quest because I need to wait an entire DAY to finish building before I get another quest. (P.S. My achievements are not being awarded to me on Steam.) Battle Nations can follow in the steps of SuperCell while maintaining its unique quest rpg / turn base chess identity. Quickest thing and best improvement would be to drop a resource on the map to make nanopods as promised. I dont care if its way at the other edge of the map, it at least gives players something to look forward to. It gives players HOPE that the rest of the game will eventually unlock if given enough grind and patience. Not the inevitable loss of content when you run out of levels to give the low amount of 10 nanopods per level. (Its not enough). That concludes this first edit. Still waiting 12 hours for a Cannon Tower to finish building.

Edit 2.. Madrona Games Inc. bro.. why cant i have an adult sandworm without spending 5 dollars? why are there TROOPS and UNITS being locked behind nanopods? from my previous edit, it is now NECESSARY for you to add a resource to make nanopods. there is NO WAY to grind nanopods. honestly, this is really bad for business. having all this content locked away is LITERALLY PAY TO WIN. the moment i get into pvp im going to lose 100% of the time to people that decide to pay. i speak for many people when i say i dont like to be pressured to buy something in a game that i do not want to buy. pay to win has never worked before, and it will never work today. i really dont want this game to fail. please be fair and youll have more players come to your game and naturally more dollars because people are impatient believe it or not. thanks. still waiting 23 hours for my daikon to finish growing for a quest.

Edit 3.. Madrona Games Inc., why do I only have an option to repair one vehicle at a time? (Also not having the option to build more repair shops) Just waiting to heal and repair my troops since most of them died to ""red team"" and a seemingly INDESTRUCTIBLE flagpole with an artillery hiding behind it causing me to fail the mission and thus having to restart. Horrible design especially when troops cost thousands of repair material and you cant even repair more vehicles like the hospital can.

Edit 4.. Madrona Games Inc.. my boy.. Why is there a mission ""Ancient Weapons and Hokey Religions"" where I MUST spend 60 and I say SIXTY S-I-X-T-Y FRICKEN NANOPODS and train a Bazooka Squad ANOTHER 30 I say THIRTY T-H-I-R-T-Y NANOPODS when I can barely buy my Tamed Adult Sandworm unit? This is a war crime. I WILL NOT PAY TO COMPLETE A QUEST. We need a nanopod resource on the map ASAP. I don't care how far it is on the map. I don't care how slow it produces nanopods. Make it happen. It gives us hope. The level cap and 10 nanos per level is the downfall of all content in the game unless you pay. That concludes this edit update. Currently I am waiting to build 4 Giant Mirrors for a quest that cost 2k wood and 4 hours to complete each. I am also waiting for enough resources to build my first ever Coal Mine.

Edit 5.. Madrona Games Inc... My man.. why tf did you cap the global friend help to 50 daily? Then you have a cap of 100 friends? This unlimited global help was the best thing ever added to Battle Nations AND YOU TOOK IT AWAY BY CAPPING IT! WTF! Make the global help cap bigger and capable of helping 100 friends. (500 global help cap) If not, JUST CAP THE FRIENDS TO 10. Because there is no reason to have a cap to 100 if you can only help 10 friends daily. Thats it for this edit. Currently waiting to expand my storage to build my first ever Lumber Mill. This will take several days -_-

Edit 6.. Ive been gone for a funeral. my brother in law passed away.. now for the update. Madarona Games Inc. great fucking update man. exactly what i asked for. nanopod generation. its slow as FUCK but i dont care. it gives players hope that someday if grinded everything will be unlocked to them. great fucking job Madrona. i am now changing my thumbs down to thumbs up. i look forward to how you improve this game and how you will KEEP IT RELEVANT.

Edit 7.. Same day review.. Madrona Games Inc... im disappointed. this infected thing going on is merely an event? so there is no permanent way to make nanopods. we still need a hard resource for nanopods. idc how slow it must happen. im revoking the thumbs up. this is now thumbs down. currently waiting for resources to build my first ever Machine Shop.",False,1754488321,0,0,0.563775777816772461,4,11143.0,18229,76561198323669688
251670,14171781,"glad i got a new computer
i didn't need to reinstall this waste of space
on the plus side, it's got a ""HILARIOUS STORY"", ""200+ UNIQUE UNITS"", and lets you ""FIGHT other players in TACTICAL, INTERACTIVE TURN-BASED COMBAT"". they use caps every few words, so you know it's gonna be good",False,1422235282,1,0,0.523809552192687988,0,580.0,580,76561198100834189
251670,197610517,"Had high hopes for this but at end developers took nostalgia IP and made it again a freemium game very sad.

Update:
Ok maybe have a problem now.",False,1750332717,6,0,0.435254275798797607,0,29344.0,40596,76561198118890296
251670,202897822,i am a healthier person by not playing these type of games,False,1756186379,3,3,0.529756903648376465,0,488.0,488,76561198067104343
251670,14269753,"I cant even start up the game, it crashes when i launched it. 

Its been serveral months since this happend yet they havent fixed it.",False,1422748685,0,0,0.464778512716293335,0,2096.0,2180,76561198128063469
251670,12234018,"This game is too much pay-to-win in order for it to be fun. If you only want to PVE sure it can be fun, but what's the point of that???",False,1411658814,3,0,0.518633544445037842,0,369.0,403,76561197975506157
251670,12421921,"Not bad,but doesn't kill a lot of time as there tends to be a long wait for most things to complete(in some cases,up to a day).
If you're patient enough,it can be played completely free-but if you're impatient,it can be VERY expensive.
On the whole,a fairly average game.",False,1412856841,6,0,0.452582955360412598,0,1270.0,1271,76561198065664667
251670,12872123,"The PvP system is a joke, how can you go up against rank 6 Wimps at lv 24.",False,1415604007,1,0,0.504048585891723633,0,11223.0,17685,76561198101800836
