appid,recommendationid,review_text,voted_up,timestamp_created,votes_up,votes_funny,weighted_vote_score,comment_count,playtime_at_review_minutes,playtime_forever_minutes,steamid
3011030,189363713,"Step 1 : Purchasing ""A Game about Digging a hole"" 
Step 2 : Saw ""No-Skin"" recommended in ""My Cart""
Step 3 : Love at first sight with the visuals 
Step 4 : Buy and Launch the game 
Step 5 : I felt in love with the moon 









Final Step : I need skin",True,1741105810,3,2,0.569536387920379639,0,190,305,76561198266150972
3011030,200939487,Dunno how else to describe this game other than an acid trip through my nightmares. 11/10 probably one of the most addictive and interesting roguelikes I've ever played,True,1753733078,0,0,0.5,0,56,244,76561198993893697
3011030,189581072,This game is fantastic. I have played every version since last march and it has only gotten better. Ester proper freaks me out ngl. The dev has also been very open! The twitter is updated weekly and the dev listens to feed back and responds! I would buy it again if i could.,True,1741343859,1,0,0.5,0,86,1183,76561199758368928
3011030,188154719,Great game and a must buy at this price,True,1739833494,0,0,0.5,0,158,2175,76561198050079224
3011030,188319251,where's the skin????,True,1740032998,1,0,0.523809552192687988,0,121,143,76561199194606543
3011030,194325880,"PAT I TRUSTED YOU! WHY?!!

10/10",True,1746497206,0,0,0.5,1,157,575,76561199115951115
3011030,209854159,"I absolutely love this game. It was such a random find for me but I'm happy I did. Even though you are supposed to die over and over, it never feels repetitive.",True,1763826663,0,0,0.5,0,112,320,76561198829490793
3011030,188249729,yes,True,1739945770,0,0,0.458633124828338623,0,60,659,76561198086885946
3011030,192773947,amazing game and 100% worth the money,True,1744685699,1,0,0.5,0,198,697,76561198389807097
3011030,188297252,Cowboy cured my gambling addiction,True,1740001578,1,0,0.52173912525177002,0,77,77,76561199109902510
3011030,196371801,"A beautifully crafted game. Excellent pixel artwork, EXCEPTIONAL sound design, great rogue-lite turn-based gameplay, and interesting story. I've yet to finish the story, but can't wait to play again! 10/10",True,1749034102,0,0,0.5,0,83,83,76561198979235389
3011030,188317246,"Beautifully written story, in which you're not supposed to understand whats happening until you get the pieces together. Strategy based upon chance, but making the best of what you can get. Just, listen to the sisters' advice at the beginning...",True,1740029385,14,0,0.644181132316589355,0,137,392,76561199273730598
3011030,198972668,"I love these kinds of atmosphere. Super game, very gloomy. Great experience for a small price.",True,1751674245,0,0,0.5,0,192,529,76561198166566468
3011030,188782036,"Fascinating little game with a very interesting RPG system, which is based on resource management and probability.

Building your character feels challenging but rewarding, especially since it's very difficult to get new permanent upgrades as they're sparse and depend on being lucky most of the times.
The combat is surprisingly deeper than one could think at the start, with talking and trading being interactions that you'll unlock on the later stages of a run, which expand what you can do by a lot.

The story is extremely abstract, for the couple of runs I did I'm only vaguely understanding what's happening, but it's part of the course with this game, so I won't judge it right now. Instead I want to gush for a second on how cool and atmospheric the whole thing looks, it's probably one of its stronger traits!

The price is also very affordable, which is always welcome, I'd recommend it even without it being on sale honestly.

8/10",True,1740561241,0,0,0.5,0,135,560,76561198107045236
3011030,188193953,"Loved the demo, very glad that the full game was just as good, I've been so excited for the full release and it didn't let me down!",True,1739890671,0,0,0.5,0,54,54,76561198850115944
3011030,188152868,"Played the demo a bunch, hence the low playtime here on steam at the time of review.

Fascinating game that's hard to put down, has beautiful art and a unique atmosphere. Gameplay is somewhat simple but has a fair amount of strategy involved, and works well in the context of the game. The characters, designs and bits of lore you find are where the game really shines though, and the setting is both familiar and nightmarish.

I'd recommend this game to anyone who likes themes of horror, good pixel art and roguelite mechanics. A lot of heart was clearly put into this game and it shows.",True,1739831228,0,0,0.5,0,59,211,76561198076436011
3011030,188929535,"More of an exploration game than a standard rogue like. Good at what it's trying to do.
Pick it up if you like weird stuff.",True,1740735559,0,0,0.5,0,122,333,76561198022911110
3011030,188114218,Very fun game! Worth more than 7$ to me.,True,1739791025,0,1,0.5,0,102,1220,76561198130543474
3011030,188100975,"good game
insane atmosphere and vibes. love the gameplay loop so far. skin.",True,1739769183,0,0,0.5,0,124,364,76561198262437188
3011030,200995359,"A mechanically simple game that looks amazing, plays well, and has so much to offer. 
If you like horror, rogue-likes, or both then this one is a must play.",True,1753801231,0,0,0.5,0,44,44,76561198045179434
3011030,205669364,I LOVE FROGS SO MUCH I LOVE FROGS SO MUCH I LOVE FROGS SO MUCH I LOVE FROGS SO MUCH I LOVE FROGS SO MUCH I LOVE FROGS SO MUCH I LOVE FROGS SO MUCH I LOVE FROGS SO MUCH I LOVE FROGS SO MUCH I LOVE FROGS SO MUCH I LOVE FROGS SO MUCH I LOVE FROGS SO MUCH I LOVE FROGS SO MUCH I LOVE FROGS SO MUCH I LOVE FROGS SO MUCH I LOVE FROGS SO MUCH I LOVE FROGS SO MUCH,True,1759382988,0,0,0.47413790225982666,0,177,286,76561198417502900
3011030,188162848,"Bro might have no skin, but I'm playing this like I have no life.",True,1739844659,0,0,0.5,0,60,1037,76561198346086758
3011030,188137374,So far the game is good with a creepy vibe.,True,1739815835,1,0,0.5,0,68,127,76561199585139746
3011030,188164264,Yes-Skin,True,1739846709,0,0,0.5,0,87,488,76561198354320444
3011030,191225281,WHERE THE FUCK IS MY SKIN?,True,1742997539,1,0,0.519999980926513672,0,30,384,76561198155008212
3011030,190066419,"I played the demo before, and loved it. I wasn't sure when the full version of the game would come out, but I was waiting, and after testing it out, I love it. You made a great game!

Edit: I didn't check to see when the game was coming out lol, but still. Great game.",True,1741839453,0,0,0.5,0,32,236,76561199655356891
3011030,188111807,beware the no-foreskin man,True,1739787223,1,5,0.44114348292350769,0,181,181,76561198326398654
3011030,199565001,"Played the free beta a while back and loved it, glad its finally out for others to find!",True,1752264972,0,0,0.5,0,56,154,76561198264840117
3011030,188101825,"Played the demo months ago and loved it, immediately wish listed and waited for the full release. Worth the wait! Love the mechanics in the game, and the atmosphere/vibes are perfect. Excited to explore this game fully",True,1739770538,28,0,0.760847985744476318,0,109,464,76561198866128285
3011030,188129923,Who really needs their skin anyway?,True,1739808717,1,0,0.5,0,53,850,76561198183902949
3011030,188207111,"very recommended, nice design and interesting lore",True,1739903728,0,0,0.5,0,181,221,76561198936837826
3011030,209479463,"Like if World of Horror had actual atmosphere and challenge, the game actively gives passive anxiety by having rolls you want to get be 20-40% and unhelpful rolls at 60% typically.",True,1763397126,3,0,0.562157928943634033,0,186,380,76561198312718139
3011030,196190135,"Really good, I will play whatever this Dev drops next, they got everything right idk what u want me to say, fun short great art frogs, it's a perfect 10",True,1748808541,1,0,0.5,0,90,363,76561198155537614
3011030,198772736,"I haven’t finished the game yet but I am REALLY enjoying it. I love the creepy art style, uncovering the story, and all the little weird details. Highly recommend.",True,1751490539,0,0,0.5,0,58,416,76561198420698037
3011030,209180589,"Tried it without really knowing anything about it. The game opens with a poorly written dialogue that may put some off. After this, I've become a little hooked and want to play again - I had only wanted to play for 5minutes before sleeping but played 2 'playthroughs'. 

There's a brooding, dreamlike, abstract yet malevolent atmosphere akin to Silent Hill. Looking beyond the basic visuals, the game design is actually excellent with meaningful choices presented to the player constantly.",True,1763109517,0,0,0.5,0,57,188,76561197987707305
3011030,206120539,"Its a fun rogue-like. The dialogue is mostly tortured poet jabber, but sometimes hides clues to solving puzzles. Runs largely rely on RNG, but generally, you're trying to either buff your gun, your knife, or (if you're lucky) you can go the smoker route and stack item damage on cigarettes to smoke bosses in a single turn. Its more of a resource management game than combat game as each encounter has some kind of ""cost"" - either HP or Items - and you have to balance your expenses to ensure you survive. You've got shards as an additional currency for trades with either shops or enemies themselves during the third round. The final round is brutal as its 4 (multi-round) bosses back to back and they will overwhelm you if you don't have enough items or damage output. 

Is it deep? No, but its also $7 (less on sale), and for a $7 game its good.",True,1759847887,6,0,0.585119247436523438,0,179,579,76561198025540634
3011030,188591359,❣,True,1740326592,1,0,0.519230782985687256,0,165,190,76561198994386679
3011030,188315286,"almost beat the game on my first try in an hour. Best hour of my life, seen Markiplier play the ""alpha"" from Itch.io and was instantly hooked, the game does not disappoint! Replay-ability also seems great, cannot wait to play more!",True,1740026088,0,0,0.5,0,63,510,76561198144058681
3011030,189029221,I lost my skin playing this game.,True,1740808726,0,0,0.5,0,188,307,76561198283744407
3011030,188151402,Lesbians,True,1739829602,3,1,0.527777791023254395,0,189,189,76561198149435720
3011030,188168995,unique. cool. i like it.,True,1739853979,2,0,0.54703831672668457,0,41,97,76561198835700014
3011030,188271175,"I was a bit sceptical at first because i usually play more fast paced roguelite and roguelike games but it turns out i like it. The art and theme are amazing, the mechanics are fun and the music is cool.",True,1739974730,1,0,0.523809552192687988,0,57,81,76561198145175398
3011030,188237941,Now THIS is gamin'.,True,1739927909,0,0,0.5,0,60,178,76561198041673011
3011030,193569074,"Killed with a spoon.
Rolled credits.
Spoke to the moon.",True,1745604848,0,0,0.5,0,94,94,76561197997297900
3011030,188103676,"I played the demo of this game, and 100% it. twice. Now that it's out, and having played my first few runs to reach the first ending boss, i can say that it lives up to what i experienced in the demo and is worth the time of any mildly curious indie enjoyer. With turn based combat, text based rpg elements, and a whole heap of interesting lore, this is worth it's price tag.",True,1739773731,6,0,0.604826033115386963,0,121,781,76561198171981970
3011030,188310437,"And so, this is the end... of everything...",True,1740018744,0,0,0.5,0,57,57,76561198186807270
3011030,212485173,We're talking about some big creativity here,True,1764778781,0,0,0.5,0,56,103,76561198158930715
3011030,190859492,"I found NO-SKIN by chance, thanks to watching Markiplier and seeing him play one of the early beta versions of the game. It became immediately clear that NO-SKIN had tons of potential, a strong art direction and aesthetic, and a story it was passionate about telling. And the more I played, the more the betas progressed, the more apparent it became that this was bound to become my favorite roguelike.
NO-SKIN is characterized by tantalizing mysteries, a unique and strong aesthetic, and a chilling horror tone. Every battle feels like a grungy fight where you exchange blows and you cannot escape unscathed. The tension is high no matter how strong you get. Not only is that challenge already addictive, but the mystery is even more so.
The game's story strikes the same kind of balance the first Five Nights at Freddy's did. There's this implicit promise that nothing in the game is added unintentionally, and that if you dig deep enough you'll find answers. I recall playing the beta, seeing the true Luna speak in garbled text, and then freaking out with a friend when we realized you could use the translator as a Rosetta stone to translate her words. Enemies occasionally offer you hints on unique interactions and lore reveals. And everything makes the larger picture more tragic, yet you can't stop looking, like a car crash in slow motion.
What I desire more than anything would be a demake or port of this game to handhelds. Playing this game on my Deck is so immensely satisfying and feels so right, but the Deck proves to be a bit large and excessive to run a game of this scale. I beg of you, No-eyesoft, please find a way to release the game on mobile, or demake it for the gameboy advance, Nintendo DS or PS Vita. Or if you are a fan, please take up the challenge yourself. It's the only thing that could make me love this game more than I already do.",True,1742617055,0,0,0.5,0,18,128,76561198123180474
3011030,188114572,"Vibes of Mother 3, Omori and Silent Hill - Turn-based combat along with creepy pixel-art, storytelling which gets progressively more eldritch and obscure. The soundtrack, while fantastic and fitting, gets a little repetetive after a little while making me wish there was more variety to the tracks. Either way, a hard recommend especially at such a low price. I'm positively creeped out and hooked!",True,1739791537,6,0,0.527824342250823975,0,90,432,76561198124018958
3011030,188170022,"Been waiting since the demo came out, great game.",True,1739855648,0,0,0.5,0,125,125,76561198253546454
3011030,188174310,sick game,True,1739863331,0,0,0.5,0,100,161,76561198158947961
3011030,194453898,"I've only played this game for about an hour at the time of this review, but oh my god it's so fun. The sprite art is unique and super cool, the overall vibe of the game is incredible, and of course I love the addition of frogs lol. The gameplay itself is addicting, and that combined with the atmosphere makes for a really solid game!! I love how disorienting everything feels, and it makes the horror all the more absurd in a very good way. If you like experimental, stylistic/artistic horror, I'd definitely say give this game a shot!",True,1746682475,1,0,0.5,1,59,237,76561199365118783
3011030,209249358,"I HATE turn-based RPG's, I HATE RPG's in general, but this game managed to addict me. The art style is beautiful, the soundtrack is fenomenal (recommend buying it too), and gameplay very replayable and addictive (you will die  a lot, btw)",True,1763180415,0,0,0.5,0,72,115,76561199078748791
3011030,188258158,A fantastic horror roguelite game. Honestly would recommend this game to anyone that likes roguelites. The game is simple and easy to pick up.,True,1739958112,0,0,0.5,0,64,114,76561198014627662
3011030,201276856,I hate my life. Why do you think I'm here playing this?,True,1754132555,0,0,0.5,0,83,83,76561199006522763
3011030,198852564,NO-SKIN shares similar vibes as OMORI but the action starts much sooner. Cool roguelike gameplay with an intriguing art style. Would recommend.,True,1751566066,0,0,0.5,0,124,323,76561199601003151
3011030,188363948,"Full Walkthrough:
https://youtu.be/MAnpqCb94eE

★★★★★
Story: Good
Gameplay: Very good
Graphics: Pixel
PC Requirements: Low
Here I will leave the cat, friends who pass by can pet it and give it a thumbs up
　　　 　　／＞　　フ
　　　 　　| 　　 l
　 　　 　／` ミ＿xノ
　　 　 /　　　 　 |
　　　 /　 ヽ　　 ﾉ
　 　 │　　|　|　|
　／￣|　　 |　|　|
　| (￣ヽ＿ヽ)__)
　＼二つ",True,1740084879,5,0,0.533141553401947021,0,27,27,76561198078178546
3011030,199682350,Hidden gem of a game. Add a Nadine emote so I can make my friends feel fear.,True,1752388017,0,0,0.5,0,172,319,76561198100193451
3011030,188486573,"the atmosphere really carries this game for me. i’m not a big fan of rogue likes but i love this type of art style and indie horror stuff. the core gameplay is simple and easy to grasp, the ui is simple and easily understood. it does feel a bit too easy tho. up until the really big difficulty spike towards the end of the game it’s a bit of a cakewalk.  overall i’m having fun with it and i’d recommend it if you like these types of games.",True,1740223717,0,0,0.5,0,163,163,76561198143883226
3011030,190676464,"very cool!!! i rlly enjoyed my first playthrough, and overall i think its a neat lil roguelike. excited to continue unlocking more stuff!!!",True,1742438967,0,0,0.5,0,50,50,76561198453811304
3011030,188317848,Good game!,True,1740030446,0,0,0.5,0,184,1152,76561198262958627
3011030,202418477,"peak game, even the demo was amazing",True,1755555624,0,0,0.470219433307647705,0,140,432,76561199588085512
3011030,190598901,"Great game! I like the atmosphere you created, the secrets and how huge the game feels. I also like the lore overall :)

The only issue I have (reposted from itch io):

Hey @NoEye-Soft, I 100%d the demo, and now I bought the game (on steam). I had to start from 0 :( is there a savefile I can use to get me there? I tried -100% an >100% skin chance as well as all memories and everything you could buy with lunar shards. I don’t have the demo savefile bc I changed computers 💻 

Anyways, FANTASTIC game! Even if I have to start from 0, it would be fun to",True,1742354816,0,0,0.5,0,72,643,76561197979650094
3011030,197413150,"good underrated indie game, keep finding cool new encounters, alot of replayability",True,1750112756,0,0,0.5,0,125,162,76561198904356521
3011030,208076330,"Man, this Party stinks. I fucking hate these people.",True,1761941999,0,1,0.5,0,123,123,76561198126904672
3011030,201653509,"One of the best roguelike games I've ever played. I played the demo and had been eagerly waiting for the full release. The gameplay is addictive and the art style is absolutely stunning. For just $6.99, the amount of content and quality you get is incredible.",True,1754591741,4,0,0.55927807092666626,0,170,180,76561199186635753
3011030,188289095,"Embrace the RNG rooms, and it's a neat little bite-sized horror roguelite with a decent amount of depth to it for the price point. 
My playtime at review is only how long it took for my first complete run, and there's more content to play through still.",True,1739992495,0,0,0.5,0,126,192,76561197982167039
3011030,191671163,"if you like horror and roguelikes, then you'll like this game",True,1743449485,0,0,0.5,0,43,43,76561199022517015
3011030,188275553,I watched markiplier play the demo and spent some time there myself and really enjoyed it so I was happy to see the full release,True,1739979157,1,0,0.52173912525177002,0,140,805,76561198162128493
3011030,190581372,"Played the demo a bunch and now I got to pick up the full game and try it out... it's lots of fun. There's a ton of stuff to find in this game and the gameplay is very entertaining despite its simplicity. I'm glad it's gotten so much support, and I think it deserves even more!",True,1742334834,0,0,0.5,0,135,926,76561199150676070
3011030,188283777,Solid game. Worth the money for the content it offers.,True,1739987239,0,0,0.5,0,64,308,76561198179706991
3011030,211009547,"Great game, I love the amount of ways you can go in this game. Very unique to other games I have played. Would recommend.",True,1764195561,1,0,0.523809552192687988,0,127,127,76561199257127191
3011030,188649943,very good. milk inside a bag with world of horror game play.,True,1740398203,0,0,0.5,0,132,132,76561198008157353
3011030,191121642,"i love finding games like this! really fascinating horror in a roguelite system, really good art style, and all for pretty cheap.",True,1742871199,0,0,0.5,0,79,167,76561197983213333
3011030,189140826,"Excellent roguelike RPG. I highly recommend. Not finished, but I like the vision.
I love how rooms have the % chance of each option that you can get, and you can plan accordingly.

Story-wise? I wasn't expecting to like this as much as I did. It's dark and gritty, but nothing too offputting to me.
The artstyle is also quite unique, and I enjoy it.

I only have one gripe, and that's the lack of randomness in the gear you get from the shops. It's always the same items. Which is not bad, but loses a bit of wonder for that specific mechanic.

Overall quite excellent.",True,1740897677,0,0,0.5,0,79,255,76561198403942196
3011030,188691483,"This game is actually insanely good! Everything about it is great, the story, the sfx/music, the art, the gameplay, all of it. 

I don't really write reviews much, but I just had to give this game props. 10/10, more than worth the price",True,1740441259,0,0,0.5,0,104,140,76561198966597091
3011030,212805966,"really fun game

weird in all the right ways + looks amazing",True,1765140621,0,0,0.5,0,123,123,76561198444920115
3011030,205728893,"As someone who's not a big fan of roguelikes, I actually really like this game. I like the concept and the visuals, and I really like the gameplay. Also, I like frogs.",True,1759445772,4,1,0.549221992492675781,0,167,167,76561198877460897
3011030,210954207,no skin sweep,True,1764181887,0,0,0.5,0,62,62,76561198858866903
3011030,192464307,"NO-SKIN is the first horror roguelite I've ever played and holyyyyyy cow it set the my standards pretty dang high... Super replayable and super super interesting!

https://youtu.be/HGLrhPfm1ew?si=VKR_gjwVPyNI1LtU",True,1744327503,1,0,0.528985500335693359,0,150,1109,76561198061548222
3011030,189933192,"killed the no skin man by throwing a medkit at him

I am a terrible doctor",True,1741685612,1,0,0.523809552192687988,0,83,83,76561198037518708
3011030,188216614,"Like it is red and the game does act pretty suspicious from time to time...

still it's close but not among us 1/10",True,1739913616,1,0,0.523809552192687988,0,85,143,76561198319826668
3011030,188240611,Yes,True,1739931654,0,0,0.5,0,11,147,76561198043555024
3011030,188100782,"Fantastic game that ive been following since the Demo released hours ago. Retro weird art style complimented by the music makes everything very memorable and haunting. Game is challenging but you figure out the attack patterns as you go, and learn to avoid or run to certain rooms depending on your situation. Only complaint i really have is sometimes with bad RNG youre stuck with 200 fragments trying to go to a shop but instead run into a enemy you have to run away from, almost certainly losing some health as you try to escape. Frustrating if it happens consecutively, but thats RNG. Great game i recommend for fans of Brutal Orchestra and Lisa who enjoy the music and flow of the games",True,1739768900,0,0,0.5,0,48,618,76561198420394658
3011030,188379173,"This is literally the coolest fucking ever i love it to death
they have GAMBLING in everything I'm always like ""yeah I bet I could get that 19% chance for the heal"" and then run into the 60% chance enemy           I'll be like ""this knife can't miss it has NINETY PERCENT accuracy"" and then it'll miss

Idk how to explain it but the combat feels rewarding even though it looks impossible Like I'm always like ""how can I kill this thing it has so much health and I do no damage"" and then it sits out the next two turns and I win

you can DO DRUGS its cool i love the skinned men have you seen the skinned men??? the skinned men do you know about the skinned men they have the skinned men

the game isn't really that scary or anything but it's got such a COOL atmosphere it's so aesthetic I love it to death",True,1740103078,2,0,0.545454561710357666,0,96,2021,76561198152935305
3011030,191742544,Underrated,True,1743530351,0,0,0.5,0,180,710,76561199545047423
3011030,188277302,"It's good, it's cheap , it's indie

me likey

rng and some of the events are funny, the game got some great idea, makes me think of omori with the turn based combat and probability 
still you get to keep that horror side that spice up things a little (with the lore of course)

it's a good roguelike",True,1739980784,0,0,0.5,0,63,149,76561198293831882
3011030,188156514,I was obsessed with the demo and the release didn't disappoint. I can't wait to finish it.,True,1739835852,0,0,0.5,0,104,427,76561199136390131
3011030,211802619,"Honestly don't like rogue-likes all that much but this is very cool and I have not seen (Or accidentally ignored IDK) any other horror rogue-likes, I like the style, the mechanics and story are fun, as far as I saw it at least.",True,1764475856,0,0,0.5,0,20,20,76561199386278271
3011030,200267542,"If you, at any point, really enjoyed ""World Of Horror"" this game should be a 100% buy for you, it's very similar as far as feel/gameplay loop goes. Pretty fun.

Unfortunately, keeping that similarity in mind, things will become/seem repetitious pretty quick. However, for 6 bucks, you truly can't complain, the lore/new things that get sprinkled in as you play seem interesting enough.

I'd say this is worth the money, even at 6.99. People have certainly charged more for less.",True,1753054659,0,0,0.5,0,71,124,76561198050696132
3011030,189188899,"visuals and sound design and chilling and capture the game's vibe wonderfully
gameplay is simple but super intuitive
combos are easier to pull off than expected (cig runs <3)
haven't found his skin yet.

i'd describe this game as a puzzle-based RPG with HEAVY RNG elements... that's not to say it isn't fun, but expect unfortunate deaths where the game decides to cheese you even with super high success rates.",True,1740932295,1,0,0.523809552192687988,0,145,145,76561198072058586
3011030,188895368,"smash, next question",True,1740695557,0,0,0.5,0,195,485,76561199223693569
3011030,201686637,"Great Juni Ito / David Lynch atmosphere and fun, addictive chance-based gameplay that kept me in the 'one more go' loop for a while. This is a really cool hidden gem I haven't seen anyone outside of Steam really talking about. I can see myself spending a lot of late nights with this one",True,1754635861,1,0,0.523809552192687988,0,57,315,76561199480987561
3011030,194106204,"Phenomenal gameplay, Phenomenal story, Phenomenal art and characters, just play this game",True,1746254512,0,0,0.5,0,204,438,76561198842231648
3011030,188845726,i love second-hand smoke,True,1740636325,0,0,0.5,0,51,588,76561198850645807
3011030,192829178,"Started with skin.

Ended my playthrough with NO SKIN.

Happily satisfied though all things considered.",True,1744755294,0,0,0.5,0,54,54,76561198025022250
3011030,188300067,long gilled fish my beloved,True,1740004792,0,0,0.5,0,179,207,76561198892873665
3011030,196297081,"My skin...

Where's my [i] skin[/i]?

You know [u] exactly[/u] where it is...

And you have to [b] give it back to me... [/b]

If I see you again and you don't have my [i] skin... [/i]

Then [b] I'll be the last thing you see... [/b]",True,1748937397,0,0,0.5,0,150,150,76561198807307011
3011030,188295094,glub glub..... glub glub glub............. glub glub,True,1739998991,0,0,0.5,0,52,624,76561199013471937
3011030,188144993,"i played 1 run and got to 'ce"" if you know who that is you know what happened to me on the 3rd round. Very fun little indie roguelite I can see myself playing a run every now and then.",True,1739823072,0,0,0.47826087474822998,0,43,43,76561199804951024
3011030,188100228,"An equal parts crazy and gorgeous take on the roguelite genre. Every decision you make includes percentages of events that can occur, to entice the inner gambler, yet I have never felt like I lost a run due to RNG. I would honestly recommend this game to anyone who thought the art style was even slightly interesting, as the gameplay is easy yet intricate enough to win over almost anyone. I have been waiting for the full release since playing the demo and have no been disappointed. 100% worth especially at its pricetag.",True,1739768134,9,0,0.595436036586761475,0,60,576,76561198817856596
3011030,188160006,"I was in love with the art style since the moment I discovered this game. The game loop is engaging, very easy to understand and with just the right level of complexity",True,1739840530,0,0,0.5,0,111,111,76561198213973459
3011030,203912747,FUCKING GOATED,True,1757377678,0,0,0.5,0,152,152,76561198335404072
3011030,188161616,This game is an awesome indie title with a lot of love put into it. 10/10 would reccomend.,True,1739843006,0,0,0.5,0,102,147,76561198197209615
3011030,188185712,"20 minutes into my first run and my first ""1% random event"" was a total deletion of my save data.

10/10",True,1739881414,5,0,0.59870535135269165,0,86,507,76561198017745662
3011030,188180793,"This is literally my first steam review or whatever it's called.
This game makes me feel real, as in I know these people, I know these situations, I know these f*cked up moments in your life.
I'm also a sucker for this kind of game so I think I would call this a _roguelike real-life downtown with the clown ( doesn't afraid of [real life problems] mentions )_ and also napping and taking showers to gain hp back is the best thing ever.",True,1739874411,0,0,0.5,0,14,105,76561198035867935
3011030,210845601,YES,True,1764159064,0,0,0.5,0,104,104,76561198979682365
3011030,188136225,amazing,True,1739814783,0,0,0.5,0,174,435,76561198996545168
3011030,188105436,"Demo was amazing, can't wait to explore all the new goodies in the full release!",True,1739776698,0,0,0.5,0,165,1419,76561197992695602
3011030,188295709,NO-SKIN scratches that itch that I can't scratch,True,1739999743,1,1,0.523809552192687988,0,184,196,76561198067838119
3011030,188181863,this game is awesome,True,1739876095,0,0,0.5,0,144,573,76561198262373271
3011030,188107223,"Literally such a fun game. The gameplay loop is so simple, but so addicting. Leaves constant wonder and curiosity about how the story will progress. While I breezed through my first run, starting another run on higher faith proved to me that i will be playing this game for a while to try and see everything. I cant wait to play more and reach a presumable true ending. 

10/10 game",True,1739779884,0,0,0.5,0,150,398,76561198412569596
3011030,188211683,"This game is awesome. Awesome, awesome, awesome!",True,1739908328,0,0,0.5,0,128,128,76561199071528942
3011030,188144711,"Played the demo version and have been waiting for full release ever since, I LOVE THIS GAME its awesome",True,1739822785,0,0,0.5,0,97,371,76561199084631570
3011030,188374771,Super fun game! Love the horror-rpg aspect! Definitely give it a try if you like rogue-like!,True,1740096891,2,0,0.503184735774993896,0,23,399,76561198049204676
3011030,188290949,Totally worth the price. Highly recommend playing.,True,1739994497,0,0,0.5,0,118,361,76561199552773697
3011030,211806523,"Disturbing and dreamlike,  NO-SKIN is a delight. Changes a few genre tropes for a fresh feeling. Stepping into this world blind is best.",True,1764477906,0,0,0.5,0,159,163,76561198028939042
3011030,210047709,"there is talking fish sold me cigarette

im addicted now",True,1764008816,1,1,0.523809552192687988,0,47,205,76561198163874804
3011030,188308042,11/10,True,1740015268,0,0,0.5,0,186,226,76561198000805564
3011030,188318549,"Cool game, worth the low price for sure, cool art, neat story to it",True,1740031698,0,0,0.5,0,149,183,76561198261482923
3011030,188121655,Dextromethorphan,True,1739800517,1,0,0.525862038135528564,0,49,151,76561198360222919
3011030,193057643,I played the demo a while back on itch and then i just saw the full game came out. great game 10/10 would recommend,True,1745016607,0,0,0.5,0,150,743,76561198819588554
3011030,196559770,"Mixed feelings.
Game is quite short, yet becomes repetitive very quickly. Intriguing art style, confusing story. Good OST.

Despite the overwhelmingly positive reviews, it would seem that only 15% reached the true ending of the game according to the achievement. Which is something that can be done in 2-3 hours.

Tl;dr : 48 out of 100",True,1749235850,1,0,0.5,0,188,212,76561198028080870
3011030,208864632,"it's alright? lost a run completely to RNG, feels kinda mechanically flat. Got it as part of a bundle, probably worth the price tag.",True,1762755094,0,0,0.5,0,72,72,76561198055198188
3011030,208130175,Cool game,True,1762002421,0,0,0.469798654317855835,0,54,125,76561198321160960
3011030,190047108,Great so far.,True,1741814524,1,0,0.523809552192687988,0,91,522,76561198006271048
3011030,203168608,"Is there such a thing as cozy horror?
The premise is simple and intriguing, you enter a dream-like state where everything degrades into horror and you have to fight for your life.
You encounter bizarre creatures, mutating friends, cults and a goddess who seemingly wants to help you.
Your run is a mix of experimentation, previous knowledge and RNG.

It's not very complex but I still feel like I'm doing meaningful choices during the run.
This is a cool small little gem.",True,1756545242,1,0,0.5,0,112,259,76561197996859673
3011030,188174667,very unique. if you can just jump in blind.,True,1739864009,0,0,0.5,0,79,610,76561199163962104
3011030,188159510,Had my eye on this since Manlybadasshero played it.  The game does not disappoint,True,1739839876,0,0,0.5,0,52,236,76561197970284577
3011030,188101077,I got the demo for this game a few months ago and found it interesting. It did not disappoint me. No Skin is a great roguelite game that isn't too difficult and has a a good number hidden aspects. Definitely worth the 7 dollars.,True,1739769337,0,0,0.5,0,91,271,76561199044292433
3011030,188389199,"GABRIELLE:

I will never forgive you... You know why. How could you say that...
She was never the same after that day. It's your fault, ya'know.",True,1740118673,0,0,0.5,0,132,1224,76561198127695167
3011030,188298523,Sexy people want to hurt you.,True,1740003099,0,0,0.5,0,149,149,76561198071819275
3011030,190719954,SHIT SHIT SHIT SHIT SHIT SHIT SHIT SHIT SHIT SHIT SHIT SHITSHIT SHIT SHIT SHITV SHIT SHIT SHIT SHITVSHIT SHIT SHIT SHITSHIT SHIT SHIT SHITSHIT SHIT SHIT SHITSHIT SHIT SHIT SHITSHIT SHIT SHIT SHITSHIT SHIT SHIT SHITSHIT SHIT SHIT SHIT like tv girl,True,1742487822,0,0,0.5,0,59,497,76561198864568682
3011030,210755383,"I saw Markiplier play this once and I've been hooked ever since.  This is exactly the kind of horror I like; no cheap jumpscares, massive amounts of environmental setup, and enough story that keeps you digging to find out more.

Highly recommend giving it a try if you like turn-based strategy games revolving around a horror theme.",True,1764131313,0,0,0.5,0,178,178,76561198051949891
3011030,194700318,"Ok so, I'm playing with game with a friend, and thus do not have hours as she is the one controlling the game.
However, I have to say this is quite possibly a gem
I have no clue how this isn't insanely popular

I don't know how intentional it is, but this is quite possibly the best representation of acute psychosis I have ever seen in any piece of media.
I am a paranoid schizophrenic and this genuinely is unsettling in a way that both hit the nail perfectly and was presented in a absorbable, beautiful, and honestly special-interest attracting way

You somehow made a horror game that not only made me giddy to experience, but also perfectly represents the experience of a psychotic break. I cannot wait to see where the story goes. 

PLEASE buy this game. You will relate to it, and you will be disturbed in a beautiful way.",True,1746984014,12,0,0.6390380859375,0,5,100,76561198022594032
3011030,188180456,long gilled fish my beloved,True,1739873846,0,0,0.5,0,44,126,76561198272238305
3011030,211278239,"An interesting turn-based roguelite with a dark atmosphere. In terms of visuals, I was sometimes reminded of Undertale and Hotline Miami. As is typical for the genre, the success of a run is partially influenced by your choices, but a lot hinges on luck and RNG. All in all, I recommend it.",True,1764280045,0,0,0.5,0,32,32,76561198029438333
3011030,188170184,"Reminds me of World of Horror, but with a bit less of everything. It's pretty fun though, the artwork is beautiful, the music is dark and foreboding, I like it.",True,1739855948,1,0,0.520408153533935547,0,53,311,76561198006888194
3011030,208866630,"Beat the first difficulty on the 2nd run, i can see this game becoming super addicting if you like turn based systems and rouge-likes, cool concept and weird mechanics, I appreciate the risk reward and rng working for you and very much against you. 

It is worth the play through just to get a feel of the game and see if it vibes with you.",True,1762758695,0,0,0.5,0,51,51,76561198078071068
3011030,196502216,Nice,True,1749173845,0,0,0.5,0,78,85,76561198823041154
3011030,188345302,circumsized people love this game,True,1740066637,5,4,0.588271975517272949,0,189,1207,76561198131040984
3011030,195342556,A weird and mysterious game,True,1747829549,0,0,0.5,0,11,11,76561198094261730
3011030,188154961,"fun game , binding of isaac like , need more moon upgrades.. i got them all in less than 3 hours , but there are still some secrets",True,1739833813,0,0,0.5,0,157,217,76561198003081809
3011030,188181447,"This is one of the best strategic rogue-likes I've played in recent times.

I strongly recommend giving it a try.",True,1739875498,0,0,0.5,0,50,1220,76561198163510117
3011030,188176761,game is great the demo was amazing the game is far greater then i could have expected i was saying the game was worth 25 max but 7.63 was crazy,True,1739867647,0,0,0.5,0,134,208,76561198444460307
3011030,210619707,"Strange psychological thriller style storied rogue-lite. Numerous unlocks and character modifiers, and a run takes under an hour.",True,1764097578,0,0,0.5,0,195,195,76561198800040676
3011030,188105503,"I played the demo for this game before and loved it and now this full release is perfect! I BOUGHT IT THE SECOND IT RELEASED AND I WASN'T DISAPPOINTED. I love this game with all my heart. easy to pick up, and just plain fun. Worth every dollar.",True,1739776833,0,0,0.5,0,44,823,76561199043586167
3011030,188118687,Played the demo after i saw a video of Markiplier playing the demo. A solid rogue like absolutely with the $7,True,1739797050,0,0,0.483539104461669922,0,168,255,76561198387024066
3011030,188390938,"You will have 97% accuracy and still miss 5 times in a row, but you are being killed by freak abominations with traumatic backstory and great hidden lore 10/10",True,1740121446,1,1,0.5,0,204,212,76561199089185918
3011030,188449173,"This game is cheap, creepy, and fun. Please play it if you even remotely like horror.

Warnings for flashing lights, gore, implied animal harm, and sudden loud noises.",True,1740179433,0,0,0.5,0,131,168,76561198273286532
3011030,188360213,no skin / 10,True,1740080957,0,0,0.5,0,53,63,76561198063242170
3011030,196932115,This game has a lot more to it than I had originally thought and I plan to put many more hours in it now. I will say they my one and only complaint is there's only 1 achievement. I wish there were more achievements to get because I just really like achievement hunting and I feel like this game could've had a lot of cool or secret ones.,True,1749603999,0,0,0.5,0,161,213,76561199054107331
3011030,188103114,finally! love it <333,True,1739772728,2,0,0.539295375347137451,0,38,344,76561198065891899
3011030,189122518,"Very strange and surreal horror game, but exceptionally fun and intriguing all the same! Scratches a very particular part of my brain that I really enjoy.",True,1740880268,0,0,0.5,0,28,28,76561198059502220
3011030,188289816,literally one of the best singleplayer games ive ever played. the dev really outdid themself. not done with the game yet but absolutely loving the gameplay and storyline,True,1739993262,0,0,0.5,0,154,364,76561199254484708
3011030,188134200,Epic,True,1739812836,0,0,0.5,0,124,124,76561198191440959
3011030,188151505,I am going to remove your skin :3,True,1739829711,0,0,0.5,0,75,427,76561198358294793
3011030,188164688,I can't believe he has no skin,True,1739847330,0,0,0.5,0,143,337,76561198304598812
3011030,188324681,"a nice surprise for for a horror fan like me. 
 Dark themes and nostalgia from shin megami tensei. 
The vibes im getting of Cults and false gods is like Fear and hunger all over again and its gonna keep me playing this till I get a winning run and some!  Strong suggestion.",True,1740042153,0,0,0.5,0,153,1217,76561198036986978
3011030,188102635,"A lovely and creepy minimalistic roguelike! My first impression was that it seemed so limited in scope that it would get old quickly, and that might end up being the case for me... but at least so far, it's made good use of its limited design space, continually pushing you towards the ending and making it feel like potentially no decision you make has to be a wasted one.",True,1739771869,0,0,0.5,0,53,568,76561198036343570
3011030,199081157,‎,True,1751780567,0,0,0.476190477609634399,0,71,71,76561198869631727
3011030,189839341,Me when someone asks if I'm uncircumcised.,True,1741571030,0,1,0.5,0,194,293,76561199070573699
3011030,188105394,"Everything seems calm... On the ground, you find a Steam review! You collect it and leave the room...",True,1739776637,2,0,0.525862038135528564,1,103,2438,76561198449556979
3011030,193410127,this game is insane,True,1745416480,1,0,0.514767944812774658,0,90,142,76561198035355955
3011030,188182368,"It's very simplistic but still addicting. 
Only suggestion I have is to let me recruit multiple Crawling Fossils. I want to collect them like Pokemon, pretty please.",True,1739876803,0,0,0.5,0,72,79,76561199388475701
3011030,188104572,The game awards been real quiet since this one dropped. The mini game in memories is great addition. Glad I followed ever since markiplier made that one video about it. Full release did not disappoint,True,1739775181,0,0,0.5,0,136,1925,76561198950705742
3011030,208105363,wtf,True,1761974296,0,0,0.469798654317855835,0,13,13,76561197990545877
3011030,188102323,Game is great if you like turn based rogue likes,True,1739771343,0,0,0.5,0,108,171,76561198054117429
3011030,188306381,"I played this game while it was a demo and it got me hyped, if you want to pick up a game on a budget id highly recommend this one.",True,1740013002,0,0,0.5,0,107,529,76561199387706505
3011030,208158259,"go in blind, it's a great game.",True,1762023528,0,0,0.5,0,137,216,76561198144605415
3011030,211166609,Like it :D,True,1764250745,0,0,0.5,0,182,426,76561198802076289
3011030,200222389,,True,1753008714,0,0,0.5,0,201,446,76561198966528131
3011030,188280967,"Very cool aesthetic. Fairly fun gameplay-loop and great pixel-art.

What more could you want?",True,1739984420,0,0,0.5,0,81,152,76561198212248019
3011030,189039475,its good :D,True,1740818072,0,0,0.5,0,152,236,76561198017283523
3011030,188175742,"A rather unique roguelike game. Had been craving some horror-esque roguelike after playing through World of Horror and this scratched the itch. After playing for a bit, I quite enjoy the gameplay-loop and being able to unlock new stuff for next playthroughs gives you that extra motivation to replay. 

Highly recommend, especially since it is not really pricey.",True,1739865959,0,0,0.5,0,107,515,76561198334459024
3011030,192769548,"gameplay – B+
story – B+
sound – B
design – B+
detail – B
ui – B+
enjoyment – B+
===
overall – B+
===
note: You have something that belongs to me",True,1744679231,1,0,0.523809552192687988,0,107,107,76561197977269463
3011030,188110801,"Love it - loved the demo, and love the full release even more - great soundtrack, simple controls, the anticipation before seeing which outcome you get is great - would recommend!!!

Update: still adore this game. The style is one of a kind for a turn based combat game like this, and more than once I’ve been stumped by an enemies design.",True,1739785646,2,0,0.510321378707885742,0,136,137,76561198274063587
3011030,188468796,im scared,True,1740202034,0,0,0.5,0,61,61,76561199069072348
3011030,188153096,"No Skin is a simple yet unique rogue like that plays more like a puzzle game than a rogue like. The main components are resource management and trial and error, finding out what enemies drop what items and what enemies are countered by what items. The a completely nonsensical schizophrenic yet highly stylised story that youtubers will froth at the mouth over. A wholly unique game that I cannot praise enough.",True,1739831506,4,0,0.59263235330581665,0,175,1093,76561198104069162
3011030,193342740,roguelikes if they were good,True,1745336363,1,0,0.520547926425933838,0,73,425,76561198830116247
3011030,199598045,rgwfDNgafs,True,1752303628,0,0,0.5,0,180,180,76561199028504225
3011030,188101068,No Skin has really good rouge-like turn based combat. At $7 price point I think its a 10/10,True,1739769324,0,0,0.5,0,90,257,76561199022729131
3011030,203144365,"One of the most atmospheric games in a genre
Very like the idea of horror rougelike when u have to question your every single decision and how its gonna affect your attempt
Seems very promising and its definitely worth giving it a try",True,1756509249,1,0,0.5,0,88,879,76561199088585851
3011030,205261348,"(Played a lot of pre-release demo on itchio)

Behind its surreal, weird imagery and story there's a beautifully-crafted gameplay loop that uses permadeath just right. You see, the game's combat, while really basic in isolation, is designed to carry on your performance through the entire run. That is, your decisions in each individual battle will influence your chance to win this particular run. 

Even more so, choosing who to fight is an important decision - since each enemy always drops the same items (and items are very, very important, very very and much much… imperch), you want a particular enemy at a specific turn to get through a boss fight later.

The lack of on-demand healing is another major consideration that influences your approach to even the simplest enemies. You can't really just spam with your knife attack.

But there's more! Permadeath games have an inherent form of metaprogression called ""player's knowledge"" - which is so often gets forgotten by roguelite developers who are too busy implementing mechanical forms of a metaprogression. NO-SKIN has secret interactions both with enemies and with events that can be very helpful later on.

All in all, NO-SKIN is a very fun roguelite with cool and unique vibe, fast and strategical gameplay, and some kinda story too!",True,1758915267,4,0,0.589720427989959717,0,170,235,76561198945155257
3011030,188564051,"The game just exudes cool. It's such a simple idea executed to perfection. Haven't 'completed' a run yet but the sheer amount of things I've unlocked so far are impressive and varied and keep the game feeling fresh. If the Devs are reading this I think the only criticism I could level is that you are undercharging for the game, but that price point means that more people will get to play it at least, either way, great job.",True,1740301971,0,0,0.5,0,193,253,76561197988120735
3011030,188553852,"hehe

This was a truly unexpectedly good game

Give it a go if you're into roguelites, horror, or both!",True,1740288948,1,0,0.523809552192687988,0,186,636,76561198030621205
3011030,192181228,"An incredibly well made, fun turn-based roguelite that will hook you and force you to dig into it deeper.",True,1743982791,0,0,0.5,0,199,212,76561198118644859
3011030,188126965,please add an option to romance the long gilled fish,True,1739805833,130,33,0.911758899688720703,1,91,521,76561198077810329
3011030,188131110,Quite simple yet charming. worth grabbing at the regular price.,True,1739809876,0,0,0.5,0,24,24,76561198172795539
3011030,207934640,"I buy games blindly, usually based on their artstyle and vibes, which both are f*ckin hella for NO-SKIN. I feel a younger me, who was very into this specific type of 'horror', would've fallen in love with this game, the way I did with titles such as Cultist Simulator. If you are a teenage horror-nerd, get this game, it will change you I reckon.

I've also learned recently that I quite enjoy roguelikes (which, famously, can be literally any type of game provided it loops one way or another), and this one does manage to scratch that itch. It's fun exploring, and learning the secrets and story of this place, provided you are already into that kind of thing. There is some repetitive dialogue for a few of the encounters, but that is a small criticsm I have as it loses you at most a few seconds every time.

Honestly, just get this game, it's not expensive, and it's a fun ride.",True,1761803620,0,0,0.5,0,189,258,76561198802082503
3011030,188900819,long gilled fish is the best financial decision i ever made,True,1740702876,0,0,0.5,0,51,363,76561199048164182
3011030,211344046,it is a fun rougelike with an incredible art style.,True,1764311084,0,0,0.5,0,163,163,76561198051956704
3011030,188175278,"A very unique roguelike with really interesting lore and characters. Seriously, never played something like this before - highly recommend it, especially given the price.

Going to keep an eye on this developer and hope the game takes off in sales because it's really special.",True,1739865189,0,0,0.5,0,92,105,76561198277325495
3011030,188206488,"Played the demo and really enjoyed it. I saw this was fully released and I had to get it! 
The mechanics are so good with replay-ability, it's not super complex but there are layers to the mechanics to explore. The core game play elements are great as a casual, edgy, rouge-like, strategy, resource management game. The full release feels polished, so props to the dev! 
This game is big in the pixel horror vibes.",True,1739903110,0,0,0.5,0,89,115,76561198097155891
3011030,188136366,"Quite the Peculiar experience, haven't seen everything yet by a long shot but it has a lot of depth for such a simple gameplay loop. Which is great!",True,1739814931,1,0,0.493856340646743774,0,80,119,76561198124312982
3011030,188890862,More than worth the price if you enjoy exploring unique games or horror art,True,1740690122,0,0,0.5,0,183,727,76561198004265555
3011030,188197097,"Played the Demo a while ago, really fun the rng makes it unexpected. create different builds during the build.
10/10",True,1739893904,0,0,0.5,0,67,385,76561199551387691
3011030,188144578,"after like an hour of gameplay, I love this game. will add more after I beat the game",True,1739822657,0,0,0.5,0,60,100,76561198799175033
3011030,196468424,"Simple yet engaging rougelike at a good price. Love the art direction, and the story is interesting.",True,1749141723,1,0,0.5,0,149,149,76561198190486370
3011030,188109936,Do you have my skin?,True,1739784282,0,1,0.5,0,92,183,76561198035605366
3011030,188174687,"Really having a ton of fun. Even if I peter out by hour 4, this is a $6 game and I'd still want to know the lore. Lots of decisions of varying complexity, either strategic or tactical. This game is juuust the right length to have ""I'm going to press this button and it might ruin me"" without feeling too bad.",True,1739864038,0,0,0.5,0,166,448,76561197982003581
3011030,191058914,I have been waiting for this game to come out for a while and i must say it was worth the waiting. Incretible game and i still have a lot of things to discover. Im happy i bought it,True,1742807465,0,0,0.5,0,136,229,76561198798909843
3011030,203417763,Average queer friend group,True,1756858901,2,1,0.503525257110595703,0,122,196,76561199186114035
3011030,188240700,"This is how you do a rogue-lite game.

NO-SKIN has lots of great aspects to it but the main draw for me is the idea that there is discovery in every run but it all culminates into something quickly and concisely. Since it is not a rogue-like, there is no need for extra layers to be added every run or for the content to be infinite. Adding a couple of items to a certain part of the game each run allows for the core game play to be unaffected by the change but have the overall experience upgraded.

The story is very interesting as well, and there are certain parts of it that come to fruition later on in the run or game itself. At just two hours I had an idea of what the story might be, just guessing up until this point. After ""beating"" a run the story opened up and was much more in-depth than I expected.

For $5.94 (introductory offer) or $6.99 base price, this game is a great experience in terms of game play, art-style, and story. I can't wait to find out what the true ending is!",True,1739931782,0,0,0.5,0,122,259,76561198134100904
3011030,203706203,"Really cool game, definitely worth its price. The combat system a number puzzle, simple, but punishing and very rewarding. So far I've finished 1 run, the bosses were quite challenging but fair (even tho they are sucker punching you a lot). The narrative is a mystery for me so far, it's edgy but has a nice house party gone weird/wrong vibe.",True,1757172091,1,0,0.5,0,79,239,76561198080553222
3011030,188103680,NO-SKIN is a solid rogue-like with enjoyable turn based combat. I'm loving the aesthetic and the oppressive vibes the art style gives off. Definitely worth it for the price.,True,1739773740,2,0,0.515603840351104736,0,78,616,76561198142717458
3011030,188501403,"Fantastically intriguing. A great game-play loop, with creative art and sound design. Highly worth it.",True,1740236625,0,0,0.5,0,191,1229,76561197985832038
3011030,199320822,spoopy,True,1752011558,0,0,0.5,0,196,196,76561198387625000
3011030,208541525,"What an absolute gem this was to find! I got this game in a bundle and man is it addicting. My night was ending and I was about to go to bed but thought I should play some short indie game for a bit and try it out and I got stuck sinking hours into this beauty. It's a rouge-like turn based little slice of horror. The characters and lore come at you confusing and slow but you can pick it up if you pay attention and the mechanics are edgy and fun. This is perfect for people who love horror and strategy with just a pinch of gambling on your life. I'd give this game a 9/10 and say it's worth full price, I've never taken so many strange pills.",True,1762422483,6,0,0.592511475086212158,0,88,392,76561197993619317
3011030,188143343,Loved playing the demo on itch.io and this lives up to it with some added features. It's a gem of a game with a lot of replay value.,True,1739821420,1,0,0.5,0,137,638,76561198030419491
3011030,188248938,"awesome little game, cool artwork and world. pretty small scale from what ive played but for 6 bucks its absolutely worth it",True,1739944350,0,0,0.5,0,131,601,76561198354626913
3011030,188155314,Theres something going on here and im gonna find it.,True,1739834295,0,0,0.5,0,76,1854,76561197996802302
3011030,196577194,♥,True,1749252859,0,0,0.5,0,178,254,76561197999462110
3011030,188387655,Fantastic game,True,1740116057,0,0,0.5,0,109,521,76561198078503250
3011030,188402331,I'm absolutely hooked...I should prob not play this at 3am too😅,True,1740137592,0,1,0.5,0,65,552,76561198056978329
3011030,190112324,"Too much to say about this game. JUST PLAY IT! Defeating the False God makes it all worth it, you are the Chosen One!",True,1741894698,0,0,0.5,0,100,100,76561198171532761
3011030,200191548,"2 hours... No skin... must... continue...

Feels nostalgic but like analogue horror nostalgic.

Despite my time played, I bloody know I haven't seen anywhere near the bottom of this pit.",True,1752966598,0,0,0.5,0,121,176,76561197995202283
3011030,188319748,"Very well made game for what it is. Was not expecting the level of options, routes, and characters for something so small. Overall a very well made game.",True,1740033828,0,0,0.5,0,122,160,76561199133391006
3011030,188106677,"This is one of the best roguelike games I've ever played. Everything from the music, art, game design, and mechanics are unique and original which makes it even more fun for me to play. I've played this since the demo came out and i'm so happy to see the full thing and i'm looking foward to seeing more of the story. I recommend this game 1000%",True,1739778894,0,1,0.5,0,39,501,76561198976328839
3011030,188296901,"This is the type of game that's going to be very appealing to some people, to others extermely annoying and frustrating. 
This is a turn-based, rouge-like horror rpg with heavy RNG elements, so it's not that surprsing by that description alone.

If that sounds appealing to you, you ABSOUTELY should try it. It's brutal, it's at times unfair, but very addicting and always has you on the tip of your toes with that ""one more run!!"" kind of feel.

I've spent over 20 hours on the demo before this, so I'm really happy to see it come to fruition!

As much as I'd love to talk about the story and psychology of the characters, I feel like doing that would be giving too much away - and the real horror and fun of the game comes with putting the pieces together on your own. 

The only critizism I would have about this game is the return to the old art style after the visual update we had in the demo. I get why like the faceless sprites - it's creepy off the bat ! - but I find the slow crawl to the faceless sprites then to the more horrifying ones to be more impactful as a story-telling element. Pity that the designer went back to the old style, but that's a minor flaw in a truly unique game.",True,1740001172,0,0,0.5,0,135,320,76561198083647223
3011030,188162858,"Cosmic horrors both within and outside my comprehension with game-breaking anomelies and the true enemy being RNG my favourite.






But in all seriousness, I love this game ever since I found out the demo from Markiplier and played the demo a lot. Worth the 7.64 dollars and will be grinding it hard for new content.",True,1739844675,0,0,0.5,0,74,93,76561198804228797
3011030,188100582,"This game truly has vibes I can’t say I’ve ever truly experienced in another video game so far. It’s simple structure and gameplay loop become almost addictive when you started to see the patterns form, I cannot wait to sink my teeth into this game more. I’ve Been waiting for this game for a while and even counted down the hours today waiting. Couldn’t be more happy and proud of this team for making something genuinely unique.",True,1739768643,0,0,0.5,0,84,623,76561198271143237
3011030,191271413,"Got tricked into thinking my game crashed

""...Hehe, I'm just playing with you""

honestly better than any cheap jumpscare plus this game is a highly replayable and enjoyable surreal roguelite game.",True,1743045030,0,0,0.5,0,177,690,76561198070386406
3011030,200300553,"i dont think theres a single part of this game i dislike all too much and that says something
theres something so special about the roguelike experience that barely hinges on actual levelling and has not much penalty for skipping battles, that also manages to make battles mandatory via basing them off RNG rolls
edit: ok all the other content in this is baller aswell",True,1753103532,0,0,0.5,0,187,423,76561198169021395
3011030,188162721,"Great game.  Loved all the hidden stuff in the demo, I can't wait to find more in the full game.",True,1739844485,0,0,0.5,0,89,372,76561199012642785
3011030,188125714,"if you've played the demo before, you know what to expect",True,1739804646,0,0,0.5,0,99,277,76561198322859350
3011030,206189894,good,True,1759930183,0,0,0.464083433151245117,0,147,147,76561198119637685
3011030,188150943,Atmospheric,True,1739829071,0,0,0.5,0,165,633,76561199817445023
3011030,188555598,"Fun gameplay loop. Straightforward in mechanics, the knowledge checks are fair as well. The tutorial for each status effect is quick and simple and the stylized artstyle helps put the whole thing together.",True,1740291137,0,1,0.5,0,203,223,76561198351290450
3011030,206993775,"i like the game ,good music, nice visusals, so many secrets to uncover.

 this is a very refreshing game i liked it very much",True,1760781802,0,0,0.5,0,129,186,76561198070465831
3011030,188221633,"Saw it on the store page for cheap and thought I might as well support an indie dev, when I opened it up and saw it was a roguelike I got a little disappointed since that usually isn't my thing but I was surprised with a very fun, albeit simplistic experience. The combat has a very barebones turn based setup, but although you don't have any fancy RPG skills, stacking abilities and items and deciding when's a smart time to use up your resources adds a nice flow to the gameplay. This is all complimented by very cool horror-inspired visuals and designs often with a touch of whimsical surrealism that stops them from going too far into that typical overly edgy indie-horror vibe.

If it looks at all interesting to you I'd definitely recommend picking it up.",True,1739919577,0,0,0.5,0,196,575,76561199502556458
3011030,190162801,"This one rocks, thank you Steam Discovery Queue.",True,1741957344,0,0,0.5,0,87,87,76561198011794780
3011030,188122274,"thankyou for the surprise birthday gift <3
10/10 would find skin again",True,1739801130,0,0,0.5,0,73,216,76561198159829994
3011030,205947941,Frogs 39,True,1759669344,0,0,0.5,0,152,156,76561198383520857
3011030,188179838,"im gonna give this game
 two thumbs up.",True,1739872914,2,0,0.536423861980438232,1,136,136,76561197964734898
3011030,194965160,"Played the beta, loved it. Bought it now, still lovin' it!",True,1747338301,1,0,0.5,0,113,1580,76561198308838915
3011030,188139579,"With 2 hours put in im fairly impressed, impressed enough to write a review infact. Im a fan of very niche horror/grotesque-esque games and ill give imaginary bonus points for the eldritch horror mixed in. 

-The turn based combat is fun especially with a heavy emphasis on item usage and planning. Every run for the most part allowed me a new ""build"" although the game just falls a little short in terms of that as I found most of my runs devolving majorly into gun dependent with my knife always taking a major backseat. Ive unlocked the second character and played with them but havent tried the third yet as I literally just unlocked her this run. The separate character does fairly well to add its own mechanic and gameplay style to freshen up the gameplay of the starting one. I wont spoil anything the final bosses mechanic was pretty annoying and basically killed my run lol.

-Ive really enjoyed the style and character thats been put on display from every part of the game (dialogue, artistic style, items, etc) and the fairly intriguing yet fairly cryptic story that isnt very much on the forefront of the game as a whole. I obviously suspect beating the ""final boss"" will clue me in more as to whats really going on but as of now most of the story is in the background only being found in dialogue that is pretty few and far between.

*Overall*
The game is more than definitely worth the price tag and while I have some criticisms, for the price its a no brainer. Its very fun, makes you use your brain with planning, and forces you to adapt and take major risks that are so so rewarding when they work. My only gripes being the amount of content actually in the game because as of now even with the perm-upgrades after a run its still somewhat lacking. I feel as though I was getting the same small pool of upgrades and hitting the very same rooms with repeating dialogue. While I understand that there has to be some structure with room grouping, I wish there were more chance encounters and varied rooms and room variety as a whole with some more dialogue for the repeating characters. In my opinion the game doesnt really do anything crazy to distinguish itself from others in the genre aside from style and story which is fine. None of that is to downplay the game as its been an absolute blast to play and learn. Definitely worth a try and more than definitely a great game, hats off to the dev team you guys have definitely crafted a great game.",True,1739817886,2,0,0.5,0,133,205,76561198819032798
3011030,200878672,damn surprisingly peak,True,1753661026,0,0,0.5,0,125,177,76561198292246982
3011030,188303107,"This game is honestly great, I love these types of games.",True,1740008559,0,0,0.5,0,32,32,76561199517831777
3011030,188189806,"This game is really fun an amazing rogue like.
Not to hard but at the same time not to easy.
I recommend this.",True,1739886305,0,0,0.5,0,54,93,76561199497838854
3011030,188178190,"Excellent art direction, and well-executed. Some fabulous lines that were startlingly poignant. Some other writing flags a bit. Finished the first run I tried, which generally I don't like; I wish the difficulty ramped up faster, ad once I got the Rosary it was a cinch. Definitely going to come back to this, it's a really fresh take on the genre.",True,1739870165,0,0,0.5,0,55,55,76561197978964204
3011030,193311657,"I really enjoy this game, and I will continue to enjoy it in the future.
I wasn't sure I was gonna like it at first-
But then I slept on it and came back with sober eyes.
The gameplay loop is simple, yet refreshingly original. 
Combat has neat little modifiers, quirks and features that make keep it engaging, and there's always more to see each replay with unlockables. Though some enemies have moves that seem to artificially pad out their battles, which is a bit irritating. The world is presented as a list of random chance encounters which you select from, no roaming around or backtracking through levels. Just pick your path and leave the rest to fate.
The story is... [b]something else[/b], its scrambled, cryptic and fed to you through brief dialogue snippets and chance encounters, yet its curious and engaging. Its also a point of personal meh for me; [spoiler] its about you and your usual clique of dysfunctional, edgy, antagonistic, twenty-something orbiters who's only unifying factor is engaging in destructive behaviour together. The story kicks off with them lashing out, revealing their secretly harboured deep resentment(real or imagined). which is all so much white noise to me at this point. [/spoiler]
The art style and music are solid. The music carries most of the game's theme of otherworldly adventure. You can tell when your safe and when your in danger based on the score alone, which is really impressive. Visuals are a bit avant-garde, but they help reinforce the dream-like world of the setting. It's kind of like being permanently trapped in Silent Hill's 'other world' without it getting stale or losing its punch.

I give this game a solid four out of five 
Three points for creating a fun, small game with solid replay value.
One point for artsy visuals that don't immediately send me running for the hills.
One point is deducted arbitrarily, because apparently millenials don't have friends- they just carry a list of loose acquaintances who they have yet to push in front of a moving bus.",True,1745290732,0,0,0.5,0,156,312,76561198053707777
3011030,188170384,Mary is me fr :^),True,1739856315,0,0,0.5,0,121,448,76561198050614235
3011030,210351112,"Barely beat my first run by the [i] skin [/i] of my teeth. Can be beat in about an hour or so if you're lucky.
Cool visuals that get crazier the deeper you go, excellent atmosphere, good music, good vibes, very freaky, very neato.",True,1764056561,0,0,0.5,0,150,150,76561198021091067
3011030,188310310,9/10,True,1740018545,0,0,0.5,0,57,871,76561198861727395
3011030,212099974,"Although the rng often works against you, the snippets of lore and different character mechanics keep it engaging",True,1764530695,0,0,0.5,0,128,128,76561199881046054
3011030,188125377,"Absolutely amazing game. I played the demo for ~8 hours and bought the full version instantly when it released. Just — SECRETS. Even with the demo, every time I thought I finished the game, there was SO MUCH MORE. Clues are sprinkled throughout, finding them feels super rewarding, and it's all mixed with a fantastic art-style, balanced rougelite mechanics, fun music, challenging/strategic battles, and GOD. THOSE SECRETS. 10/10 game, made even more insane that it's by ONE dev for $6. Super impressive, thank you :)",True,1739804349,0,0,0.5,0,177,881,76561198872953138
3011030,188200017,"It's everything I hoped for and more. It's so surreal I love it. Also really cheap for such a quality game. I honestly thought it'd be a higher price, because it certainly deserves it. I can't wait to see what else comes to the game, if it does. ✨",True,1739896790,0,0,0.5,0,120,176,76561197993396318
3011030,188106392,I have been waiting for the full release of this game for awhile and it is so worth it!!!! This game has improved so much from the beta and has so much to discover! No-Skin is worth it for a nice rogue-like game with an intriguing story.,True,1739778396,0,0,0.5,0,53,982,76561198799163627
3011030,209415899,I initially was not at all enthusiastic about this game and struggled to understand its appeal. But then I realised that there is a great deal of replayability and also aspects that carry over from previous runs.,True,1763321351,0,0,0.5,0,106,275,76561198063302779
3011030,208093622,"Bought in the indie horror humble bundle, 13 for $13. DEFINITELY worth a dollar, and i'd say yeah it is probably worth full price too from my short time with it. This is just my initial review, I'll come back when I finish the game. I did just my first run, which I won; not sure if it's intentionally easy your first time or if I got lucky or if i'm just that good lol. I quite like the artstyle and the progression of all your frenemies as you move through areas. Not creepy enough to be unsettling, but definitely beyond just spooky. Being able to trade and talk during combat opens up the strategy a lot, I found one very amenable enemy who would heal me and give me temp.hp for very little and they kinda saved me somewhere in the middle of my run.",True,1761959525,3,0,0.566644787788391113,0,87,87,76561198069213028
3011030,188314614,This game is very fun. Unlike most rouge likes this one requires a large amount of resource management. It is very fun to try and figure out what is going on with the story.,True,1740025033,3,0,0.510588228702545166,0,156,634,76561199428519992
3011030,195114733,THIS IS GOOD JUST PLAY,True,1747531485,1,0,0.503184735774993896,0,122,387,76561198168601829
3011030,191408844,"Played the demo to completion, and with the amount of wild secrets you can solve, just having the full game be out is already so exciting. A lot more to this than just a rogue-like. Absolutely worth the price.",True,1743192274,6,0,0.598540186882019043,0,40,287,76561198353995917
3011030,188166369,"Foreboding, atmospheric, and tense. These are the ingredients to create a perfect night at home. Unless we are talking about my wife… Good thing she does not have steam. Oh? The game? Yeah it's pretty good.",True,1739849859,0,1,0.5,0,96,283,76561198224832984
3011030,188154669,"I've been in love with this game ever since the demo came out, I am so glad to be alive to experience the full release.

Please buy it, please play it.",True,1739833430,0,0,0.5,0,129,1226,76561198273218060
3011030,188205367,"I've been playing for just shy of an hour, but I love this one already. The concept of a (pseudo-)narrative roguelike is so compelling and full of potential. The atmosphere is creepy and absorbing, greatly enhanced by an eerie soundtrack and excellent retro-pixelated visuals, vibrant with plenty of dark, oneiric vibes. The mechanics seem relatively simple but feel smooth and deftly executed.

It seems there's quite a lot of cryptic lore and secrets to unveil, and I'm eager to dive back in and explore further.",True,1739902020,0,0,0.5,0,59,171,76561198091541761
3011030,188450453,where is my skin,True,1740180719,2,0,0.535603702068328857,0,33,33,76561198072638102
3011030,188107057,One of the first games I've had the pleasure of experiencing within an hour of release. A unique and intriguing rouge-like all the way through. Highly recommend.,True,1739779548,1,0,0.523809552192687988,0,103,968,76561198841690310
3011030,188988616,"An amazing indie horror-roguelite experience. Incredibly unique in the way it presents itself and builds around the story. It's a lot of guessing and gambling with the stakes you have been given.

It's a thoroughly enjoyable experience and I've barely even scratched the surface as I'm writing this.",True,1740774672,2,0,0.510978043079376221,0,198,746,76561198067541113
3011030,203017362,"Haven't finished it but from what I played so far it's amazing, mysterious and intruiging lore, addicting gameplay, eerie yet cool retro vibes, it has everything a rogue-like could ask for. 100%'ed it back in the demo and loved it, now i love it even more. Defenitely worth the 5 bucks",True,1756342230,0,0,0.5,0,111,193,76561198257407704
3011030,189764189,"this game is literally me irl.
this is actually what i go through on a daily basis.",True,1741509464,1,0,0.523809552192687988,0,194,626,76561198823422965
3011030,188152648,peak,True,1739830980,0,0,0.5,0,122,638,76561198228660304
3011030,188309380,Maybe the skin were the friends we made along the way.,True,1740017167,0,0,0.5,0,187,272,76561199379462467
3011030,188168708,"I have been waiting impatiently for this ever since I saw Markiplier play the demo and downloaded it myself. My first hour of this game was played in a single setting, after noticing it had released and excitedly purchasing it. This game will remain on my list of replay value, it's the horror Game Boy Color game I always wanted. Keep up the good work, dev! I had also wondered if you planned on adding more achievements going forward? There were multiple actions I completed during the hour that felt surprising enough for an achievement, like using the lighter on a certain enemy for splendid results *wink wink*.",True,1739853538,0,0,0.5,0,47,197,76561198068894568
3011030,188154576,Ts game forced me to take a shower D: ts lowk pmo!!!! Ong we never showering all 25 babyyyyyyyy!!!,True,1739833299,1,0,0.488647580146789551,0,28,604,76561198183004505
3011030,207932381,VERY COOL game,True,1761800094,0,0,0.4693756103515625,0,24,372,76561198274933935
3011030,188234187,"A rogue-lite that understands how to make the player always crawl back for more and more. Everything fits together in a very delicate way that slowly shows itself to you through hidden dialogue or puzzles. It feels like a new surprise is around every corner, be it world-building, character dynamics, or even the eldritch horror enemies that consistently make me fuss over my items and synergies. I just can't seem to get enough of it!",True,1739922920,0,0,0.5,0,125,517,76561198079422882
3011030,188162938,PERFECT,True,1739844789,0,0,0.5,0,125,1876,76561199189118457
3011030,188171833,"Simple, spooky roguelike RPG game. A few of the ideas (such as the ""talk to"" mechanic) seem like they could have been leveraged more interestingly, but the game is fun and I am sure I will finish it.",True,1739858870,0,0,0.5,0,46,133,76561197989814336
3011030,188232636,"Already fell in love with the demo, this is somehow even ten times cooler!
The surreal way it tells a story piece-by-piece where answers raise new questions is super compelling, and the core gameplay loop feels very strategic even through all the output randomness, which many games struggle to balance.
The art style is also highly fitting for the game and everything blends together to convey a sometimes very unsettling experience.
All that while staying pretty true to the word ""roguelike"".
If you want to get hooked on a story without having to feel the need to spend hours at once to properly enjoy the game, as opposed to most RPGs out there, this is without a doubt the perfect choice!",True,1739920989,0,0,0.5,0,147,147,76561198303332594
3011030,209646783,"SO fun, hard but rewarding, the pixel art works well with the level of gore. The frogs made me sad.",True,1763584861,0,0,0.5,0,34,34,76561198069540232
3011030,188187313,watch a video of markiplier playing this game it look interesting and now playing it its very fun 10/10,True,1739883450,1,0,0.495495468378067017,0,196,464,76561199226282900
3011030,188101002,Goated,True,1739769233,0,0,0.5,0,80,133,76561198083727275
3011030,188583355,"A bite-sized roguelite that is smooth from start to finish. 

It took me about 2 hours and about three runs to get to the credits for the first time (which, without going into spoilers, makes it clear that it's not the end of the game).

Aesthetically it's very interesting, the story is ‘complex’ (as in confusing, but in a good way) and the sound does a good job of creating a unique atmosphere.

Recommended for anyone who likes dark visuals, psychological horror (although in this department it is quite light) and self-encapsulated experiences to enjoy a nice time.",True,1740320065,1,0,0.523809552192687988,0,116,188,76561198024711584
3011030,188239173,"This is the sort of game I can dump HOURS into, albeit, one hour at a time. At the surface, it doesn't seem like the gameplay itself is deep. Think of this like World of Horror but compressed into something that feels like a dungeon crawler...without to crawling. It's REALLY something else. The combat can go from very simple to downright insane, yet you never feel like you're being totally cheated. Overall, WELL worth the price.",True,1739929612,1,0,0.52173912525177002,0,85,252,76561198033722257
3011030,188365233,"A truly remarkable game that manages to set an intriguing and surreal atmosphere that is tense but makes you want to further into it and puzzle the plot. 

This is paired with fun, easy to understand JRPG-like combat system. I really appreciate that the percentages are always shown on screen, so your decisions are informed and there is no need to consult a wiki.",True,1740086269,0,0,0.5,0,138,418,76561198032477035
3011030,188147501,"Very trippy and quite charming especially if you like the more classic era of games. Doesn't explain anything, refuses to elaborate until you start getting knee deep into it, that's when the lore comes out.
I played the demo until I was pretty much out of things to discover.",True,1739825582,0,0,0.5,0,121,129,76561198074362374
3011030,188143925,"really loving the vibe and gameplay

art is amazing 

upgrades feel very helpful but not necessary to beat the start of the game game if your really good/lucky (as all roguelites should be)

reminds me of the game ""No Delivery""",True,1739822002,0,0,0.5,0,69,69,76561198195765289
3011030,208631325,"Didnt feel spooked by the game, the atmosphere is really good tho.
It is a really polished game: gameplay,graphic, sound design, theme wise

Gameplay wise it is pretty fun, so much fun I played until I reached the ending, which was on my third try... but I assume the harder difficulties after reaching the first ending can offer more content.

I think I read something about this game getting stale towards the end. - I may update this later

But I really enjoyed my first playthrough that much I can say so I am giving this game a thumbs up!

I may be schyzo but sometimes the ""RNG"" seems too convenient or inconvenient (maybe i'm just lucky)",True,1762523828,0,0,0.5,0,121,190,76561198202124704
3011030,196641718,Its good! :D,True,1749317945,0,0,0.5,0,121,362,76561198353088319
3011030,200989544,"Awesome game, simple but not boring gameplay, Like after few attempts you understand what stuff you need to find to win survive and overcome. 
I will recommend this game for steam deck,it like balatro on deck, game fill more replayable and have another experience",True,1753795978,0,0,0.5,0,80,127,76561198308113985
3011030,205233782,good,True,1758890339,0,0,0.47413790225982666,0,184,184,76561198183603847
3011030,189945443,"I feel like I underpaid for this. Art style is nice, game play is smooth, and the story is that right mix of mystery with schizo esoteric shenanigans. No, I will not take my meds. What a gem!",True,1741700736,8,1,0.615461409091949463,0,61,115,76561198049356200
3011030,209919228,Surprisingly good turn-based game with some weird horror and storytelling.,True,1763892027,0,0,0.5,0,122,177,76561198009644368
3011030,188218560,"Been following this game since the demo release. This is a very unique game that I'd recommend to anyone who wants a weird, inexpensive roguelike with interesting lore and mechanics.",True,1739915861,0,0,0.5,0,48,48,76561198020904440
3011030,199820326,This game is art. I'm in love.,True,1752538352,0,0,0.5,0,134,564,76561198307634224
3011030,188598405,Dude where's my skin?,True,1740331971,1,0,0.523809552192687988,0,121,178,76561198046827769
3011030,188114728,"NO-SKIN is addicting AF. One run turns into 5, then 10, and suddenly it's 3 AM and you're saying ""just one more""
The more you play, the more the game reveals its story, mechanics, and little secrets. There are tons items and power ups to mess around with, and every run feels different, which makes it very replayable.
If you like roguelite games with deep lore that hooks you in, this one’s a no-brainer.
To be played.",True,1739791729,0,0,0.5,0,139,1063,76561198053688849
3011030,188152668,"was enjoying the game until i got to the glorified loot check area
the game was so good but then they just had to add one of the stupidest game design choices i think i have ever seen in a roguelike (and why would you make the count end on 1 and not 0)

not only that but even if you have a revive item you are still killed which is like what

overall great game but that is just such a jarring issue i genuinely cannot recommend it without letting the person know about that area prior because it is not only bad game design on its own but it also is borderline unfair for someone to be expected to beat that on their first time getting to that area

-----------------------------------------------

i have successfully been persuaded",True,1739831001,0,0,0.413137704133987427,9,53,53,76561199028928874
3011030,188349013,"I'm already hooked after about an hour and a half of playing. The game’s writing is sharp and engaging, drawing you into its dark and unsettling world. Its horror atmosphere is genuinely captivating, balancing tension and suspense in a way that keeps you constantly on edge.  

The sound design is eerie and immersive, while the visuals create an unsettling environment that feels both detailed and oppressive. The game doesn’t rely on predictable scares; instead, it builds a sense of dread that lingers long after you’ve stepped away. Even in the early stages, the game’s pacing feels just right, steadily building suspense while making you curious to see what’s lurking around the next corner. I look forward to seeing more from this developer and what they have to offer :)",True,1740070107,0,0,0.5,0,90,770,76561198254321727
3011030,188650028,toxic yuri,True,1740398319,0,0,0.5,0,189,2384,76561198290242634
3011030,188209187,"This game is an absolute steal at this price. Hell, I don't even normally like horror, but here we are",True,1739905789,0,0,0.5,0,60,728,76561198040840525
3011030,198252063,"The gameplay content and roguelite nature is really bare bones in this game; You don't really have ludicrous builds or game breaking stacks of abilities or items. Same with the enemies and bosses, you dont really have much variety or mechanics other than various stat/item checks (Do you have enough DPS? Do you have ways to mitigate status effects? Are you able to escape?)

There is still essence of rogue-lite in it's design such as that permanent buffs currency and certain degree of randomness in progression (For example, the choices of encounters you have control of has a fixed encounter list which you are still rolling on so you can't really plan for a specific route)

However those are not the selling points but rather the smaller parts of it. Instead it's the ""Experimental artstyle and storytelling"", as is advertised on their description. You start of knowing nothing and you play and learn a little bit each time as you progress, piecing together information and coming to your own assumptions.

Really an interesting story telling piece with intricate lore that expands the more you play and unlock things.",True,1751010451,5,0,0.598987877368927002,0,62,62,76561198002544026
3011030,200350626,no-skin futa,True,1753163366,1,0,0.472834527492523193,0,135,135,76561199192157944
3011030,188955242,"it's good but luck based, so it's frustrating at times (mostly last enemies). if you don't wanna buy it, just play the demo. it's more or less the same",True,1740753474,0,0,0.5,0,60,60,76561199485419060
3011030,188700505,"A truly incredible artistic achievement that blends an actually fun turn based rouge-lite system seamlessly into a real story with meaning and everything. I honestly forgot video games could have those. Unfortunately, the messaging is a little unclear because now all I want to do is smoke, drink, and emotionally abuse my friends. At sixish dollars this game is a steal. Support the developer. Kill your friends. Acquire skin.",True,1740453531,0,0,0.5,0,198,393,76561198042556307
3011030,195519645,Fire very unique game honestly one of my favorite things to be released in a while,True,1748061669,0,0,0.5,1,124,241,76561198369886075
3011030,188348150,"Got an ""unexpected event"", which turned out to... be a surprise Ein Chein Andalou reference! I really love the playfulness that's gone into some of the scares in this game, and into the UI's sudden descent into madness in the third act.",True,1740069294,0,0,0.5,0,48,77,76561198042480458
3011030,200217063,"managed to get the first ending relatively quickly after 3 runthroughs and really really enjoyed my time with this! im pretty sceptical of most roguelikes but the gameplay in this one is fun, simple and engaging with some neat opportunities to make some enemy shredding builds. 

the atmosphere in the game is really cool and i could very much see that there is a deeper story with lots more to be uncovered. my favourite part of the game is probably the room layout previews and names that get more and more nonsensical as the route progresses. 

excited to continue and see where it goes from here! ill update my review once i've played more",True,1753002170,0,0,0.5,0,99,99,76561198161040232
3011030,197280694,"NO-SKIN has a lot of style and the enemy design is fantastic. The combat is a little simple, a little slow, but it's still enjoyable. There are definitely mysteries I still have not uncovered so I don't fully know the depth of the game but even at just a surface level I think it's a worthwhile experience and I recommend it.",True,1749973481,0,0,0.5,0,57,57,76561198049945603
3011030,195919633,"A very good and interessting indie type game. You learn a lot about the characters in the game, because you gradually ""gain"" your memories back in a corrupted, dreamlike world. A lot of the characters, which are people the character you play as knew in the real world, have resentment towards you. Or maybe its just your inner concience",True,1748548909,0,0,0.5,0,158,158,76561198983495716
3011030,188190658,"I tried my first unlocked character and immediately and accidentally got sent to a route I didn't knew existed and became so very confused.
10/10 Cigarettes are OP",True,1739887306,0,0,0.5,0,98,709,76561199013490879
3011030,188250611,Two fewer than half as many skin as I would like to have.,True,1739947274,0,0,0.5,0,46,46,76561198002917074
3011030,188199442,amazing incredible AND showstopping.,True,1739896247,0,0,0.5,0,175,416,76561198880223126
3011030,188151431,A fun and unique rouge like with a strange story that makes you want to find all it’s secrets,True,1739829631,0,0,0.5,0,187,366,76561199136469953
3011030,200194284,need more reviews goated game,True,1752970266,0,0,0.5,0,492,1086,76561199162454562
3011030,189304346,"No-Skin Man yearn-is for his dermis and is gonna make this whole stoner coven suffer till he gets it. (feels like some places in Indiana I've been to tbh)


More serious and detailed review to come because I really do enjoy this lil indie rouge-like. Which is saying something because I typically become frustrated and abandon that genre of game so fast you're head will spin. Very pleased in the knowledge that even after 7 hours straight of playing I've only barely scratched the surface of what this lunatic (heeeey if u kno u kno) game has to offer. Very big well done kudos to the dev(s?), mwuah!",True,1741044307,0,0,0.5,0,441,441,76561198091379980
3011030,188900572,"Great game, great art, alot of replayability and interesting story 8/10",True,1740702517,0,0,0.5,0,276,339,76561198849780445
3011030,197332631,"Well that was odd, great music, surreal and horrifying visuals and a completely odd story; at least I got to kill several bosses with second hand smoke 10/10.",True,1750020333,1,0,0.5,0,390,983,76561198213390093
3011030,188149469,this game MIGHT just be peak,True,1739827565,1,0,0.523809552192687988,0,215,886,76561199030667911
3011030,210401591,"Quite a simple turn-based RPG with amazing atmosphere, visuals and story.",True,1764066310,0,0,0.5,0,330,330,76561198345331377
3011030,188558761,I beat a boss by smoking cigarettes 10/10,True,1740295479,1,0,0.523809552192687988,0,366,498,76561198145010994
3011030,188158532,"Awesome game. Highly recommend. Full review at the bottom.

At a glance:
[list]
[*] Excellent rougelite design. While there are permanent upgrades, they do not feel overpowered.
[*] Low but engaging complexity. 
[*] Art style is distinct. Everything made me feel a bit uneasy.
[*] Sound work is great.
[*] Quite a few secrets to figure out, as long as you are paying attention.
[/list]

NO-SKIN is a short rougelite with a horror style. It took me roughly 8 hours to finish the game, with exception of the character memories, higher difficulties, and [spoiler]playthroughs on the additional characters[/spoiler]. I found all aspects of the game to be above expectations. Beyond the gameplay being great, the visuals and sound work were great despite how simple they apear to be. While I was initially slightly concerned about some of the mechanics in the game, all of them felt justified by the end. There was only one particular part which I felt could be adjusted; [spoiler] the method to get to ""Her?"" requires a fair bit of good luck to my knowledge[/spoiler]. The character memories that I did complete were all interesting in their own respect. They are short challenges that usually have very different gameplay to the main game. I liked them even though some felt too simple. Finally, I think the overall story was a bit too abstract for me to understand. While I think part of that might be that I didn't finish all of the character memories, I also think that a lot of details are left out intentionally. I still think I got the message, but I personally need a bit more handholding to get the full picture. 
10/10. I think the price point is underselling this game.",True,1739838520,5,0,0.573180437088012695,0,472,1066,76561198075448554
3011030,188156741,"I am incredibly confused. 
10/10 would steal skin again",True,1739836149,0,0,0.5,0,262,740,76561198271806185
3011030,188247237,I love this game but for the love of god please fix trish dream diary,True,1739941429,0,0,0.5,0,271,596,76561198145047909
3011030,188242116,"I Fuckin love this game, the story is intriguing, the game play is super addictive and the art style is creepy, weird and Lovecraftian at heart. the only GAWD DANG PROBLEM I HAVE WITH THIS is the freaking Trish Dream Diary level, I swear to god I have spent 2 hours on that level alone. it is unlike any of the other dream diaries up until that point, where most of them are puzzles with specific combinations you need to figure out to beat them. TRISHES ON THE OTHER HAND, is pure RNG. You just need to pray to luck gods that you will be blessed to beat it. No-Eye-Soft, if you see this PLEASE consider tweaking numbers or reworking it to feel more puzzle like akin to the other dreams. overall 9.999/10 

(SCREW YOU TRISH)",True,1739933769,0,0,0.5,0,345,468,76561199227228882
3011030,189545706,me when i take the skin of the no-skin man cause i was hunrgy teehee pero or some shit like that idk,True,1741300919,0,0,0.5,0,315,315,76561199044023247
3011030,188916799,"impeccable atmosphere, cool lore, and addictive rng mechanics. we do love it a lot",True,1740724717,1,0,0.52173912525177002,0,230,1244,76561198231941848
3011030,188301373,"It's a very good game, there is a lot of soul and a lot of fun to be had. Plus the game is only like 8 or so USD,",True,1740006338,0,0,0.5,0,431,494,76561198273956782
3011030,199601621,"The art is amazing and the game play is very fun.
The themes are very depressing but if you are fine with that it is 100% a game id recommend",True,1752308082,0,0,0.5,0,257,357,76561199048724040
3011030,209731083,I am utterly charmed with the world of NO-SKIN.,True,1763682666,0,0,0.5,0,381,569,76561199649983587
3011030,210603226,"Love it. The artstyle is amazing, and there are some really inspired gorey monster/character designs. An unconventional Roguelike, there's randomly generated dungeon to explore, per se, but you pick from three randomly selected rooms with a random chance for different encounters. So much lore to find, and a really interesting story.",True,1764095076,0,0,0.5,0,213,213,76561199307567975
3011030,188548846,My cigarette addiction vs my cosmic horror roomates? nah id win,True,1740282496,0,0,0.5,0,225,243,76561198331532992
3011030,199975734,No-Skin is a pretty fun roguelike with a unique horror aesthetic and straightforward gameplay.,True,1752711812,0,0,0.5,0,385,385,76561199598078532
3011030,188152214,"love it love it love it

Atmosphere is perfect. So many different things can happen. Played the demo and also loved that. Love the dream diary updates.

10/10",True,1739830486,0,0,0.5,0,338,989,76561199397917408
3011030,189165706,"i killed the bosses by spaming medkits with an acid reflex, very fun",True,1740916929,0,0,0.5,0,343,939,76561199658589883
3011030,194179193,"NO-SKIN has endless replayability, the characters are unique, and the gameplay keeps you hooked.",True,1746329829,1,0,0.5,0,412,3255,76561198214812237
3011030,188514943,THE NO-SKIN MAN IS BARA,True,1740247797,0,0,0.5,0,353,786,76561198115942026
3011030,190323922,RIDE OR DIE FOR THE FROGS,True,1742096362,2,0,0.538300096988677979,0,531,966,76561198951934911
3011030,190287244,fighting a disabled man with no skin with a spoon and a toy gun  10/10,True,1742064948,0,0,0.5,0,369,456,76561198195755631
3011030,189736204,really excellent roguelike with interesting mechanics and great atmosphere,True,1741480115,0,0,0.5,0,239,510,76561197971423227
3011030,210726300,"I Found This Game To Be Exactly As I Thought, It's Challenging And About How You Can Conserve Or Expend Your Inventory And By Chance How The Items You're Given Will Affect Later Gameplay. 10/10. Very Enjoyable.",True,1764122071,0,0,0.5,0,521,522,76561199098869020
3011030,198719442,"Runs 100% perfect on the steam deck

This game is both really, weirdly damn interesting and investing - while also being a nightmare. I'm conflicted on so much about this game but there's so much that did genuinely surprise me.

Huge fan, couldn't recommend it to anyone I know.

It is frustrating being able to miss 4 hits in a row and auto lose, however you can safely quit to menu and load back in about 3 times before they find you. Do not let them catch you

The other chars have the weirdest mechanics that I honestly have no parallel for a few, as well as some of the strangest things that happen because of them. Not a damn clue what's actually going on in the story though. 

The big flaws outside of the rng are, dialogue always repeats. When you unlock talk at the same part, it teaches you again. When you get bleed procced or poison proc, it inform you how it works again. As well as there not really being that much to invest yourself in with the builds and such.

I know there's a lot more for me to do, but if you're interested in the slightest by just the trailer you're honestly set to give it a shot.",True,1751447132,0,0,0.5,0,284,444,76561198058503875
3011030,207839248,"this game is a one of a kind, its kinda edgy, weird and stupid but wonderfully captivating. only a certain kind of person would like this game theme and story but its SO GOOD if you do.
gameplay wise, its kinda simple but fun, for being a rougelike RNG is not very important making your skill the deciding factor in winning, but you know its not infinitely replayable so sometimes runs can get a bit samey",True,1761701648,0,0,0.5,0,208,623,76561198314191011
3011030,188448500,slaps,True,1740178694,1,0,0.523809552192687988,0,219,562,76561198048804936
3011030,192247428,Found your game cuz of markiplier way back. Loved the demo. Full game does not disappoint. Love the creepy atmosphere and the crazy dream logic and elements you incorporated into the design.  I'm a sucker for rouge like games because of replay-ability.,True,1744059262,11,0,0.638356149196624756,0,291,567,76561198267962694
3011030,191892672,"NO-SKIN is a great game with solid mechanics, tons of story content to unlock (though you'll still never know wtf is going on), and a consistently disturbing art style.

However... I can't seem to play it for too long. This game messes with my head and after a session I feel noticeably uncomfortable and depressed. Huge kudos to the dev(s) for creating such an immersive, depressing, and impactful experience - the game's ability to shift my mental state and leave me feeling hopeless and despondent is a testament to its quality. ""Thanks, I hate it""",True,1743702720,0,0,0.5,0,248,248,76561198292721048
3011030,188778392,"This game is great holy shit. It just gets deeper and deeper the more you play. I saw the demo from markiplier last year and the content is easily triple that, if not more. I'm barely scratching the surface of it but its worth to play even if you just want to play a roguelike game without focusing on the lore :)",True,1740554822,0,0,0.5,0,273,313,76561198150851547
3011030,188532301,Well worth the price of admission. It's an innovative roguelike with an interesting story you have to discover. It has more content - especially more hidden content - than you might think. It can get a little repetitive but I'm still having a good time with it,True,1740262678,0,0,0.5,0,389,523,76561198284065512
3011030,188462521,i aculy cired at the end,True,1740193931,0,0,0.5,0,502,788,76561199131987714
3011030,188531204,Searching for a foreskin simulator,True,1740261581,1,0,0.515570938587188721,0,211,355,76561198822305569
3011030,188211069,"Amazing little gem, don't be turned away by it's minimalistic art style. Found myself having a hard time putting it down after I got into it's groove.",True,1739907676,0,0,0.5,0,462,462,76561198023769441
3011030,189390046,"a really creepy, unsettling roguelike that feels punishing but not unapproachable to play. I have a pretty weak heart when it comes to horror stuff but this game doesn't have any jumpscares for the most part (a couple of unexpected noises is all I can remember). the horror is mostly in the situation, imagery and subtext. speaking of which, there's a lot of themes of suicide and self-harm in particular in the game so if you're particularly sensitive to that be careful.

the combat system is very simple to understand but you can't really 'master' it insofar as repeated battles will inevitably wear you down, exhausting either your health or your items. the metaprogression doesn't really help in this regard either, since most of it is just extra stuff you can encounter rather than upgrades to your character, though some of the unlockable shop items are undeniably helpful.

there are no safe plays in this game. even in navigation, each location has a range of possible encounters, with at least one of which always being a fight. even something so simple as accessing a merchant comes with the risk of encountering something that wants you dead instead. in theory it's an incredibly RNG based game in that respect, it certainly felt that way for my first hour or so, but you can still make decisions to help even the odds. if you're low on health in chapter 1, going to the bathroom is usually a good option. even if you don't get one of the events that just heal you, the fights there reward you with a healing item anyway.

the game balances its own rng a little in that way. generally speaking whatever you might've gotten for free you'll still get for winning the fight in the same room. the exceptions to this rule tend to be the more risk-reward rooms. do you risk fighting an unkillable enemy, wasting a time slot and potentially health and/or items while running away, to potentially get a greater boon? (tip: the answer is often yes)
I'm pretty confident that the game is supposed to feel punishing to play (for narrative purposes) but it still does its part to feel like a game where you have agency rather than just a pain simulator.

as for the narrative... it's hard to tell. there's a lot of thematic and unsettling things going on as the protagonist seemingly loses all grasp on reality, and most of the enemies are increasingly distorted versions of your friends from the intro cutscene. there isn't a lot of talking or explaining, though. you do eventually remember how to talk later in the game but none of the enemies are particularly willing to explain the situation to you, mostly just threatening or insulting you. or pleading for help.
the game does eventually start pulling some threads together (which I won't say here) but for the most part it just leaves you to make your own interpretations on what the hell is going on and how much of what you're seeing is actually real.
I quite liked trying to piece together themes in this way but I can understand if other people find it frustrating or lacking in substance.

I should mention also that the game does have a scaling difficulty system (faith level, analogous to ascension in slay the spire etc.) and there is one level below the default buyable cheap from the metaprogression shop. I haven't actually played with this reduced difficulty mode so I can't say how much difference it makes but I assume it would make for an easier path to explore the game's content. another little tip from me if you're struggling is that enemy move patterns [spoiler]aren't random. they follow the same sequence each time you fight them.[/spoiler]

I haven't actually 100% completed this game yet, but I have played far enough to have found the skin (harder than you might imagine) and I'll play more of it when I've got the time. all in all it has surprised me with its quality and I keep thinking about it. in my mind that's the mark of a good game.",True,1741126115,1,0,0.5,0,308,478,76561198149300532
3011030,190402502,"beautiful game, loved it since the demo.
i reckon if you love earthbound type games (minus the overworld jargon) you'll really appreciate this for sure.",True,1742158406,0,0,0.5,0,349,570,76561198415105336
3011030,188244636,"The art style, the storytelling, the gameplay - everything just fits so well together.

I would have gladly paid more for this indie gem.",True,1739937394,0,0,0.5,0,367,612,76561198975821147
3011030,190031306,"Great game, after a while of playing I wish there was a skip text button",True,1741799147,0,0,0.5,0,420,420,76561198082224516
3011030,188253642,"This is one of the most cursed games I've ever played, and I wish there were more like this.",True,1739952602,0,0,0.5,0,433,1533,76561198024391621
3011030,188168800,"Great game! I would recommend it to anyone [b] [u] ONLY if they want the experience it offers. [/u] [/b]

I have A LOT to say, though This game is best played spoiler free, so this review will contain none.
Be warned for an in-depth analysis on the game below this line!

This game is not a turn-based RPG, though it may at first seem so. This game is a puzzle/mystery game that uses RPG mechanics to pace the story, as well incentivize the player to learn more about the world NO-SKIN presents the player. I will go deeper, and while I won't give spoilers, just in case you want to experience the game COMPLETELY BLIND, I suggest playing the demo.

I played the game when it was at it's demo stage, and I can say with confidence the game keeps that EXACT same style and mood, and expands on mechanics and goals. If you like the demo, you'll love the full release.

When I say that NO-SKIN is not a ""turn-based RPG"", I mean it in the same way that a sculpture made out of different colored M&Ms isn't ""food"". As is acknowledged in a secret room of the game, the combat loop can get extremely repetitive and easily bore you over longer play sessions.

This is why your goal when playing NO-SKIN should be to unpack the mystery of what is going on, and to solve small puzzles throughout the game to make your character stronger through the knowledge you gain. Most of the power you gain in NO-SKIN doesn't come from items or upgrades, but from understanding what each room offers you, and discovering the hidden interactions that can make you significantly stronger than any item alone could.

The reason I stress that this game should be played spoiler-free, is that the game, while subtle about its mysteries, WANTS you to solve them and beat the game. Now what do I mean by this? 

Take a game like ""Nix Umbra"", there are many hidden mechanics in that game, but they are in no way shape or form player friendly to discover. I would argue it is completely impossible to learn even a handleful of secrets and mechanics by oneself, unless you plan on dedicating dozens of ours in that game. Nix Umbra is flawed in that despite only having maybe a dozen or so secrets, a player cannot be expected to find many of them on their own, so they are forced to just google everything, removing all mystery and suspense. A small puzzle is no fun if the player cannot be expected to solve it without cheating.

A game like ""TUNIC"" is the exact opposite. The game has many secrets that are designed to be discovered by the player that puts in a reasonable amount of work. But ON TOP OF THAT, there are also many MASSIVE secrets that require a community-wide goose hunt to fully uncover, making the best out of both worlds, as even if the small secrets are mostly spoiled for yourself, it can still be fascinating to learn about the super hidden secrets in the game. Bigger puzzles can be fun through the cooperation a community needs to solve them, though the puzzle must be big to make this happen.

NO-SKIN falls in between these two categories, as while I don't believe there exists a giant community-wide secret in the game (though I may be wrong the game was released like 2 days ago), there are plenty of smaller secrets that the player is expected to solve throughout the game. In simple terms, a puzzle game is no fun if you already know the solution, and the same applies here. The puzzles in this game are perfectly balanced as far as I can tell, so avoid as much spoilers as you can and the ""eureka!"" moments you will get will feel absolutely amazing.

If you are wondering about flaws in this game, yes they exist, but overall can be overlooked. Some of the flaws I hope to be patched are as follows:
-Just as is said in one of the secret rooms, the 4th wall breaks feel like they're just breaking something else. The issue is that they occur far too often. I think the 4th wall breaks should occur once every 5-10 play-through's, and add an upgrade in the permanent shop to make them happen every single run when you've already beaten the game.
-The difficulty of the game is far too easy, even at higher faith levels. I am unsure what the maximum faith level is, but I would recommend making the difficult increase ramp up faster, as I felt that faith level 4 was about as difficult as faith level 2 should have been. Also, maybe incentivize players to play at higher faith levels by giving more Lunar fragments at higher faith levels, and half as many at faith 0.
-Some of the events or texts in the game come off as either edgy in a cringe way, childish or immature. This isn't something that ruins the game by any means, it just pulled me out of the game personally, and if No-eye-soft believes it is truly important for the story they are trying to tell, I will overlook those aspects. One of the lines that come to mind is the line before the final phase of the NO-SKIN-MAN when you do not have the skin. When you are called a ""female-dog"" (to follow steam's guidelines) it comes off as pretty odd. ONCE AGAIN i'm not a sensitive person by any means, its just that weird character moments such as that pull me out of the experience.

To recap, this is a great game, but be sure that you are buying this game for the mystery and puzzles, NOT for the RPG combat aspect. The game isn't perfect by any means, but it's unique and interesting enough in its excecution to warrent a playthrough by those who love a good puzzle or mystery.",True,1739853689,0,0,0.5,0,325,683,76561198944717638
3011030,188516306,"Game was a gamble, and it paid off. Enjoyed it a lot so far - well worth the price.",True,1740249025,0,0,0.5,0,254,906,76561198089500512
3011030,188106044,"This game is freaky in a really cool way. I don't feel as much like I'm ""building"" a character each run as much as I am scraping together what I can to survive and hedging my bets on options. 

Though if you're looking for more variety the unlockable characters seem to have more 'building' like most roguelikes. As they have an ability to acquire more upgrades. 

Overall so far I think the story and ambiance carry the game for me. Its just very eye catching and interesting and I constantly want to know more.",True,1739777769,0,0,0.5,0,228,306,76561198421107500
3011030,203285918,"i really didnt expect this game to be so good, i love the storytelling, music, art, and its also a fun roguelike with alot of content, even past what i assume is the main ending. worth way more than the like 7 dollars i paid for it.",True,1756679670,1,0,0.5,0,477,755,76561198355683255
3011030,190328505,"LOVE the absolute vibes of this game! if you like things that look like they were made by someone on drvgs, like horror, and/or like games that are oddly relaxing, then you will love this game. adore it. this needs to reach more people.",True,1742101183,0,0,0.5,0,291,644,76561198355512538
3011030,188169024,"Bought this quick 6 dollar game expecting a tiny indie gem worth a few hours of my time and ended up finding a masterpiece. There's so much depth to this game and there are soooo many options and different outcomes to explore that I havent found yet after tons of different runs. You really do have to use your brain for this one, especially for the diary puzzles and I love that. Cant wait to explore all of the game's content, highly recommend.",True,1739854019,1,0,0.523809552192687988,0,317,933,76561199583304072
3011030,210056230,"Lot of intrigue on this one, wish it had a bit more variety between runs and a little more to curb the RNG but extremely strong in terms of presentation and subversion.",True,1764009387,0,0,0.5,0,509,509,76561198073559660
3011030,203344524,yes i would recommend this game to other players,True,1756757194,0,0,0.5,0,529,529,76561198126726931
3011030,188214456,"good game, lots of surprises in store. worth every penny; no-skin rewards experimentation and sets you free to make mistakes and look into its mysteries at your own pace, but never leaves you without a way to learn what to do next if you need some help.",True,1739911212,0,0,0.5,0,300,368,76561198141124730
3011030,195392745,"Playing this game is like jumping down the rabbit hole, never knowing how far the fall is. I find it so fascinating and full of depth.",True,1747896298,4,0,0.553191483020782471,0,523,1378,76561199216330240
3011030,188245904,"It's really fun, has really interesting vibes and is also really confusing. I'm thinking I may have to try and take notes to figure out everything and if you like that kind of vibe then this is the game for you!",True,1739939396,0,0,0.5,0,507,734,76561199773950282
3011030,192912600,Incredible game. So many twists and genuine depth to the game. make more games,True,1744858657,0,0,0.4887218177318573,0,210,555,76561198276380898
3011030,205638244,WO IST MEIN SKIN?,True,1759344250,0,0,0.5,0,309,312,76561199088844500
3011030,211539715,"No-skin is a simple, yet haunting RPG Roguelite Horror that increasingly gets more challenging and sometimes feel like a puzzle to be solved rather than a wall to smash through.

Despite its straightforward presentation and limited mechanics, the game's depth feels like an abyss the more you let the disturbing atmosphere sinks in, like an eldritch horror's dream.

[h1]In Short[/h1]
The game is relatively simple, it's a turn-based RPG where you have to plan your move, attack the enemies, use items, run away or even some odder mechanics like talking and trading with them. Each enemy will respond differently based on what you do, there are more hidden interactions that are hinted upon as well.

Using your items and taking actions wisely is the key to survival and fishing a run. Finishing a run isn't the end, each run you will not only unlock something else you can use, but you will slowly unravel what is happening. Whether you can unravel the entire story or not... I don't know, I've not gotten too far.

But so far, the atmosphere of the game is absolutely impeccable, turn off the lights, put on your headphones, and let the abyss stares. 

As a sidenote, personally I wouldn't be playing the game constantly to completion, take breaks, then get back to it, don't overwhelm yourself with the game, let it slowly guides you to its world. 

[h1]Recommendation[/h1]
Personally, a total recommendation, this game contains an amazing creepy atmosphere and a puzzle-like combat mechanics that push you to feel the horror in your heart, not in your face.

Initially, you may think the game isn't that hard, but the more you play, the more difficult it gets. Though, the game isn't about making sure you will lose, it's about making you think about assembling the puzzle pieces. As for why, I guess you'll just have to figure it out yourself.

[h1]Extra thoughts[/h1]
[b]Mechanically[/b], the game's is straight forward, you attack or defend consuming a turn, while using items, talking or trading don't consume a turn. However, there is no free lunch, every action has a consequence that you'll have to calculate. While not encountering enemy, you'll get a randomly generated set of location to move to, with each location has a chance of triggering different events, so picking the right course of events to let you succeed in a run is absolutely essential. And with each run, the amount of locations may increase, giving you both more choices to make and risks to take.

The battle encounters are structured like puzzles, not only there are sometimes hidden mechanics for an enemy, but they have their own patterns of attacks and tells, you'll have to adapt your strategy because you can't just out-level your enemies like traditional RPG games, this is a roguelite! While there are permanent upgrades you can make between runs... don't count on them to make you overpowered, you're always on the verge of annhilation in this game.

[b]Thematically[/b], the game doesn't tell you much, is anything real? Is everything a delusion? Or both? Who knows, the game's simplistic designs are deceptive, in those darkness and blank space, it gives way to imaginations, if you're the type of gamer who let the atmosphere, the world sink into your head, you'll find horrors lurking around the darkness, the unknowns bring about the greatest amount of uneasiness.

[b]Sound designs[/b], are fantastic, special mention, despite there being no voicework in the game, the music and sounds in the game will constantly make you feel uneasy, casting a fog over your whole experience. Please don't play the game on mute, it's like disabling the fog in Silent Hills! Instead, let the game's sounds lead you into its world and creeps into your mind.",True,1764379013,0,0,0.5,0,234,234,76561198028162254
3011030,200210833,Great aesthetics with simple roguelite mechanics,True,1752993554,0,0,0.5,0,528,596,76561198078325731
3011030,188548791,"peak skin man
nothing but respect for these devs. really fun game and good mix of rougelite and rpg elements. makes me wanna play more",True,1740282419,0,0,0.5,0,506,678,76561198083142166
3011030,190022938,good game,True,1741791245,0,0,0.5,0,452,454,76561198438293418
3011030,188216579,"I'm giving this a slight recommend. I think for the price there's some interesting stuff here, but overall it falls flat and I have significant criticisms with the game as a whole.

As the game shows, this is essentially a turn-based horror roguelite experience. The core gameplay and the one you'll spend the most time in is the No-Skin mode with the goal of getting to 100% (at first). Essentially though, the game is all about managing resources. Understanding which rooms to go for if you need life/ammo/instant damage, fishing for upgrades/shops and fighting enemies with minimal resource loss. For me at least this system was fairly simple (having beaten the game past Faith 4 + extra bosses) and for the most part it wasn't very difficult. Which is perfectly fine, but one of the core problems the game has is tedium. There are a lot of repeated text boxes, enemies have a fairly low amount of dialog, and getting into the later half of the game where you need to optimize trades for items/health etc exacerbates the problem. For the most part bosses are knowledge checks, if you didn't get to a boss with specific resources or items you're likely to lose.

Which brings me to the second critique: There's a fairly low amount of variety. Enemies tend to all behave very similarly, there's a small pool of upgrades both from the shop(s) and from the meta progression. It means whatever character you play will tend to always play the same.

Gameplay-aside, the story and characters is probably the bit I'm most lukewarm on. You're introduced to the same characters in different contexts (battle, dream diary) but for the most part there really isn't much there. You get brief glimpses into a characters personality, but none of it really comes together in a way that is coherent. In many aspects it feels like the game is both doing too much and too little, the parts where the game tries to break the mold are interesting but it does so with such frequency that it reduces the novelty.

The artwork is generally really good though along with the ambiance, but that's unfortunately not enough to really carry forward gameplay that is just sort of there and a story that can't decide what it's actually trying to do. I think it's still a unique enough title that's worth a look, but ultimately I'd consider the game to be a resounding 'Okay'.",True,1739913584,14,1,0.687611520290374756,1,455,455,76561197978094806
3011030,201175062,I really wanted to like this game. Unfortunately I am pro-skin and there is a distinct lack of it... 0/10,True,1754004551,0,0,0.476190477609634399,0,539,757,76561198056653279
3011030,208195875,"Not so much a fan of rougelites because they require quick twitch reflexes (think Enter the Gungeon.) 
This is more my speed because I enjoy turn-based RPGs. 
In addition, I like when a game lets me learn its systems and gives me a chance to break them with a good build. 
I got this game as part of a Humble Bundle and thought I would try it for a bit and not like it, but I was sucked in. I'm gonna keep playing it to get more endings and figure out what the heck is going on with the story.",True,1762058309,1,0,0.517167389392852783,0,285,290,76561198119817858
3011030,188891555,"Been excited for this game ever since I saw gameplay of the demo and I'm so glad I picked up the full version! With a bit of help from other players, I was able to finish the base game (not including extras such as beating a run as the other playable characters) as it can be very confusing about what's going on and what to do next. But honestly, that's what I love about this experience. It's heavy on abstract-absurd horror, in exploring the deterioration of the mind and very real problems people face in life, and in never quite explaining what's going on. I can see it being frustrating if you enjoy clear-cut answers, but I love a game that is so unapologetically strange. It's also pretty solid in being a roguelike; I've seen people complain that you can easily learn what certain rooms and items gives you but that just saves it from being too frustrating. Some parts of the game heavily relies on you learning what steps to take to reach success. Winning feels rewarding, and losing rarely feels unfair (and when it does, I later find out I was using the wrong tactics so it's not the game's fault LMAO).

Really great game if you wanna dig into a strange but engaging story, and if you're ready for a fun challenge!",True,1740690889,0,0,0.5,0,448,837,76561198797010612
3011030,188319006,"I can verify this is a joy to play on the Steam Deck! I was browsing and stumbled upon this gem of a game on sale. I walked in blind and was amazed with the unique artstyle, charming air of mystery, and spooky atmosphere coupled with the challenging, and unforgiving elements of managing your resources wisely against foes with a touch of luck that could make or break your run.

This is great stuff. Looking forward to more updates in the future!",True,1740032527,0,0,0.5,0,266,445,76561199539365345
3011030,188213311,"Such a fun combination of roguelite and horror, I loved it!

Simple to learn and get inside the trippy world of the game. Interesting, mysterious lore to explore. Great replability value.",True,1739910098,1,0,0.518828451633453369,0,291,1025,76561197982653892
3011030,190383808,"[h2]Some Chafing[/h2]

This is going to be one of those ""It's good, but"" reviews.

Imagine a body of living, breathing meat. Now picture a wrapping of skin for it that doesn't quite fit right. With me? Okay, so the meat is the guts of a classic roguelike experience and the skin in this case is the horror atmosphere. I'm going somewhere with this.

At first, the two move as one. You select a new room, see a surreal horror accompanied by an eerie soundtrack, and you're on edge. The meat twitches. The skin twitches with it. Grotesque harmony.

Over time however, that ill fitting causes the meat to unsync with the skin. Roguelikes adore repetition, and repetition abhors horror. Revisiting the same rooms, encountering the same nasties with the same spooky soundtrack ceases to terrify, nopeify, or even reach significant levels of perturbification. Once you clear the game, then it's time to run it again on Prestige 1. Then Prestige 2. Then again. Again. again. A fresh sting here and there does help, but eventually that skin is worn down to callouses through friction with the meat, leaving the player feeling numb.

For the price, it's value enough for those first few runs. If you're looking for games that better blend a horror & rogue-like experiences however, here's some I'd consider ahead of this title.

[b]World of Horror[/b] 
Why it works better? [i]Plenty:[/i] There's just more of this game then No-Skin. It will hold your attention longer before you're familiar with its awfulness, although with a price point to match.

[b]Inscryption:[/b] 
Why it works better? [i]Variety:[/i] The gameplay experience and atmosphere are prone to twists and turns, keeping you on edge. It is less of a strict horror experience, so those seeking spooks solely might not be sated.

[b]Fear and Hunger / Terminus:[/b] 
Why it works better? [i]Agony:[/i] These games hurt you through vicious encounters and a startling degree of depth, drawing you deeper into its foul pits, only to snuff you out from a single misstep, daring you to try again from the top. You cannot help but feel tense with every moment you spend in these games, although they both sabotage that tension at times with juvenile body horror (Terminus is better about it).

If you've played and vibed with the above, No-Skin will feel right at horrid home. Just don't wear out your welcome.

[hr][/hr]

I've some other dark places to show you, provided you'll grant me some leeway with that ""dark"" descriptor. [url=https://store.steampowered.com/curator/43226863/]Check Out My Curator Page[/url]",True,1742145492,1,0,0.395940452814102173,0,233,233,76561198000326220
3011030,202121566,there isn't much content but what's there is really good. If there were a sequel I'd buy it,True,1755189677,0,0,0.5,0,313,317,76561198131686181
3011030,209148828,"NO‑SKIN is a roguelike horror with turn-based combat where you will die a lot. The story is mysterious, and the atmosphere is absolutely gripping.

Imagine this: a house party with friends, all the drinks are gone, and we’re sent to the kitchen to get more. We just go for the drinks, and suddenly NO SKIN guy appears. He demands that we find his skin, or he will kill us. That is how the game starts, full of surreal and unsettling events.

The game has a bizarre and gloomy visual style: pixel art characters against distorted photo backgrounds, with an oppressive yet oddly relaxing ambient soundtrack and nice designed characters that perfectly fit the surreal vibe.

When you win battles, you earn two types of currency. Lunar Fragments are used for meta-progression, unlocking upgrades and new options between runs, which you can enable or disable. Crimson Fragments are spent during the run itself: on buying items and, if needed, to bribe enemies out of kicking your ass.

The game is RNG-based, so you might love it… or hate it XD

Follow Curator : [url=store.steampowered.com/curator/44793303-The-games-that-I%2527ve-played/] The games that i`ve played [/url]",True,1763068498,0,0,0.5,0,215,300,76561198067727574
3011030,190341484,I can't believe I have to tell people that one of my favorite games of 2025 is a game called No Skin,True,1742115036,1,0,0.518072307109832764,0,529,529,76561198108126572
3011030,188185562,One of the few roguelikes that actually make you feel intrigued as you uncover more and more of it's secrets,True,1739881213,0,0,0.5,0,329,544,76561198446356543
3011030,193924403,"A fantastic experience, intriguing lore, fitting art style and just enough creepiness to make your hair stand on end without using cheap jumpscares. One of the better and more unique roguelite experiences",True,1746039957,0,0,0.5,0,416,1155,76561198988123782
3011030,188252538,Amazing incredible,True,1739950570,0,0,0.5,0,207,229,76561198174788022
3011030,205388623,"This game has a lot going for it: secrets to uncover, a story that takes multiple runs to piece together, and some surprisingly tough encounters. Be warned though—progress usually means replaying, and a lot of the good stuff is locked behind puzzles or hidden paths. Don’t expect many guides either, so most of the discovery is on you.

Bosses will crush you if you don’t learn their mechanics, and the Dream Diary (if you unlock it) houses some of the hardest fights. You’ll die a lot, but the game does give you tools—extra items, new shops, and mechanics that open up as you figure things out. My best advice: treat every fight like a puzzle and stock up on items if you want to push past those rough spots.

Run times vary—quick ones can be 15–45 minutes, while deeper runs can stretch well past 2 hours, especially if you’re solving puzzles or hitting new bosses for the first time.

For $7 (or $10 with the excellent horror-style soundtrack), it’s a steal. I’d recommend it to anyone who likes lore-driven games, challenging fights, and secrets that reward patience. Personally, I’m excited to see what NoEye-Soft does next, and how it ties into other games here or if they ever expand on the world they are building.",True,1759056626,1,0,0.5,0,254,369,76561199211801281
3011030,188326562,"this game was way more then I was expecting it to be. Its got cool story to uncover, cool cbaracfers, and fun gameplay! I recommend it",True,1740045189,0,0,0.5,0,408,414,76561198063849627
3011030,203181989,wow,True,1756561327,1,0,0.476190477609634399,0,228,249,76561198378021116
3011030,188630075,"extremely good creepy vibes in a unique roguelike.  quickly becoming one of my comfort games, highly recommend to those who like dark vibes and trying things out to discover secrets!",True,1740365211,0,0,0.5,0,453,1904,76561199092704227
3011030,188168899,"10/10 game, definitely worth the price and honestly i feel like it should be more.",True,1739853838,0,0,0.5,0,294,773,76561199257684553
3011030,188823766,nice skin,True,1740605890,0,0,0.5,0,350,372,76561199022445550
3011030,189310705,Fun.,True,1741051553,0,0,0.5,0,405,426,76561198272456130
3011030,193372092,"Really cool artstyle, story is told in a confusing but interesting way, 100% recommend",True,1745362955,0,0,0.5,0,372,551,76561198144114720
3011030,188300676,Gud,True,1740005509,0,0,0.5,0,406,406,76561198064993861
3011030,191059653,"im in love with this game
so many secrets and things to discover",True,1742808621,0,0,0.5,0,514,825,76561199022559879
3011030,193144291,Very very good game.,True,1745106232,0,0,0.5,0,437,1291,76561198069032806
3011030,196566710,such a great game the mechanics seem like there not very  in depth  but this game makes the mechanics really stick with items to upgrades you gradually build slowly to fast and become a powerhouse.and having to choose what room to go in for items that suit your needs . taking those gambling chances are fun. story is great cool rabbit hole i really like when games do art syle is amazing. music design is amazing and goes with the theme and art design. i give this game a 9.5/10,True,1749242020,0,0,0.5,0,537,612,76561199698312119
3011030,190694706,"I usually don't review something before finishing something or giving up on it but this game deserves more attention.

Such a cool a sleek rouge like RPG. Every run something interesting happens so far. There is a lot of reputation but it plays into making the game feel fair. It's not complex in a good way it helps prop up the story.

Only complaint is the lack of cloud saves. It's the only reason I wouldn't recommend it for steam deck users who like to play on their computer as well. Otherwise I didn't have any issues with playing on my deck.",True,1742465123,0,0,0.5,0,392,1035,76561198037202010
3011030,188246320,"Good, creepy atmosphere",True,1739939978,1,0,0.515151500701904297,0,452,1650,76561199578094719
3011030,211722356,"A surprisingly fun turn-based combat roguelike with the atmosphere that sort of reminded me of Inscryption, in a good way.",True,1764444806,0,0,0.5,0,229,229,76561198050663175
3011030,188499397,fabulous,True,1740234974,0,0,0.5,0,367,367,76561198052162830
3011030,188258996,Great first impression and wonderful atmosphere for a horror roguelite.,True,1739959391,0,0,0.5,0,280,671,76561198055847123
3011030,192904939,"[quote]""You're dead. Your friends are dead. Your family is dead. Your ♥♥♥♥♥♥♥ pets are being skinned alive. Your mom's a ♥♥♥♥♥♥♥ ♥♥♥♥♥. You suck at life. The whole world hates you. You're going to Hell. Live with it. Game Over.""[/quote]
NO-SKIN is a psychotic urban punk fairytale that plays like World of Horror if it was made by Daniel Mullins high off the Draft of Darkness' kitchen sink residue. I'm not flaunting the verbiage here, it's exactly as bizarre as it sounds. Be wary that this game bathes in gore and self-harm. If you aren't ready, you might find it getting under your skin upsetting. Now, it all begins with a group of friends discussing relatable topics like long shifts and lousy management. The friendliness ends soon after as the world goes dark. Your name is Noire and you drank too much, now you see a flayed man standing in the dark hallway on stubs for legs. He asks you where his skin is and demands it back. ""Until you do, I will show you things as they really are."" This is not a gift. Your apartment becomes a death trap, but don't despair. The Moon Goddess shall lend you a hand by bestowing her blessings and bringing you back to life. It's a roguelite, after all. The game immediately tells you that each action ends your turn except for items in your bag, which you can use to your heart's content, stacking up buffs. It does so to emphasise that consumables can do just about anything, so be resourceful, hoard, watch your only stat - hp. Weapons have 2 stats: damage and accuracy. By default, a knife is weak, yet a gun needs ammo. Both can be modified in unconventional ways.

Having all that resource management in mind, you pick between rooms to enter. Each presents you with a list of events that could happen, their probabilities on display. Agency is king, make it count. On entering a room, you roll for an event and make even more choices. Partake in turned-based JRPG-like combat with clearly stated intents, kill to loot items as well as two types of currency that allows you to buy items from frogs and fish or recall memories for meta-progression upon death. When you don't fight, you solve surreal conundrums. Help the hanged man at the expense of some health? Play Russian roulette with a skeleton? You could talk to monsters, propose a trade, even hire one like it's Megami Tensei! Soon, you'll find out the intricacies of your bitter relations with your condemnatory frenemies. Nothing is as simple as it seems, there's a subtle questing system in place. But let's not dwell on something you'd rather discover for yourself. Action by action, you obtain a percentage of finding the skin, your Golden Fleece and a carrot on a stick. No-skin Man's curse intensifies as you progress no matter what you do, making your enemies stronger and your memories more vivid. Thus, you unlock more and more rooms to visit, muster an arsenal of items and perks, then pass thresholds, going deeper to face nasty bosses who sometimes cheat.

https://steamcommunity.com/sharedfiles/filedetails/?id=3464603841
Are you tripping? Is it a prank or a nightmarish delusion that forces you to murder your friends for real? Their caustic visages deteriorate alongside your glitching world. You constantly learn about them and the game, which never ceased to entice me with its raw emotion. Is it a story about human bonds? Penitence? A hard life? The throughline stitching its threads together is elusive. I won't tell you what's going on since the intrigue stemming from a simple premise is the bait. Besides, it would merely be my interpretation, not something certain. What I can tell is that this isn't a disposable kind of deal. It's too mental to get stale ahead of time. You'll unlock difficulties, characters with different agendas, and side-puzzles of the Dream Diary, expanding your knowledge and meta. When you think you broke the code, the labyrinth of suffering keeps growing with each beating like a bruise. At that, the game can be grindy and could use a fast-forward button for the repeated text. But it's a fun affair regardless. With clever mechanics to wrap your head around while taking wrapper after wrapper off this sour candy. It's cruelly hard, too, but offers an easy mode. Almost no strings attached. So, be not afraid, NO-SKIN was designed to appeal to a wider audience without losing its punk edge. This game earns its grit. First, it catches your eye, then slowly burrows into your brain.

My curator [url=https://store.steampowered.com/curator/35305390-Big-Bad-Mutuh/?appid=262060]Big Bad Mutuh[/url]",True,1744847935,39,4,0.806978523731231689,22,508,508,76561198027842955
3011030,194580123,the no skin man got to me and did the no skin dance,True,1746847832,1,1,0.523809552192687988,3,212,546,76561198441321167
3011030,188903567,"Turn-based rogue-lite with NEET aesthetics. Made in a lab for me. I think this game can suffer from a lack of decision-making once you're at your third or fourth character, as I can really auto-pilot through some parts, but it isn't enough to stop me from recommending this to everybody I know.",True,1740706669,3,0,0.547308683395385742,0,231,265,76561198119501258
3011030,193952728,"Good mechanics, not so repetetive gameplay, 1 run takes up to 25 mins, concept is good, unlockables feel important, lore is simple, experimental sections are fun, charachters are pretty diverse.
on the other hand it has terrible menu navigation, bad balancing, and some things are just made to ignore them. overall good game 8/10",True,1746076858,0,0,0.5,0,310,369,76561199167852071
3011030,211803795,"A fun mysterious and creepy rogue lite that is easy to pick up and play. There's tons of mystery to unravel through multiple play throughs and a reasonable amount of unlockable items.  The game play is also fun, so there is a fair share of number of tons for replaying.",True,1764476475,0,0,0.5,0,331,600,76561198094151507
3011030,190717426,"A truly unique experience! I absolutely love everything about this game. While it may seem simple at first, the depth becomes clear as you progress, revealing intricate mechanics and rich details. It's an engaging journey that is absolutely worth experiencing.",True,1742485708,0,0,0.5,0,431,692,76561198029271596
3011030,197624424,"it's fun but losing a really solid run because my 85% accuracy gun and torch decided to miss 4 times in a row is really frustrating, and with the loop it'd be nice if you could skip through dialog you've already seen by holding z instead of mashing it

aside from that when rng doesn't mess you up it is enjoyable",True,1750345491,1,0,0.534412980079650879,0,383,494,76561198363331990
3011030,207020840,Its a really fun rouglike. I enjot it a lot. Sometimes though I overprep too much and just horde all my items until I just anihilate the last boss. Still a fun way to play,True,1760805601,2,0,0.490584731101989746,0,452,675,76561198121316054
3011030,188205198,"À nice little horror-Rpg with good choices and replayability.
A lot of different endings, events and unlockable stuffs.",True,1739901861,0,0,0.5,0,305,352,76561198009421109
3011030,194363679,"probly the best indie game iv ever played. the atmosphear,gameplaye,story and GAMEPLAYE is PEAK!!!",True,1746553285,1,0,0.5,0,245,593,76561199740947076
3011030,188161318,One of the best indie games.,True,1739842538,0,0,0.5,0,332,387,76561198135020303
3011030,188604126,Long gilled fish. my beloved.,True,1740336917,0,0,0.5,0,526,633,76561199793918267
3011030,188662380,absolutely love this game! i played the demo awhile back and really enjoyed that and now the full game is here. theyve improved alot and added so much more stuff. the gameplay is really fun and none are the same and the artstyle is beautiful. there's even lots of secrets. highly recommend!,True,1740411928,0,0,0.5,0,259,318,76561198416145297
3011030,188456478,"While I do have some small complaints about this game, it is a very solid rogue-like with a heavy emphasis on resource management. The highlights are the combat and the music for me, i must admit most of the story flies over my head as i think I have only been able to understand some surface level stuff.

I would absolutely recommend this game to people who want a fun rogue-like with some neat secrets or an interesting story, especially for the price this game is at.",True,1740187128,0,0,0.5,0,441,441,76561198387565139
3011030,190234732,HE HAS NO SKIN???!!!!!!?!?!?!?!?!?!?!!!!???,True,1742024427,0,0,0.5,0,528,577,76561198017841144
3011030,188779011,good stuff,True,1740555905,0,0,0.5,0,501,501,76561198010364335
3011030,188757781,"Imagine Undertale meets Slay the Spire but it is about emo teenage squatters zoinked out of their gourds fantasizing about Fear and Hunger lore and how cool Chambara is.
Absolute cinema, you should play it.",True,1740522419,0,0,0.5,0,248,831,76561197997439198
3011030,209166545,"Love this game, I've played it through on itch so many times to find all the secrets",True,1763088489,0,0,0.5,0,531,585,76561198028931761
3011030,189226349,good game,True,1740962565,0,0,0.5,0,302,400,76561199141401211
3011030,188425237,"Game is pretty fun, and I'm enjoying my time with it however if you don't like RNG based games I doubt you'll enjoy this very much. Whenever you enter a room you can see the % chance on things happening, and if you dont hit the one you're aiming for it essentially wastes one of your limited turns in the game. This is especially annoying when trying to access the 2 vendors in the game, as you are not guaranteed to get the same room layouts, so for some runs being able to get upgrades is completely out of your control as far as I'm aware. God forbid you get 1 of the 1% encounter rates when you enter a room which most of them just seem to be fake out crashes or deaths, funny the first time, forever annoying once you know you waste one of your limited turns. 

Otherwise, the art style & story are cool, and I like the resource management aspect of the game. Once you have a run where you are consistently lucky enough to be hitting the rng checks for vendors & blessings you can actually start making builds.",True,1740158210,1,0,0.5,0,294,603,76561198101569799
3011030,188278148,"Skin man has no skin where's his skin?
Did he leave it in the dryer?
Did he forget it at the DMV?
Why no skin man not have his skin?
Maybe no skin man wants to borrow my skin?
I cant find skin mans skin, its not my job to find his skin.
Maybe no skin man should have been more responsible with his skin.
Its not my skin why do I have to find it?

I hate the no skin man.",True,1739981636,0,0,0.5,0,372,1358,76561198045129962
3011030,189458927,"Personally, I prefer my skin lightly salted and very crispy.",True,1741201230,2,0,0.523809552192687988,0,260,498,76561198201573147
3011030,204951759,guys please play this game its so peak guys guys am i mutted,True,1758552725,1,0,0.496774196624755859,0,393,393,76561199412099686
3011030,192478920,i LOVE this gaaaammmmeeeeeeeeee,True,1744349267,1,0,0.5,0,212,766,76561199047529869
3011030,189839508,"plot is only understandable if you have schizophrenia but i think that is ok, sometimes games are like that.
very very good!",True,1741571211,5,1,0.60000002384185791,0,328,334,76561198199962542
3011030,209846461,"Can't find the skin, but it's been great trying and dying in the process. :D

11/30/25 UPDATE: Still can't find the skin. :D",True,1763820471,0,0,0.5,0,494,570,76561198044780452
3011030,188905603,"Oh my god I actually love this game. I found it when ManlyBadassHero played the game originally, so I was able to vet and make sure the horror wasn't anything personally triggering to me.

I love how this game works, I love the rogue like nature. I have barely scratched the surface of this game and I love the themes and ideas already, even if I am still a tad clueless about the story so far. I hope to figure out the narrative as I go, and enjoy more of the mechanics because it's so seamless and fun to get runs going, especially when you don't fuck yourself over instantly because you use all your items on accident (guilty).",True,1740709612,11,0,0.635620832443237305,0,319,1383,76561198068303486
3011030,198142489,"This is one of the best indie horror games ive ever played its great combination of fun and challenge and it has alot of depth with how you can interact with the world in ways that make feel smart to figure out. The writing is fantastic being extremely meta yet also being very down to earth at times, conveying real human emotion in ways most games fumble at. My only gripes with this game is after a while runs start to feel kind of repetitive maybe needing some more random elements as once youve figured out a consistent enough strategy the game gets quite easy but this might also be because i played the demo before this so already knew the game alot better going in. My other gripe would have to be the difficulty, each time you beat a certain boss in a run youll unlock one additional difficulty level with there being 9 in total. The issue with the system is both the game feeling repetitive up to a certain point and each difficulty barely even changes anything a noticeable its just small increases like 2 less starting HP or every enemy has 1 more HP which dont change the way you play in anyway aswell as only getting those extra difficultys by getting the normal ending and not any of the secret endings which youll probably be getting alot of if your trying to get the true ending. Overall id still recommend this game to any RPG or horror fan its cheap, fun and well made and my issues with the game only rear there head after playing for long enough to where I already got the true ending so it only really matters if want to continue beyond that.",True,1750888187,0,0,0.5,0,360,401,76561198361537116
3011030,189012958,"Eat your friends, they'll understand 'cause they would, too",True,1740794840,1,0,0.52173912525177002,0,522,744,76561198353419170
3011030,188180290,Genuine masterpiece of a game. If matpat was still around the theories on this would be so good.,True,1739873643,0,0,0.5,0,224,425,76561199156575193
3011030,188190455,"this game is really good! currently waiting for some big youtuber to play it leading to an influx of parody twitter accounts of the NO-SKIN MAN replying to random tweets telling them to ""find my skin""",True,1739887092,0,0,0.5,0,425,737,76561198277141734
3011030,189234332,Very good! I wished more games were like this.,True,1740971728,0,0,0.5,0,510,668,76561198232581360
3011030,197878647,"A little rabbit hole with a little price, fun and well executed gameplay and immaculate vibes. Just buy this game it's insane and deserves more attention.",True,1750599101,0,0,0.5,0,530,530,76561199661464722
3011030,189582797,"if it even slightly interests you please buy it, it's addicting and worth the price tag",True,1741345795,1,0,0.5,0,498,1377,76561198821195109
3011030,188877549,"as the title would suggest, he has no skin
good game",True,1740676044,0,0,0.5,0,346,346,76561198147813925
3011030,207215771,Phenomenal game,True,1761021303,0,0,0.464083433151245117,0,512,664,76561199095731058
3011030,209726375,This game has unexpected events.,True,1763677191,0,0,0.5,0,302,302,76561198963513516
3011030,199830109,"Very good little horror rogue-like. I enjoy it a lot. It's not the most complex thing in the world- at least mechanically, the story is another matter- but I enjoy the art style, storytelling and imagery of it a lot. If you're like me and think that horror rogue-likes are a bit underused or underappreciated, this is a good one.",True,1752550603,0,0,0.5,0,249,249,76561198085150045
3011030,199288855,"Cute rouge-like. Love the pixel gore theme. Gameplay looks like nothing first glance, but you don't watch the hours pass once you're in. Endless replay-ability and the randomness and customization flow well with each other.",True,1751984499,2,0,0.541984736919403076,0,252,354,76561197987181617
3011030,192288465,"This is a masterclass in horror, turn based challenges, roguelike and knowing how long to make something, instead of pumping it full of bloat. It's incredible and the writing is making me chase every possible unlockable and scene. I'll be following this dev!!",True,1744117044,1,0,0.523809552192687988,0,257,452,76561197983286479
3011030,188218775,very good,True,1739916099,0,0,0.5,0,209,429,76561198798782589
3011030,201318308,"One of the best games released in the last five years, an incredible roguelike with great combat and an addictive loop. The storytelling is amazing as well, piecing things together is so much fun.",True,1754173360,0,0,0.5,0,483,511,76561199088461116
3011030,209496826,very good and unique. simple to play and challenging enough to keep me coming back. i Love no skin man <3,True,1763412908,2,0,0.529812633991241455,0,475,475,76561198084214360
3011030,198365029,"very atmospheric, with great artwork and decent mechanics that do unfortunately get a little bit boring after a while, but it's inevitable for this type of game. some of the ""unexpected events"" really are unexpected, and the game does have enough mechanics to justify going through a few cycles. the story is more on the ""hype moments and aura"" side, but doesn't harm the atmosphere in any way, so it's fine.",True,1751120247,0,0,0.5,0,225,363,76561199811608508
3011030,199894850,a surreal little rougelike. pretty unforgiving but we like it,True,1752619728,0,0,0.5,0,218,218,76561198171103723
3011030,188381978,"An extremely interesting twist on the rogue-lite formula. The gameplay evolves with each ascending level in a run by adding on dialogue and trade options for combat similar to something like Shinimegami Tensei. You will feel kind of helpless and like you can't really progress at the start but that's because it's a horror roguelite. There are a ton of secrets in this game and 1 achievement so do your best to try explore different routes of gameplay and try new things. It's hard to beat.

Great before bed Steamdeck game.",True,1740107097,4,0,0.533823192119598389,0,239,247,76561198255850744
3011030,198788901,no skin :),True,1751506466,0,0,0.5,0,296,849,76561199202554971
3011030,191131801,"This is a very interesting game. A analog horror roguelite that isn't really one kinda in a weird way. There's many set paths and it's rng where you actually go, but given the length of the game there's a good chance you'll see everything and be able to consistently set up the same build if you wished to. The game is pretty hard at times, but easy once you discover winning strategy. If you are a fan of turn based battle and analog horror you'll enjoy this.

100% Notes: Only one achievement in this game, that I have actually yet to get at the time of writing this. It appears you have to do alot if not everything in the game to get it. I plan on getting it. I'll edit this and give more in depth on how hard it was when I have it. GL Hunters.",True,1742886280,0,0,0.5,0,333,409,76561198811513494
3011030,188369951,This game is absolutely fantastic.,True,1740090620,0,0,0.5,0,212,2719,76561198064605191
3011030,201684760,very fun,True,1754632666,0,0,0.487329423427581787,0,430,532,76561199230281402
3011030,201753603,I highly recommend this game! I liked it so much I bought it for myself and two of my friends!,True,1754720646,0,0,0.487329423427581787,0,504,706,76561198368085045
3011030,188632077,"NO-SKIN presents itself as short, style first, turn based rpg rougelike; however, that's selling it short. There is a lot more going on under the hood with this one. 
It's honestly hard to start describing the systems without spoiling anything, so I would recommend checking out the demo if it catches your eye.
All of that said, I'm enamored by it. A ""short dive"" into this rough around the edges indie had playing for 7 hours straight. I would think I had seen what there was to see (which I was fine with for the style, creativity, and price point), and then something unexpected would leave me following a rabbit hole into what was hiding around the next corner.
I'll be spending a lot of time with this one. HIGHLY recommended.",True,1740368165,0,0,0.5,0,434,1070,76561198010304514
3011030,188126825,YES,True,1739805696,0,0,0.5,0,371,371,76561198153902419
3011030,189911444,"A fresh and simple turn-based title with a peak horror vibe and interesting game mechanics. Pretty reliant on RNG, but it places emphasis on your choices.",True,1741652873,0,0,0.5,0,406,406,76561198055830572
3011030,189201390,Love the style,True,1740941026,0,0,0.5,0,221,938,76561199080374238
3011030,188996488,"Very good game! Well written, creepy and coll. Totally worth the price",True,1740780863,0,0,0.5,0,298,1444,76561198023104907
3011030,189069219,"You walk into a calm room

...

You look around and find a good rougelike with a lot more content then you expected

...

A truly unexpected event",True,1740840459,50,10,0.8338356614112854,0,214,809,76561198856947627
3011030,188396267,Extremely addicting gameplay loop. Charming graphics and cheap. Check it out!,True,1740129686,1,0,0.5,0,234,234,76561198067137066
3011030,188167532,Bought this on a whim and it didn't disappoint! Fun roguelite that's easy to jump into for fans of the genre. Love the eerie art style and writing. Runs feel fair and satisfying and you don't feel like you're bashing your head against any certain obstacle for too long. Looking forward to playing through the entire game!,True,1739851649,0,0,0.5,0,260,498,76561198258070659
3011030,204578515,"this is a masterpiece, the atmosphere is fantastic the story hooks you, the game pushes you to experiment and have fun and rewards it every-fucking-time, i'm in love, plus there is SO MUCH content, if you like to explore complex games, if you like creepy rougelite, if you like to piece togheter fragments of stories, if you like speaking to fish, if you like going crazy this is the game fot you",True,1758142957,1,0,0.5,0,495,1137,76561198330181258
3011030,188625977,"Played everything the demo had to offer, very immersive and interesting horror roguelite with simple yet cool mechanics. Definitely a worthy experience",True,1740359490,0,0,0.5,0,277,486,76561198272511059
3011030,193749781,This narrative roguelike that teaches you how to manipulate your resources and combat mechanics to advance. The characters are interesting but also very gruesome. The horror is very well done. I would like to see Markiplier return to this game and it's completed state. It has grown much since his last Showcase of it.,True,1745804098,0,0,0.5,0,265,265,76561198044256445
3011030,188168509,Great gameplay loop and story,True,1739853185,0,0,0.5,0,324,377,76561198324213843
3011030,189987413,Love the game. I wonder if anyone will ever be able to unravel the lore of it.,True,1741741019,1,0,0.5,0,450,524,76561198149612499
3011030,204686774,veri nais,True,1758278966,1,0,0.472972989082336426,0,421,421,76561198404679088
3011030,189655476,I didn't like the way my skin felt on my body. Glad I pulled it off.,True,1741411407,0,0,0.5,0,397,397,76561198068306235
3011030,188357754,"I wanted to wait to see everything this game has to offer before writing a review, but there is truly so many secrets hidden in this gem. I think it’s best to experience everything blind, so don’t read too much about it before starting. At 6$, this game is a steal.",True,1740078457,0,0,0.5,0,508,576,76561198112053639
3011030,204669356,"addictive, weird, super good",True,1758253894,1,0,0.5,0,404,626,76561198317799151
3011030,198412999,"fun, stripped down roguelike with way more game here than you'd think from your first run through. music and character art are high points. excellent steam sale pickup.",True,1751160465,1,0,0.519999980926513672,0,207,351,76561198149448592
3011030,188641861,"i'm going to be real 
I have no idea whats going on 
but the vibes are n i c e 

The rng is real sometimes (when I pass a 3% chance of something favorable, or I fail a 97% check)
but that's what its all about",True,1740384986,1,0,0.507692337036132812,0,527,527,76561197996115754
3011030,188534021,"Where in the flying FUCK is the guys foreskin

(great game lovin it)",True,1740264518,2,0,0.525155425071716309,0,300,491,76561199452321581
3011030,199833709,Awesome game with good and diverse gameplay with each run. Lots of fun and a little trippy from time to time.,True,1752555598,0,0,0.5,0,231,395,76561199229854444
3011030,188375330,"When Steam told me that NO-SKIN was similar to The Hex and Beyond the Long Night I knew I was in for a good time. This game is a hidden gem, can't wait to see what project comes out next!",True,1740097722,0,0,0.5,0,211,430,76561198093320663
3011030,188185649,"A clever blend of light RPG, surreal horror, and nonlinear storytelling. Addictive ""one more time"" gameplay, and does a great job at making you think you're in control, only for the game to abruptly remind you that it's a horror game, hey it's time to wake up now.

Would recommend. (if you're not convinced, try the demo!)",True,1739881331,18,0,0.722549915313720703,0,223,631,76561197961099711
3011030,188123799,cool,True,1739802714,0,0,0.476190477609634399,0,310,407,76561198065930143
3011030,188177561,"Incredibly unnerving atmosphere, great art and a very fun game.",True,1739869055,0,0,0.5,0,228,747,76561198449073042
3011030,211031247,Highly interesting for Lore-lovers,True,1764203798,0,0,0.5,0,360,360,76561199576217079
3011030,188630401,really good,True,1740365680,0,0,0.5,0,212,479,76561199655114692
3011030,193581492,A truly unexpected event,True,1745617191,0,0,0.5,0,291,291,76561198070030623
3011030,188382292,It'll keep surprising you when you thought you saw it all,True,1740107531,1,0,0.503184735774993896,0,213,322,76561198084205546
3011030,198747961,"Awesome horror roguelike!
The unexpected events are great fourth wall breaks, especially the game crash and then insta boot into game again one",True,1751470759,0,0,0.476190477609634399,0,281,379,76561198159231868
3011030,188349994,"Holy shit this game is awesome. I cannot describe it in ways that are sensical, for this game is beautiful art is guise of random shit that doesn't make sense. I love it. Every part of it.",True,1740071039,2,0,0.523809552192687988,0,415,1913,76561198843524361
3011030,188156341,"Won't be the best roguelike in your library most likely, but for the price it's an excellent game. Doesn't feel like it's copying anything else too greatly or forced to be something it isn't.

I'm really enjoying it overall. Seemed easy at first, but it seems like it was intentional so the learning curve is more gradual and a less frustrating experience. The overarching story is also weird/creepy enough that I'm actually reading the text. (It also benefits you to read the text in quite a few cases)",True,1739835610,1,0,0.495225071907043457,0,207,1054,76561197995286396
3011030,211565131,Bo-skin,True,1764391002,0,0,0.5,0,384,384,76561199045785018
3011030,188705900,"A very interesting game, at the gameplay core it's a low-medium difficulty roguelike, where you have turnbased battles and choose which enemies to fight and items to aquire. Not bad to be honest, but this game is about the exploration of story (and gameplay) with the game unraveling the story more and more as you play and you learning more about the gameplay as well (like what it means to meet the Cowboy etc. They also mesh as finding new lore typically involves doing something specific gamplay-wise like aquiring a specific item)

5 hours in I'm not yet done with the game, there still seems to be a lot left to discover (including a way to properly win) and I have even started taking some external notes.

The game (so far) has had no jumpscares which is also nice, you never know what you sign up for with something like this. (unless you read this or a similar review I guess, but I did not do research before purchase)",True,1740461844,1,0,0.5,0,328,645,76561198449328745
3011030,212482449,Fuckn it up,True,1764776047,0,0,0.5,0,231,330,76561198244856044
3011030,188232477,"Was at the end of the run, 85 accuracy but miss 5 times in a row. 
Get out of here game.

EDIT : After earing the advices of the community, i've decided to play a bit more. 

The game is indeed pretty rough at start, but quickly give a lot to make your run way easier.

It's not determinist but the RNG will very quickly no longer be a problem, except rare cases when, well, it's really bad luck.

If you want to do something you will have all you need 90% of the time. wich is good !

You also have challenges similar to Isaac, with predetermined build. They are really quick and fun to do.

It's a chill roguelite with great soundtrack and art !",True,1739920868,1,0,0.5,13,275,327,76561197999322153
3011030,188110768,"Game is a surreal, rouge-like, turn-based, RPG that challenges the player to make risky choices and moves against some simplistic yet unsettling enemies. For a couple of dollars, this game plenty enjoyable to solve the fragmented events of the story through the lucid, nightmarish narrative the game hides with each successful run.",True,1739785598,0,0,0.5,0,316,3857,76561198147151122
3011030,188452304,"honestly, this game is really good if you like physiological horror. The atmosphere is great and the music is really good. The roguelike part is pretty good. sometimes there's a lot of dialogue, but it doesn't bother me. But if you don't like pressing z all the time it can be slightly annoying. The gameplay loop is really fun and I can't wait to find every little secret event and piece of lore. Overall for the price, this game is awesome and I would really recommend this.",True,1740182636,0,0,0.5,0,312,480,76561198204046207
3011030,188147076,I love the vibes of this game. It's truly one of a kind.,True,1739825149,1,0,0.471311450004577637,0,357,357,76561198151162361
3011030,188312771,Very neat game,True,1740022172,0,0,0.5,0,341,341,76561198030417834
3011030,193255238,Criminally underrated,True,1745231435,1,0,0.523809552192687988,0,278,580,76561198170189811
3011030,193458101,happened to me once,True,1745473474,1,1,0.523809552192687988,0,361,484,76561198208933405
3011030,199330939,Great music and creepy art style.,True,1752022343,0,0,0.5,0,246,318,76561198031945132
3011030,188466621,"Sunk around 12 hours into the demo, and this game adds a lot of polish to all the best parts that the demo had to offer. A really engaging roguelike rpg with a high skill ceiling, that feels really good once you get used to it.",True,1740199205,8,0,0.627369225025177002,0,235,462,76561198174635554
3011030,210207900,"suchh a good game with a unique premise and plot. ive only managed to beat it once, and that was before full before release but damn is it fun",True,1764025377,0,0,0.5,0,272,279,76561199227276116
3011030,188664645,"For anyone who likes RPGs condensed down to the combat, this game is for you. Combat is straight-forward and snappy. Quite a difficult game to complete, but very fun.",True,1740414074,1,0,0.5,0,486,916,76561198150620563
3011030,189141935,Good roguelite with many secrets to be found,True,1740898737,0,0,0.5,0,287,879,76561198005775201
3011030,195666147,"I played the demo for hours and now that the full game is out its so much fun
The game is so intricate and the combat is insanely deep once you start peeling back its layers, and the story you slowly piece together and the layers of mystery is very compelling. also DO NOT IGNORE THE DREAM DIARIES MODES THEY CONTAIN INTERESTING STORY DETAILS AND IMPORTANT UNLOCKS",True,1748220699,2,0,0.54356849193572998,1,519,790,76561199567097457
3011030,188278051,"Well, ""NO-SKIN"" is quite interesting as a package: The atmosphere from the sound to the pixel-art to the overall feel stands out and makes it an unique experience.

Gameplaywise the game is quite simple and somewhat in roguelike manner: 3 acts, 3 bosses, plus final boss gauntlet, 50ish rooms in between. Choose between 3 rooms and get your percentage what happens. Specific combat encounters guarantee a specific item. You get your melee attack, your ammo reliant range option, block, escape... item-usage does not require a turn and the game revolves a lot around this, resourcefulness.; while there is a lot of chance involved, every percentage lies in front of you, so you get some agency in the RNG-jungle. But hey, it is still RNG - gotta love it or hate it.
Later on you even get a ""Talk"" and ""Trade"", these are also quite unique.

Storywise I have absolutely no idea what is going on; the cast of all those edgegirls as NPCs and playercharacters didn't really pick me up, they are quite literally faceless. But apart from the dark moody broody teenage angst tropiness it embodies, the whole ordeal still has a fascinating dreamlike shape and some genuinely off vibes [spoiler] for unlocking the true ending you literally have to go out of bounds and face the dev as a boss, this was - while not entirely new - quite nice. Also liked that in the fight against the false god you see idols of faith, wealth and family, before his true face literally becomes de Goyas Saturn devouring his son, very well played touch! [/spoiler]

There are some puzzlelike short scenarios that can be played for unlocking additional content, they have some unique and sometimes meta-mechanics. Also, there is a bad review to this game in this game, which was quite something.
Managed to get the true ending (I guess, for it is bound to the only achievement??) in around 8 hours. There was some repetition in the end, but I enjoyed it throughout. I'm sure there is more to it in terms of content and secrets.

Definetly a unique experience and for sure a surreal and experimental roguelite unlike any other!",True,1739981545,0,0,0.5,0,490,490,76561198047474483
3011030,188847433,Wow. This game has been stellar. The gameplay loop has been super fun and satisfying. Only complaint is not being able to remap the controls.,True,1740639542,0,0,0.5,0,458,6261,76561198122014554
3011030,188157506,"I played the demo a while ago and loved it to bits. I've played many games but never have I had a Dev pull up and talk with me for a bit about the game. I am not a big streamer, and that really showed the interest No eye has about the poeple who play his game. That's the dev, not the game.

This game is unique to the point to where I haven't seen a rogue like do what this game does. I don't wanna spoil anything, but i'll say what I can. The game itself can be unforgiving, brutal, and makes you grit your teeth when you barley scrap by. The story is all sorts of confusing, but in such a way that grabs my attention and never lets go. I need answers, and I have to find them, I have to know the truth. I don't think it ends when I find the skin, but there is only one way to find out.",True,1739837105,0,0,0.5,0,272,480,76561198347929031
3011030,208507935,This game faked out crashing as a random event in the game. 10/10,True,1762377819,1,0,0.523809552192687988,0,412,2121,76561197999360053
3011030,188697430,scary af,True,1740449346,0,0,0.5,0,507,8938,76561198113468201
3011030,209437005,"Not the hardest roguelike and not the scariest, but if you are open to minimalism, the core gameplay loop is good wholesome fun.

Worth the price, focuses on the stripped down version of what makes roguelikes appealing in the first place.",True,1763340556,0,0,0.5,0,412,1340,76561198046314338
3011030,190498556,"This game is incredible. Psychological horror, roguelike elements with not only unlocks but actual game knowledge super coming into play, can run on a toaster, art style is so damn trippy.... just buy it already :D",True,1742252522,0,0,0.5,0,337,365,76561198433320252
3011030,188611762,"Played through the entire Demo and back for more, good game NoEye-Soft! Good job",True,1740343616,0,0,0.5,0,215,334,76561198362648591
3011030,188149317,"no-foreskin man 
(i love this game)",True,1739827394,0,2,0.5,0,411,494,76561198980145358
3011030,188685776,"Here are my final thoughts.
The game features a minimalistic graphic style and gameplay, which isn't necessarily a good thing.
The issue lies in its actual content.
NoEye-Soft succeed to grasp a concept, from beginning to end.
The result is satisfying, as we play through a series of sensical events.
There is a proper story to tell; a gigantic, elaborate world of disturbing lore.
The gameplay remains vigorous, even with repetitions of combat system.
And not to mention breaking the fourth wall, which at this point breaking something else.
Final score 148 of 100

[spoiler] 
A truly unexpected review... 
[/spoiler]",True,1740434369,0,0,0.5,0,317,726,76561199616854147
3011030,189828751,Awsome game great story thank you for making it you deserve all the praise in the world,True,1741559083,0,0,0.5,0,543,813,76561198115349466
3011030,188245832,cant find the 4skin :( :(,True,1739939264,1,1,0.523809552192687988,0,434,434,76561198079549904
3011030,188189896,"Great game, Its the kind of horror game where the ambience makes everything feel [i] wrong [/i] instead of jump scares every 2 minutes (unless you count my dog deciding to howl in his sleep at 3am while i'm playing lol)",True,1739886418,0,0,0.5,0,226,616,76561198089319673
3011030,188164312,Yo why that fish kinda bad?!!??,True,1739846779,2,0,0.52173912525177002,0,385,640,76561199143072943
3011030,188784756,"Fantastic atmosphere and story, and a fun (albeit simple) gameplay loop.
Absolutely worth the price of admission, go in blind and you'll have a great experience.",True,1740565651,0,0,0.5,0,360,360,76561198096775322
3011030,188126019,"*clicks a room, as i pick a room suddenly my game freezes, crashes, and boots me out*
*i freak out, thinking i lost my progress as i stare at a game error screeen*
*game suddenly kickstarts back up*

""hehe. just kidding.""

*game continues as normal*

i have not put this game down ever since its release, and ive been stalking it since its start, i highly reccomend laying this creative rouge like.",True,1739804936,1,0,0.496183186769485474,0,223,650,76561199480057870
3011030,197024127,This Game is like taking an acid trip listening to Not Your Kind of People,True,1749710250,0,0,0.5,0,314,458,76561198068018005
3011030,208327861,"I bought this game in a bundle and was very pleasantly surprised.

NO-SKIN immediately hooked me with its intriguing and surreal story, crisp pixel art style, and rougelike gameplay with solid replayability.
If I had to compare it to another game, I would probably compare it to ""FTL"". A hard and unforgiving game against the odds. Every move and decision could be your last if you don't put thought into it. And of course some RNG sprinkled on top of it.

I can recommend getting this game on sale if you are interested and not certain if you want to buy it!

Good job, dev team!",True,1762188693,0,0,0.5,0,506,1565,76561198110964466
3011030,188134881,"i tried the demo on itch.io a while ago and fell in love with it! now that we just got the full release i can say i'm enjoying so much the minimalistic, atmospheric roguelite experience it aims for. it's super enjoyable and i'm so intrigued by the characters and the story. the gameplay loop is addictive and feels rewarding, just how a proper roguelite should be! also the ost is really good! for the price it's a steal, so go support it!",True,1739813506,1,0,0.517676174640655518,0,385,820,76561198046204506
3011030,188505382,"This game is only 70 MB, and yet I've already spent almost 5 hours in it, and there's still a lot to do. 

The game can be played with NES controller - you only need 4 arrows and two buttons for actions. But in fact it's quite complex game. 

A very good example of non-standard horror (or rather survival horror) game with unique art style, addictive game loop and actually very intriguing narrative.

Definitely recommend to everyone.",True,1740239911,0,0,0.5,0,411,947,76561198041124332
3011030,189916416,It's cheap. Do the other mode (unlocked through the story mode) to learn more of the events that led to the story.,True,1741659291,0,0,0.5,0,261,261,76561199466556251
3011030,189275685,"fun game, easy to get into, good atmosphere. i wish skin was real",True,1741017739,0,0,0.5,0,372,558,76561198125664816
3011030,194750450,im no skinning it ohhhh im no skinning everywhere ahhhh,True,1747053192,1,2,0.523809552192687988,0,227,362,76561198351762100
3011030,191733333,"The art direction is really cool and it's a really unique approach to the roguelike genre I haven't seen before. I really like the content added on that wasn't included in the demo like the dream diary, totally worth the $6",True,1743522623,0,0,0.5,0,281,408,76561198329182481
3011030,188390811,"A game with incredible atmosphere and great game design!
I have been following its development since the beta and now that its out I can really say that the dev made sure its the best game it could be.
If you enjoy roguelikes,  scary atmospheres and creative storytelling I cant recommend this game enough!
P.S.(amazing sound design)",True,1740121245,0,0,0.5,0,249,1744,76561198368464473
3011030,194566694,This game is fun and has a great vibe. I look forward to continuing to play it. Great job!,True,1746828557,1,0,0.5,0,286,534,76561198204183213
3011030,188919280,Glub...,True,1740727014,0,0,0.5,0,459,508,76561198111679195
3011030,190139113,this game is fucking awesome THIS GAME IS SO FUCKING FIRE I LOVE IT,True,1741925407,0,0,0.5,0,477,853,76561198413834701
3011030,188526188,"This game is fantastic! I really enjoyed the demo (saw it in a Markiplier video originally) and was very excited for the full release. It's surreal and unique with a fun gameplay loop and significant challenge. The warnings are no joke too, there's some heavy subject matter here. This is the perfect game for you if you like mechanics-based roguelites that leave a lot of the story to subtext and are filled with body horror and religious imagery. In other words, it's an RPG Binding of Isaac with the visual and horror sensibilities of Faith: The Unholy Trinity. Sometimes the deaths feel a bit cheap, but that's hardly unusual for roguelites. It's not a huge game, but you get plenty of content for the price and the secrets and unlockable difficulties add a lot of replay value. Is it going to have mainstream appeal? Probably not. But this is a great little indie game that costs less than $10 and is totally worth checking out if you're into horror, roguelites, RPGs, or if the artstyle just vibes with you.",True,1740256861,0,0,0.5,0,547,852,76561198151196791
3011030,188132515,"I absolutely LOVE No Skin! I've been eagerly awaiting its release for what feels like forever, and it has definitely lived up to my expectations! The gameplay, the design, the mechanics—everything just blends together so seamlessly. It’s truly a unique experience that I can see myself coming back to time and time again.

That being said, one thing I’m really hoping for is the addition of more achievements. Achievements play such an important role in keeping things fresh and motivating players to explore every aspect of the game, and I think there’s so much potential for more challenging and rewarding ones. Whether it’s uncovering hidden secrets, completing difficult challenges, or mastering certain aspects of the gameplay, I believe extra achievements would add even more depth and replayability to an already fantastic game.

Overall, No Skin has absolutely blown me away, and I can’t wait to see how it evolves in the future. Here’s hoping for more achievements soon!",True,1739811237,0,0,0.5,0,374,696,76561199015626677
3011030,188370990,"This is one freaky game. If you're reading this to find out whether you should play it, then YES YOU SHOULD.",True,1740091892,0,0,0.5,0,290,496,76561197965615203
3011030,192461369,"Boy oh boy, what a game. Sure did make me want to rip off all my skin and do a funny little no skin dance. I didn't, but I sure did want to do that. Would probably hurt kinda bad, but it would have been kinda funny.",True,1744323807,0,0,0.476190477609634399,0,385,385,76561199013189194
3011030,189610504,"I still haven't finished a single run, cos I am terrible at the game, but I still love it! I was obsessed with the demo so the full game is just that but ... well with an ending",True,1741368635,1,0,0.5,0,307,528,76561198050539257
3011030,195634965,"I like the frogs
please buy",True,1748187643,0,0,0.5,0,524,556,76561198134182739
3011030,188622930,add this one to my schizophrenia collection,True,1740355460,0,0,0.5,0,468,635,76561198369354973
3011030,189730268,peak,True,1741474496,0,0,0.5,0,222,266,76561198268065070
3011030,198695391,"No-Skin is a rogue-like game where each turn you get three random room choices to make. In these rooms you either get to fight monsters, find items, or engage with weird oddities. The goal of the game is to find the Skin of a monster called the No-Skin Man, which is a convoluted mess to obtain. This game has a deep rabbit hole of lore and secrets to discover, some may play for 5 hours and be satisfied, others may play for 15 hours and keep discovering new little pieces of lore.

+ The art style of the game is highly original. The enemies are interesting and disturbing.
+ The music in the game is hauntingly beautiful, in a Silent Hill / Liminal space kind of way.
+ The dialog is always engaging, very humorous at times.
+ A massive amount of secrets to dig up: hidden mini-games, hidden characters, hidden enemies, hidden gameplay elements to unlock. 
+ Dreary, dreadful atmosphere that never lets up.

+/- On the surface the gameplay seems simple at first glance, however as you play more you will discover the gameplay is actually very deep and engrossing after you discover all the intricacies.
+/- There is a long and deep story here to dig up after playing for 10+ hours, but it is also a convoluted mess. In the end it's not really understandable or worth the effort of what the game puts you through to get it.

- There will be times you will play for hours, and make zero progress. This gets frustrating and tiresome.

Individual mileage will vary. For me, at 6 hours in, after unlocking all the perks, with 2 hours of trying to defeat the last secret boss to get the game's one achievement, my patience flew out the window and I'm moving on.
Had some fun while it lasted!

Overall: 6.5/10",True,1751419837,23,0,0.745545566082000732,0,344,344,76561198034831659
3011030,189017971,Frogs. Frogs. We are the frogs.,True,1740799109,1,0,0.53125,0,383,469,76561198160738931
3011030,190908026,collect my skin cells...,True,1742662513,0,0,0.5,0,241,611,76561198247509222
3011030,188310766,Super cute and wholesome game!!! Totally recommend to anyone who loves something cute and fluffy!!!!! :3333333333,True,1740019209,0,0,0.5,0,259,355,76561198210693133
3011030,199864089,"Super fun and unique game with great themes and story telling, but the gameplay loop does get a bit infuriating later into the game because if things don't perfectly line up the entire run just feels pointless because you'll most likely just die anyway",True,1752592047,0,0,0.5,0,378,379,76561198426475421
3011030,210410158,"I'm SO bad at it, but it's utterly enthralling to play through. The music fits the atmosphere to a tee, the style is just the right kind of uncanny to set you off balance- and the gameplay's not particularly complicated to grasp, even if I'm still not the best at optimizing it. Please, please play it.",True,1764067702,0,0,0.5,0,396,396,76561198074988512
3011030,210778817,Stylish horror roguelike with good depth and secrets.,True,1764139141,0,0,0.5,0,429,429,76561198074768529
3011030,211746692,"Every choice a path, every path a sense of uncertainty. The bald monkey shall claim it's prize, if it is deemed by fate. Take your chances my friend. Buy this game.",True,1764452141,0,0,0.5,0,232,574,76561199202399574
3011030,211587947,"I originally played the demo for the game a long while ago, as well as the early versions of the game. I absolutely love the soundtrack, the trippy, earthbound rpg-like backgrounds, and the replayability and charming yet unsettling characters. The art style is just absolutely incredible, and this is definitely my go-to pick for this year's innovative gameplay and outstanding art style.",True,1764401925,0,0,0.5,0,495,495,76561198419586964
3011030,188762123,5 stars despite not being able to romance the long gilled fish (yet),True,1740528707,0,0,0.5,0,436,801,76561198348434620
3011030,204557035,unique art style. super fun to play on stream!,True,1758122066,0,0,0.5,0,308,383,76561199024854411
3011030,188543696,"I had a lot of fun with this game. It's like one giant puzzle, and each run puts you one step closer to figuring it out. The music/artwork are very creative and truly disturbing.",True,1740276015,0,0,0.5,0,543,543,76561198409243061
3011030,192731157,The game is not very difficult but it does have a lot of content and is pretty fun if you just want to relax and enjoy the amazing art and semi creepy atmosphere.,True,1744636168,1,0,0.5,0,279,279,76561199411413850
3011030,188164928,I have finished part of the game i think and i am very confused. This game is very interesting and fun.,True,1739847663,0,0,0.5,0,261,564,76561198913836829
3011030,196200543,Phenomenal. Played this game while it was in Demo. There's so much you can do with it honestly.,True,1748818931,0,0,0.5,0,241,378,76561199589664012
3011030,188149483,I love it so much the gameplay and art is amazing and I love the story,True,1739827576,0,0,0.5,0,473,4447,76561198076448230
3011030,188741665,odeio esse jogo,True,1740505257,0,0,0.5,0,309,630,76561199365819953
3011030,188843180,"Some dude with no skin, limbs, and head crashes Noire's (MC) party. He's not very nice about it.",True,1740632023,0,1,0.5,0,326,326,76561198065254738
3011030,188249744,where is my skin,True,1739945805,0,0,0.458633124828338623,0,228,421,76561198851556264
3011030,208604178,"[h1] It's fun [/h1]

But if you want a more detailed explanation, just think of it as a turn-based horror rogue-like... with a lot of gambling (and dying) involved lol. You're definitely going to have a hard time with out a good couple resets, but it's worth it to explore more of this creepy (read cool) world that the dev made.",True,1762486696,0,0,0.5,0,247,648,76561198055794295
3011030,188278903,It is a good game but it's very short,True,1739982389,0,0,0.5,0,308,326,76561198964225410
3011030,192676265,I do not understand a shit but i love it,True,1744563515,1,0,0.476190477609634399,0,362,1062,76561199206283099
3011030,188518008,WAKE UP!,True,1740250524,0,0,0.5,0,362,577,76561198847573057
3011030,189226450,"This is Masterclass for a first release.
It has so much to offer for being from such a small team. I'm now on 4h of gameplay and 2 runs and probably have some way to go. Truly a really fun experience at an incredible price point. 
The dialogue is a lil corny but doesnt distract of the story. The rng is also a lil funky at times.
I can really recommend this game to yall

Props to the dev team, great work",True,1740962678,1,0,0.5,0,244,404,76561198306908147
3011030,188152630,"Whenever i get fatigued it does the first time experience text, even after the 4th time.",True,1739830956,0,0,0.5,0,229,2385,76561199000280910
3011030,188106824,So far pretty good! Found multiple endings just on accident and they were all pretty fun! Will continue playing to find more!,True,1739779176,1,0,0.5,0,501,547,76561198257989135
3011030,208655959,Dripping with atmosphere and weird vibes; this game has an aesthetic that is right up my alley. It’s very cryptic in a way that keeps me interested. The difficulty is proving a lot to overcome however. You’ll gather plenty of resources to aid your run but burn through them twice as fast when you encounter a difficult foe. I don’t know if I’ll fully complete this one but it’s worth your time and dollars anyway.,True,1762544473,0,0,0.5,0,251,379,76561197963277369
3011030,212559630,Fantastic mix of eerie and intrigue with the rogue-like format. The developing portrayal of characters in the story adds depth to the horror as well.,True,1764870440,0,0,0.5,0,218,218,76561198035054068
3011030,211286596,Short and interesting. Still I like the concept of Absolute Red more than the actual game.,True,1764283216,0,0,0.5,0,339,339,76561199047896234
3011030,188306639,Gam gud,True,1740013370,0,0,0.5,0,345,345,76561199159312296
3011030,189394691,"I've been keeping up with this game and supporting it since its early demo stages in summer 2024. I have been blown away by the amount of care and passion put into this game! Its unique art style, roguelike gameplay and interesting lore are all more than enough to make this game a 10/10. Highly recommend!",True,1741131075,1,0,0.5,0,491,807,76561199015626572
3011030,189100000,"Confusing, offputting, lots of content. A must-play!",True,1740861027,1,0,0.516985118389129639,0,356,356,76561198046987693
3011030,188300158,"NO-SKIN is one of the greatest indie horror experiences on the market. A truly flavorful rogue-lite with an exquisite, easy on the eyes pixel artstyle. This game has so much personality and an interesting, if not a tad bit convoluted of a story to tell. Without delving too much into spoiler territory, I can say this much: Whether you enjoy turn based combat and mindless progression just for the sake of it, or if you are extremely careful and enjoy turning over every rock to discover the secrets a game has to offer - This game is worth every penny. I also recommend this to anybody who's grown bored of modern horror and the classic jumpscare cliches, as this game turns the tables on you ( Again, I won't spoil ;) )I've had the pleasure of playing the demo and the amount of love and passion put into the game since then warms my heart, and I look forward to seeing this underground title get brushed off and brought into the limelight like it deserves.",True,1740004910,8,0,0.602821469306945801,0,507,919,76561199467050920
3011030,188549202,This game feels amazing to play and explore. It’s truly a unique game that will have you asking questions every step of the way.,True,1740282893,0,0,0.5,0,496,496,76561198356250617
3011030,196540643,"This is a cool game. It's weird and entertaining and has an authenticity that feels like the developer really tried to do something inspiring and different. Weird for weird's sake? Maybe, but it works.",True,1749220058,0,0,0.5,0,355,394,76561198415519800
3011030,188242866,Requesting an hour-long video essay to explain the story to me. Thanks.,True,1739934789,4,2,0.578313291072845459,0,292,668,76561197988271585
3011030,188213609,"One of a kind game.
The atmosphere. the RNG, the difficulty, and especially the lore makes this game an unique experience you should totally try.
This game isn't popular yet but im pretty sure it will be soon.
Id buy it again if i could.",True,1739910381,4,0,0.572989106178283691,0,222,725,76561198049048188
3011030,192004695,good indeed,True,1743816351,0,0,0.5,0,443,443,76561199227778911
3011030,188215654,"This game is freakin awesome. The amazing dark vibe aside, it was cool & fun from the beginning, but as I'm a few hours into playing it I keep unlocking new stuff. Pretty crazy how cheap this game is, I just wasn't expecting something like this for the price. Buy it immediately if you're a fan of roguelikes with a horror atmosphere. I'm really looking forward to seeing more from this developer.",True,1739912494,0,0,0.5,0,209,640,76561198029693829
3011030,205444597,I love NO-SKIN. I love NO-SKIN. I love NO-SKIN. I love NO-SKIN. I love NO-SKIN. I love NO-SKIN. I love NO-SKIN. I love NO-SKIN. I love NO-SKIN. I love NO-SKIN. I love NO-SKIN. I love NO-SKIN. I love NO-SKIN. I love NO-SKIN. I love NO-SKIN. I love NO-SKIN. I love NO-SKIN. I love NO-SKIN. I love NO-SKIN. I love NO-SKIN. I love NO-SKIN. I love NO-SKIN. I love NO-SKIN. I love NO-SKIN. I love NO-SKIN. I love NO-SKIN. I love NO-SKIN. I love NO-SKIN. I love NO-SKIN. I love NO-SKIN. I love NO-SKIN. I love NO-SKIN. I love NO-SKIN. I love NO-SKIN. I love NO-SKIN. I love NO-SKIN. I love NO-SKIN. I love NO-SKIN. I love NO-SKIN. I love NO-SKIN. I love NO-SKIN. I love NO-SKIN. I love NO-SKIN. I love NO-SKIN. I love NO-SKIN. I love NO-SKIN. I love NO-SKIN. I love NO-SKIN. I love NO-SKIN. I love NO-SKIN. I love NO-SKIN. I love NO-SKIN. I love NO-SKIN. I love NO-SKIN. I love NO-SKIN. I love NO-SKIN. I love NO-SKIN. I love NO-SKIN. I love NO-SKIN. I love NO-SKIN. I love NO-SKIN. I love NO-SKIN. I love NO-SKIN. I love NO-SKIN. I love NO-SKIN. I love NO-SKIN. I love NO-SKIN. I love NO-SKIN. I love NO-SKIN. I love NO-SKIN. I love NO-SKIN. I love NO-SKIN. I love NO-SKIN. I love NO-SKIN. I love NO-SKIN. I love NO-SKIN. I love NO-SKIN. I love NO-SKIN. I love NO-SKIN. I love NO-SKIN. I love NO-SKIN. I love NO-SKIN. I love NO-SKIN. I love NO-SKIN. I love NO-SKIN. I love NO-SKIN. I love NO-SKIN. I love NO-SKIN. I love NO-SKIN. I love NO-SKIN. I love NO-SKIN. I love NO-SKIN. I love NO-SKIN. I love NO-SKIN. I love NO-SKIN. I love NO-SKIN. I love NO-SKIN. I love NO-SKIN. I love NO-SKIN. I love NO-SKIN. I love NO-SKIN. I love NO-SKIN. I love NO-SKIN. I love NO-SKIN. I love NO-SKIN. I love NO-SKIN. I love NO-SKIN. I love NO-SKIN. I love NO-SKIN. I love NO-SKIN. I love NO-SKIN. I love NO-SKIN. I love NO-SKIN. I love NO-SKIN. I love NO-SKIN. I love NO-SKIN. I love NO-SKIN. I love NO-SKIN. I love NO-SKIN. I love NO-SKIN. I love NO-SKIN. I love NO-SKIN. I love NO-SKIN. I love NO-SKIN. I love NO-SKIN. I love NO-SKIN. I love NO-SKIN. I love NO-SKIN. I love NO-SKIN. I love NO-SKIN. I love NO-SKIN. I love NO-SKIN. I love NO-SKIN. I love NO-SKIN. I love NO-SKIN. I love NO-SKIN. I love NO-SKIN. I love NO-SKIN. I love NO-SKIN. I love NO-SKIN. I love NO-SKIN. I love NO-SKIN. I love NO-SKIN. I love NO-SKIN. I love NO-SKIN. I love NO-SKIN. I love NO-SKIN. I love NO-SKIN. I love NO-SKIN. I love NO-SKIN. I love NO-SKIN. I love NO-SKIN. I love NO-SKIN. I love NO-SKIN. I love NO-SKIN. I love NO-SKIN. I love NO-SKIN. I love NO-SKIN. I love NO-SKIN. I love NO-SKIN. I love NO-SKIN. I love NO-SKIN. I love NO-SKIN. I love NO-SKIN. I love NO-SKIN. I love NO-SKIN. I love NO-SKIN. I love NO-SKIN. I love NO-SKIN. I love NO-SKIN. I love NO-SKIN. I love NO-SKIN. I love NO-SKIN. I love NO-SKIN. I love NO-SKIN. I love NO-SKIN. I love NO-SKIN. I love NO-SKIN. I love NO-SKIN. I love NO-SKIN. I love NO-SKIN. I,True,1759110818,6,1,0.566697299480438232,0,370,1121,76561198114114596
3011030,193145481,Amazing game with some skin-less gameplay!,True,1745107741,0,0,0.5,0,259,677,76561198289181152
3011030,188313018,Very fun!,True,1740022567,0,0,0.5,0,308,485,76561199032020564
3011030,188374536,"amazing gameplay loop, great art style, and just overall enjoyable atmosphere that has made me lose track of time 10/10",True,1740096587,3,0,0.533011257648468018,0,250,1119,76561199091576132
3011030,206073166,"Buy it. Don't read the rest of this review. Don't look at the preview images. Just play it blind. This game is fantastic. One of a kind experience.

Now, for the rest of the review: Where do I even begin? despite the game being a FRACTION of a gigabyte in size, there is SO MUCH TO DO. I can tell I'm not even close to being done with it after 4 hours. However I can already tell how special this game truly is.

The atmosphere is extremely odd and unnerving. The pixel art and the music & ambient droning all do a really good job giving this game a very unique feeling. Pair that with the enigmatic and bizarre writing and very obfuscated and non linear story being told and it truly becomes special.

The soundtrack is great and extremely memorable. The music is extremely varied while still making sure to keep within the very specific feel the game is going for and it ALL works really well.

The gameplay has a lot of variance and depth. the game CAN be a *little* punishing with it's rng sometimes, but outside of that minor nitpick the game is fluid, easy to pick up, but has TONS of room for knowledge checking that let you feel INCREDIBLY smart as you do more runs.

The story is an interesting one. Like I said I think I am still VERY early on in figuring anything out, and even then the way everything is told is so off-kilter and jarring that I can't say there will ever be a concrete plot for me to tie a neat little bow on at the end. But despite not having seen much and figured out even less, the game still OOZES emotion. The bleak, claustrophobic atmosphere just dampens your mood in such a specific way. Playing the game I have such a swirl of sadness and unease that clashes so harshly with the feeling of triumph as you progress through the game that I cannot help but remember every step forward I make. 

This game is surely creeping up my top games of the year. Won't likely be number 1, but I can HANDILY see a top 5 spot for me when the year closes out.",True,1759788570,2,0,0.529744744300842285,0,235,436,76561198322420575
3011030,204287292,Great short roguelike with alot of cool mechanics and cryptic story,True,1757817135,0,0,0.5,0,459,459,76561199231715083
3011030,189903483,"A very interesting roguelike with a combat system that progresses as the run goes on. Generally the combat isn't the highlight of the experience, and the game falters here a bit because it's either entirely too easy or impossibly hard depending on how the runs go there's never really any middle ground. The atmosphere of the game is superb though and it offers you just enough cryptic plot to keep things interesting. all in all I would give it a 6/10 definitely worth the price.",True,1741643488,0,0,0.5,0,427,427,76561198047107122
3011030,198876996,"vibes are fye, erm
yes",True,1751587601,0,0,0.5,0,315,328,76561199099158360
3011030,189096245,"OK, no skin review to counter [spoiler]tarot xii[/spoiler] (you'll know what i mean) anyways, where do i begin?

How about I say what I dislike first to make sure I'm not being biased, the game itself doesn't feel as scary to me then what it feels like it's trying to be, now don't get me wrong, when it is scary it absolutely is, but that doesn't happen as much as one would be expecting out of a horror game. and my second problem is that I kinda feel like the art style lacks, I can't pin point it but I think it's this, faces, the game mentions faces a couple of times but us as the player don't really see them, there's a few characters with mouths and occasionally have eyes but the only way you can tell the difference is with their cloths and names. Over all for this I think if the game emphasized [spoiler]the forth wall breaks to try and make me feel like i'm not safe from the glass of the screen[/spoiler] rather then the story that i'm not too certain is that good but i'm not putting in the negatives because it's decent enough to wiggle it's way out, if it focused on it rather then that I think it would be a better horror title.

But despite this it still is true to it's horror title.

(phew, finally i'm done with the negatives)

The reason why I say that is because of a similar reason why it also works as a rouge like title, that being two things, unexpectancy and the simplistic nature of the game. Let's start with the simplicity, there is a lot within the game itself but it can all be dumbed down into a formula that the mentioned lots of thing are built around, this simplicity let there be a ton of wiggle room and you they made it so that nothing overlaps and I'm surprised that I did but I memorized it all and can tell you what'll happen for every single encounter (and I don't think that I was able to do that cause I'm autistic, but this review isn't about me it's about the game no-skin by no eye soft) but over all this simplicity not only makes a ton of room for the things you added, but I also think it both allows and complements the second thing I like about this game. When things happen it's mostly unexpected, the most common of the things you won't expect is also the only thing I can say without spoiling this game (seriously, it's best played blind) the unexpected events are pretty self explanatory, they have a 1 percent chance of happening and most of the time it's like some sort of not so silly prank, but other times they genuinely are something to be on edge about, but you aren't because like ""oh it's not gonna happen, that's way too small of a chance."" but then they do and it shocks you because of it, still you move forward if all goes well, but another thing that's unexpected and doesn't spoil anything. (betcha didn't expect me to say that eh...EHHHHH, ok enough jokes) That thing is just simply the regular encounters that happen, you thought you were going to get some antidote, nope, it's the living guts, were you gonna fight Mary, well i hope you weren't to blood thirsty because there's a corpse already there, so have some money instead. Get my point, although these things that are unexpected don't add to the horror element like the unexpected events, they do to the rouge like element, and I just love it, I'm kinda disappointed that this game isn't as popular as I thought it would be but that may just be my impatience, but all in all it's a great game and [spoiler]Mr rope and needs a hunters knife[/spoiler] is mostly wrong, and I can tell you gave it your all, 8 outta 10, there is a clear passion put into this game and I'm here for it, ALL OF IT.",True,1740858190,0,0,0.5,0,342,438,76561199142294402
3011030,195742027,"A pretty good game overall, the story isnt the most clear but I assume thats meant to be the biggest thing so far for me is that the dream diary for trish is infuriating. Up until that one they were a clear puzzle where you had to use the right moves at the right times, a nice trial by error puzzle. However trish's is an infuriating RNG line of combats where I constantly have to hope to get the right drop from the enemy and not get my items taken away by others as im pretty sure the final boss of that section simply isnt possible without certain items. That one section aside, the main game is pretty fun, the gameplay loop doesnt feel too samey despite being visibly the same and the characters feel distinct enough that even though I mainly use the base one I can definitely see some build potential with the others.",True,1748318023,0,0,0.5,0,547,562,76561199095482358
3011030,189314827,"Honestly this game is a steal at its current price and I cannot recommend it more. The story is interesting and bizarre and refreshing and as a fan of horror elements in my video games, I couldn't ask for me.

And just when I feel like I know enough of what's going on, there's still more that I find out and it makes me feel like a kid again.

A gem of a game.",True,1741056574,0,0,0.5,0,280,1421,76561198193319875
3011030,206807268,desperately needs more attention ^^,True,1760558240,0,0,0.5,0,209,493,76561199024462339
3011030,189304762,"short (not so) mechanically simple horror roguelite that isn't afraid of trying things and going places.

It's good.",True,1741044813,0,0,0.5,0,474,499,76561198379639709
3011030,190728131,"This is one of those games that looks weird on your games list, but I wear that as a badge of pride. NO-SKIN is a strange experience. Dream-like is a good word, and the game likes to skirt between nightmare and floaty dream logic. Mostly macabre strangeness with some zany fun in there. 
The gameplay loop is good, doing a great balance between rewarding and punishing risks.",True,1742494391,0,0,0.5,0,321,338,76561198067108949
3011030,189033123,"The game features a minimalistic graphic style and gameplay, which isn't necessarily a bad thing. The issue lies in its actual content. NoEye-Soft failed to grasp a concept, from beginning to end. The result is unsatisfying, as we just play through a series of nonsensical events. There isn't a proper story to tell, just a gigantic, useless, and incomprehensible self-indulgence. The dialogues between the characters are almost embarrassing. The gameplay quickly becomes repetitive. And not to mention breaking the fourth wall, which at this point is just breaking something else.

Final score: 48 out of 100.",True,1740812368,0,0,0.482758641242980957,0,427,427,76561198030609972
3011030,205835280,Where's my skin huh?,True,1759563477,0,0,0.5,0,451,614,76561199038971995
3011030,189491750,"Markiplier got me hooked, the demo got me addicted, and the game has me for life",True,1741241184,1,0,0.523809552192687988,0,307,946,76561199122451367
3011030,188507944,Frequently surprised me. Loved the demo and this is even more than I anticipated it would be.,True,1740241954,0,0,0.5,0,380,482,76561199071333887
3011030,188592805,"Played the demo because of the name, kept an eye on the game since because of the gameplay and... morbid curiosity.

This game resonates quite a bit due to my background. It is *not* a fun trip down the memory lane for me as the latest memories are still fresh. 

But! The themes are taken seriously enough and the gameplay is great for both a quick pick up & a longer session.

The sleepless night due to flashbacks aside: Get it. It is worth the price of admission if you enjoy rogue-likes and/or horror",True,1740327665,0,0,0.5,0,381,393,76561198014358008
3011030,188288853,silly i like,True,1739992239,0,0,0.5,0,363,464,76561198967966936
3011030,188389396,"quite punishing game. very cool visual.
It feels like it missed its full potential and can be improved
but its not that expensive. totally worth its price. 7.5 out of 10",True,1740118986,0,0,0.5,0,228,228,76561198091257207
3011030,188690746,good,True,1740440248,0,0,0.5,0,302,675,76561197965010316
3011030,188518337,"I played this game for over a hundred hours in early access and i want you to know i have never played a game that felt more personalized than this. I have not contacted or communicated with the developer in any way, and he has made a game for me, it is incredible. This is not the best game i have ever played, but it is my favorite, and I encourage you to try it.",True,1740250821,0,0,0.5,0,234,450,76561198388907492
3011030,211578607,buy this game. full price is underpriced. 10/10,True,1764397449,0,0,0.5,0,396,424,76561199220590193
3011030,189225298,"genuinely one of the most fun times I've had was while playing this game, the simplicity and repeatability is what makes it sooooo good, i played the same amounts (as i post this comment) of hours in the demo and i just couldn't get enough!!

i love the man with no skin!!!!",True,1740961411,0,0,0.5,0,259,642,76561198892401311
3011030,188248476,"Okay, this is one I don't even know how to recommend, but I do. Turn-based spiral-into-insanity simulator starring several disasterlesbians and all-around messes of human beings as reality crumbles around them. That'll do for a start, I think.

In seriousness, there is a lot of satisfaction to be had mastering the systems this game introduces. Combat is deceptively simple, until you hit 96% and all of a sudden all the rules start getting broken — but even then, the game provides solid incentives toward giving it another go, and steadily supplies you with hints and tools that you need to succeed, once you learn where to look.

For seven goddamn dollars? Easiest recommend in quite a while. 11/10 would come to the realization that Noire is [spoiler]kind of[/spoiler] a shitty person again.",True,1739943512,0,0,0.5,0,532,995,76561198001845435
3011030,188422102,I FKING LOVE THE FROGS,True,1740156797,3,0,0.523809552192687988,0,289,376,76561199447194220
3011030,194989153,"Game called no-skin, look inside game, no skin. Worth :)",True,1747374846,1,0,0.5,0,536,536,76561198239760218
3011030,193231758,the moon is my friend :),True,1745198647,0,0,0.5,0,318,353,76561198034109816
3011030,189390370,"Enjoyable, well worth the money, and tons of replay value. Nice pacing and gosh the frog and fish are so cute! :3",True,1741126432,2,0,0.528985500335693359,0,405,417,76561198276219880
3011030,191346482,I enjoy,True,1743127062,0,0,0.5,0,350,388,76561198073611611
3011030,192481117,where is my skin?,True,1744353286,1,0,0.5,0,361,460,76561198134524322
3011030,208608562,cool game easily worth the asking price. turn based rogue lite with horror aesthetic.,True,1762493162,0,0,0.5,0,330,330,76561199793784826
3011030,191020419,Amazing,True,1742759879,0,0,0.5,0,321,528,76561198796189875
3011030,188143844,I HAVE NO SKIN AND I MUST SCREAM,True,1739821910,1,1,0.523809552192687988,0,380,1627,76561198316264459
3011030,188467055,"Fun roguelike with great atmosphere. Love the artstyle and the character design. There are a lot of little secrets and moments for you to uncover, and it feels good to discover them as you play.",True,1740199754,0,0,0.5,0,307,713,76561198448456337
3011030,198407422,"so im like halfway thru the game and its so fucking good,
the atmosphere and aesthetic is great but the fact the gameplay is so fun is what hooks ya,
for 6 bucks this game is a no-brainer and you should get it right now",True,1751154592,0,0,0.5,0,250,610,76561199033458244
3011030,198208299,i like it,True,1750963261,0,0,0.5,0,284,505,76561199258175847
3011030,189181560,"As someone who has recently been playing this game and only having beat a few levels, I LOVE THIS GAME SO MUCH. Even with a simplistic art style, the game has really fun mechanics in it which makes the game intriguing and I really like how the RNG actually feels like RNG because there have been a lot of games where the RNG feels really bad and unfair, but not with this game. I would totally love to see a sequel or some updates to this game!",True,1740927519,1,0,0.5,0,463,803,76561198880480271
3011030,193415924,"This game is really fun, it's not the most complex or diverse roguelike I've played, but still good nonetheless. Although I have to mention, the game is so heavily balanced against you at the final four fights to the point where it feels like any control you had *at all* before is torn away because you're either too good or not good enough. [spoiler]I specifically  want to note on the Crimson Dancer fights and the No-Skin Man's boss fight. They each take two turns per one turn you get, which is fine when you memorize the flowchart, but they still can inflict poison on you and heal on the same turn. Especially with the No-Skin Man, he just gets to decide that your damage upgrades don't exist anymore. Really the annoying part about them is that they heal to max when you kill them.[spoiler] 
That aside, this game is overall very good, and learning which rooms you always/never want to go to is really cool. Its room system feels sort of like Darkest Dungeon if instead of a map, you just had the rooms that appeared randomly.",True,1745421896,0,0,0.5,0,347,736,76561199540681061
3011030,188264155,"RNG luck based lore heavy secret filled turned based combat roguelite.
Really good, lots of content to unlock/discover, progression feels good, unlockable higher difficulties are a good challenge.
100% worth the price if you're into this style of game. Art is very cool, music is very cool, game's very good.",True,1739966763,0,0,0.5,0,414,693,76561198040916458
3011030,188177065,">85% chance to hit to win the fight
ok all i have to do is not miss
>miss
>insta game over

Very unique and interesting game, a nice unique indie gem with unique interesting atmosphere to start 2025 with.

edit: You gotta play this, this game is insane. it made me go ""WHAT!?"" more times than i can count, in a good way.

edit2: please cloud saves",True,1739868153,53,3,0.830986678600311279,0,327,887,76561198032733153
3011030,192833367,Found his Skin (please give us more achievements),True,1744760516,1,1,0.523809552192687988,0,573,625,76561199160988085
3011030,211209979,:3,True,1764261717,0,0,0.5,0,746,746,76561198195893086
3011030,196435342,"this is the most unique roguelite ive ever played and its genuinely SO FUCKING GOOD. the artstyle, the gameplay loop, the characters, the weird story that you have to put together thorought multiple runs and minigames, its all SOO DAMN GOOD and ive been thinking about it for a while after beating it

might genuinely be my favourite game released this year so far, we love u no-eye soft",True,1749102057,1,0,0.5,0,1925,1925,76561198847454365
3011030,193526063,"this game is punishingly unforgiving, gets extremely difficult, and has an rng balance that loves to shove a giant middle finger in your face. but it also has an insanely well built atmosphere, the combat taps into its spiritual roots while also being interesting and fluid enough to not be a clone, and the diversity of both the gameplay and the characters is so engaging that i cannot stop playing this game.",True,1745551730,0,0,0.5,0,623,867,76561198415483382
3011030,211599840,frog emoji is fire,True,1764406700,0,0,0.5,0,888,1196,76561198930333858
3011030,188814255,"Absolutely insane in the best possible way, every run I did I got more questions to ponder the rare answer only made me have even more questions. The characters all feel unique and have a real level of depth that you hardly see anymore probably the best game I have played in the last year.",True,1740596226,0,0,0.5,0,1507,2232,76561199386749196
3011030,188923904,"This game lets you make stupid fun builds and I'm all for it.

You can kill enemies by smoking cigarettes.
You can kill bosses by vomiting your healing items on them.
You can kill the false God by literally talking to them.

10/10",True,1740731070,0,0,0.5,0,939,2396,76561198180813646
3011030,188600389,"I love RPGs, I love Rogue-likes, THIS IS PEAK
MY FAV GAME OF ALL TIME IT BEATS NOSTALGIA BRUH",True,1740333751,0,0,0.5,0,2362,5414,76561199207825717
3011030,196033286,"I'm leaving this review exclusively to HOPE that it helps it spread around a bit more.

This game is an insane rabbit hole in terms of story and lore and it's kinda insane how it doesn't have more popularity, if you haven't played the game yet and are reading this and are even the slightest bit interested in it, do yourself a favour and please play it.",True,1748657990,17,0,0.656720995903015137,0,724,976,76561198268084593
3011030,188702021,"There's always cool secrets to find, even 10 hours in.",True,1740455778,0,0,0.5,0,601,1460,76561199210601488
3011030,189549323,If I had a nickel for every time I played a horror game about a tragic/doomed LGBTQ romance - I would have three nickels.,True,1741305291,9,1,0.613348007202148438,0,1493,1493,76561197980090882
3011030,199679126,11.0/10,True,1752385640,0,0,0.5,0,1415,1415,76561198161384543
3011030,199070282,"I love this game! The style, story, and gameplay are all very addicting. I've been playing since it was on itch and I can't wait for more updates!",True,1751768846,0,0,0.5,0,1011,1492,76561199309109549
3011030,188219725,ive never been so immersed into an indie game before! this game may seem simple but it is deep and riddled with mystery! the demo alone had so much content that it put other demos to shame! the full release completely blows everything I thought about the demo out of the water! the creativity is above and beyond and I cannot wait to complete and piece together the lore of this game!,True,1739917219,2,1,0.545454561710357666,0,751,2198,76561198167241970
3011030,199544492,I didn't expect that much content,True,1752247350,0,0,0.5,0,1527,1527,76561198123710917
3011030,188624008,"It's fantastic in its own, unique way that I haven't seen emulated anywhere else before.",True,1740356882,0,0,0.5,0,572,631,76561198451157130
3011030,189365418,"On the surface its a shallow RPG with edgy subject matter at its heart, but the more you play and discover, the deeper the mechanics and the story get. Every time you think you've found the ending you go a little bit deeper than you expected. Its best to view this game as a puzzle at times rather than a roguelike RPG. But its a fantastic experience showcasing a gold standard in atmosphere.",True,1741107083,1,0,0.5,0,623,623,76561198037796160
3011030,188299871,"This game has layers on layers on layers,  there is so much to dig through. I think I have found all that I can though there are a few things that still elude me. But MAN was it a good time. This game is by and far worth picking up for the price.

I really appreciate the horror atmosphere the game puts on. Slowly building up the twisted forms of your ""friends"". All the things that you can come to unlock and learn just gave the game so much depth. There is just so much to like here.

I don't know that I personally feel incentivized to push for the max difficulty, but I definitely felt the want to know more and experience alll that the game has to offer in way of story and secrets.

10/10 would recommend.",True,1740004581,0,0,0.5,0,653,736,76561198087054646
3011030,188634765,"Ah No-Skin, I remember playing the demo. It hooked me, grabbed my by my hair and pulled me into this horrific nonsensical world, where nothing is as it truly is.

Whats not to like? A charming pixelated art style with spooky horror elements. A cast of fun and interesting characters. All tied together with simple, but fun game play and easy to learn mechanics.

I want to talk about the characters first because, its funny, and I really do enjoy them. You have, a guy with no skin. His son, who also has no skin and a timidness not expected. An attractive fish with long gills, sentences that leave you baffled, and shocking good deals. A Goddess, who drafts you to realize Her will. Frogs, who sell you wares from the trash and say things like, ""Frogs, Frogs, we are Frogs"". Whats not to love. The game also has multiple playable characters, each with their own gimmicks, albeit some better than others.
-
Take Luna for example... *cough* Best Girl *cough cough* ... She starts with 3 base damage, a lot, but suffers from terrible accuracy. This can easily be paired with another item from the Frogs and she easily becomes significantly stronger. Not only that but that isin't even her gimmick, thats just how great she is. But enough fawning, lets move on.

The art style is incredible unique, mainly using pixel art. With the game being horror it uses that to create these grotesque, characters and places, that really put you in this world that is not your own. There is explicit content, in the manner of blood, deformations, drinking, drugs, and nudity. Pray to the Goddess your Mom doesn't walk in when your fighting 'The Competition'.

With turn based combat, the game play is incredibly easy to learn, you stab, you shoot, you pray, and you run, almost everything else is a free action. Stabbing and shooting are your main methods of dealing damage, although your run could result in you killing things with second hand smoke from cigarettes. Praying is how you defend, it sets the damage you take that turn to 1. This is mainly used for when enemies take the turn before to prepare to unleash a devastating attack, but once again, it could have other uses depending on your run. Running away is just that, some enemies can't die without special means, that you often don't have. So you run, which can fail, which will result in the enemy taking its turn, and an increase in your escape chance. You also have an inventory, but that one is extremely flexible because, for most of the game, you can use as many items as you want without using your turn.

No-Skin is a great game, and I 100% recommend it, and for $6 it's not unbearable expensive, and it definitely has enough content to make it worth it. It does get difficult at times, but that just makes you feel that much better when you finally do finish that goal.
-
I'm not going to lie though, it does get difficult, an example is the Trish diary, a puzzle you get for completing the game multiple times. The Trish diary was insanely difficult, I probably sunk 2 hour in it until I finally beat it. Before beating it though, I had a run go to its boss, proceed to knock it down to one health, miss once, and die. It was a play perfectly, get killed because you missed once challenge. But you know whats even better than a challege?
-
THE DEV NERFED IT! No-Eye Soft listens to the players, and updates the game accordingly, which means No-Skin has a lot of room to grow from where it is now, with player support. Which is extremely important for any game.

Thank you No-Eye Soft, for No-Skin, im really glad I got to experience it again after that first time all those moons ago.

One final message for all my knowledgeable goddess' weapons:
*   9*5)   *   $17-?   41/!0$&   6)&   -10(   (*--&?   @*5)",True,1740372474,0,1,0.5,0,626,626,76561199095285230
3011030,189359042,"I played this game back when it was in very early access before it was even on steam and I loved it. I went secret hunting because that's half of what this game is, if not more than half. Everything about it screams love and it gets weird in all the best ways. There aren't any experiences quite like this one.

I found the skin. I understand now. I will smile, because this is what I've always wanted, and I will suffer, for it will never be easy.",True,1741102465,0,0,0.5,0,793,903,76561198337070320
3011030,200872042,yayayayayayayyayaya,True,1753652975,0,0,0.5,0,861,863,76561199095246443
3011030,189181155,"Really liked the game!

definitely worth the buy. Nice Horror Roguelite with its very own style",True,1740927251,0,0,0.5,0,917,1011,76561198057948928
3011030,192901149,LUNA FOR THE WIIIIN!!!!!! EVEN IN THE DEMO SHE WAS BROKEN AND NOW SHE'S EVEN  BETTER!!!!!!!,True,1744842763,0,0,0.5,0,1458,1467,76561199088369457
3011030,190515248,"damn.

Great game. I loved the style. Interesting narrative. I will be thinking about this game for a good while.",True,1742273083,0,0,0.5,0,882,882,76561199439482952
3011030,191778782,"Truly find the Dave the Diver an amazing game, real fun, making sushi is a blast and diving is one of the best parts of the gaaaaaaaaaaaaaaaaaaaaaaaaaaaammmmmmmmmmmmmmmmmmmmmmmmmm---

...
Hehe...
I'm just playing with you...
A truly unexpected event...

This game is amazing, tons of content for the price, But really the atmosphere keeps you playing, just nails the feeling of creepy, If you're on the fence you won't regret picking it up, incredibly creative, it's worth every penny.",True,1743571004,0,0,0.5,0,772,801,76561197967258255
3011030,192009229,"I played this game probably a month ago now and i have to say i still think about it.
Got all the ending with all the characters and I still feel the need to play more of this game.
I want more of this game, and I definitely hope the developer knows that this game left a lasting impression on me and hope he creates more art such as this.
I loved this game",True,1743821664,0,0,0.5,0,964,964,76561198079442961
3011030,198273205,"Genuinely the best horror rpg I've ever played the sprites are super creepy and their correlations with each of the characters' personalities are epic. Honestly I can see why some of the other reviews say the gameplay gets kind of stale, but NO-SKIN more than makes up for it with its storytelling. I feel like it's kind of like movies like Pulp Fiction where you jump around a lot and I think that's super fitting for this surreal kind of otherworldy kinda horror. 10/10 Definitely worth the 7 bucks.",True,1751032704,0,0,0.5,0,551,551,76561198126940661
3011030,207842321,"There is a man with no skin standing in the hallway. You have to find it's skin.
That is all the introduction you get before being thrusted into the world of No-Skin. As a game, it looks unfair: enemies hit pretty hard and, chances are, you'll die pretty quickly. That's to be expected from a turn based roguelike tho, part of what made this game fun are the small realizations that there are ways to beat the creatures you encounter, things like noticing that their attack patterns are never random, knowing what rewards they give and what resources you should have before facing them, for someone like me figuring out those strategies are the fun part of this genre. That's not what made this game *special* tho. It made it fun, sure, but what made it *special* are the things it *hides* from you, and all the secrets you can uncover. 
This game is a *lot* more complex than what the main campaign would make you believe, and that's because the game goes out of its way to hide these from you. The best example I can share without taking away too much of the joy of finding those things on your own is that very scene at the end of every encounter showing you your progress. From that bar, which shows how close you are to finding the skin, implies that each run is a straight line, you start here and progress there. When you see that, you don't expect there to be different routes you can take, or even that you can go backwards. But there are, and you can, and the things you encounter outside of the boundaries of the world itself made this game great for me. And I dare not speak much of it, because there's some things in this game that are wonderful to experience yourself.
The story itself is nothing special, it's baby's first toxic yuri, but the way its told makes it a lot stronger for me. While in most cases a simple story told in a complicated way would take away from my enjoyment of a game, this is a rare case where I believe that it is done well. I will elaborate on that a bit more in a moment, but it's one of those cases where at the end I had to ask myself what really happened and what did not, the same kind of question I had at the end of games like Katana Zero and the entire reason why The Shining stayed on my mind despite watching it so many years ago. And to be clear, that question really only works if the story doesn't give a straight answear, it only works if I have to ponder it for much longer than the time I actually spent on the media itself. And the Vibes? God, the Vibes are *spot on*.
But that's not really the horror of no-skin, is it? No, the horror of this game is much more insidious, built into the story itself. The horror that has actually gotten to me in this game is the realization that you yourself are not a good person. It's the realization that you're really only hurting the people you care, that the people around you are just enabling your own toxic traits and you enabling theirs. The realization that everyone is miserable, and your very fault in it. As someone who has been through that myself, that kinda hits hard, and I found it pretty damn well written. The characters feel surprisingly realistic for something written by a dev that, as far as I can find, has no experience writing this kind of story. Bravo to the dev to be honest.
Granted, it's not without criticism. My main issue with the game is the complete and utter lack of build variety. Almost none of the item drops and upgrades you can get are random, the exceptions being the crimson dancers and the encounters you get. While I understand the importance of having guaranteed upgrades in a game like this (I agree that having some way of skipping progress percentage in the final floor is important), having *all* of them be guaranteed just makes every run feel the same. It's a very homogeneous kind of roguelike, where although the builds you *always* (emphasis on always) end up with have some minor variations, they all play and feel the exact same. That I think is the worst aspect of this game. (I've seen some people complain that the game is too rng reliant, which really makes me wonder if we played the same game cuz frankly once you get it you realize how little rng there actually is)
I also don't like that the game just straight up tells you what to do next after you beat the final boss. Feels like handholding, the average player *can* figure that out and it was already the thing I was planning on trying out while facing the boss. Kind of a minor nitpick but, y'know, I do think the game would be better without it. Regardless, absolute fire game, absolute recommend if you're into that kinda thing (Which I am).",True,1761705233,4,0,0.536660432815551758,0,677,677,76561198253715312
3011030,196235848,йес скин,True,1748865106,2,0,0.543859660625457764,0,793,793,76561198016886330
3011030,192466007,"It's pretty cool! Come for the mystery, stay for the interconnected mechanics.

I played this game's demo about a year or two ago. During this time I had the pleasure of trying out a few of the game's main features, and, after seeing the final product I'm genuinely impressed by how in-depth some of the game pieces fit together. Whenever you successfully complete a run, you unlock a harder version of it, along with a few new goodies to make your character stronger. However, there are certain aspects of the game that leave a bit to be desired.

If you're here for the mystery and story, you'll get that drip-fed to you over the course of your playthrough. It's a blast to learn about character interactions and how these young adults mix and match their story beats. However, their in-game characterization gets on the side of cliche. Writing could definitely improve by giving individual thought on how certain enemies might talk to the player in ways that actually matter, rather than stating out-of-the-blue threats that sound like they are out of nowhere (a faceless creature brandishing a knife and saying ""you must be eliminated"" feels corny af).

Gameplay mechanics shine on how certain perks and items find new meaning and use on each playthrough. Even the weakest of tools have their moment to shine-- whether in certain scripted moments, or in pawn-like situations. However, many items feel as though they were added late into development. Specifically, it is fairly easy to reroll the randomized set of bosses if you don't care for a certain enemy by simply restarting the game. Another example, TRADE is very hit or miss when it comes to being useful in an encounter. Strangely enough, many enemies that have been around since that original demo do not have TRADE tables, and default to a ""they are not interested in trading"" notice. With how often that appears for early-game enemies, I can't help but think that this option was implemented late into development. Hopefully there are patches made to remedy these issues in the future.

Regardless, I had a great time with this game, and crave more from this development team. Good work!",True,1744329791,1,0,0.5,0,1909,2204,76561198056163208
3011030,194849542,"I'm going to be real for a second. I bought this game because I remembered the [insert youtuber] played/talked about the game. And then I find myself very much enjoying the game and discovering it's secrets. I still have yet to beat the game but the time I have spent with it has been nothing short of fucking awesome. Great art, fun gameplay, and hidden secrets make the game definitely one of my favorites.",True,1747179776,0,0,0.5,0,949,1082,76561199067379164
3011030,195505156,good tbh i dont care read another more detailed review,True,1748040861,0,0,0.5,0,1005,1091,76561199509782431
3011030,198446710,"This game made me appreciate all my friends much more, first and most important of them all, of course, my skin.",True,1751194546,0,1,0.5,0,1182,1182,76561198003603964
3011030,206736328,there is no skin,True,1760471589,0,0,0.464083433151245117,0,610,610,76561199118794127
3011030,212140839,Very Inscryption inspired in all the best ways,True,1764534700,0,0,0.5,0,1820,1820,76561199129546549
3011030,204356799,the eyeless man please stop barging in the story i can hardly keep up by itself,True,1757884235,0,1,0.5,0,1347,1347,76561198815527403
3011030,194630146,It's chill. 9/10,True,1746904123,0,0,0.5,0,561,561,76561199481315143
3011030,188901526,skin,True,1740703832,0,0,0.5,0,2127,3307,76561199073303767
3011030,188443847,"Really fun mechanics, thought provoking puzzles in the form of additional memories you play through.

I thought this game was fantastic, loved the pixel horror sprites and analogue horror sequences.

I thought this game and its interactions were really fun to discover, and the permanent upgrades were very satisfying.",True,1740174291,2,0,0.533011257648468018,0,1050,1050,76561198116225352
3011030,190140500,"Great game.
Runtime takes anywhere from 8-14 hours for all endings. (excluding new-game+)

Plenty to do and every time i thought ""I've finally done it"" I'd open up another ending to achieve.
Only complaint is some of the mini games in the memory section felt tedious relying on the player playing EXACTLY the right moves or they'd need to restart, taking away any RNG or skill involved.",True,1741927466,1,0,0.519230782985687256,0,620,620,76561198799368542
3011030,212455773,Yes good game Yes,True,1764738944,0,0,0.5,0,2258,2258,76561199133324908
3011030,191874495,"One of the more interesting Gamemaker rougelikes in recent memory. This game does three things really well: pretentious indie vibes, run optimisation, and cool secrets It doesn't really do anything else, but that was no issue for me because I love all three of these things.

The premise of the game is that you are a girl with a group of friends (?) who is tripping really hard and the lines between reality and nightmarish revelations of the world are blurring. You progress the main story by winning multiple runs and completing several character-specific puzzles until you reach the true ending. The narrative of the game is hard to follow on purpose, but you don't need to know what's happening to enjoy the vibes. Finding an item or enemy and thinking ""oh cool, this thing looks like something from the protagonist's life but it's all messed up!!"" was the main source of interest for me. Maybe I'm sleeping on the deep themes of this game, but honestly the vibes alone kept me satiated and I was never bored or annoyed at my own confusion. I thought the ending was quite cool and it made more sense than I expected it to.

Gameplay-wise, it's a pretty straightforward turn-based dungeon crawler. You choose one of three offered events and roll the dice regarding the outcomes and what enemies you'll have to fight. Very luck-dependent, but also surprisingly consistent and transparent. The odds of every single dice roll in the game are shown to you before the rolls are made, which gives you a lot of control regarding what choices you'll make. It's hard to feel cheated by bad luck if you've been warned about it. 

The run optimisation comes in the fact that although events are randomly selected for you, the actual contents are entirely predetermined. Enemies will (barring the special secret ones) follow the same patterns, appear in the same rooms, offer the same trades, etc. Eventually, you will learn how to use this information to completely annihilate every single run. To mitigate how easy the game becomes once you've ""solved"" it, there are some additional difficulty modes you can unlock. They don't offer any real rewards for completing but I think they're essential to have fun once you can do normal runs on autopilot. I think I got up to Faith 6 before I got the true ending, and even then I wasn't having much trouble.

The secrets of this game are really fun and weird. The most random actions you may do on a whim can lead to unexpected discoveries. My favourites were discovering what trades certain enemies had were overpowered and abusable, as well as figuring out how to [spoiler]recruit[/spoiler] certain enemies. I think the hypest moment for me was unlocking a character that can progress [spoiler]backwards[/spoiler]. After getting over how neat of an idea that was, it dawned on me that I could use all my game knowledge to make the most broken run possible. Super, super neat!

I don't really have many negative things to say. I don't think the game is infinitely replayable, and I don't have any interest in revisiting it after getting the true ending. But reaching that ending was really fun and worth the money. One thing that ticked me off was a bit in a puzzle where [spoiler]a character reads out a hypothetical negative review for this game, focusing on specific shortcomings. I don't like it when games do this. Have some confidence in this cool thing you've birthed, you've earned it![/spoiler]

Uhhh tl;dr it's a Gamemaker turn-based rougelike that excels at pretentious indie vibes, run optimisation, and cool secrets. Not for everyone, but it was for me :-)",True,1743686486,5,0,0.582013964653015137,2,604,604,76561198069693145
3011030,191054240,"Fun, great gameplay loop. Lots of secrets for those interested in solving puzzles.",True,1742799505,0,0,0.5,0,2171,2171,76561199074014539
3011030,188645088,My favorite horror game. I played the demo a ton. It's super worth the cost. Still working on finding all the secrets!,True,1740390753,0,0,0.5,0,599,833,76561198167377786
3011030,195447888,great gameplay and lots of replayability. the story is just a bonus on top,True,1747965984,0,0,0.5,0,1657,1657,76561198014838229
3011030,189084520,I have been blown away by the complexity and character of this game. Going in completely blind was the best experience.,True,1740850103,2,0,0.536862015724182129,0,1343,2611,76561198047234623
3011030,195488656,B̸̘̝̼̙̒͒̓̂̋̈́̾̊̾͘ȃ̶̤̫̺̠̮̲͙͇͝ḇ̷͎̓̋̈́̿̔y̶̧͔͂̈́̾̓͊͌̕͝ ̶̡̧̛̥͈̫̺̖͆̑̔̒͒͆̎I̵̥͖̩̙̗̜͌̐̎̎̈̚͠͝ ̴̢͔̦͖̬͗ń̸̨̘̬͕̠̟̻̞́̓͆́̈́͜͠é̵̤̜̜͓̠̲̹̃͌̀͋̅̾̃̚͜͠ę̶̛̞͈̮͉͓̱̈d̷̡̰̖̬̤̗̱̈́̅̎̔̿̚͠ ̵͔̼̮̖̾̽̉̉̍̓͠y̴̢͙͚̳̆̍́̔̎̊ơ̵̧̗͉̪̯̯̂̃͑̍̏ṵ̷͉̳͕̏̋ ̵̯̗̼͐͌͛̇̋̅͘d̷̨̨̛̬̥́̔͝ớ̶̧̪̟͍̝̖̙̥̞̠͂́̍̐̉̆̊̚n̷͚̪̘̗͔̘̼͉̅'̸̲̟̺̺̌̀͆͒̚t̴̢̛̖̖̰̖̮̞̏̓ͅͅ ̵̡̧̖̻̯̺͕͈͔͉̉̓̑́͊̈́̏͊̏̎l̶͖͖̘̼̬̲̒̓͝i̴̩̭̫̫̺̱̗̱̋͜è̶̡̫̠͇̓.̵̡̛̬͎ ̵̞̫̍͛̀͆͑́̇̚T̵̤̩͔͙̳̟̣̠̖͗̂̌̏͂͂̒̉͝ͅe̸̜͍̺̓̊̓́͐̄̊͒͝ļ̵͕̮̣͇̬̳͎̋̏͜͜l̷͓̥̺̒͠ ̸͖͕̪͗͛̾̅͛̒m̸̛͙͕̏͋̒͐͆̆e̵̤̦͆̈̆ ̵̟̤̌̀̐͑̂͠w̶̫̠͇̭̎̓́͑͆̒̃̽͘͠h̴̪̮͇̣̻̯͌̀̏̈́a̸̬͇̻̞̘̾̍̇͒͋̑̈̈́̽̈ṱ̸̡̖̺͕̩̬̔͑̀̓̃'̶̀́̑͜s̸̳͔̟̗̻͉͑̌̂͒̓ ̶̟͖̳̹̀̾̽̍̋̅͌̕͘͜t̴̛͓̗̫̹̄̃̈́̍̆͛͛̄̆ḩ̴̨̛͚̜͎̰͓̮̭̌̋͊̏͛͐̚ȇ̷̻̦͒̂́̀̏̄̄͠ ̴̢̛̜̬̳̳̺͙̗̘̍͆̓ẇ̸̧͖̿͆̕ö̴͖̗͛͌͐́ṙ̴͈͍̎̎̀̏̚͝͝s̶̲̘̤̖̈́̓t̶̟͔̅̆̓.̵̡͉͙̫̪̯̰̀̑̊̈ ̵̹̞͔͎̳̹̽͌́͊̈̔͑̿͝Ş̸̛̹̼͉͙͔̬̆̾͋͑͝͝u̵͇̪̥͙̺̞̺̹̇͐̍̌̋̚̕͝ȋ̵̫͎̓͂̔͝c̵̡̧͇̜̺̠̻͋̀̑̔͛̈́̑̈́̍͘ͅi̵̠̣̯̞̭̤̺͂̈́̾̔̆̑ḓ̷̡̣̬̅̾̿͐͐̀̄̈́͑̐͜͜è̶̡̩͕̱̈́͠?̸̼̮͈̥̂,True,1748023233,2,0,0.523809552192687988,0,1005,1687,76561198112489013
3011030,196916706,"I saw this game first on the Markiplier video and istantly got sucked into it.
The rouge-lite formula in combo with the art-style and mood of the game are affascinating.
The gameplay is pretty player friendly, easy to understand but still kinda difficult to master thanks to the RNG of events, it may get a bit frustrating when you keep having bad luck with the encounters, but still you can work around with the items that you get from the various enemies.
Gaming aside, the story of this game deserves the bigger paragraph, more so for how it explains it to you, giving you tiny bits of everything going around in this world and making you connect the dots (kinda difficult for a dumbf*ck like me, i will be waiting for a 1h lore dump as soon as this game gets traction, AS IT SHOULD), not wanna spoil anything about it, just gonna let you know that if you like cryptic stuff, and lore hidden behind research, this thing is for you.
The sounds and the music also deserve a mention, cause damn the OST fits in a really magical way, every sound gives you the perfect vibes and chills which complement perfectly every thing going on here.
10/10 would reccomend.

Solo dev italiano ha cucinato di bestia, ti auguro davvero che questo gioco riesca a prendere la visibilita' che si merita.
Un gioco davvero affascinante.",True,1749587310,10,0,0.635844767093658447,0,786,786,76561198151320707
3011030,202391961,"He will show you how things really are. You think it's a gift, don't you? 
This game was an absolute joy to play. For such a simple design I was able to keep finding new content almost 14 hours in. I had more to find too but only by going through some pretty hefty hoops. So well made, such amazing audio and visuals. A must buy horror roguelite.",True,1755526577,0,0,0.5,0,813,813,76561199214666064
3011030,209658194,"This game is an underappreciated treasure, was gifted to me by a friend and we have gone through blind into the winding spiral and crimson stained threads of this world. The twisted dive into utter madness as you deconstruct and understand the deeper mechanics, unraveling details and unlocking memories, it truly feels like this game didn't get seen past the surface. I truly enjoyed my descent into the twisted world of NO-SKIN and can't wait to see what comes out next",True,1763598908,0,0,0.5,0,634,731,76561198177038391
3011030,209160237,"Loved it.

I'm not usually big into games that do require multiple playthroughs to get some kind of ""true ending"", but... it did work here. I think it's because the core gameplay is really interesting - you're learning more, uncovering more mechanics and figuring out what works and what you need.

But definitely what carries it is additional characters - and how they really change how you play, in some very fun ways. The idea of the diary entries works well too - giving you more bits of the obscure lore, a different kind of gameplay in short form, and rewards for the main content. That said, some diary entries are a little too much ""guess, and try again"", as there's not much leeway on how they can be ""solved"" (and some of them a little random), but at least they are short - so it doesn't become too frustrating, and it is rewarding.

The atmosphere is amazing, creepy, weird and fucked up. The turn based mechanics, with heavy emphasis on inventory items - and the fact that they don't cost a turn - is really fresh, but also allows for some serious shenanigans for resourceful players.

There's some great satisfaction of tackling the game, especially that it can be really difficult (especially when you're still learning new things), and some good incentives to progress and figure out ""how to actually beat it"" - with the game really clearly showing you ""this was not the end, this was merely the beginning"".",True,1763080646,0,0,0.5,0,657,657,76561198153500065
3011030,199223619,"I love the confusion the game caused in me. The gameplay, simple, yet addictive. Overall great game",True,1751913905,0,0,0.5,0,792,887,76561198033224453
3011030,190342679,"I really wanted to wait until I completed the game to write a review but it's really not necessary as, I can not recommend this game enough! 
I had so many hour in the demo and was literally COUNTING down the days until release. I have always been someone who HATES replaying games more than a few times. So for a game where its entire premise IS replaying, it has come as a shock that I just CANNOT get enough! Every time you play no matter how many times you are guaranteed to spot something new.  
I hate to admit I haven't been able to put as much time into it as I want yet but I'm looking forward to it and I can't wait to see what NO-Eye-Soft has in store next!",True,1742116210,0,0,0.5,0,778,781,76561198988814482
3011030,189206293,"Never loved a game so much where I'm constantly asking: ""wtf?"" (in a good way)",True,1740944629,0,0,0.5,0,1076,1914,76561198820024349
3011030,188383112,"Man, Luna is op.",True,1740108698,2,0,0.52173912525177002,0,697,822,76561198974785600
3011030,188709782,THE MOON HAS FALLEN,True,1740468255,0,0,0.5,0,719,1837,76561197978395811
3011030,189384010,"8&4= (11? (!/& 
#76 =17 (!=",True,1741120912,0,0,0.5,0,835,835,76561198327632748
3011030,189200164,"Fun game
If ""a couple drunk teens find themselfs inbetween an elder gods feud"" sounds good to you - youre in for a ride.

I love the artstyle, music, mood and the scattered story clues slowley revealing the lore of the games world.

Gameplay itself isnt that much of a challenge once you figure out the best items and gifts to get, but haveing many unlockable characters to choose from (each relying on a different mechanic) makes up for it.

Worth a try, would recommend",True,1740940112,0,0,0.5,0,790,790,76561198087955612
3011030,199807331,"Interesting story and interesting game. Lots of neat little tidbits of story and information tucked away in little corners here and there, interesting ways to defeat enemies and bypass encounters, enough logic and strategy involved in beating the game to keep it going. My only fuss is the requirement to grind through the game a ton of times to raise your ""Faith"" level to see some of the hidden stuff. Not super duper hard once you unlock a specific character, but still annoying enough to bring it up. There is at least one clarififed ending that sort of makes sense of all the vague suggestions and imagery, but for the most part it SEEMS (unless I am missing some major signs or not paying attention) to be mostly kind of random and vague for the purpose of being random and vague? Not to say it ALL is, there is for SURE a primary story that I believe you can figure out and sort of suss out the metaphors for by beating the primary story through the hints that the game provides (and it DOES provide a lot of hints if you pay attention, talk to everything, and get creative). But you're pretty much making educated guesses for a lot of that stuff, not getting solid confirmation on those things. 

All of that being said, I clearly enjoyed it for many playthroughs and many hours. I'd reccommend picking it up, for sure.",True,1752523476,0,0,0.5,0,1913,2241,76561197995977248
3011030,189930252,"this ruled, so much more content then i expected. easily could charge double the price if not more. Can get a little repetitive once everything is unlocked/while hunting for secrets.",True,1741680958,0,0,0.5,0,938,938,76561198252363708
3011030,188846016,"I was drawn to this game like a moth to a flame just from the trailer. It's fun to learn what to do and dying always feels fair. Extremely esoteric and fun in a way I hadn't really seen. I truly vibe with all the characters and can't wait to learn more with every try. This game feels like something I would've made when I was younger if I was smart enough to know GameMaker. Every sprite and mechanic scratches my itch for ""weird"" games. And the mechanics of the Dream Diary are genius once you know what's going on.
Also the moon in this game, so immediately it gets a 10/10,",True,1740636871,0,0,0.5,0,753,753,76561198099815040
3011030,197469884,"I adore no-skin, I watched markiplier play it and wasn't sure if I'd enjoy playing it myself. But a friend bought it for me, and I am hooked, I highly recommend this game I love the art style and the snappy play style.  Be warned some of the dream diaries can be really tricky though!",True,1750177340,4,0,0.563009321689605713,0,1006,1387,76561198169127330
3011030,188879870,"This game is amazing for someone who looooves roguish likes games. SOOO I played until I got the skin and more..... I will not be returning this skin. I need it for the pie I'm going to make. With love, Me",True,1740678460,0,0,0.5,0,769,910,76561198355040515
3011030,209627209,there is boobies,True,1763564993,1,0,0.492642343044281006,0,6315,6315,76561197993812732
3011030,199603177,This game is super fun and pretty addictive too. There is also a really decent story line that has a lot of mystique to it.,True,1752309951,0,0,0.5,0,635,667,76561198203102894
3011030,190029882,This game goes unbelievably hard,True,1741797727,0,0,0.5,0,1939,2661,76561198042538074
3011030,190659297,"It is so good. 
This kind of surreal, dream-logic World of Horror/SMT/horror is so much my thing
There are a LOT of secrets and hidden things to find. Pay attention. 148. 
The balance is pretty tight on the normal faith difficulty! You can relatively easily get pretty far to the end, but actually beating everything... every single item is necessary and to be used only in the correct situation.

The mystery and the dream behind it all is like a real dream - in grasp, but somehow not something you ever entirely reach - it stays in your head like 148, and rises up as a memory in the dark hours.",True,1742419773,5,1,0.563953518867492676,0,1755,2133,76561197996070223
3011030,188742487,"NO-SKIN is a heavily streamlined roguelite set in a dreamlike world where the emphasis is not in skillful execution, but in novel mastery of the game and using that knowledge to explore esoteric puzzles and secrets.

The game is best experienced blind, with only minimal experience with the genre needed, as much of the fun NO-SKIN offers is in solving its puzzles and unraveling its mysteries firsthand. If you find yourself stuck, the game will tell you pretty much everything so long as you just ask.



6)&  ?4&!/  *5  016  )&45
*6  #&-10(5  61  6)&  /!0 9*6)  01 &=&5",True,1740506073,12,0,0.648908436298370361,2,775,782,76561198025319378
3011030,188356260,Experimental in a simplistic way. Vibes are enticing. Love the frogs. The dancers are hot.,True,1740077020,7,0,0.596644818782806396,0,863,1039,76561198282845253
3011030,188153257,the skin was the friends we made along the way,True,1739831695,0,0,0.5,0,649,1233,76561198018579422
3011030,191053958,"This game was genuinely fantastic, I may not have understood the story completely, but the gameplay, aesthetics, and sound felt addicting to me. Big recommend especially for the price point to hours played for me.",True,1742799023,0,0,0.5,0,1198,1198,76561198081260117
3011030,211163829,"[h1] If I did not have Expedition 33 as my personal GOTY, this would be it. [/h1]

I had bought this game on a whim, I don't remember exactly when. I just knew that this looked like something I would enjoy, and I think it came recommended from a tweet from the guy who made the game, IMSCARED (either they retweeted a post or mentioned it directly, I do not know for certain, I just know that it came from somewhere around there). It was only a couple of dollars, so even if I didn't like it, I was not incentivized to go return it because I was certain I could find something that I liked about it beyond the trailer and store images and support the effort that was put into this work.

There it sat in my library for a long while, always on that mental backlog, and thinking ""I should get to that."" The icon and name always stood out against everything else in my library, so it managed to eventually escape the backlog and catch my attention again after practically marathoning Final Fantasy XVI. I needed something small, something digestible, but something that was completely and exclusively up my alley.

I didn't think it would actually suck me in as much as it did. I just wanted to play a creepy roguelike, and what I got was [i] so much more. [/i]

[h2] What is NO-SKIN? [/h2]

NO-SKIN is as such: take your typical turn-based roguelike, put in a non-linear story, add a dash of cosmic horror to  enhance the narrative elements, and make the turn-based combat [i] juuuuuust [/i] hard enough to make you think about what you need to do, and that's probably the best ""on paper"" description I can give this game. The game has a very pixelated style, but that does not stop it from often being gruesome and macabre (the name of the game is ""NO-SKIN"", what do you think it'll involve?). The narrative is at first sparse and confusing, but there are supplemental side stories you can unlock that flesh out each character in the game, which in turn builds the world around the basic story beats you began with and offer new perspectives. Staple on some appropriate atmospheric music and sounds, some unique enemy designs, and you have a neat little indie game in your hands.

That's NO-SKIN on the surface. Now, take whatever you have in mind and throw it out, because NO-SKIN will take your expectations and surprise you on how much it squeezes every drop out of each mechanic and element that is included in the package. Even if you're familiar with the subgenre, there is always more under the hood going on, or there's a new bit of information that makes you think ""what if I tried that?"" When it came to the next run, the next story I unlocked, the next character I unlocked, even the next event I hadn't seen yet, each hour I spent always seemed to have something new. It kept me guessing, it made me think, and it rewarded me for paying attention and gave me more of what I wanted. Even when I thought I knew what to expect, there was always something else, something more, and I went right back to digging.

I enjoyed it immensely, and that is because this is the kind of game that I love to play. Something that encourages my mind goblins and pushes me to explore everything that I possibly can, buy everything that I can, wade through the strange and unsettling themes and imagery, and try to think outside the box when I wasn't sure what to do next. If that is something that sounds interesting to you, then you and I are alike and you may get a good time out of this game.

[h2] This is a game for ME. But is it a game for YOU? [/h2]

I really, really want to gush about all that the game does that makes it so special, but this is truly a game that's worth going in as blind as can be. If what I've described and what is on the store page does not, at the least, make you curious, or you're not someone who likes roguelikes, potentially triggering themes [spoiler] (such as self harm, suicide, abuse, etc) [/spoiler] or games that will demand multiple successful runs to get everything out of it, then I can understand if that is a turn off for you. I got a lot out of this game both because I loved it and because it demanded as such. This is also a game that will very much demand you take screenshots or keep notes, because a lot of information and secrets need to be kept in mind for future playthroughs (especially if you want to understand what the actual fuck is going on in this game). You CAN just look up a guide and circumvent that, but a lot of the fun for me was putting that effort in to learn and piece together everything on my own, and I highly encourage that you do so as well.

This game is also, again, difficult when you first start, and successful runs unlock higher difficulties with specific modifiers that can also change how you approach things and make you strain your knowledge and resources to the brink. Sometimes, you can also just get plain unlucky, and your run will end partway through because you just got hit with some bad RNG and need to restart. My tolerance is high for difficult games (I am very willing to bash my head in the wall until I hit the perfect run), so if yours isn't, understand that you can still do a lot, if not, most things if you aren't looking to unlock the next hardest difficulty. I am fairly certain a lot of elements require only getting certain permanent unlocks in a special store or just checking out and completing the side stories you unlock, which can, in turn, make future runs easier (but that demands you complete the side stories, and some definitely took a couple of tries before I beat them).

And if you want a story that's straightforward, well, this is not that kind of game. I have a good idea on the story of the game and what's up with certain parts (especially after the 1.2 update, thank you NoEye-Soft), but that is because I took the time to explore everything and take notes on what anyone said that seemed important. Some elements have also been added post-launch, so there is now also an expectation set for potentially more details in the future [spoiler] (especially concerning the teaser at the very, very end that seems to point to the developer's new game, EDENWOUND) [/spoiler]. There is enough in the base game to get the overall idea of what story is being told here, however. The patches only add to it.

[h2] After all of that, is it worth it? [/h2]

Even if the game is not your cup of tea, I say at $7 USD, it's worth trying or just buying to support the developer. I've gotten more out of this game than other games that I've paid anywhere from 3x-10x the price for, which is what makes most roguelikes really wonderful just by their nature. Try it for a night, see how you feel, especially if you ever catch it on sale. Maybe try the demo for the developer's next game, EDENWOUND, if you want something that's more a top-down dungeon crawler with a lot of similar elements that this game presents.

Join me in trying to desperately fill the void that this game now leaves inside me after having completed everything...",True,1764249954,2,0,0.547325074672698975,0,2024,2024,76561198025011970
3011030,204979360,"Anyone that calls this game too repetitive doesn't understand and lacks reading capabilities. One of the best stories ever, balanced gameplay and terror beyond believe. If you dislike this game it's either too close to home or you're too lucky to have never delved this deep into substance abuse.",True,1758574820,1,0,0.5,0,1130,1130,76561197998140246
3011030,188846718,Such an amazing game,True,1740638205,0,0,0.5,0,769,1354,76561198044263501
3011030,193713765,really liked the art and the game play loop 10/10 would play again.,True,1745767454,0,0,0.5,0,2265,2466,76561198250951748
3011030,193388905,"I've been following this game's development since about a year ago and finally got around to buying the final release and I'm so glad I did. 

NO-SKIN has so much replayability and there are so many playstyles to choose from, from the unlockable scenarios to how you proceed with the main game: personally I love making my character an absolute glass canon.

Anyone who's played the demo version previously, I highly suggest buying the full version: there is much more content to see and I was really wowed by the dream sequences and the added depth they have.

This game is absolutely worth the price too, I would be willing to pay more.",True,1745385393,0,0,0.5,0,580,791,76561198409358862
3011030,193313869,"a game hasn't gripped me like this one has in a long time. the more you dig deeper into this game, the more it rewards you. if you like horror, surrealism, or roguelikes at all, go in blind and experience it for yourself. big recommend",True,1745294328,11,0,0.639722883701324463,0,852,992,76561198868292421
3011030,197228822,good,True,1749918358,1,0,0.523809552192687988,0,917,1126,76561199761842164
3011030,188676635,"Fantastic game and very interesting story, you'll play through this game a lot to find all the secrets and get all the endings. I like how all of the characters are viable if built right. 

Keep an eye on this developer, they're one of the good ones. Looking forward to see more about the secrets hinted at in this game and any new games from them",True,1740425296,0,0,0.5,0,1678,1678,76561198208622133
3011030,202499258,"I saw markiplier play this a while back and just got around to trying it out and the only thing i regret is not trying it sooner. This game is a masterpiece, amazing ambiance , with dark and scattered lore to be found just about everywhere. I love the random events and this beautiful pixel art style, not to mention the vast variations of different characters, not to mention the characters you can unlock to play as, is a fine touch to keep the game interesting and stupidly fun in its most repetitive moments. My new favorite game 10/10.",True,1755666652,8,0,0.61538463830947876,0,1181,1378,76561199188650499
3011030,193642728,"I have no clue how to describe this expirience. But it was definately worth it. 
what the hell",True,1745687295,0,0,0.5,0,928,928,76561198071025629
3011030,189811286,"The game has way more content than what you would expect, has only a minimal amount grind. I love the characters, the story, the mechanics, all of it. I love this game. I love all of this game.
Final score: 148 out of 100
It deserves it, and you deserve to play this game.",True,1741545059,0,0,0.5,0,802,1814,76561198993035890
3011030,208879816,bery good,True,1762779329,0,1,0.5,0,2780,2780,76561198282543210
3011030,192442264,"Game has a really cool vibe, the mechanics may be a bit repetitive once you know how to play (for example getting dagger n48 is a must if you want to beat the game, almost every run) but they are acceptable really. Everything else, in my opinion, is a complete masterpiece, it has cool charachters, awesomes tracks and themes, intriguing story with twists and a touch of mistery that, even when u beat the game, still lingers...i really enjoyed this, hope it gets expansions or DLCs maybe, Really great work!",True,1744304386,0,0,0.5,0,661,1506,76561198311083047
3011030,188457454,An out of sorts game with tons of secrets.,True,1740188166,0,0,0.5,0,874,1723,76561199547558065
3011030,201873882,"NO-SKIN merits a conditional recommendation for me. As a game, it's repetitive and not tremendously deep. While a few additional character options do fluff out the variety a bit, the basic mechanics don't expand much from where you start the game. For the most part, it's centered on repeating the same core gameplay loop but gradually sussing out secrets by discovering and experimenting with interactions. I did find that aspect somewhat fun though, and the surreal, ominous atmosphere is a major point in its favor. There's not a lot on offer from a story perspective though. Cryptic hints abound but don't lead much of anywhere conclusive. Characters are introduced but not given consistent personalities, desires, or speech patterns. It really doesn't feel like there's a thread you can follow towards any sort of answer here; just a collection of disjointed spooky moments waiting for the player to provide any semblance of explanation.
Conditionally, if you're not looking for an oceanically deep experience and you really like nightmarish nonsense, I think I'd recommend it. But if you're not here for the atmosphere, there's not a ton else it has to offer.",True,1754864101,4,0,0.580834805965423584,0,758,758,76561198031529366
3011030,199226892,Cool Game,True,1751916675,0,0,0.5,0,555,555,76561198060463051
3011030,193668512,"For something I assumed to be a fairly small game to help kill time, I did not expect myself to be dragged into a creeping journey of a girl's self realization. The gameplay is solid and there's a good amount of depth in optimizing runs in order to achieve the end of the long loop. Many thanks to the devs that made this gem of a game and a huge recommend as both an experience and a fun roguelite!",True,1745712776,0,0,0.5,0,758,792,76561198048730977
3011030,188763465,"Everything about this game is just soooo good the horror, the deepening plot twists which make uncovering the lore and characters just so exciting, the sound and art style create such a nice horror vibe. although i do feel at the end the game was sometimes too on the nose about some secret interactions while it already hinted on them before, also i read some reviews and don't get the criticism on enemy verity in the game it helps cement and get us familiarized with the mc's friends. the lore and the cast is very big and i do wish the game explored them even more, but it's amazing for a single dev game, i want to see more games from them maybe even a sequel?? [spoiler] or maybe just set in the same universe [/spoiler]",True,1740530679,0,0,0.5,0,1548,1548,76561199467013246
3011030,188691805,"pretty good game overall, it's super cool looking and has a solid loop.

Personally, I would love to see more content - as an example, I feel that using |Luna's axe| is pretty lackluster, most of the enemies don't have trade options, not even the |sharp knives| despite the line from |that girl at the end of a run| that asks if you've grabbed a drink from the kitchen.",True,1740441630,0,0,0.5,0,693,957,76561199039996853
3011030,188761369,One of the best games I've ever played.,True,1740527646,0,0,0.5,0,857,891,76561198273540199
3011030,188509792,"insanely stylistic and wonderfully mysterious. plus it's just fucking fun. very few RPGs require the strategy and resource management this one does, and it really rewards players for being skilled.",True,1740243557,0,0,0.5,0,808,1666,76561198370230181
3011030,209815782,"NO-SKIN is one of those rare horror games that refuses to tell you what it is right away, inviting curiosity instead of overwhelming players with exposition. Developed and published by NoEye-Soft, it presents itself as a roguelike with survival and mystery elements, but the first moments make it clear that it is also something stranger and more experimental. The premise is minimal, almost intentionally obscure—you awaken in a place that feels familiar yet wrong, and every hallway, room, and object seems to hint at a story hidden beneath the surface. Instead of relying on scripted cinematic horror, the game builds tension through ambiguity, atmosphere, and the unsettling awareness that you never fully understand what is happening. It is horror by implication rather than explanation, and that artistic restraint becomes one of its defining strengths.

The gameplay structure follows the familiar rhythm of roguelikes—enter a run, gather resources, survive encounters, uncover clues, retreat or die, and try again—but where other games emphasize progression and efficiency, NO-SKIN prioritizes discovery. Each attempt reveals new environmental details, character fragments, cryptic messages, and mechanical wrinkles that slowly reshape your understanding of the world. The procedural generation ensures that no two runs feel identical, but the sense of creeping dread persists regardless of layout. Inventory management, item decisions, and route planning matter, not because the systems are complicated, but because every choice feels like it could affect your survival or unlock new knowledge. The game trusts players to take notes, form theories, and draw conclusions rather than spoon-feeding answers.

One of the most distinctive aspects of NO-SKIN is its visual style—a stark blend of photographed textures, gritty realism, and pixel-rendered characters that appear slightly disconnected from their environments. This contrast makes the world feel uncanny, like a dream state where elements do not fully belong together. The lighting, shadows, and color palette lean into discomfort rather than spectacle, creating an uneasy liminality that lingers even in quiet moments. The sound design deepens the tension further: distant reverberations, muffled footsteps, static hums, and sparse musical cues give the impression that something is always present—just beyond the edge of perception. The horror comes not from what leaps out at you, but from what you imagine might be waiting.

Despite its mechanical simplicity, the game balances difficulty, unpredictability, and fairness in a way that encourages repeated attempts. Failure never feels like a dead end, because each death hints at new possibilities—missed rooms, untested pathways, forgotten items, or hidden interactions. Unlocks and carryover elements reward perseverance, offering subtle advantages or new tools that reshape later runs. The pacing remains tight, with little downtime or filler, and the best moments arise organically from unexpected situations rather than scripted scares. The game’s central antagonist, referenced in fragments as the “No-Skin Man,” serves less as a monster and more as a symbolic threat—something that represents the faceless, unknown terror behind the world’s fragmented narrative.

The narrative is another element left deliberately incomplete. Instead of providing a clearly defined plot, the game presents scattered clues—diary entries, object descriptions, environmental storytelling, and surreal imagery—that encourage speculation. Some players will piece together a cohesive interpretation, while others may embrace the uncertainty as part of the experience. This ambiguity will not appeal to everyone. Those who prefer explicit storytelling, clear-cut lore, or traditional progression may find the cryptic nature frustrating. Similarly, players accustomed to combat-heavy horror titles may feel the slower pace and interpretive design lack immediate payoff. But for players who enjoy discovering meaning rather than being handed it, the ambiguity becomes one of the game’s greatest draws.

As an indie project, NO-SKIN also benefits from its tightly focused vision. It doesn’t try to imitate bigger horror franchises or chase trends. Its systems are compact, its mechanics purposeful, and its presentation confidently unique. The replayability is strong not because of collectible checklists or sprawling content, but because the world remains intriguing long after the first few runs. The relatively low price, strong optimization, and positive community reception reinforce the sense that this is a passion-driven game built to surprise rather than simply entertain. It may not be tailored for every type of player, but it excels at what it sets out to do.

Ultimately, NO-SKIN succeeds because it trusts the player—trusts them to explore, to interpret, to persevere, and to feel discomfort without constant explanation. It offers a horror experience defined not by jump scares or violence, but by curiosity, atmosphere, and psychological tension. It is memorable, not because it overwhelms, but because it leaves enough unsaid for the imagination to fill the gaps. For players who appreciate experimental horror, roguelike uncertainty, and games that linger in the mind long after the screen goes dark, NO-SKIN is a compelling and unsettling journey worth taking.

Rating: 9/10",True,1763784525,0,0,0.5,0,729,729,76561198367471798
3011030,210342957,"Heyyy, I know we haven't talked in a long time but I actually have a HUGE favor to ask... Do you think you can lend me your skin? I know I know, it's a lot to ask out of nowhere, but I'm in a reallllly tight spot and I'm running out of options. Do you have some skin I can borrow? You know I wouldn't reach out if I wasn't desperate. I know you have skin, I just need to borrow it for a bit. I swear I'll pay you back. It might take a while, and I don't know how right now, but it will happen. I just really need your skin right now. I need your skin. Please give me your skin. I need your skin. I need your skin. Please. Give me your skin. Give me your skin. Give me your skin. Give me your s",True,1764054792,0,0,0.5,0,866,866,76561198211712135
3011030,188627660,"It's a hard pass on this one, but i would say still play this.

An interactive gaillo movie is awesome, a complex, but little to much shock horror experience thats really limited by game maker being used since it doesnt really understand how to average out the rng and will force  a really hard set of rolls to keep the 90% and 85% rolls true. 

If you can look past that or want to keep track of it in the back of your head to break the rng and become god like you might really love this game. I have no idea if this is intended, but it's the main flaw of the game, and forces the time in between the story a bit to random and breaks the immersion.

Otherwise for the price point this is an amazing little game.",True,1740361775,0,0,0.47413790225982666,0,752,752,76561197995210126
3011030,190138555,"Nice art-style, fun game overall great time feel like I underpaid",True,1741924587,0,0,0.5,0,809,810,76561199088103017
3011030,190075913,"A dark delight. 

Sound design, character design, atmosphere, narrative... everything is on point from the perspective of a personal, psychological horror story. I'm impressed by how much this game does and manages tto convey with pretty simple and classic tools.

But, honestly, the less you know about this game beforehand the better. Go and experience it for yoyurself. If you're fond of horror you're in for a treat.",True,1741856413,0,0,0.5,0,1426,1427,76561198040146489
3011030,188323307,them gummies hit different...,True,1740039884,0,0,0.5,0,851,1113,76561199202319881
3011030,191536713,Need a lobotomy so I can replay the game. Shove a some metal into your head trust me bro.,True,1743314514,1,0,0.523809552192687988,0,2201,3027,76561198380420546
3011030,209927015,"An incredible unending nightmare. Every time you delve into the game, a new layer is revealed. No matter how maddening the visuals or incoherent the plot, you always feel a deeper purpose behind it. 
Thank you, developer(s), for making this game!",True,1763900099,2,0,0.533468544483184814,0,981,1081,76561198055541821
3011030,194159027,"Very simple mechanics that feel very fun and rewarding to figure out how to cheese and take advantage of; the game takes full advantage of its item's  interactions and intentionally creates trails of discoveries that feel rewarding and natural. I loved it, the hanged man truly has terrible taste, let someone else write reviews.",True,1746307230,1,0,0.5,0,921,967,76561198161777253
3011030,212672127,"A unique horror experience using rogue-like elements to fuel its purposefully obtuse narrative. Has some creative, meta scares (looking at you 1% events) and several self-references to the dev and their other projects. Absolutely ripe for theorizing and digging for further details/explicit explanations, to the delight of lore hunters and the like.

Note the term ""rogue-like elements"" as really the gameplay aspect is not the strongest feature and the sameness of each run will be noticeable, especially when going through the higher difficulties (and aiming for that one achievement).

Anyway, this dude is still missing his skin and I got to find it.",True,1765005937,0,0,0.5,0,869,869,76561198067230913
3011030,193606359,"Now that i feel i saw this game to its true conclusion, I'm not sure how i properly feel about it. While  I love the game, the art, music, vibe, etc. if you approach this game thinking it will be a proper roguelike i think you will be surely disappointed.

To me, this game is just a big puzzle game. Every death and win gives you information on how to beat it easier and explore its many secrets. Even after ""completing"" the story i still feel like there is more to actually find or to discover.

If you like uncovering things and finding more questions than answers I wholeheartedly recommend this game.",True,1745649483,0,0,0.5,0,635,635,76561198025723557
3011030,188114435,"Literally played for four hours straight—really addicting to play over and over, has a good balance of strategy and chance, and seems to have a lot of modifiers, customization, and surprises to keep things fresh and make things challenging if you want. 

All of the gameplay experience so far has been super solid and intuitive, but the pure ATMOSPHERE of this game is off the charts. They nailed the music and visuals for this kind of game. But what hooked me was the mystery behind the characters and trying to piece together what's exactly going on. I really appreciate there's a separate mode called Dream Diaries, which kind of serve like mini-puzzles that delve further into the characters and overarching narrative.

I only really scratched the surface of this game, but I felt like I needed to leave a review cause yeah, this is definitely something worth checking out if you're looking for a rougelike infused with psychological horror, and a little more focus on narrative. I'll update this review once I get further into it.

---

UPDATE: I think I've seen mostly everything this game wanted to show. The main goal / achievement (on Steam) can be reached around the ~10 hour mark, but if you really want to get all the secrets, it's probably within the 15-20 hour mark.

Which is to say, that even though there are challenge modifiers (through ""faith levels""), I do acknowledge that the game's systems / mechanics and list of weapons, items, and buffs are working a smaller scale compared to other rougelikes. Nobody should be expecting this game to be as evergreen as something like Slay the Spire.

And that isn't a problem. I appreciate how the systems are mendable towards its metanarrative elements, which I find to be the highlight of this experience. Though I personally think the game's story remains very abstract (and you still won't understand everything by the end of it), I absolutely enjoyed the process of uncovering secrets, solving mini-puzzles, and reconfiguring HOW I played each run according to specific objectives the game suggests. Lots of interesting scenarios and ideas in here.

If you really like the feeling of discovery and constant surprise in games, I think this one is worth keeping in your radar.",True,1739791337,0,0,0.5,0,840,840,76561198094578410
3011030,189123061,"played the demo when it came out cuz i couldn't sleep before surgery and have been thinking about this game ever since, i'm so happy over new lore",True,1740880779,0,0,0.5,0,720,1344,76561199185955722
3011030,188774096,"It's genuinely frustratingly good.  The psychological aspect of it is so on point and the game itself is an absolute blast.  Every time I run through I get just a little bit more of the story and I constantly crave more as I make my way through the game.  The animations, images, even the dialogue is really well written and the soundtrack helps add so much to the creepiness.  The Dev (yes, dev, singular) really outdid themselves and put out an absolutely spectacular piece that makes you think as you play it and try to put the pieces together.  If you're a fan of psychological horror, horror, or even just interested in trying out a new indie game, just get it and give it a chance.",True,1740547233,0,0,0.5,0,734,734,76561198006445981
3011030,188292570,"Excellent and unique game, highly recommend if you want an abstract, surreal horror with underlying layers.",True,1739996312,0,0,0.5,0,566,3010,76561199013162579
3011030,212327177,"This game has exceeded all my expectations, which were already fairly high from all the reviews I had seen of it. It's more than just a rogue-like with a horror twist, that'd just be The Binding of Isaac. This game has so much depth. At first it just seems like you're running the same randomly generated map, until you unlock more permanent upgrades and characters that allow you to break the game wide open. The game has more than what meets the eye and I'll just leave it at that.",True,1764603839,0,0,0.5,0,644,969,76561199065501692
3011030,188250149,"I absolutely adore this game, and have since I downloaded the demo when Markiplier played it. The art is gorgeous, the play style usually feels fair and fun. I love all of it so much, I haven't finished it yet, but it's my favorite game right now hands down. My bro who made the game, you should be incredibly proud of this, it's a beautiful game and I literally reccomend it to anyone who plays PC games and isn't bothered by horrorish stuff. Thank you for existing lol

editted my review bc i figured out how that specific mechanic was supposed to be played lol",True,1739946517,0,0,0.5,0,898,1679,76561199184949003
3011030,193135271,"Awesome game! My only small suggestion for improvement would be to make the dialogue appear faster. The progression bar shows up after every turn to inform the player that they have advanced another 2% and I can't help but think this would be better at the top middle of the HUD and shown consistently.

TLDR: Compact scenario where Cenobites invade Earthbound lol",True,1745098565,0,0,0.5,0,1022,1022,76561199654739848
3011030,193118888,"Definitively worth playing, additional pieces of puzzle are unlocked with each playthrough and it was such good experience. 🐲",True,1745083901,0,0,0.5,0,603,783,76561198066921209
3011030,190598033,.,True,1742353665,0,0,0.5,0,983,1085,76561199365261998
3011030,207592697,"I had a fantastic time playing this game! I loved the bizarre lore we had to piece together, I loved the unsettling nature of it, and I loved just the mechanics as a whole! Definitely feels like the epitome of indie horror games, combining a flavor of nostalgia from other games, while being it's own entity entirely. I also wasn't expecting it to be as big as it was, and you can tell a lot of love was put into this game.",True,1761435484,1,0,0.523809552192687988,0,1677,1677,76561198268446671
3011030,188384218,"Incredibly addicting, interesting story, and boatloads of replay value. Every time you think that you've found everything, you find a new lead towards a bigger rabbit hole.",True,1740110375,2,0,0.521031618118286133,0,893,896,76561198966028003
3011030,188151857,"10/10 game on my part, pixelated art styled turn based roguelike. The story is really intriguing and is portrayed in such a way that pushes the player to explore different characters and searching secrets(there are LOTS of them). At first the content may seem little but it quickly expands thanks to various different items that change your character build. The game was made by a little indie game developer (his first(?) game) who shows a lot of promise into game making. MOST(not all) runs i lost felt like it was because of my mistakes, which is really nice.I really recommend this also to people who dont like roguelikes as the game becomes really fast once you get the hang of it.
In short, if you like secrets, dark themed stories, cults, roguelikes, this is the game for you, it offers crazy value for its price.

Che la Luna sia con voi...
May the Moon be with you...",True,1739830101,0,0,0.5,0,1904,1925,76561198965130865
3011030,204509080,"I honestly loved this game from the very beginning. I was, at first, captured by the abstractness and the stunning visuals, but after I started playing it I understood that I was in front of a real pearl. The ambience and [b]THE MUSIC[/b], my god how good is the music, perfectly portrays the moments and the emotions the game tries to convey to you (I literally have it on my playlists from youtube because of how much is beautiful), sometimes I even stayed longer on some fights only because I didn't want the music to end too soon. The gameplay could seem repetitive at first, especially if you're not a fan of the genre, but if you give it a try you will find some... unusual... [i]twist[/i], I'll say. [spoiler]Oh boy you will be twisted like hell, trust me.[/spoiler]

Overall I can surely say that it was truly [strike]an anexpected event[/strike] a mesmerizing experience, one that I absolutely recommend to everyone who likes roguelikes and eerie themes like me.",True,1758059667,1,0,0.5,0,1370,1371,76561198334335906
3011030,188582929,This game is a masterpiece. Great gameplay loop. A hint of critical thinking will take you a long way in this game — for story lore as well as progressing through the game to the endings. 10/10,True,1740319702,0,0,0.5,0,1097,2029,76561198047838264
3011030,188175655,"Survive eldritch horrors, get stronger and deliver the No-Skin Man his skin before he runs out of patience and hunts you down- how hard could that be, right? Well, turns out things get a whole lot more... complicated. 

The basic gameplay loop is pretty straightforward- pick a playable character with some very weaksauce stats and a melee/ranged weapon of some sort, get dropped into a long gauntlet of rooms each with percentage odds of certain events or battles occurring, and try to survive as the No-Skin Man's doomsday timer ticks up to 100 after every event. However, you're always given a choice between which one of three rooms to explore next, and you get to see the possible outcomes of each room in advance. Strategically picking specific rooms and accumulating resources through battle and from merchants is a key part of keeping up with the increasingly difficult enemies you encounter.

The additional playable characters you can unlock have unique mechanics that make them noticeably more complex than the one you start off with, and some of the most satisfying gameplay moments to me in my playthrough was finally figuring out exactly how one of these characters ticked and how I needed to plan my items/events to deal with their individual challenges and unique events. You can end up feeling like an unstoppable demigod by the end of one of these runs but actually getting there, especially on the higher Faith difficulties, requires some careful resource management that adds some much needed difficulty to the game. 

And well- even if you manage to get to the end of a run, you'll find out very quickly that [i]reaching[/i] the No-Skin Man by no means ensures that you'll actually [i]have[/i] the skin you're supposed to be giving him in the first place. Figuring out how to beat the game for real- and how to get that singular achievement (which only has about 2.5% of players having earned it as of posting this review)- means unraveling the dark, unhinged lore of the game and its characters over multiple playthroughs, unlockable memory sessions and various in-game dialogue trees and puzzles. I don't want to spoil too much of what you'll experience as you dig deeper into the mountain of hidden content, other than to say that I would not be surprised if Yume Nikki and Omori were very big influences on the developer. Actually making the leap of logic needed to finally earn that achievement isn't all [i]that[/i] difficult but the game does make you feel pretty clever about it by the end of it all and even after all that there's still quite a lot of content left to explore. 

Overall No-Skin was a huge surprise to me for how much I enjoyed it and I'd recommend it to anyone who likes roguelikes and psychological horror RPGs in general.",True,1739865829,2,0,0.529190182685852051,0,654,952,76561198004724537
3011030,208026483,"I originally played this game when it originally came out, but I didn't end up picking it up
But now I'm happy that I bought it and got to play it

The art style is kind of enticing and mysterious, and it was the main reason I originally bought it. Then again, the lore has a lot happening and it makes you try to rationalize what is a metaphor and what is the real story that the game is trying to explain, but if you follow through and try to find the SKIN, you get to understand the story.
The gameplay is your usual roguelike but although there aren't many different paths/patterns to make so you can survive/reach an ending, the replayability is not as boring as it looks, there is a lot of luck and percentage based calculation that you have to make in a single playthrough and for a math geek like me, it works :P

This game may throw a lot at you in the beginning, but it's worth it to play, trust
I'm already following the game dev(s) and hope to see more from them, waiting on the next game they make.
With love, AchM4sterPro <3",True,1761895914,9,0,0.613104283809661865,0,1181,1181,76561198180497882
3011030,201405506,"Game is honestly one of the best I've played in recent memory. If you're willing to put an hour or two into this game it'll have you hooked on it's cryptic story, secret interactions and unlocks to get along the way, and a fun game-play loop.",True,1754273087,0,0,0.5,0,916,974,76561198120766584
3011030,200825932,"I never post steam reviews, usually by the time I play something it's well covered.

I'm surprised there's not more fanfare around NO-SKIN. It deserves the Fear and Hunger treatment: endless theory videos, dissection, forum discussion etc.

I don't want to say too much about it (go in fresh) but believe me when I tell you there's so many hidden layers to this game it'll make your head spin.

I usually hate 'Lynchian' as an adjective, especially with games, it tends to just refer to a surface-level aesthetic choice, but with NO-SKIN it actually applies. It's not just trying to entertain you and provide a diversion, everything put in front of you is subject to interpretation, and it's up to you to sort out what it means and how it makes you feel.

Do not miss it.",True,1753611411,8,0,0.597197532653808594,1,1255,1255,76561197990945100
3011030,194718960,Great game. %100 worth giving it a shot,True,1747002707,0,0,0.5,0,982,982,76561198074878966
3011030,202609335,"[h1]I've been playing since the beta,[/h1]
and I've gotta say... This is one of my favorite games of all time! Even when I'm not playing, I think about it and try to piece the story that it's trying to tell together in my head. I adore the surreal nature of it, the ambiance, the music, the characters, the unique art style, and everything about it! For a game so simple on paper, it really does try to go up and beyond in all aspects, and delivers!
 I have never played, or even seen a game like this before. Thank god I've come across the viedo of Markiplier playing the demo, which made me decide to play as well. 

If someone from ""no eye soft"" is reading this, then I want you to know that you guys have made an amazing job. My hat goes off to you.",True,1755811274,1,0,0.523809552192687988,0,2561,2649,76561199091421562
3011030,188775886,"Highly recommend anyone who enjoys roguelites to try this game. Small asking price, great art-style, and surprisingly addictive gameplay & puzzles as you progress further into the game. Even after ""finishing"" the main goal of the game, I'm super excited to continue finding all the hidden secrets and endings. I'd suggest that If you plan on playing the game, you should definitely make an effort to not spoil yourself by looking at guides or such online since a lot of the enjoyment will come from figuring out the interactions between certain characters and items, or what you need to do to achieve the hidden secrets/endings.",True,1740550231,3,0,0.533777356147766113,0,787,2774,76561198416005472
3011030,208284364,"Played the demo a long time ago and immediatly knew I'd love the full game. Full of secrets and lore. May seem a bit slow at first but you get the hang of it pretty quickly with each character. Really awsome, well-made game!",True,1762135064,0,0,0.5,0,778,1619,76561198979678905
3011030,189911007,"incredible game, been following since the early itch.io demo days and the end result goes far beyond any and all expectations i had for it before now. cannot recommend it enough",True,1741652287,1,0,0.5,0,705,1175,76561198805453748
3011030,189482483,"Absolutely incredible game, if you liked Inscryption and Vampire Survivors you're sure to love it",True,1741227376,0,1,0.5,0,1293,1536,76561199229410956
3011030,208461149,WHERE IS MY SKIN!,True,1762333781,0,0,0.5,0,584,590,76561198385042052
3011030,201524299,"this game has an excellent mix of atmosphere, music, and in my opinion a really solid and eerie soundtrack. I think the devs did a great job and I'm surprised more people haven't talked about it.",True,1754422988,0,1,0.5,1,1123,1162,76561198202230993
3011030,188871097,Spent two days obsessing over this game. 10/10,True,1740669616,0,0,0.5,0,613,613,76561198037148155
3011030,191197395,"I enjoy the aesthetic and style of the game, and find the gameplay fun!
Can't wait to dig into lots and lots of details and depth of the world!

Edit: 23 hour to beat the game, and have seen what all the game has to offer at the moment.  I enjoyed every step of the adventure, each character's quirks, and stories and the mysteries that unfolded.

Absolute Devotion is quite cruel, but perhaps you'll find peace, with a truly unexpected event...",True,1742957527,1,0,0.523809552192687988,0,1385,1385,76561198045115146
3011030,189752914,"I would recommend this game for 2 types of people: OG Rougelike and Indie Terror Story games enjoyers.

The rougelike aspect of the game is quite refreshing, where improving at the game is mostly about learning interactions and figuring out all the outcomes and loot of the encounters. The gameplay loop is about making decisions based on the RNG of all possibilities presented, and managing your itens to efficiently deal with all combats while keeping enough for dire situations. New content is slowly added as you progress, coming in the way of new encounters, shop itens and characters, and each adds new and refreshing mechanics and ways to explore and play the game.

NO SKIN's other gameplay mode focuses on the stories behind the characters. Each 'chapter' has a unique (and sometimes gamebreaking) mechanic, and unlocks more content for the base game. This is a nice and refreshing break you can do between runs (especially after unlucky ones lol).

Overall, it's a solid game, with a fun gameplay loop about inventroy management and RNG based decision, served with alongside a cool Indie jank-esque story. It took me 11 hours to get the main ""ending"", but I still have more content to unlock and want to play some more runs before I'm done with the game.",True,1741497590,1,0,0.5,0,680,1179,76561199060657955
3011030,188844081,"good, try to go into it blind",True,1740633497,0,0,0.5,0,760,1273,76561198146071933
3011030,194789775,"Peak. 

This game keeps getting updates and the devs keep adding additional content far beyond what I initially expected. Even without the big updates this game rocks and the soundtrack is great. Highly recommended.",True,1747106599,1,0,0.52173912525177002,0,1445,1445,76561199747314633
3011030,190331406,"loved it for the artwork, replayability and its many many secrets to find, which all had me hooked.",True,1742104466,1,0,0.523809552192687988,0,1135,1225,76561198049275247
3011030,192013841,"When the demo for the game released during NextFest, I played out of interest in the artstyle. I expected it to be too terrifying for me as I don't have the greatest of tolerances for horror.

I then proceeded, over several updates to that demo, to log 28hrs. At that point, I felt the game was perfect. I didn't know how the developer would exceed this in the full version. I felt GUILTY having enjoyed that much of the game for free. Run after run, I fell deeper and deeper in. More lore, microscopic progress towards making sense of what is happening.

Long story short, when the game did release it was an instabuy. I then proceeded to log 31hrs in this game mining for secrets and endings.

I was not disappointed, and my expectations were summarily shattered.

Combat was balanced to near perfection, making each encounter flow so well that hours can disappear before you realize it. Hidden interactions are this games forte. If you believe it possible to do something with what the game gives you, it probably is. If a tool is seemingly useless, it probably has multiple uses. If everything seems off, it's because something is off.

This game is underpriced. Easily worth $10. I have seen most of the endings, but there is still more here. It feels like a universe to get lost in. I'm sure I'm still missing an interaction that could make my run even smoother. That attention to detail is rare in today's gaming landscape.

Don't listen to anyone's walkthrough. Don't hesitate. Pay $7 for one of the greatest games ever made. 

10/10. No notes.",True,1743827096,0,0,0.5,0,1877,2009,76561198094282856
3011030,190114445,One of my new favorites.,True,1741896705,0,0,0.5,0,1485,1519,76561198111579479
3011030,190287563,It's a good game.,True,1742065179,0,0,0.5,0,675,947,76561198035341082
3011030,188619853,Truly Beautiful,True,1740352167,0,0,0.5,0,625,880,76561199590723577
3011030,188850758,"This game has taken my number 2 spot for all time favorites, took me 26 hours to feel like I had wrung out the last secrets left in the game. Highly recommend if you enjoyed void stranger or inscryption. Won't spoil anything else.",True,1740645096,0,0,0.5,0,1606,1606,76561198077793013
3011030,209747096,"i think this game is so great! the atmosphere is wonderful; the music and graphics a lot. the whole experience feels really abstract but it works for me. the actual gameplay is very fun and i've really enjoyed finding the stranger corners of the game, and the all the little surprises. really cannot wait for NoEye-Soft's next game. love it",True,1763706064,0,0,0.5,0,693,1007,76561198055834197
3011030,188633637,"Do not go into this game thinking it's a heavily replayable roguelite. The meat and potatoes of this game is story-based, and it's no wonder that people are turned off by the admittedly basic gameplay progression. The story progression, however, is wonderful. If you can find yourself engaged properly with it, there's a lot of fun secrets and tidbits of information that is drip-fed to the player, encouraging you to piece together exactly what has happened and how you got yourself into this situation.

The game is essentially a solved puzzle, though. There is only ever one way to build a specific character, which is to lean into their one predetermined strength. This isn't really a problem for me, though, as I understand that the roguelite gameplay is a vehicle for transporting the narrative forwards, but given more development time, I do think the actual gameplay could become complex enough to draw in a larger range of people.

For the current price, though, it's worth every penny and I would highly recommend it. You'll get an excellent indie horror story experience, especially if you enjoy the Dark Souls-esque storytelling method.",True,1740370600,0,0,0.5,0,617,749,76561198195640739
3011030,191201421,11/10 Would get butt fucked by rng again,True,1742963507,0,0,0.5,0,620,1030,76561198056094976
3011030,188370011,Very good,True,1740090684,1,0,0.523809552192687988,0,1673,1674,76561198070380261
3011030,197857855,"I finally beat the game and it was so worth it. The story was great, I be it vague but it was good. Game play loop was super simple yet fun and it had a great art style.",True,1750579366,0,0,0.5,0,1448,1464,76561199499416013
3011030,190071497,A game about how to come to term with things,True,1741848400,0,0,0.5,0,697,1011,76561198917373935
3011030,198005346,"15.5% of players have found the skin, me included. I can only hope to see that number grow!

True ending goes hard btw, please find the skin. Or don't, I can't make you.",True,1750730633,1,0,0.519999980926513672,0,798,2018,76561199042615127
3011030,198597940,"Fun game, plenty of content here for those who enjoy the loop. VERY RNG heavy game mechanics, especially on some later characters, but the game gives you a decent amount of berth to play around them if you're smart with it, creating a minimalist experience with plenty of secrets to play around with and lots of resource management. 

The story itself is cute, but its WAY too all over the place in terms of characters and content and story, breaking the 4th wall in a way that is jarring instead of endearing and doesn't really feel appropriate. It feels like the dev wanted to create a story that was meta and delved into itself but didn't really understand why those kinds of stories work. One of the mandatory final bosses is especially egregious for this - if you've played the game, you know what I'm talking about. It's a big issue  and distracts from the interesting atmospheric story because its EXTREMELY hard to follow what actually matters to Noire and her friends and what is the dev just messing around for the sake of it.

With that said, this game is still solid for those who enjoy simple tabletop-likes. For 5 bucks, its a steal, and worth picking up. The story is pretty mediocre, but the game play is fairly engrossing and strategic, which is ultimately what matters in this genre.",True,1751327444,0,0,0.5,0,663,809,76561198165789463
3011030,204460213,"just play the game its something else 

im confused yet intrigued
with the story

frustrated yet satisfied with the game play 

Game is fun for those who just want a uniqe roguelike and the surreal and confusing story telling will keep the therorists entertained long after you ""beat"" the game...",True,1758006019,0,0,0.5,0,1102,1192,76561199040267483
3011030,196124471,"perfectly repetitive and wonderful art style. played to get the achievement, and will continue to until all content is unlocked.",True,1748747472,1,0,0.5,0,3418,6744,76561198856041309
3011030,197373046,"NO-SKIN is a beautifully crafted and experimental psychological horror experience that...

I'm...sorry dear reader I just want you to know that you absolutely disgust me. 
You should cut your own face off and swallow a razor blade or two.  

Was that unexpected? This entire game was unexpected! 

It's a wonderful slice of Rogue-Like that I never knew I needed. It's unassuming at first, but boy does it unravel more and more. 

Story? THE MOON IS FALLING AND YOU BETTER HURRY UP! 

...But maybe after a few drinks first. And after a bit of trial and error error error error. 

The game-play is fairly simple to learn. It's a turn-based, choose your own route, and pray that your roommate doesn't shoot you type deal. The smallest decisions and outcomes make quite the difference as you try to weasel your way to the end. 

As you play you begin to unlock more options to help you please the Moon Goddess. New side stories are unlocked allowing you to access and obtain new items and characters such as  and . You'll find yourself encountering something new each run and it's a joy to piece together this game more and more. 

I can't tell you how that body ended up in the kitchen officer, but I can tell you that this is a hidden gem of an indie. Well worth a try if you happen across it. You can tell the developer had a lot of fun making this game and I had a lot of fun playing it. 

Good luck making it across that hallway.",True,1750075973,1,2,0.5,0,1786,1882,76561198239085426
3011030,190139912,"No-Skin has such a well crafted mystery that constantly has you trying to connect the many threads it provides to solve its story. The main game mode kept me engaged with is combat and increasing difficulty as you clear runs. There are several characters, upgrades, and other game changing unlocks that all can be earned as you progress. I highly recommend the game to anyone who enjoys hunting secrets and appreciates pixel art. The game has so much content that its well worth the price.",True,1741926558,1,0,0.519230782985687256,0,796,995,76561198040862081
3011030,206215687,"Great music, nice art and fun gameplay. The plot is extremely confusing and I love it.",True,1759954506,2,0,0.490584731101989746,0,1035,1279,76561198171194353
3011030,199896757,"one of the most phenomenol games ive ever played, thje atmosphere always seems to calm me down and i always feel like im uncovering a new layer of the world as I play, it has a kind of juvenile dissocative feel that I cant help but love and relate to, its high art and I want ur skin",True,1752621866,1,0,0.5,0,3152,3348,76561198254354357
3011030,198896901,"Sometimes I say nonsensical things, don't mind me.",True,1751607576,1,0,0.523809552192687988,0,599,1028,76561198143979935
3011030,188341532,would love to see some more updates in the future,True,1740062898,0,0,0.5,0,733,1143,76561199052471293
3011030,189822543,Text based pixel graphic rogue lite with suicidal aesthetics. What can get better than this. I love all the Minigames with secrets.,True,1741553487,0,0,0.5,0,644,692,76561198062990866
3011030,188586127,"waited for this since i played the beta in august and i really enjoyed the game, although i do believe luna is very op since you cant really die with her unless you die in the negative percentages which is pretty easy to avoid",True,1740322297,0,0,0.5,0,1210,1664,76561199031147926
3011030,193303743,trippy as hell. absolutely peak and the soundtrack slaps. addictive too if youre a fan of roguelikes looks simple at first then you find out youve just scratched the top of this iceberg of a game.  please give it a shot if you havent.,True,1745279557,0,0,0.5,0,1299,1299,76561198875169944
3011030,188421696,Great little game. Heavily recommend,True,1740156478,1,0,0.5,0,576,819,76561198399953097
3011030,197056694,This game is amazing and spooky and original and very interesting AND underrated............Would recommend!,True,1749742610,0,0,0.5,1,671,2523,76561198978336336
3011030,201045548,This game will consistently surprise you in the best way.,True,1753854375,0,0,0.5,0,701,761,76561198232180624
3011030,188979676,"Decent. One of those games where you wish there was a 3rd ""meh"" button.
It's cheap and unique enough to justify a couple playthroughs but it's held back by weird decisions from the dev.

Gameplay wise the game relies too much on RNG and story/setting wise well... you know those experimental indie games with tropes where everything is a big metaphor or it was all just a dream or they break the forth wall?

Well the dev seems to be on a challenge to include as many of those as humanly possible with no rhyme or reason.

So yeah, worth the price basically.",True,1740768262,0,0,0.5,0,1293,1654,76561198065091520
3011030,205049681,"It's under 10 dollars. It's challenging, and runs are short enough that losing doesn't feel like pulling out a tooth.
And honestly I just kind of love it to pieces for everything it does...",True,1758654135,4,0,0.572053849697113037,0,601,1089,76561198005947679
3011030,207845591,peak,True,1761709458,1,0,0.481040358543395996,0,961,961,76561198359462827
3011030,211277839,"I think i must have killed Rugs about 10,000 times now, never gets old. All my homies hate Rugs.",True,1764279896,1,0,0.523809552192687988,0,1461,1461,76561198139607587
3011030,190043333,"Tried this on a whim and so glad that I did. Delightfully rancid vibes. An art style that fits the whole experience so well they may as well be one in the same. I love the game play so much - at first I was unsure about the fact that you do not physically control the character around a level. However I quickly came to see this as a boon - you can't get lost, or turned around, or need empty travel time. It funnels you smoothly through each play through which itself ties into the story. Discovering secrets and effect combinations feels natural and good. Overall I've really enjoyed my experience.",True,1741810825,1,0,0.523809552192687988,0,1196,3472,76561198041331777
3011030,188631653,"The story is a little confusing at times even with the additions of lore/story you get as you run through the game, and the game can get a little repetitive and slow at times. 

However the game makes up for this with the mystery and secrets spread amongst certain scenarios in the game as well as how the game play gets shaken up once you start unlocking some of the characters/abilities. Solid 7.8/10 for me. 

If I had to recommend anything, maybe add a setting that allows you to speed up the game play and/or the dialogue as that's the main thing making the game feel a little slower. Especially after multiple runs where you just want to push forward",True,1740367531,0,0,0.5,0,758,907,76561198351253109
3011030,191082995,"I am absolutely obsessed with this game. The story, characters, art style, music is captivating and unique. On the surface its a really fun and addicting horror roguelite but once you get going you'll find yourself digging for secrets and lore. It gets so in depth and has a TON of replay value. 
Really hope to see more from the dev in the future 

10/10 gummy bears",True,1742833498,0,1,0.5,0,1783,5513,76561198083707339
3011030,197511137,"I think this may be the only game where I've felt a desperate need to complete it 100%. Even now after having gotten what I assume was the true ending, I just want to jump back in and explore for more secrets. I started playing it by chance after seeing that the demo was free and instantly got hooked, and I gotta say this full release surpassed expectations in the best ways. From the new playable character, to the unique events, to the somehow not repetitive game play. This is a Rogue-like done right, every run feels like it was worth something, even if you completely bulked right at the beginning. I honestly can't give it enough credit and I hope the developer makes more like it in the future.",True,1750219299,0,0,0.5,0,883,1223,76561198300051173
3011030,193609509,"I have no idea whats going on, I'm writing this at around 4 in the morning after I spent the night completing the game, my head hurts, and I think I forgot to drink water today.

10/10",True,1745653873,0,0,0.5,0,706,732,76561198271988445
3011030,200123130,Wow truly a gae,True,1752890540,0,0,0.5,0,583,738,76561199001808511
3011030,188308519,made me feel funny towards fish,True,1740015935,0,0,0.5,0,618,1000,76561198809902840
3011030,192094123,Fantastic addicting indie horror. Well worth the asking price. Love the pixel art style and eerie ambiance. Every time you play there's more and more to unlock so don't sell yourself short just by playing the main story. Trying all the characters and exploring different item combos never felt dull to me. Every choice you make has nice risk or reward component to it. I look forward to future titles by this developer because they clearly know how to make a satisfying game.,True,1743900511,0,0,0.5,0,1251,1287,76561198040865056
3011030,188557821,"Here are my final thoughts.

The game features a minimalistic graphic style and gameplay, which isn't necessarily a bad thing. The issue lies in its actual content. NoEye-Soft failed to grasp a concept, from beginning to end. The result is unsatisfying, as we just play through a series of nonsensical events. There isn't a proper story to tell, just a gigantic, useless, and incomprehensible self-indulgence. The dialogues between the characters are almost embarrassing. The gameplay quickly becomes repetitive. And not to mention breaking the fourth wall, which at this point is just breaking something else. 

Final score: 48 out of 100. 

/s a truly unexpected event. ;)",True,1740294261,3,7,0.529235243797302246,0,634,634,76561198066046713
3011030,188480883,"very very good, full of secrets and lore, interesting vibe and fun gameplay. love this game",True,1740217538,0,1,0.5,1,579,1234,76561199142079660
3011030,192903822,,True,1744846280,0,0,0.5,0,569,701,76561198116590438
3011030,188469939,"criminally under priced for the amount of content in the game. you can easily sink 20+ hrs into this game. must buy

EDIT: this game is way deeper then what you expect. Top 3 indie game of the year already.",True,1740203503,0,0,0.5,0,733,1157,76561198179525121
3011030,198265358,"the game is actually very realistic - getting drunk and not understanding whats going on is the core concept of getting drunk, at least with this game Ill remember the experience",True,1751025553,0,0,0.5,0,566,566,76561198036246176
3011030,200411374,"[h1]A Simple And Effective ""Tech Showcase""[/h1]

[h1]Things I Like About No Skin:[/h1]

[b]Some Compliments[/b]
[list]
[*]It's a turn-based roguelike with a focus on hoarding items and resource management. You need to choose which randomized encounter benefits you most and which you can take on with little hassle.
[*]Your power comes from the consumables you collect during the run. Unlike other actions(except Talk and Trade), using a consumable doesn't end you turn, so you can buff or heal yourself as much as you like. Buffs, however, only last for the current fight. It is wise not to over-buff and save some consumables for later more problematic encounters.
[*]And that's pretty much it. The game doesn't have some really crazy synergies to build around. All you need to do is hoard the right amount of consumables, use them moderately, sometimes pray for RNGeus for decent encounter generation, and you are good to go.
[*]The dev certainly nails the atmosphere. The simple MS Paint style works surprisingly well with the weird cast. Backgrounds may be static images but the distorted effect really amplifies the dream-like sequences. It's feels eerie and slightly intriguing.
[*]I like the idea of talking to certain characters can reveal a lot of information for future reference. Some enemies may give you more consumables should you be bring them certain items; some may even join you if you know how and when to talk to them.
[*]There's also a secondary game mode called Dream Diary. This mode serves more of a test ground for ideas or alternative mechanics that don't make it into the main game. It's refreshing to play around and you can unlock new upgrades for the main game mode if you complete them.
[*]Works Great With Steam Deck!
[/list]

[h1]Things I Dislike About No Skin:[/h1]

[b]Some Complaints[/b]
[list]
[*]The story is almost non-existent. It's a classic ""keep it cryptic for cryptic sake"". All the lore pieces feel inconsequential. The dialogues may shed some lights on the over-arching plotline but they ultimately fail to convey anything meaningful.
[*]Item menu could use some rework, adding more columns instead of scrolling down one single-file line.
[*]Because of the simplistic nature, repeated runs can easily become tedious.
[/list]

中文小簡評
→風格黑暗迷幻的回合制roguelike，由於整體架構和玩法較單一，更像是作者試水溫之作。
→Steam Deck上操作流暢！
→簡單小畫家繪製出的各式古怪角色非常吸引眼球，加上扭曲的背景圖意外地讓這款極具詭譎氛圍。
→遊戲玩法主要是囤物資回合制，所有增幅及回復全靠隨機關卡中獲得的道具，再加上使用道具不會強制結束回合也沒有規範上限，遊戲鼓勵你多多利用道具渡過難關，但是切記強化僅限當前戰鬥，因此你必須審慎評估手上資源適時上buff，剛好打贏眼前敵人即可。
→這款也沒有什麼複雜的流派可言，喜歡遠程就多蒐集彈藥及火藥(強化火力)、喜歡近戰就多蒐集顛茄(強化近戰傷害)，剩下的就是回復型道具能收多少盡量收，商店價格也意外的便宜，幾乎很少能打到彈盡援絕的地步。
→不過正因為遊戲簡單的性質，重複遊玩的趣味性容易直線下降。
→遊戲中「對話」選項意外的藏有許多秘密，和特定敵人對話可以發現一些小撇步，像是某些人會和你交換指定物資、或是在特殊條件下加入你的行列，這些資訊可以讓你在新的一run提前作準備。
→遊戲另有額外模式讓你解鎖新道具，這個模式比起本傳更具實驗性質，讓你可以稍稍體驗作者額外的發想及不同遊戲機制。
→故事就顯得一蹋糊塗，說白了就是為神秘而神秘，諸多故事片段及角色對話乍看之下似乎很有料，但完全經不起推敲，導致整體讀起來更像是瘋子的胡言亂語。
→道具介面需要重新設計，希望能多做幾格而不是一個小頁面移往上拉。",True,1753238399,3,0,0.498244881629943848,0,865,865,76561198172087829
3011030,188309965,10/10 I love gambling,True,1740018059,0,0,0.5,0,621,694,76561198041458981
3011030,188703837,This is amazing I recommend finding the skin.,True,1740458494,0,0,0.5,0,714,733,76561198161022875
3011030,189487023,"""Here are my final thoughts.
The game features a minimalistic graphic style and gameplay, which isn't necessarily a bad thing.
The issue lies in its actual content.
NoEye-Soft failed to grasp a concept, from beginning to end.
The result is unsatisfying, as we just play through a series of nonsensical events.
There isn't a proper story to tell, just a gigantic, useless, and incomprehensible self-indulgence.
The dialogues between the characters are almost embarrassing. 
The gameplay quickly becomes repetitive.
And not to mention breaking the fourth wall, which at this point is just breaking something else. 
Final score: 48 out of 100.""


...
Hehe...
I'm just playing with you...
A truly unexpected event...


This game has been something of a comfort game for me during a really hard period in my life, so I may be biased in its favor. Just thought I should put that out there. 

That said, I've found it compelling and addictive. It's satisfying as a roguelike, especially if you're the sort of person (like me) who looks for the best way to exploit and break the game--a certain secret specifically relies on doing that. The gameplay serves as the backdrop for a complicated interpersonal drama that you unravel piece by piece, which I'm still not totally sure I 100% understand, but I know I haven't seen all the content in the game yet, either. The themes are very grim and gritty, which is very much to my taste. In order to unlock some things, there is a separate game mode that is much more of a puzzle game than a roguelike, and it tickles the part of my brain that loves to try to ""solve"" combat like a puzzle in the base game. It also turns your expectations on their head and each of the memory segments has impressed me in some way. The music is soft and moody and enhances the gameplay.

The biggest draw in this game, imo, is the secret-hunting. There's always something more to unravel, and it's good about giving you just the right amount of guidance to find something new. Every time I think I've got this game all figured out, it teases me with the next discovery.

It is going to require some patience, but if you typically like roguelikes, this should not be difficult for you. Most of the progression comes in the form of learning the game's ins and outs, rather than unlocking straight mechanical upgrades; you mostly unlock new opportunities for the chance for something good in future runs. 

I'd recommend this game. Maybe not to everybody, but definitely if you like roguelikes and psychological dread and very dark themes. This game's got heart. And blood.",True,1741233823,28,9,0.779179990291595459,1,766,877,76561198056993739
3011030,188621102,"Yeah its pretty good. It would be nice if you could enable like a fast play option, after you know every line of dialogue by heart the flavour text doesn't really add anything. Unnecessary waiting is kinda a theme at the higher levels, waiting for things to fade in and out, for text to end, etc etc.
BUT that is a minor gripe with a good game.",True,1740353432,0,0,0.5,0,721,1010,76561198112361655
3011030,188727903,,True,1740492215,1,0,0.523809552192687988,0,666,1475,76561198991874237
3011030,188368225,"This game is pretty awesome! My only real gripes with the game so far is that it is pretty reliant on RNG, as most rougelikes are, but the price tag makes it forgivable. Extremely replayable!

EDIT: I would like to add that this game is probably one of the most subversive RPGs I've ever played. The game introduces oddities and rules that, at first, don't make sense or contradict information. However, when you begin pushing against those rules and questioning certain interactions, the game really opens up, and then rewards you for doing so. I thought I had finished this game 8 hours in, but now I realize that there's probably double that in content that I haven't seen yet.",True,1740088612,0,0,0.5,0,662,682,76561197972625348
3011030,211077503,very good,True,1764224666,0,0,0.5,0,918,962,76561199032968245
3011030,194276300,"Odd horror game, i don't want to explain it because it is just something you gotta experience for yourself. Def buy!",True,1746436573,1,0,0.5,0,1149,1149,76561198411449162
3011030,188100287,"Chefs kiss
Such a good game, played the demo a bunch and I was super hyped for this to release, and when it did I tell you what, I'm not disappointed.",True,1739768207,1,0,0.514285683631896973,0,957,957,76561198241716042
3011030,209350432,"Overall, a very solid and fun game to play with decent art and a decent sound track. I like the various endings you can get and the difficulty curve isn't too terrible and feels fair. The only negative thing I have to say is that playing as Albiria feels sluggish, difficult and not all that fun. All the other characters feel vibrant in some way and have important unlocks, while Albiria is just a reflavored Root with the only unlock being her dream diary, which doesn't get you anything either. Other than that, 9/10 game",True,1763263900,0,0,0.5,0,751,870,76561199233250990
3011030,188856632,"48 out of 100. 
Ok so in reality it's a good game and has a lot of interesting parts in it, however the game isn't too long to beat, getting the true ending will take a bit of time though, whether you stumble upon the path by complete accident or get there with proper planning.  (8.7 for true end, but not full completion, although because there is one achievement there is no real way to track completion as far as i know)
There is also an ascension system which is quite interesting, it's pretty safe feeling until about 7, then on the last one it is a nightmare, but all and all pretty fun.
Beyond that I can't say much or else I might get into spoilers, but it's worth a try in my eyes, despite being so short.",True,1740652255,0,0,0.5,0,1224,7470,76561198057239060
3011030,193948428,"I initially bought the game because i liked the art and thought it might be fun for a couple of hours so why not no support an indie dev. NO-SKIN exceeded my expectations multiple times. It has a lot of replayability. A ton of interesting intercations and unexpected things happening. The game feels very polished. I have nothing to complain about game-wise even though i'd appreciate having more achievments on steam
I'm not sure i'll try going for an absolute devotion but i might. At the moment i have faith level 7.",True,1746070458,0,0,0.5,0,1161,1339,76561198077737925
3011030,192766211,"No-Skin is both a maddeningly frustrating and INCREDIBLY satisfying game that is just as much brain-teaser puzzle as it is roguelike RPG. The story, at first, feels bare bones and poorly explained, but the deeper you delve into the plot, the more you uncover, until you find a magnificent story underneath. It won't simply offer the plot up on a silver platter, though. You will need to go looking to understand character motivations, and the driving force behind the roguelike gameplay loop. The turn-based battle system is snappy and fun while remaining challenging throughout, and the way it forces you to really think outside the box at multiple points in the story is both incredibly complex, and yet infuriatingly simple once you do find an intended solution. The game does not pull its punches when it comes to making you work to unlock new things, but it makes up for this effort by having a near non-stop wealth of secrets to unlock and find. Every time I think I've seen everything there is to see, No-Skin manages to pull out an entirely new facet to enjoy. Be warned, the guides and player supports online for this game are scarce, so you'll likely need to keep notes, be thorough, and really use your brain for some of the adversities the gameplay presents, but ultimately, No-Skin is a very rewarding experience, and I've greatly enjoyed picking it apart. If there's any single complaint I could make, it is only that I wish I hadn't stumbled upon the endgame solution so soon, so that I could continue to puzzle it out and enjoy it even longer. Even so, I will likely be returning to this game regularly for the foreseeable future, because even after beating and unlocking pretty much everything, to my knowledge, the gameplay loop is still incredibly fun, and I greatly enjoy trying different builds on different characters.",True,1744674315,1,0,0.5,0,619,623,76561198408744499
3011030,188396843,"Such a cool game! Originally I bought this thinking it was going to be a few hours long, but it goes reallllllly deep with the symbolism and everything. I don't understand what some of the reviews were talking about when they called this game 'repetitive' when I've been discovering new things around hour 10. Played and streamed the entire experience with a friend over the course of a few days and it's truly an experience. Never had an indie pixel game give me so many goosebumps from uneasiness before, especially that Ester jumpscare. Soundtrack is awesome aswell considering how simple it is. I believe I've 100% the game, and I still really dont understand the full story but it was truly something I didn't expect out of such a cheap game. Actually, I don't think I've played an indie game for more than 10 hours.

If I had to say one negative thing some of the characters are a bit unbalanced, [spoiler]like root being a straight up coinflip sometimes, (which is given since its a heavy rng dependant game)[/spoiler] and especially [spoiler]myracle for 99 lunar shards, it legit just breaks the game with True Luna and u cant possibly lose a run with it on any faith difficulty[/spoiler]
Besides that I loved every second of it!

I guarantee this game will blow up soon. And before it does I'll probably make a video on it. Really didn't expect this game to be so damn cool. Highly recommend for anyone that wants to get their brain destroyed with an intricate story. Definitely gifting some people this game :p",True,1740130440,9,0,0.623820066452026367,0,854,855,76561198277628128
3011030,193586784,what a game can't wait to see what else this developer makes,True,1745623038,0,0,0.5,0,1246,1246,76561198099623438
3011030,188247959,"Haven't even beaten the game fully but i played the hell out of the demo and have loved every second of the actual game.

Simply put this is one of the most passion of passion projects. One of the finest diamonds in the rough. A true hidden gem.

I have nothing bad to say about this game. Literally nothing.

Art style? amazing mixture of retro mixed with lovecraftian horror. It perfectly feels unique and well done as well as being creepy and off putting.

Music? add it to my soundtrack bro this shit is heat. It may not be the most pumping of music but you best believe I be hearing it casually in my head.

Gameplay? very smooth and fluid with little downtime or feeling like you're just slogging through things.

Pacing of each run? perfect. you can do a full run in less than 20 minutes.

Difficulty? very manageable but if you want there's a lower difficulty that doesn't lock you off from any core part of the game.

Vibe? immaculate. One of the best styles of game ever. literally unmatched? you think faith is cool cause of it's silly animations made from the dev recording himself? you ain't seen cool art design until you played this.

Honestly again no eye soft did a perfect job with this game and I have no issues for a game that is less than a meal at mcdonalds and is 100% one of a kind it's perfect. Buy it on sale, buy it full price shit buy it at extra price. This is a gem of a game you will not regret.

Now having 100% the game except for the faith levels i can say it even strongly if you are into a game like this even slightly you'll like it",True,1739942599,0,0,0.5,0,1126,1136,76561198157927498
3011030,188702801,where's my SKIN!!!,True,1740456917,0,0,0.5,0,830,1378,76561199223811758
3011030,202431003,10/10,True,1755574337,2,0,0.515759289264678955,0,774,1101,76561198997165537
3011030,188530751,very fun good game,True,1740261107,0,0,0.5,0,676,1025,76561198281850972
3011030,188239496,It's good.,True,1739930076,0,0,0.5,0,746,756,76561197969465133
3011030,210281322,"I’m really surprised by this game. My first run felt kinda easy and just… weird(?), but the doomed/toxic yuri vibes kept me playing (and thankfully they did)

The more I played, the more I discovered, the more I encountered, what a great game. Simple but clever gameplay that keeps pulling you back in.
The eerie music + trippy pixel/photo art direction works insanely well.

My only gripe is that after some encounter you have to spam through several screens (rewards, items, status, level ups) which breaks the flow a bit.

I’m definitely looking forward to the dev’s next project.",True,1764040341,2,0,0.545454561710357666,0,603,646,76561198078012555
3011030,188313953,"*Flexes in the fact that i, Unlike him, DO have SKIN*
Anyways, get the game, its good! 
[UPDATE 13 hours later] this game.. is Bussin bussin! 9+\10",True,1740024001,0,0,0.5,0,995,998,76561198894030519
3011030,188289567,easily a 20 - 30 dollar game for 7 bucks. its so much fun and their are so many secrets. it almost feels like an escape room,True,1739993002,0,0,0.5,0,829,1185,76561198401036192
3011030,211670826,I love everything about this game <3,True,1764429959,0,0,0.5,0,589,634,76561198068380645
3011030,188236920,Short and sweet kinda repetitive but great overall,True,1739926609,0,0,0.5,0,721,721,76561199227217020
3011030,190439835,LOVE IT,True,1742202071,0,1,0.47413790225982666,0,912,2178,76561199145826968
3011030,192497309,"""Why is it always about you?"" The one sentence that anyone in a significant social dynamic doesn't want to hear... Probably.

A few months ago, I reviewed Mouthwashing, and called it a sentimental experience. I'll be honest and say that I didn't fully understand the exact depths of the plot until reading the the debates going on about Jimmy. 

Why is that relevant to this? Because NO-SKIN feels like a game that's just as accusatory, yet in a slightly more whimsical way. It's gruesome, horrific and mystifying, the juxtaposition between edgy teenage dynamics in friend groups and Lovecraftian entities plaguing humanity and making you ask a question which should be so simple, yet has so many layers to it: What's real, and what's important?

Noire goes through her journey as a champion of the moon, which, in some respects, sounds more like... Uh, Sailor Moon, or any 90s/00s teen supernatural drama, but in reality, there's a lot of nuance to the journey. For a small, independent journey (both on the part of the player's run through the game, and the developer's creation of the game itself, the game feels huge. There's  hours upon hours of content, and the RNG beats the shit out of you at any opportunity as you attempt to carve and shoot your way through battle after battle with corrupted variants of your friends, cultists, monsters, otherworldly/interdimensional forces and even Gods. 

Every choice you make can put you in a fight, can help you find items, can help you buy items and upgrades, can increase the difficulty or decrease it - everything has its price. What are you willing to do to go further in the game? 
Complemented by the fact that there's also a currency that can be accumulated and used either at the start of each new run or in special circumstances, you're never shy of new things to discover.

The art isn't spectacular, but it doesn't have to be because much like Undertale, the Obra-Dynn, Blasphemous, and many other independent games, it still gets it's point across using a unique art style that captures the tone of the game. A beguiling, albeit cruel tone that's encapsulated in every fight where you get the ability to talk to your friends as they slowly mutate into bleak constructs of some of their most defining negative traits: Are you *really* a good person? 

It feels like one of those nightmares where the protagonist's closest allies are accusing them of toxic traits, and while you know the protagonist never meant to depict themselves that way, you're left wondering afterwards if maybe, just maybe, they had a point. 

I'll admit I haven't 100%'ed the game so take everything I've said with a grain of salt, but I think that's the beauty of art - I've completed the main task, but there's still so much left to discover, I still have memories left to acquire, and I'll still give this game a glowing review simply due to the fact that it is ruthlessly addictive.

NO-SKIN reminds me a little of Earthbound; it's not for everyone, it's pretty meta, it covers a lot of topics that might be challenging to take in, it's a little over the top, but something about this game also just feels very personal, and it feels like a love letter to a lot of the things that the developer has experienced. I like that. 9/10.",True,1744375879,18,0,0.664018452167510986,0,1092,1092,76561198050402562
3011030,190346971,I've basically 100%'d the game but golly gee if I'm not still attached and have fun with it,True,1742120124,0,0,0.5,0,2254,3813,76561199014957822
3011030,191451061,"This game is an unexpected treasure, bought it on a whim and so thankful I did, game play is smooth and art style is amazing. Really ropes you in. I enjoy the turn based combat, and the exploration mechanic is refreshing for a rougelite. Be prepared to drop hours into it!",True,1743236756,0,0,0.5,0,1719,2810,76561199059948229
3011030,191999602,"I could spend my time glazing every aspect of the game but instead I'll say this: having gone through nearly all the secrets and endings I have yet to find something I'd call a flaw. Granted the game isn't perfect, there's plenty of stuff that could be improved but I really can't think of a true issue if that makes sense, plus you could give the criticism of ""could be better"" to literally anything. In short: buy the damn game, it's awesome.",True,1743810105,0,0,0.5,0,616,1353,76561199037103493
3011030,189407168,"By far one of my favorite games, there so much to find. I haven't even done the actual goal and got side tracked doing all the little other things. Even just when you do stuff on accident the game has something for it. It's really cool.",True,1741146006,1,0,0.5,0,1755,2475,76561199715522744
3011030,190308972,"Like, no skin at all? Smooth turn-based rogue-lite gameplay. Cool mysterious esoteric schizo story, fun graphics - all in all cool little cheapo game!",True,1742081798,0,0,0.5,0,588,588,76561198057939540
3011030,201511845,"Fantastic game, it’s worth at least double what it’s listed for. A strange and unique experience, with a modern take on the “hidden lore” style of storytelling. It’s a blast to play, the core gameplay loop is simple and engaging, constantly offering new ways to approach each run. The difficulty is well-balanced: hard enough to be fun for skilled players, while intentionally offering assistance to help beginners get better naturally. 

There are a few issues: some bonus modes are wildly difficult, despite multiple patches. Some mechanics are overpowered (*cough cough* rosary *cough cough*), though they’re at least either rare or limited to late game areas. These problems might be fixed with patches, though. 

If you’re thinking of buying No-Skin, do it! You can play the demo if you want to test it out first (don’t know if it’s still in Steam, but you can find it on itch.io), but the full game is absolutely worth the investment. If this game ever releases on Switch, I’ll be buying it a second time.",True,1754410271,0,0,0.5,0,1169,2535,76561198450498666
3011030,188930792,"Glub glub.
Glub glub glub.
Glub glub.
Glub...",True,1740736527,0,0,0.5,0,792,893,76561199108358182
3011030,190581833,"Utterly engaging vibe and story. I can't wait to see what some lore peeps come up with this for this game. I hope the dev makes a spiritual or literal sequel at some point, maybe one that's a little bigger!",True,1742335267,0,0,0.5,0,705,712,76561198030637966
3011030,190836449,"I absolutely adore this game!
There is a lot of hidden lore and secrets, some of which Roots to another one of their other games, Livid Meadow!
NO-SKIN has a lot of replayability and an art style that will keep you glued to the screen for a couple hours at a time.

Good job, Patience and the No-Eye Soft team!",True,1742592952,0,0,0.5,0,922,922,76561198069143616
3011030,189483879,"What a fantastic game!!! I bought this game on a whim because I went 'oh look another Rougelite is out'. From there, this game has had me captivated by the story and mystery behind it all for the past two weeks I've been playing it. From the side-character stories to the secret enemies you get to face to giving characters an item to boost your stats, this game always had something for me to look forward too. 
Thank you to NoEye-Soft for this unforgettable experience. I never knew that a rougelite could have such a captivating story to it. Truly an unexpected event.",True,1741229378,1,0,0.523809552192687988,0,1294,1294,76561198981034442
3011030,195866156,Holy frigging heck,True,1748486872,0,0,0.5,0,812,812,76561198143613905
3011030,211602895,"This is an absolute gem of a survival horror roguelike! The gameplay loop is easy to get into, but has a lot of depth with good runs depending on a satisfying mix of luck and strategizing. No-Skin also hides tons of fun secrets, and its one of those games where the most valuable progress you make is knowledge about the game.",True,1764407921,0,0,0.5,0,1092,1504,76561198136285899
3011030,200253162,"THE MOON HAS FALLEN
THE MOON HAS FALLEN
THE MOON HAS FALLEN
THE MOON HAS FALLEN
THE MOON HAS FALLEN


...
Hehe...
I'm just playing with you...
a truly unexpected event...",True,1753039026,9,3,0.578444719314575195,1,1048,1634,76561198360943380
3011030,188403327,"A simplistic rouge-like packed with flair & charisma, bundled neatly with an experimental art style and entrancing lore
--------------------
Review REDUX:
After 40 hours in and finally collecting all achievements, this is the best game I've played this year. Although the lore is largely ambiguous and there's no real guidance on how the puzzle fits together, I would absolutely recommend this for how unique this rogue-like is in its gameplay and art style shifts.",True,1740138798,1,0,0.5,0,2391,2391,76561198346900633
3011030,200900096,"really fun to learn and progress in, once you accepted the gameplay loop",True,1753691845,0,0,0.5,0,2149,2149,76561198077079066
3011030,196031406,So skibidi,True,1748655961,0,0,0.474683523178100586,0,726,821,76561199561690715
3011030,203481162,"No-Skin. A game most have run across due to Markiplier. If you like Cryptic stories, this one is for you. 
This game has all women in it with the exception of 1 guy, and 1 god that I presume is male. 
This game has a beautiful Ambiance, 4th wall breaking in an interesting way. The person who created this game knew what they were doing and this is not a game's story made by sheer luck or hopes of a good audience. You will be dying and playing a lot, to try and piece the story together for yourself. This game is relatively low-key so it's not like you can just google the secret boss at the end of it all. (Not yet at least).  There is alot going on in the story. The people who will enjoy this game the most are the ones who love the direction of the story and the art. There are 5 playable characters in the traditional format. And a lot of Binary to translate. It's almost horror but it's more of a mystery to me. 

Whole kindheartedly recommend. I look forward to the next installments of the story and series.",True,1756957145,1,0,0.5,0,2369,2422,76561198044196772
3011030,189219546,"NO-SKIN is an incredible horror-rougelite that I couldn't put down. The game play itself is heavily RNG based where you choose to go into rooms with a set chance of something occurring. Given the nature of RNG, this can come off as frustrating, and I definitely had several instances where a run was doomed because I couldn't get the dice roll to meet the crimson dancers. However, I found that the RNG more often worked in your favor and serves as a means to differentiate each run. To combat the RNG, there are a number of encounters in the game that reward you for finding secrets and learning about the games systems. This was my favorite part of the game, the fact that I was rewarded for experimenting and finding optimal routes through different encounters. 

The story itself is also very interesting as it is never directly told to you. Much of it is left to the players interpretation regarding the different characters relationships and the overall story. You are given hints and clues through small conversations and played out scenes, but the rest is left for you to put together. I thought the way that it was delivered was very clever, although I could see an argument being made saying that it is lackluster. 

Overall, I really enjoyed my time with NO-SKIN. I think it is a great game that fans of abstract horror should give a try. There are some rough edges, such as repeating dialogue and some general ambiguity, but for this being a full title by a solo dev, there is a lot of great content that is genuinely impressive. I look forward to seeing what comes next from NoEye-Soft!",True,1740955556,1,0,0.523809552192687988,0,577,577,76561199258664114
3011030,196374175,Went in blind did not know what to expect but damn this game suprised me from the story to the very indepth gameplay also has alot of secrets 10/10,True,1749037547,1,0,0.5,0,832,832,76561198348430806
3011030,198244191,verry good game OwO,True,1751000168,0,0,0.5,0,597,1229,76561198227511892
3011030,202738075,"Overall a very fun game to play. Takes a while to get used to the mechanics of the game, but once you do it's fun to test the limits. The achivements are scarce but there are several minor milestones that make you feel like you are working towards a bigger goal. totally worth it for me.

Plus the game has a fun style. and I love solving codes and cyphers",True,1755978056,0,0,0.5,0,749,918,76561199030845896
3011030,188967974,It was a fun experience and I really like the decoder so you could figure out what some characters said,True,1740760840,0,0,0.5,0,1201,1597,76561199353899531
3011030,190369270,"a rare indie success. it has a lot of good secrets and hidden lore to discover and while the gameplay becomes repetitive and easy to break, the faith levels balance out the broken strats to allow for a more roguelike experience. the ending is lacking but it was a good 10 or so hours of gameplay.",True,1742136561,0,0,0.5,0,644,651,76561198157258541
3011030,190402465,this game is crazy good,True,1742158389,0,0,0.5,0,659,659,76561198263122373
3011030,189609288,"Surprisingly good, with tons of hidden content for its low price tag. Contains gore and other dark themes, but everything is made of pixel arts, so it's nothing serious. Only thing I miss is achievements (a few more than the one single achievement it currently has anyways), especially in a game like this with so many unique and hidden paths, outcomes and interactions",True,1741367733,2,1,0.514388501644134521,0,938,999,76561198070586471
3011030,193712811,"i saw the demo gameplay from a markiplaier´s video and i don´t usually try the games he plays out myself but this one gave such i viba that i had to. and after doing a completionist on the demo 3 times the full version came out and now for a couple weeks its all what i´ve been thinking about. it really invested me (so much so that my wall is covered in stickynotes). I still havent gotten ALL the possible thing done but im aming to. 100% recomed if u remotley enjoyed issac or ror, but i personaly think the simplisity and vibe of this game makes it a lot more superior fro those two. Loved it and i´ll continue to do so...",True,1745766633,0,0,0.5,1,1334,1337,76561198884078339
3011030,195489075,"I'm no game critic, so the most I can say is that this game kept me on my toes the entire time through the main story, and almost 10 hours later I don't think I've even seen everything there is to see. Lovely twists, and a story that - even while leaving me lost and confused - still had me intrigued and keeps me thinking about the game even now.

Pretty sweet.",True,1748023640,0,0,0.5,0,579,579,76561198097706766
3011030,188277296,"Love the art, bg music, game mechanics, and vague mind blogging story. Wish for more content but still worth every coins spent for the game",True,1739980776,0,0,0.5,0,633,825,76561198146843005
3011030,188164414,Good game,True,1739846925,0,0,0.5,0,571,785,76561198136796149
3011030,188321159,"[h2] NO-SKIN Review – A Disturbingly Good Time [/h2]

Alright, so I went into NO-SKIN not knowing exactly what to expect, but I came out fully hooked. This game is weird, unsettling, and seriously addictive. It’s got that perfect mix of roguelike randomness and psychological horror that keeps you on edge the entire time.

[h3] Gameplay & Mechanics [/h3] 
You’re thrown into this eerie, almost dreamlike house with rooms that shift every run, forcing you to think on your feet. There’s turn-based combat, resource management, and a constant sense of dread as you try to survive encounters with the No-Skin Man. Every playthrough feels different, which keeps things fresh even when you inevitably die and restart. The strategy side of it is solid—every move matters, and wasting resources can get you killed fast.

I like that it doesn’t hold your hand. You figure things out as you go, and that slow unraveling of how things work is part of what makes it so engaging. It reminds me of games like Fear and Hunger or World of Horror, where the tension comes from both the gameplay and the disturbing atmosphere.

[h3] Atmosphere & Aesthetics [/h3] 
The art style is something else. It’s a mix of pixel art characters and realistic, almost photographic backgrounds, which gives the whole game an uncanny, off-putting feel. Like, you know something is wrong just by looking at it. The soundtrack and ambient noises? Creepy as hell. The kind that makes you hesitate before going into the next room.

There were moments where I just sat there, debating whether I really wanted to keep moving forward—not because I was bored, but because the game does such a good job of getting under your skin. The horror here isn’t about jumpscares; it’s about slowly realizing how messed up everything around you is.

[h3] Story & Lore [/h3] 
The story is vague at first, but the more you play, the more you start piecing things together. Clues are hidden everywhere, and there’s a real sense of discovery each time you unlock a new ""memory"" or find some cryptic note that changes how you see things.

I won’t spoil anything, but if you’re the kind of person who loves digging into lore and unraveling mysteries, this game delivers. It’s one of those experiences where the more you learn, the more unsettling it all gets.

[h3] Final Thoughts [/h3] 
NO-SKIN is easily one of the best indie horror roguelikes I’ve played in a while. It’s tough, it’s creepy, and it keeps you coming back for more. The gameplay is strategic without being frustrating, the atmosphere is genuinely unnerving, and the story is just cryptic enough to keep you engaged without feeling aimless. Reminds me of Fear & Hunger.

If you’re into roguelikes with a strong horror vibe, this is absolutely worth checking out. I’ll definitely be diving back in to see what else I can uncover.

[h2] Final Score: 9/10 – Messed up in the best way possible. [/h2]",True,1740036377,0,0,0.5,0,630,3202,76561199014842568
3011030,199416782,"Rogue-Lite horror that really scratches the itch of the missing ""OMORI"" game. Especially with the countless rabbit holes that this game keeps leaving. 

Keep trying things and put the story together. You surely missed something important.",True,1752112198,0,0,0.5,0,781,838,76561198228617952
3011030,196845218,"Good game, especially for it's price tag: it certainly punches aboves its weight. Presentation-wise, the soundtrack and the visuals combine into a great creepy vibe, with periods of calmness in-between. I initially found the gameplay to be a bit strange, with the room setup and so on, though it eventually ""clicked"" and I started to quite enjoyed the almost puzzle-like battles.

However, the game does not respect the player's intelligence at all, plainly stating the obvious several times and easily handing out tips to uncover the game's deepest secrets—which makes those not be secrets at all, yanking out the ""woah"" factor from unconvering something hidden. You'll see people describe it as a rabbit hole of sorts, but it doesn't feel like one since the game gives you flashlight and a map, which is a shame since this is what the games sets out to do as a whole.

Strangely, surprisingly, and sadly (imo), the game does not take itself serious at some points, which just makes it all the more disappointing that it unfortunately doesn't reach the heights it aspires to. 

That all said, huge kudos to the dev for the otherwise excellent execution, I'm very keen on seeing their future work!",True,1749517026,7,0,0.627329170703887939,0,591,591,76561198012299769
3011030,194309222,"""In this new world, you will slowly heal from your pain.""

Like many others, I first heard about this game from Markiplier's playthrough of the demo just shy from a year ago, and was reminded of it and found out that the full game had released just recently. So, I bought the game and played through a run. And then another, and another, until I came to find out the deep rabbit hole that NO-SKIN had to offer.

On the surface, NO-SKIN is a unique horror rougelike with its own experimental style that serves the execution of the vibe it goes for to an incredible degree. But under that guise, there is a confusing, brutal, yet beautiful story told through the cracks that still keeps me up at night just thinking about. Through thinking outside of the box, utilizing strategy & the mechanics given, you are rewarded greatly for your struggle as you begin to unpack what this mysterious game truly has to offer. 

Through the many eyes of Noire, a deep story reveals itself with elements of the impossible that still ties it down to still feel human & brutally real. NO-SKIN story is what you make it -- what you believe really happened or what you don't. This game heavily relies on mental themes, so do go into this game with discretion as the description warns. But unlike certain other horror games that follow such a pattern, NO-SKIN brings a different approach that truly sets itself apart from the genre and hits all too close to home in certain aspects with the toxic teenage years, mental illness, & the damaging effect destructive behavior can have on not just you, but those close to you as well.

The only thing I can say this point is to please give this game a shot. Absolutely one of the best horror games I have ever played.",True,1746474435,1,0,0.5,0,1252,1340,76561199538789638
3011030,200037398,I don't know what they put in those gummy bears but now I'm scared and confused,True,1752785027,2,0,0.523809552192687988,0,703,1130,76561198061652766
3011030,197349812,"incredible game. I love the atmosphere. the art is fantastic and so is the music.
this game has so much lore and it's all so interesting. reminds me of fear and hunger in that aspect.
this game has a lot of replay-ability. 
one of my favorite rougelites I've ever played. highly recommend this game",True,1750041378,0,0,0.5,0,895,2401,76561198041981065
3011030,188166362,"One of the best horror roguelike game I ever played, absolutely loved it",True,1739849849,0,1,0.5,0,634,1066,76561198108919046
3011030,190173218,"my personal favorite game since a long time, i couldnt stop playing. Hope to see more in the future.",True,1741965297,0,0,0.5,0,815,815,76561198019143440
3011030,189209231,"Easy-to-play, hard-to-master roguelike RPG with lots of post-game content.
The gameplay mechanics are just the right complexity to play in short bursts (there is a save system), but I've found myself playing for hours on end too.

EDIT: The rabbithole goes much deeper than it seems on the surface...",True,1740946892,10,0,0.62765955924987793,0,666,866,76561198025455512
3011030,212180627,"One of the most surreal Horror esque games I have ever seen or played, I came for the Horror but stayed for the Atmosphere which is wholly unique and enchanting. It is like walking into a world which only loosely resembles the real one and while we go on a Quest to kill Gods and do the bidding of others we also discover the dark side of our relationships.

It feels like your stuck inside your mind/on a deep drug trip/on the precipice of something greater/an arena where your cunning and understanding of this world propel you to annihilate anything that stands in your way.

It has roguelike elements and even tho I usually am not a fan, I must say they worked it in quite well.

It is not hard on the normal difficulty if you use your brain.

Very good soundscape, nails every scene and is worth a listen.",True,1764540275,1,0,0.519230782985687256,0,988,988,76561198169880322
3011030,196210355,"Un viaggio davvero incredibile, finale mozzafiato. Spero raggiunga più persone possibile.",True,1748831183,0,0,0.5,0,1110,2248,76561199228425996
3011030,189206768,"This game blew my mind atleast 20 times...

10/10.",True,1740945014,0,0,0.5,0,1304,1304,76561198314383555
3011030,188668498,Finally a game for the skinless like me,True,1740417762,1,0,0.5,0,600,869,76561198165095384
3011030,195044172,Good game. Well made. Thank you for making it.,True,1747447179,2,0,0.503184735774993896,0,709,709,76561199650926725
3011030,188256531,i would give him my skin,True,1739955527,2,1,0.523809552192687988,0,1445,2217,76561198118906414
3011030,210975275,"Glub glub.
Glub...
...
Finally...
Can you hear me?
I am the Fish with Long Gills.
Sometimes I say nonsensical things, don't mind me.
But now let's get down to business.
I have some goods with me, are you interested?",True,1764186091,0,0,0.5,0,695,695,76561198867775873
3011030,189308283,Good atmosphere. Fun gameplay(really difficult on higher difficulties) Played the demo a lot and the final product exceeds expectations,True,1741048838,0,0,0.5,0,553,1281,76561199825313201
3011030,200881875,I need more people to play this game. I need to talk to someone about this game.,True,1753665246,1,0,0.522058844566345215,0,671,874,76561199822243001
3011030,189006100,"good mystery, a little unintuitive at times but thats the point",True,1740789015,0,0,0.5,0,982,982,76561198002431049
3011030,189241006,i still have my skin,True,1740979651,0,0,0.5,0,557,560,76561199791880136
3011030,210797015,"A fantastic game with a fun game play mechanic wise and engaging story as you uncover the mystery of the characters you meet throughout the game, especially the NO SKIN MAN (really? no better name?).",True,1764145260,0,0,0.5,0,1247,1265,76561199156052605
3011030,194098466,This game is amazing for those who love roguelikes and ambient horror it is a must play!,True,1746243340,5,0,0.549913465976715088,0,1529,1529,76561198409883050
3011030,195953349,"Here are my final thoughts. The game features a minimalist graphic style and gameplay, which is a wonderful thing. The beauty lies in its actual content. NoEye-soft gives a unique concept, from beginning to end. Ther resut is beyond satisfying, as we play through a series of beautifully strange events . There is a wholesome story to tell, just a gigantic, insane, and wonderful experience. The dialogues between the characters are most exceptional. The gameplay remains engaging even in repetition. And not to mention breaking the forth wall, which at this point is just gravy. Final svore: 100 out of 100",True,1748583074,1,1,0.5,0,628,995,76561199048282486
3011030,202008403,"[h3]Skin DLC when?[/h3]
[b]No-Skin[/b] is what happens when a horror game doesn’t [i]forget[/i] the monsters—it just makes them look like guilt, anxiety, or your ex in a skin sack.

It’s [b]turn-based, lo-fi, and socially threatening[/b]. You move through cursed rooms like a bad dream you can’t stop apologizing for. Every turn is a choice: stab, run, ask someone a weird question. Then deal with the consequences, usually bleeding.

[b]Combat[/b] is tactical in the worst way. Not complicated... [i]cruel[/i]. You make decisions with information(?) and bad odds. You have a knife. Maybe a gun. The rest is [i]situational dread management[/i].

There are no spells. No skill trees. Just desperation, momentum, and whatever luck you didn’t spend last run. You’re not building a character... you’re [b]burning one down[/b].

[b]The house loops.[/b] The art looks like a haunted zine drawn during a fever nap. The tone cuts like budget Silent Hill filtered through breakup texts and brain fog.

[B]Stare too long and it stares back. Bleeds weird. Good game.[/b]",True,1755039891,8,0,0.604611635208129883,0,3066,3066,76561198317866221
3011030,188242966,"Fun roguelite game with an interesting horror artstyle and an interesting story. Unfortunately, the story isn't fleshed out as much as it could have been, so you're left with a lot of unanswered questions by the end.

I THINK I 100%'d it... but who knows, maybe I missed something. There's only one achievement, so it's hard to know for sure if I did everything the game had to offer.

I know most of this review is complaints, but that is just because I was really enjoying the game, and wanted more. This was definitely worth $7, so if you think the game looks cool, just buy it and try it yourself.",True,1739934918,0,0,0.5,0,845,845,76561198027231634
3011030,192311331,"This game is more than just a horror roguelike, it's a puzzle, constantly feeding you vague clues at what lays deeper, each layer having new surprises to throw at you.
The dark music and simplistic yet expressive art style come together into quite the eerie atmosphere you just can't get enough of.

Highly recommend.

Do also play the developer's previous games on their Itch.io page.",True,1744138614,0,0,0.5,0,1109,1202,76561198055762111
3011030,204058641,"so good I did a speedrun of it
rng = love

don't trust the low hour reviews because this game has a lot of depth and tons of content, it's a dang roguelite give it more than an hour lmao",True,1757563680,0,0,0.5,0,1926,1947,76561197972633969
3011030,197184959,"Pretty innocuous at first, but the game slowly unravels the more you play it. At the end of it all, I must say that I'm not sure a game has had as big of an emotional impact on me as this one has.
It's not for everyone, of course, but if you want to give it a shot, give it a really good one.
I promise you it's worth your time.",True,1749873532,0,0,0.5,0,1008,1161,76561198371941425
3011030,198606991,"amazing game!! super eerie, well-made pixel art, dark atmosphere, probably a story, just really great :3",True,1751337301,0,0,0.5,0,1105,1293,76561199588169008
3011030,188473092,More than meets the eye !,True,1740207671,0,0,0.5,0,1241,1638,76561198041945695
3011030,188540140,"It was a fun game for the amount I've played. I enjoyed the side stories and the gameplay loop. It also felt like an actually decent horror roungelike game. I enjoyed seeing all the random possible events that can happen within the game. Some things I do want to say about story will spoil it so I have included a spoilers tag. But overall I found the main parts of the story to hold an interesting mystery with characters that I wished to know more about [spoiler] I think the ending of the game could use some work. After retrieving the skin and facing no skin man for the final time you face the false god. However, I found this section to just be very easy and lackluster even on faith level 4. I feel as though the ending was just overall very sudden and the dialogue is rushed. I enjoyed the characters and story I just wish there was more of it. Maybe I'm being trolled by the creator and didn't get the actual super secret real ending but I supposedly killed a god and met the moon god which seems like an important ending. It just bums me out that the final boss didn't have anything special to them. They didn't get extra turns, they didn't limit item usage, they didn't give you turn constraints it just doesn't feel like a final boss. I was just hoping for more of a payoff after countless runs but I found myself a little disappointed by the end. I mean I enjoyed my time with the game a lot, I feel like it is a good horror rouge game, but even still I just feel like it's missing something, some sort of wild change and more of an epilogue. I hope the creator know that I really did enjoy their game I just desired more from the game and characters. Maybe future updates can add more I will certainly keep an eye out for any future changes.",True,1740271431,3,0,0.56081080436706543,0,1745,4189,76561198352878389
3011030,191011450,"I thought this would've been a simple and straightforward little game, but no. It all goes so much deeper than I expected and there's so many more things to do. I'm hooked.",True,1742753085,2,0,0.523809552192687988,0,832,1063,76561198376471116
3011030,199909994,This game sure was something,True,1752637829,1,0,0.532967031002044678,0,1545,1827,76561199181999621
3011030,207144978,Find the Crow,True,1760932174,0,1,0.5,0,1644,1644,76561199080895323
3011030,206245317,"This game is incredibly fun. Its story is captivatingly convoluted, and the overall design is clearly a work of passion and experimentation. It’s a truly unique roguelite that accomplishes what few games can: establishing an identity of its own — an achievement that deserves far more recognition than it gets.",True,1759998185,3,0,0.520756363868713379,0,642,1037,76561198333848836
3011030,207697897,"Deeply engaging play that both guides and rewards experimentation, with an art style that is delightfully gruesome and mysterious. The narrative content is revealed in a very piecemeal way, and while it is relatively sparse, the engaging gameplay makes me latch onto it like a tick. Enjoyed this very greatly.",True,1761545672,1,0,0.518518567085266113,0,1602,1602,76561198084019165
3011030,188436673,fun not super long but can be hard at higher faiths with 4 different people you can play each having something unique to them if i had any problem its that its kinda hard to understand the story since you only see parts of it in little like mini games you unlock and the rest you have to piece together from lines you get from enemys at random when you talk to them once per fight not a bad thing per say just makes it hard to be sure i know the full story to me but i did mostly understand it once i beat the game i think,True,1740168287,0,0,0.5,0,680,680,76561198107908367
3011030,199820889,I'd give this game at least like a 48 out of 100,True,1752539005,0,1,0.5,0,895,1783,76561198362390772
3011030,188340624,"This game is really fucking good. 
IDK why its so addicting but the very liminal atmosphere makes all your runs feel seamless and its tough to put the game down. The plot is extremely cryptic but that meshes with the game well since I find something new to do every run. 

This is one of those games that can get ruined by a wiki/guide so only use them as a last resort. 
If you play through everything this game has to offer you WILL get your moneys worth twice over. 

Easily the best game of the month so far, big kudos to the devs.",True,1740061981,0,0,0.5,0,620,727,76561198028644516
3011030,188771946,"honestly lots of fun, didn't expect to like the game but it had way more content than I originally thought",True,1740543577,0,0,0.5,0,894,1513,76561198360164285
3011030,194026652,loved it,True,1746160526,0,0,0.5,0,1417,1418,76561198412027855
3011030,188133848,"Online games - tons of bland weapons, zero soul, zero replayability, many skins.

This game - a couple distinct weapons, enough souls to fill up heaven and hell, infinite replayability, no skin.

I think the choice is obvious.

Update: 

GOOD.

FREAKING.

LORD.

THIS MIGHT BE PEAK GAMING.

THIS THING HAS PLOT TWIST ON A PLOT TWIST ON A PLOT TWIST.

THIS THING WOULD BE THE ULTIMATE OGRE.

THIS THING MADE MY SOUL DETACH FROM THE BODY AND FLY OFF INTO THE STRATOSPHERE.

SPREAD THE WORD ABOUT THIS GAME.

PEOPLE NEED TO SEE IT.",True,1739812522,1,0,0.5,0,727,2011,76561198006174062
3011030,201048465,very interesting story :3,True,1753858829,1,0,0.523809552192687988,0,847,849,76561199534903307
3011030,195798958,"Imagine if someone took certain parts of World of Horror, wrapped it in the psychologically itchiness/dreaminess of Milk outside a bag of milk outside a bag of milk, and packaged it into an RPG roguelite.",True,1748394328,0,0,0.5,0,1475,1501,76561198069470214
3011030,211201104,No Skin is a really fun and interesting game its not super scary(It does have themes of self harm) and I recommend anyone who likes 2d RPGs and Roguelites to try the game.,True,1764259542,0,0,0.5,0,1423,1464,76561199388937313
3011030,188364851,"What a fantastic game, I just beat it. This was really an experience, the story and the message behind it were very powerful. I'm kind of lost for words. If you're considering buying this game, if the artstyle and vibe behind it appeal to you at all, I sincerely recommend you try it. The gameplay is simple but has a lot of depth and tactics. Emotional, genuinely unsettling, and genuinely powerful at times. 10/10. I'll be thinking about this one for a while.",True,1740085839,5,0,0.574468076229095459,0,899,899,76561198324849907
3011030,202032225,Second-hand smoker.,True,1755076908,0,0,0.487329423427581787,0,762,762,76561197984018817
3011030,192126834,"I'm not really one for roguelikes – I loathe RNG – but I NO-SKIN is a game I thoroghly enjoyed through and through, even when I would lose a run to bad luck.

Deceptively simple looking, all the mechanics are prone to subversion at some point in the game, with new elements being introduced as one progresses. This makes dying less frustrating, as a lot can be learnt in a single run. The balancing is also very much on point, never truly feeling unfair. All this makes the gameplay loop both engaging and addicting.

The plot itself is quite convoluted, but in a good way. Although very fantastical, the story keeps the player wanting for more. It's the kind of thing you'd find in some low-budget horror movie but whose characters actually have interesting chemistry.

The pixelated artstyle is absolutely perfect, making use of creative handrawn sprites and dithered real-life photos used for backgrounds. I also just want to mention that I love the melee attack animations – they are very satisfying.

Even the music, although simple and minimalistic, does an incredible job conveying the mood and atmosphere for this 90s-horror-inspired RPG. I personally adore the soundtrack in this game.

The last thing I'll mention is how creative the developer of this game is, not just mechanically or artistically, but from a technical standpoint. I won't spoil anything, but it really does feel like NoEye-Soft thought of everything a player could try, even outside of the gameplay itself. This doesn't just feel rewarding to the player for trying new ideas, but also adds a ton of replay value.

This is an incredibly fun game that, at face value, looks unremarkable, but provides genuinely deep gameplay an an amazing vibe – highly recommended.",True,1743937525,0,0,0.5,0,1029,1029,76561199021817998
3011030,210186155,"I suck at this game, but I can't stop coming back to it

It's just too addicting",True,1764022098,0,0,0.5,0,568,568,76561199149014397
3011030,205816218,"This game is weird. Like really weird. Technical stuff is all here: good sound designs, great art, scary, unsettling, all the markings of a good horror game. It also has a lot of like 'breadcrumbs' for you to find. It bends conventional progression a lot and it's really awesome. On the surface it looks extremely simple, but every corner has something. If you're gonna play it, do it blind. Amazing experience.",True,1759539303,1,0,0.5,0,759,980,76561199833481299
3011030,195313636,"At first I thought it was just a simple roulette-like game. But now after hours and more hours I realized...WOW. It goes deeper and deeper and you have to push the boundaries of the game to go EVEN DEEPER into this game and its lore. Every time I thought it was over, I found even more. I think I've seen a lot, but not everything yet. This game deserves the love it gets. Simply a really crazy and deep game with awesome, intricate story elements and a matching art style. I'm excited to see when I'll actually have seen everything.",True,1747780423,0,0,0.5,0,1154,1521,76561198134380954
3011030,188153140,"i have no skin but i must peel. Jokes aside it's a very well made horror game with lots of secrets but plenty of hints to point you in the right direction.

From start to finish it kept me hooked and intrigued and disturbed",True,1739831571,0,0,0.5,0,592,908,76561198067237822
3011030,210908961,"""...All that is gold does not glitter,
Not all those who wander are lost...""

I’ve nominated this game for the 2025 Steam Awards in two categories:
- GOTY.
- Most Innovative Gameplay.

[Review ends here] [Repeat]",True,1764172618,16,0,0.69948267936706543,2,2697,2717,76561199791490425
3011030,209682679,"Schizoprenic Turn Based Roguelite RPG. 

Very unique atmosphere and setting,I dig the simplistic pixel graphics a lot. The raw combat loop is good and the sound effects add a lot to it but the runs themselves aren't very varied in terms of traditional builds in contrast to it's nature. Basically,every decision you make in the game is RNG. Whether it's the rooms,the encounters inside the rooms,the accuracy of your weapons and even the accuracy of some of the items in your inventory. That being said,the encounters themselves have fixed loot tables,so you always know what to expect from an enemy after killing it once. The shops themselves also have fixed items,though they change depending on your progression in the run. Notice I've said that weapon accuracy is also RNG related,so sometimes losing a run is completely out of your control. That being said,the recruit mechanic is pretty fun and adds a little more depth to the decision making and the combat encounters.
Moving onto the story,it's quite literally all over the place. In addition to permanent upgrades you get after finishing a run,you also get some information about the characters and the setting of the world,though it isn't really explained clearly and requires you to piece a lot of things to get a full grasp. This wouldn't be a bad thing if the game wasn't so incredibly vague about what it's trying to tell. I didn't fully finish the story yet though,so my opinion on this section may change. 
My biggest pet peeve so far is how the game keeps retelling you the major mechanics/story bits over and over regardless of if you've seen them. For example,if an enemy inflicts a status effect on you,the game tells you what it is and how to get rid of it. For the first time it's obviously fine,but it keeps saying it on every new run,it also plays out the entire cutscene after finishing a run over and over,with no way to fully skip it easily.
I deliberately didn't get into the spoilers as they are the best sections the game has to offer IMO and I'd fully recommend the players to experience it blindly,some of the content there majorly removes the RNG aspect and displays very interesting information about the characters you play or fight against.
All that aside though,it is a good game. None of my complaints are really major deal breakers for such a distinct experience made by one person and I want to see more projects like this.
On a final note,big shoutout to the dev for recovering my save file. The game doesn't have a cloud system so you have to manually backup the files,you can directly reach out to him should you fail to do remember. He's making a new game of similiar nature as of now and I'd recommend you check that out as well. Best wishes.",True,1763635031,0,0,0.5,0,1523,1523,76561198126775848
3011030,196357222,"Ta bueno, niños emos roguelike por turnos momazos diego.",True,1749009522,0,0,0.5,0,575,1005,76561198420907121
3011030,188532209,Reclaim his Flesh.,True,1740262590,4,0,0.588390469551086426,0,664,1421,76561198355298121
3011030,189445965,Nice,True,1741190784,0,0,0.5,0,1404,1404,76561198215574353
3011030,188669751,"Real good.
A fear and hunger style rougelite, with much more forgiving design, and a vibe that's equal parts goofy, edgy, and genuinely heartbroken. 
Unravel the archaic steps needed to find the skin. Pull back the layers of fleshy mechanics. End it all and build something new new in the ashes. 

It's like having a nervous breakdown in playable form, and boy do I love it for that.",True,1740418992,0,0,0.5,0,659,659,76561198060685274
3011030,188515601,WHERE THE FUCK IS THIS GUYS SKIN?!?!?!,True,1740248390,0,0,0.5,0,631,769,76561198084446609
3011030,203420821,"great gameplay and the rabbit hole is deep. and its not just a lore rabbit hole, there is a gameplay rabbit hole too. lots to unlock and uncover. and the main mode is enjoyable for roguelike enjoyers. it is easy to get a god run, but if you want more challenge you can choose more difficult characters.",True,1756864091,9,0,0.638009071350097656,0,1913,1913,76561198022464037
3011030,192915213,"Buy it for the vibes and atmosphere alone. Dreamlike, eerie, grotesque, and genuinely unsettling. Lots of body horror and self-harm. I found myself thinking a lot of B.R. Yeager's Negative Space while playing this, and it's the closest a game has felt to capturing the vibe that the publisher Apocalypse Party has in their catalogue of horror novels. The soundtrack -- melancholic, foreboding, hostile, at times wistful -- could not be better suited to the game's overall vibe. As a game, it's a surprisingly varied turn-based tactics roguelite. The main mechanical twist is that you can use any number of items without ending a turn, as well as other abilities I won't describe here for spoiler reasons, but attacking or defending will end your turn, turning the meta-strategy into something between resource management and a deck builder. I've only played 2 hours at time of review but this is one of the most genuinely haunting games I've ever played, and I think it's going to have a lasting impact on me.

Edit: After putting more hours into this game, this is one of the most criminally underrated horror games I've ever played. As a turn-based tactics roguelike the gameplay isn't anything new, but the atmosphere, the soundtrack, the overall vibe is so good, and it conceals so many secrets. There are so many ways it could have gone wrong: it could have come off juvenile or trying too hard to be edgy, its contrast between the characters being teenagers dealing with teenage insecurities and the more cosmic horror underlying that could have been weak, but it somehow manages to maintain a sense of horrific gravitas amidst everything. I could not more strongly recommend this game.",True,1744862890,4,0,0.565217375755310059,0,689,767,76561197981457968
3011030,193142996,I found his skin. Yippee,True,1745105235,1,1,0.523809552192687988,0,1149,1516,76561198859407284
3011030,188110678,"100% Playthrough here: https://www.youtube.com/playlist?list=PLAFtZ4pMPIc7-m-yMdiBFN7dIDHt1sSFD

Overall Great game as everyone stated I love the challenges that you can unlock which unlock items in the game while teaching you how to optimize your tools to beat the challenge. The interactions morbid atmosphere etc. make this an incredibly fun roguelite turnbased game definitely worth the 6 bucks.",True,1739785460,4,0,0.540270745754241943,0,717,970,76561198043918784
3011030,193848761,"Wow! This game is really awesome! 

I've played this game since the demo, and I am fascinated by the amount of lore and content available by just playing the game. The art is nice, and the gameplay loop is pretty good. That ending once you find the skin shocked me, as I didn't think that would occur. I've beaten the game in 7 hours, and I think it was worth that time. Although you have to rely on luck and RNG to get resources, I believe it is fun nonetheless. I hope that future content would make this game even better, and I am looking forward to it!",True,1745942123,0,0,0.5,0,683,1103,76561198888724248
3011030,203426030,fire indie game,True,1756873534,1,0,0.5,0,5782,5869,76561198364879255
3011030,192717036,"[h1] PLAY THIS GAME ALREADY! [/h1]
This game has some of the best rougelike gameplay I've seen in a while, an amazing yet horrifying atmosphere and a complex story that has gripped me ever since i first opened the game.
the lore of this game feels very complex and its a lot of fun unraveling what everything means.
please try this game if you even have the slightest of interest i promise it will be worth it.",True,1744613427,1,0,0.5,0,603,1022,76561198990553545
3011030,188134379,"Like many great indie games, NO-SKIN takes an old formula and pushes it to its limit by using a modern touch.
This resembles an 'older' RPG game, but there's plenty of moving parts that keep you engaged, even after a number of playthroughs.

The biggest complaint for those that enjoyed it had to do with the last bit of story, but I'd say its intent is to be lucid and to a degree: Haunting.

There are other games made by this dev; check them out if you intend to play this game, or have finished it (to see what I mean).",True,1739813042,0,0,0.5,0,1264,1264,76561198268108561
3011030,188382234,"Pretty fun, I'm enjoying figuring out all the interactions and what's avaliable",True,1740107448,0,0,0.5,0,2948,3967,76561198055452558
3011030,188099495,The true skin was the friends we made along the way.,True,1739767040,0,0,0.5,0,919,919,76561199468045523
3011030,189316759,pretty good but I like having skin so 0/10,True,1741058808,1,1,0.523809552192687988,0,654,1444,76561198031497336
3011030,189561008,"No-Eye, You made a pretty dang cool game, well worth the money",True,1741318421,0,0,0.5,0,927,928,76561198192202274
3011030,188251631,"Me at 2AM actually losing my sanity because I thought I did everything, but then I find MILLIONS of more things to do! its like jumping into a rabbit hole! I love it! (i played this game way too much (its a problem(help)))",True,1739948984,1,0,0.5,0,892,1669,76561199527589604
3011030,188193489,"excellent

however, would be nice to have a number counter for the amount of health/hearts the enemy has, often with root you need to count the hearts and it feels tedious to count.

not sure if it was supposed to happen, but one of the cult followers did a triple-attack, I had 3 hp, I blocked with goddess' blessing and had 4 extra hp buff from the cult follower. I still took three raw damage points to my hp pool, three points deducted from the hp buff and died. A bit frustrating and not sure if it was supposed to happen, I know goddess' blessing reduces it to 1 hp but I assumed it would take it from the buff, not my health and the buff so it feels like a bug.

I'm happy something was added for the rare 1% encounter. In the demo, it was lame for it to eat a turn and absolutely nothing happens. Now, you get a special NPC that can sell you some goodies so you don't get completely shafted for hitting the rare chance.

It would be nice if we could see a comparation with the weapon we're switching out, for example if we have a Scythe and select the Hunter's Knife, I wish it notified you that you'd be replacing the Scythe. Just a small things but sucks to delete a potentially good item because you forgot what you had equipped.

Otherwise, really fun. I enjoyed the demo a lot and the full game heavily expanded and fixed a lot of the parts of the game that sucked.

I like the story/lore and the silent hill-esque style of the game. Characters are interesting and the game is fascinating enough to keep playing consecutive playthroughs which is optimal for a roguelite.",True,1739890236,0,0,0.5,0,649,728,76561198009181362
3011030,193241312,This game scratches an itch I haven't been able to reach in a long time. I sat down during the day and looked around in surprise at night. 10/10 game would lose my skin again.,True,1745212071,0,1,0.5,0,758,758,76561199236607605
3011030,188859777,"If you are a secret huner, you will love this game, i've been waiting for the full release ever since the demo came out. love everything about this game. also every time i thought i achieved every ending i discovered there was waaaaay more to it. super reccommended",True,1740656806,1,0,0.5,0,605,609,76561198160472842
3011030,189310918,"I obsessively played the demo-- after being introduced to it by Markiplier, to completion and I plan to do the same for full release. The hard part is just some of the dream diary. but I'm working on it. Addicting like I haven't been addicted before.",True,1741051790,1,0,0.5,0,875,1460,76561199036125270
3011030,188403642,"This game has literally descended me into madness

Whenever you try to study to the story and it's constant mysteries whilst learning strategies and pushing through the simple but depth Gameplay in an outstanding dreamlike atmosphere, and then often being bombarded with twists and turns with the world and lore on-top of more mysteries that pushed me more and more many steps back every time i think i made a step forward to the point where i can't see where i made the first step in the game from the horizon, to put it simply, i fucking love this game and this experience this game from start to it's apparent finish captivated me and i couldn't drop my interest of this game until i manage to complete all i could, it's a fucking wild ride I hope as many people enjoy if any of this interest you.",True,1740139161,0,0,0.5,0,1490,2143,76561198092212932
3011030,188112573,nothing hurts more then going on a 50 minute run and then dying to bad game design. such as a count down ending on 1 and not 0.,False,1739788401,13,15,0.364574432373046875,0,62,62,76561198365325822
3011030,201068907,lovely aesthetic but the game itself is too repetitive with a bit too much rng,False,1753883378,5,0,0.522877991199493408,0,47,47,76561198330263219
3011030,188468266,"clunky controls
not very captivating gameplay",False,1740201350,1,0,0.371621638536453247,0,18,18,76561198001427073
3011030,204351538,"Definitely an acquired taste, but the game's not for me. I wasn't drawn in by the art or story, so I had little incentive to keep trying to play.",False,1757879290,2,0,0.518248140811920166,0,22,930,76561198046216371
3011030,188161245,"Not Horror, Not Roguelike—Just a Repetitive Grind

    Shallow Gameplay & Lack of Depth
        The game lacks any meaningful mechanics, relying instead on vague imagery of dark spaces to pass as a horror game.
        There’s no real tension or fear factor—just a loop of repetitive scenes.

    Repetitive & Unrewarding Roguelike Elements
        Events are highly repetitive, often appearing multiple times in a single run.
        Rooms can be re-entered with the same events occurring, killing any sense of unpredictability.
        Unlocking new rooms is tied to how much you play, but it feels like a forced grind rather than organic progression.

    Fragmented Scene-Based Design
        Every event and room is a separate scene you swap between, which becomes visually tiring over time.
        There’s no immersive flow—just a collection of disconnected moments stitched together.

    Confusing & Unclear Mechanics
        Gun mechanics feel broken—an 85% accuracy gun missing five shots in a row, while a knife is somehow more reliable.
        The UI is a disaster:
            Essential item details require extra steps to check.
            Inventory is cluttered, with the bag awkwardly placed in the middle of everything.

    Artificial & Forced Progression
        Instead of natural discovery, progression feels locked behind arbitrary playtime gates.
        The core loop is going through the same rooms, seeing the same events, which makes no sense in a horror setting.

    Illogical Design Choices
        The game uses a shower as a healing mechanic, which feels ridiculous in a haunted house filled with murderous entities.
        Alternative healing options like a medical cabinet, a moment of respite, or even vomiting due to the house’s atmosphere would make far more thematic sense.

Final Thoughts

The game has potential, but it desperately needs improvements. The devs should focus on:
✅ Reducing repetition and increasing event variety.
✅ Making progression feel rewarding rather than locked behind grind mechanics.
✅ Clarifying mechanics and improving the UI.
✅ Reworking immersion-breaking elements like the bizarre healing system.

Until then, this game fails both as a horror experience and as a roguelike. Not recommended.",False,1739842431,8,6,0.329545378684997559,4,15,15,76561198134912654
3011030,195395992,This is one of those lore bait games made for the purposes of becoming popular through 2 and 4 hour long youtube video essays. Game is mediocre and so is its story.,False,1747902703,7,0,0.390618562698364258,0,48,48,76561197968310633
3011030,188283074,"It's okay until you select the same room with a 40% of getting something good 15 times in a row to get an unkillable enemy every time even though that enemy has a 60% chance. There is no pity system for getting actual good rooms, progression and the ability to actually beat the game relies on heavy rng which is not fun. There is also at the end, 5 bosses in a row..... 5, doing these same bosses over and over again gets very boring. I get it's a roguelike but there are way better games than this one. This game wins on the surreal aspect though. The extra difficulties are very bland only changing 1 stat like giving all enemies 1 hp more or removing 1 of your hp.",False,1739986531,8,2,0.481221675872802734,0,49,49,76561199052498682
3011030,194317125,Complete dogshit and I won't bother elaborating. People giving this a positive review are on crack.,False,1746483949,0,3,0.239236921072006226,0,38,38,76561198063831608
3011030,188250402,"Almost beat it on my first run, its an interesting game and the random events are odd (like a 1% chance to play a video of someone slicing their eye with a knife only for it to actually say sike just kidding and im not even joking about that) but anywho the boss at the end of the game i lost to reset its hp after i defeated them and healed 4hp every turn (you had to also kill them in 5 turns) I ran out of double damage items for my gun (which had 4 damage) and was unable to kill them so i just get to lose now; kind of shit design to reset a bosses hp and you could just rng lose because you didnt know a specific mechanic (that the boss would reset themselves) this made the game unappetizing to play, thus I dont want to continue playing it. 

Its okay, thats really all im saying, buy it on sale but I dont feel that its worth $5, as well one other thing that ruined it for me was having to use only keyboard controls, I do not want to use the arrow keys and keybinds, why cant I just click on what i want... forced keyboard shouldnt be the default, weird design choice. 

also a forced tutorial isnt relevant to play when the game adds new mechanics the further into the story you get.
GG(?)",False,1739946929,2,1,0.325443804264068604,3,48,48,76561198145561033
3011030,212508722,"it's a roguelike, played one you played em all",False,1764803014,0,0,0.337981581687927246,0,47,47,76561198066167123
3011030,208352771,"cool setting, cool way of storytelling and art.

However the gameplay quiiiickly grows stale and thus this should have been shorter or more engaging.",False,1762211103,0,0,0.5,4,52,266,76561198154626411
3011030,208457790,"I like the visuals and music, but the game balance is ass.",False,1762328762,1,0,0.513888895511627197,0,50,50,76561198102700771
3011030,198324076,"This is ultimately a cool game, and I think lots of other people will get enjoyment out of this (96% doesn't lie), but I think one playthrough suffices for me. Which is ultimately disappointing, as this is a roguelike and you're meant to play it a lot.
 
I dunno, the gameplay just didn't engage me enough.",False,1751079520,6,0,0.503682851791381836,0,53,53,76561198210466553
3011030,210032735,"Played 1 run and cleared Faith 1. I unlocked Faith 2 and saw all the lunar currency to unlock more game activities. I think that is plenty of game for me.

It's really cheap and it is trying to be interesting in its horror so I can respect that. The gameplay itself though is really repetitive, I had 0 urge to run anything on Faith 2.",False,1764007591,0,0,0.479797959327697754,0,46,46,76561197962556029
3011030,188891132,"its...intresting, there isnt really much to do in my opinion but that may be just me",False,1740690419,4,0,0.46177259087562561,0,45,45,76561199099350720
3011030,188254393,butt game,False,1739953609,2,2,0.299044221639633179,0,53,53,76561198254607421
3011030,203715577,Visually I think it's great; the game itself however is dull and bored me to no end.,False,1757178666,2,0,0.481462538242340088,0,91,91,76561198106455714
3011030,208710558,"The vibes are kind of creepy but the actual moment to moment gameplay is incredibly boring, ultimately just being an RNG location select followed by a turn based battle.",False,1762604573,5,1,0.557996451854705811,0,71,71,76561197964454963
3011030,208537213,"Got in a bundle or I'd never have picked it so maybe biased from the start. Gave it a go but not for me:
Great style and idea but the RNG is awful. 
Got to 96% and you have so many turns to do something, miss miss and game over. Infuriating.",False,1762415638,1,0,0.490066230297088623,0,94,94,76561197983225161
3011030,188493960,"finished a run first try with relative ease, apparently I can get the true ending if I play more, no thanks it was boring as fuck.",False,1740230517,2,1,0.418144941329956055,0,66,66,76561198046794341
3011030,199325134,"annoying as fuck
i don't remember the beta being this annoying and shitty",False,1752015876,1,2,0.398229300975799561,0,119,119,76561198960129786
3011030,208668140,"Tagged as Horror but it's not scary. I ""finished"" a run and the game told me I had the wrong ending and had to play through again, which I'm not doing as it's rather boring.",False,1762555266,5,1,0.471325993537902832,0,66,66,76561198129859247
3011030,201404447,Achingly dull and repetitive gameplay propping up a series of random events that seems more bait for theorycrafting rather than a coherent narrative.,False,1754271638,3,0,0.444557487964630127,0,135,135,76561198045389233
3011030,188259113,Wasn't my cup of tea. Very basic turn based fighting with some RNG events.,False,1739959583,5,0,0.496637850999832153,0,96,96,76561197961830076
3011030,208017784,"The visuals are nice and the gameplay is solid, but it's a bit too repetitive for me and relies too much on RNG.But I can understand why so many people enjoy it",False,1761883764,1,0,0.507621943950653076,0,118,118,76561198895466485
3011030,202008184,"Calling this game a rogue-lite is a stretch. Hell even calling it a game is a stretch as you'll be doing the same thing every time with nothing changing. The story is vague and uninteresting. The gameplay is simply go to room and fight enemies who are barely any different doing the same 2 moves over and over again. There's horror elements but calling this a horror game feels misleading. You want scares? You want dread? Wrong game, keep looking. 
Do you want to be bored out of your mind? This is the game for you.
In my opinion this would go much further as a free game since even $7 feels too expensive for what we're given.",False,1755039600,2,1,0.364075988531112671,0,91,91,76561198150905041
3011030,188869897,"It's a confident game with good art and many nooks to it. I have two problems though. 

1) It's not a roguelike, like it says in the description. All content is present every run -- like how the merchant frogs (the moon goddess have mercy on their souls) always have a set item list. The rooms all have the same loot. You can farm the non-random events. So you can choose your playstyle out in advance, and not have to react to randomness. It's like a puzzler RPG with permadeath -- which is fine in itself, but I feel a bit misled. 

2) The game has some UI problems that slow you down. The game explains status effects EVERY TIME, requiring you to hit a button to advance. It's the same for talking and trading. Read the flavor text of the long-gilled fish? Get ready to skip past four text screens each time you want to buy something. For a game that is meant to be replayed and replayed, this really became tedious and made me not want to continue. Probably 1/2 my play time (literally) was pressing Z (odd default bindings) to advance.
-

In other ways, it's a cool game that draws on interesting inspirations. So don't feel put off from buying it as long as you know it's not really a roguelike, and aren't burnt out on tedious UI or display elements.",False,1740668362,9,1,0.531678080558776855,0,184,184,76561197972370664
3011030,198707331,It's an ok game in concept but it gets old extremely quickly,False,1751433554,3,0,0.45693129301071167,0,69,69,76561198879396727
3011030,212772439,Its an interesting game. I havent seen systems like this combined before. But its fun when you get into it,False,1765111643,0,0,0.5,0,114,114,76561198892011269
3011030,188490926,"I'll revisit few monthes from now and switch may switch my review. Right now, it is a solid 3/10 imho.

I don't feel that the game is good enough to recommend(slow, sluggish, repetitive, unexciting) and I'm not fond of the design/setting. It got me bored after 1h or so, and I'm a sucker for good rogue like and dark world building.

That being said, I've seen worse on Steam and it is the first game published by the dev. To me it is a bit below what I'd consider decent enough, but it's a first shot. If they do better next time, I may purchase again and give a T-up.",False,1740227783,1,0,0.436507940292358398,0,75,75,76561198046993195
3011030,188703810,"NO-SKIN felt incredibly repetitive. I understand how the difficulty and progression system works, but it doesn't do it any favors. A game doesn't become ""more fun"" when the challenge becomes ""unlock increasingly annoying debuffs"". If there was more of a story to it I'd be interested, but everything is so non-sequitur that it becomes a jumbled mess. Its not very expensive, which is a plus, but its just not really worth my time. It all feels sort of like a time sink, albeit a short one, and ""upping the difficulty"" with each Faith run doesn't seem to add anything to the game. There's a (sort of?"" meta-progression system but the benefits are minute at best, destructive at worse. I feel like something is here, but its not something I enjoyed. Just couldn't really get into it despite giving it a solid hour and a half - most of the time I was spamming through things because it was the same rooms, same fights, same events. Even my strategy ended up feeling the exact same to win - get a new knife, run away from fights, mash attack. I'm sure I'd have to change it due to the ""Difficulty"" system, but, I don't want to because I don't find it very fun.",False,1740458461,3,3,0.479039102792739868,0,81,81,76561198013224387
3011030,201042485,"This is a turn-based rogue-lite with a psychological horror theme. The pixel art is quite nice, the music is eerie and atmospheric, but it slow drips you progression to such an extreme that it will pit you against 10+ enemies in a row, just for its own storytelling. The character choices that you unlock along the way are also one dimensional, in the sense that new choices obviate the default selection almost immediately. 

I really wanted to thumb this up, but I feel no inclination to ever play it again after only a couple hours, since it requires an extreme amount of repetition to advance, much more so than other roguelites.",False,1753849975,4,0,0.484708517789840698,0,167,167,76561198054644778
3011030,188412850,"It's interesting at first when we're trying to figure out what's going on, but later runs get boring pretty quickly and takes too long.",False,1740148718,1,0,0.5,0,419,457,76561197985508849
3011030,199643726,"I've had more than enough of those frustrating and RNG-dependent roguelites that demand me to go through exactly the same content innumerable times just to reach the end of the story. As a grown-ass adult, I don't have the time to waste with such nonsense, so this is likely going to be one more game in my library that I'll probably never finish. It's a shame, though. The general atmosphere, the lore and the story are interesting, I just can't be fucked with meaningless repetition anymore",False,1752347837,5,4,0.464322656393051147,0,369,565,76561198281988441
3011030,208144857,Has a section where a hanged man quotes negative reviews of the game and everything he says is 100% correct.,False,1762013636,7,7,0.562202870845794678,0,475,522,76561198012597716
3011030,207700944,"NO-SKIN feels like a Frankenstein's monster of ""edgy"" and ""mysterious"" indie horror games, and as someone who generally still appreciates the artistry and boundary-pushing of those games (even when they miss the mark), I unfortunately do not mean that as a good thing. My biggest issue with NO-SKIN is that it feels far too directionless; it's edgy for the sake of being edgy, and it's mysterious for the sake of being mysterious. This may not be the creator's intent, and I'm sure there is substance and underlying plot behind everything, but such a drip feed of actual narrative is provided that it ultimately feels purposeless.

I can prattle on for a bit on why this is, but let's first focus on the fact that we are immediately thrown into the Horror™. Before we even get a proper backstory or reason to care about the cast of characters at the beginning (who all make poor first impressions, by the way), we are just thrust straight into the fray. NOW, this is not inherently an issue by itself. It is a Roguelike after all, and having a long introductory cutscene or section would not work well either IMO. Also, other excellent games like Signalis and Silent Hill more or less do the same thing. The DIFFERENCE, is that those games give us far more to work with as the player progresses, and we are eventually given reason to care about the cast and also far more context on why the world is the way it is.

With NO-SKIN, even after almost 6 hours and beating the game multiple times (with nearly every run feeling nigh identical, even when factoring meta-progression and different playable characters), I still haven't the faintest clue about why I should give a damn about any of the side chars or Noire. I also finished all of the Dream Diaries up to Trish, and I still feel as if I know as much about Noire's ""friends"" as I did when I started my very first run. I finally gave in and decided to look at spoilers about the characters and all the endings, and I'm afraid to say that I neither care nor am able to empathize with literally anyone. 

And going back to my description of this game being a Frankenstein's monster, the world-building of this game does genuinely feel like that. It's an eldritch Lovecraft game where reality is an illusion, and the gods are inimical to humanity. It's also a meta-horror game where the video game is ""aware"" and the developer hates you!!! Also it's a psychological game about disastrous interpersonal relationships. Also there's dimensional hopping and alternate timeline stuff, and also it's Yume Nikki because everything might just be a dream, but also it isn't at all! And there's a bunch of quirky, Undertale-esque creatures to tie it all together!! Don't get me wrong, you can combine these concepts and create something that is both unique and memorable, but that still requires stable through lines that the narrative, on the surface, fundamentally lacks. And it is exponentially harder to weave these concepts together the more and more you stack on.

If I seem way too harsh in this review, I apologise, but part of why I am such is because I do see genuine potential both in this game and the abilities of the developer. To list the good things, I think the art-style is evocative; it's the main reason why I bought the game in the first place. I think the game-play was engaging - it's very simple at first (not a bad thing) and gets quite repetitive as runs pass, but with some more work and variation, it could stand on its own. Combat as both a puzzle and as a narrative tool is peak, and works especially well for turn-based Survival Horror. Also, I'm a massive sucker for religious horror and religious motifs in art, so that's a plus.

In summary, 2.5/5, I'll probably still end up copping Edenwound if / when it comes out since I do again see great potential, so hey, that's a win I suppose.",False,1761551396,12,0,0.6477394700050354,0,344,344,76561198066475173
3011030,212819439,"An amazing concept and well made story paired with the most infuriating and rng based roguelike i have ever had the displeasure of trying to play. There's like 6+ different pieces of rng fighting for and against you. It's genuinely never felt like such a hopeless, monotonous game. I will get to a room, roll wrong and reset a run bc i know its impossible to finish. It happens CONSTANTLY, there is no rhyme or reason. There isn't enough content to be satisfied replaying, instead you feel like you're replaying for the ""luckiest run"" it's exhausting and poorly executed. Which is unfortunate, because underneath the gameplay everything else looks, sounds and is generally amazing. 

I have beat the game on the first two difficulties as well. My first run I finished all the way first try. Which tricked me into thinking this was worth the time. It's not, watch someone else play it or watch a story video. This game is captivating and interesting in every aspect aside from its gameplay.",False,1765156000,1,0,0.505076169967651367,0,234,234,76561199299774734
3011030,198330473,"""Horror"" game made by someone that has never been given a reason to actually be afraid, with every unfunny game dev gimmick that you could think of being summoned up. 
Not just ""tacky 4th wall breaking"", but LITERALLY everything you can think of. If I wanted to be reductive I'd just call this a ""byproduct of the damage that toby fox has caused"".

Anything other than that, everything else has been self-reviewed by the author with his self-insert that you get to meet, though he seems to omit a lot of what makes the game actually jarring: https://youtu.be/zYHs1K5RY0Y

I gave the game the genuine benefit of the doubt for 5 hours and I'm satisfied with not knowing anymore about it.

Also, shoehorning meta progression and funlockables is not a necessary, helpful OR enjoyable addition to a """"""""""""""""rogue"""""""""""""""" """"""""""""""""""""""""like"""""""""""""""""""""""""", if you can believe it.
--
Edit
--
I don't like comparing any media to it, but a friend called this a ""yiiklike"" and the shoe fits REALLY well.",False,1751086573,10,1,0.412412464618682861,0,312,312,76561198050191338
3011030,195481391,"Oddly enough, I enjoyed the pre release and 0.6 version more",False,1748015864,3,0,0.497160732746124268,3,265,277,76561199842780014
3011030,207667896,too much rng,False,1761509030,1,0,0.435354948043823242,0,230,302,76561198165776024
3011030,195083266,"If I could only use one word to describe this game it would be disappointing.

	Personal opinion
I don't understand how this game has as many glowing reviews as it does, I'm a sucker for randomness in games when it's deterministic in such a way that I know I can potentially get x outcome when I do y thing. This game takes that to its most logical extreme and it just becomes an exercise in frustration on higher lunar levels (this games version of ascensions).

That being said, visually the game is unique; the story just seems like some edgy corner-of-the-internet humor.
Maybe it does say something profound but I couldn't care less about 'lore' in videogames; I'd rather just read a book.

	Gameplay critique
At first I was really into it, now I don't know if this is purposely done but my first run took me about 2 hours
(the steam no questions asked refund window is 2 hours), taking my time doing the interactions just to get to the final fight and lose not realising what was to come.

No big deal, get back to the fight a second time and I lose because I find out there's no rest; it's a boss gauntlet after the triplets. Again, no big deal lets just get back a third time. Oh I was on a run that was rocking melee? silly me I should of spread my stats better, my mistake game.

Four attempts was how many it took to get a win, at no point after the first were any of the interactions meaningful. The text repeats so unless I missed something (Which to the games credit I may have) I don't get why I'd constantly talk to someone, it's unnecessary extra clicks.

			Why did my victory feel so unfulfilling???

I felt like I wasn't making choices, the game was deciding if it wanted me to do something and I just rolled with it almost like a damned if you do, damned if you don't scenario.
What I mean by that is, lets say you want an item from the shop but you have no money? Ok; choose to go to rooms that have encounters to generate money right? Well you could hit the chance of getting that encounter with nothing there? Alright wasted a turn and the game moved on; great.
Finally get your cash to spend but you need a shop? Alright lets go to the room with a shop; oh I kept getting the garbage event that does nothing for me wasting more time?
Guess what I need to heal; I know I need to heal so lets go there. No you just hit the fight that you can't win so you have to waste attempts escaping losing more health...

The game also features 'meta-progression' if you want to call it that, it's just mainly a few unlocks that after my limited playtime I had everything in the shop so why bother having it like that to begin with? I don't know.
I believe the currency you use for the progression can be traded to npcs to ask for heals or items if you want to do that mid-combat, but again you're just prolonging encounters and the process has way too many sub-menus to bother; did anyone QA test this? no one said: 
""Hey after the first time doing this in an encounter we should speed this up for that one encounter??""

	Closing thoughts
I'm not making this review to mock the game or bad mouth it, more of a warning to people who may be like me and saw the game and were interested in a turn based roguelike rpg; stay away. This isn't for me and it might not be for you either, it's basically just CBT at the end of the day.",False,1747497217,6,3,0.427226454019546509,1,269,269,76561197987572484
3011030,206026852,"I am completely baffled by the high reviews for this. I was expecting a well-made horror roguelike in the same vein as Brutal Orchestra, but No Skin just completely fails at all aspects.

The combat is tedious and incredibly simplistic. You have a knife that does 1 damage and a gun with limited ammo that does 2 damage. And it doesn't get much deeper than that. The relics are incredibly boring, with abilities like ""restore 1HP after battle,"" or ""do 1 damage extra on your first attack each battle."" As a consequence, No Skin does not have anything resembling ""builds."" Instead, it's a game all about consumable item management, since you can use an unlimited number of items each turn. You can choose what enemy to fight next and they will generally drop the same items each time, so most of the so-called ""strategy""  is just fighting the correct enemy so that (for example), you'll have antidotes if big poison gets dropped on you. The fights are very short, but also super tedious because you do the same ones over and over.

The aesthetic is arguably decent, but the writing is just terrible. I've cleared several runs and nothing resembling a ""plot"" has taken shape.  All of the dialogue and narration reads like it was written by a 12-year-old girl, but not the talented tortured artist type. It's just a low IQ failed attempt to be ""artsy"" and ""mysterious"" with no actual substance behind it. If you are considering this game due to other reviews praising the story and writing, I strongly urge you to reconsider.  It's a zoomerslop meme-game and incredibly overrated.",False,1759746279,4,0,0.34551045298576355,0,208,208,76561197993269142
3011030,190664544,"Many of the events like ""meet a mysterious girl"" and any enemy that has ??? for health feel like the creator just fucking me over by reducing my already limited health. Some events just do nothing and when the boss of each stage comes YOU NEED EVERYTHING.

I dont think the Dream Diary should be in the game.
There no key to skip dialogue, At least from what i see in the key bindings. So you need to listen to the three girls talk several times but dont mash or you will accidentally choose a random upgrade.
Im 4 hours in and i dont understand what is happening. I beat the game with Root but that ending was also vague. Im trying to unlock content from the Dream Diary but the CONSTANT puzzle fights require me to look up the solution online and i find it to be ""Attack, defend, attack"" this isnt a puzzle that makes me feel proud of myself this is me bashing my face against a wall wasting my time with a Trial and Error pattern puzzle where my reward is some morbid teenage angst?
The worst part of this is that ill likely keep playing to TRY and find some kind of entertainment from the main mode. JUST A SHRED OF WHAT THE STORY IS BECAUSE ALL I GOT WAS THE DEER MAN AND ALTERNATE DIMENSIONS.

Okay so the gameplay of the main mode is okay, bare bones by design because your supposed to unlock new rooms through lunar shards, persistent currency. 
If you want to enjoy the game dont play the Dream Diary missions they are all Puzzle Trial and Error Pattern fights. Im giving up on Rugs, i dont want to look up the solution, i dont want to waste my fucking time on this to get some sub par upgrade, leave me alone.",False,1742425102,1,0,0.458333343267440796,0,325,348,76561198055751500
3011030,209100011,"Hmm, after three hours of play, I feel I've given this roguelite a chance. And I'm not feeling it.

The good:
I like the indie pixel aesthetic.
I got it in a bundle for almost nothing.
Difficulty levels are available early on.
There are permanent unlocks, which I appreciate.

The meh:
The music isn't bad, but there's not much of it, and it gets repetitive fast.
The story is...ambiguous. I didn't reach the very end - sorry, the monotony got to me - but it felt like an acid trip of a sorority sister.  I need a few more bread crumbs to keep me motivated.
You can strategize a bit, but it's mostly RNG.  The gameplay is super repetitive, with you going up against a very limited menagerie of characters who get progressively harder.
You are told there are three 'areas', cordoned off by bosses. But there really is no feeling that you're traveling through physical space; you're just clicking on menus, which is really boring.
Your two default control keys are ""Z"" and ""X""?
Not scary, spooky or even vaguely unsettling.

The verdict:
I really wanted to get to the very end so I could at least say I gave the game a fair shake. But I have literally a thousand other games in my Steam queue, and the longer I played this, the longer I hated myself for even giving it a chance.  Not recommended.",False,1763019732,2,0,0.444027453660964966,0,193,193,76561197963583718
3011030,188310368,"demo was good but balancing in this is trash. i miss half the time with a weapon that has 90% accuracy and even when i play on faith 1 (easiest difficulty) im still getting destroyed by insignificant people because my weapon wants to miss constantly. then when you get ""good"" rooms, its always crap options or you dont need that room. fix the balancing, values, percentages or whatever. dont get the game until then",False,1740018632,3,1,0.415253579616546631,3,307,625,76561198253703686
3011030,188284498,"I wish there was a so-so rating option, but I have to air on the side of do not recommend for this game. 

I have beaten the game two times now (I have not gotten the true ending), and after maybe the first 4 or 5 runs it starts to get repetitive. NO-SKIN's gameplay loop consists of room delving. Each room has a certain chance of a few different events happening, I think there's about 8-10 different rooms in total, with about 4.5 (I will explain what I mean by .5 later). events per room. This amount of variation seems fine at first, but it quickly devolves into monotony and in a weird way, a resource management game. 

Even with the max roguelite upgrades that the game gives you, which unlocks new rooms, there just isn't enough variety for this game to retain much replayability, especially when you find out that each area is just designated to give you certain things. Initially cool 1/10 or even 1/100 chance areas quickly become the ""Oh the +12 fragments/1 medkit room"", or the ""Oh the funny dev joke room."" The worst part about the outcomes of these rooms is that they're incredibly rare, and getting maybe a small tidbit of lore or a funny cutscene with no reward feels bad in a game that essentially becomes resource management after the player is familiarized with the gameplay loop. Because of these rooms being relatively useless/only slightly better than others, they feel like half rooms that pop in every once in awhile to slightly disrupt the gameplay loop. 


Besides my problems with events in the room design, the game does have a few pluses when it comes to combat. I love the artstyle of the various enemies and [spoiler] how they change as you get closer to NO SKIN /spoiler],  I also like the combat mechanics introduced throughout the game. However, again, I wish there were more enemies, or maybe that the enemies changed their attack patterns. Are you starting to see the common theme here?

The game lacks variety, which is key to replayability in a roguelite. The game needs more rooms and more events per room.  I honestly think that the base loop would be completely fine if it didn't have so little. I know it would make it harder to optimize runs, but maybe an item could be added that lets you increase your chances of getting into a certain room? 

Overall, the first few runs of the game feel great, and for $6 it honestly it isn't a bad price. If the gameplay loop was expanded upon and more variety was added this would be a great addition to the niche genre of horror roguelites alongside other similar games such as World of Horror.",False,1739987924,19,0,0.620543122291564941,0,313,350,76561198030851990
3011030,188292687,"The UI/UX is a complete mess—feels like no thought was given to the flow of interactions. Default keybinds are Z, X, and the arrow keys… Weird as hell. 

Dialogues repeat endlessly, and after the first time, you just don’t care anymore. But nope, you’re forced to fast-forward through them every single time, which makes up 95% of the game. This gets frustrating fast and even leads to misclicks from sheer boredom.

The story tries way too hard to be edgy, like it was written by some doomer who saw [i]Un Chien Andalou [/i] once—or just that one eyeball scene on YouTube—because, of course, there’s a weird reference to it in a cutscene featuring the dev’s webcam.

On the ""bright side"", the RNG is decent. Even if you get unlucky too many times in a row, there’s usually still a way to pull through. But honestly, this could have been a much better roguelike if the overall flow of gameplay was improved.",False,1739996459,9,3,0.45943140983581543,2,208,265,76561197987690465
3011030,205584668,Way too frustrating and repetitive to be quality.,False,1759281569,2,0,0.476190477609634399,0,321,321,76561198236847246
3011030,208872112,3/10 pure RNG,False,1762768404,5,0,0.525474071502685547,1,766,766,76561198094803808
