appid,recommendationid,review_text,voted_up,timestamp_created,votes_up,votes_funny,weighted_vote_score,comment_count,playtime_at_review_minutes,playtime_forever_minutes,steamid
328080,139423190,A good fun village sim. It has a learning curve that can take a while to figure out but once you do its a delight to see your village grow and take shape.,True,1685713304,0,0,0.5,0,581.0,581,76561197993694080
328080,111760911,"Can easily burn about 6 hours a day at a time, without even noticing. Just wish I was better at the strategic defence stuff!",True,1646681095,0,0,0.5,0,1132.0,1400,76561198105920260
328080,111126535,Almost the perfect game.,True,1645930381,1,0,0.470531076192855835,0,339.0,766,76561199011139664
328080,92745922,Really fun strategy game with a surprising amount of depth. Looking forward to see what the developer has planned for future updates.,True,1622225146,0,0,0.5,0,1221.0,1240,76561198047621243
328080,91089646,"Chill game, reminds me a bit of They are Billions but on a fantasy setting. Took me about 2-3 resets to figure things out. This is one of those games you can just alt+tab and watch something else while your town defends. My only complaint is the art style, I understand it's pixel based but there's just far too many glittery effects.. that.. and of course the setting. I would've loved this game to be in a modern zombie apocalypse setting with guns and all but this'll do nicely.",True,1619674874,0,0,0.474452555179595947,0,715.0,1891,76561198010753438
328080,164376516,"Had this in my library for a while, just started and been having a lot of fun with this one. Definitely a different kind of city builder with a magic / corruption / tower defense element that gives some purpose to how things are laid out. Efficiently placing buildings and managing your workers is important to keep the enemies at bay long enough to achieve your goals. Really looking forward to seeing what the dev does next! (heard he's working on a new game engine & a sequel among other things).",True,1714860452,0,1,0.5,0,349.0,456,76561197983080494
328080,117625093,Very hard but fun game,True,1656214023,0,0,0.5,0,402.0,2317,76561198033364180
328080,117807227,nice,True,1656438519,0,0,0.5,0,50.0,50,76561198799966545
328080,118672367,played for 14 hours straight. went back for more the next day,True,1657592964,0,0,0.5,1,906.0,910,76561198175840693
328080,84860464,"I play a lot of city builder games. I usually don't buy games unless  they are made in the last year or so. (so many of them get abandoned). I took a chance on this game and I couldn't be happier. This is a beautifully crafted game. The mechanics are fantastic. I am still very early on in it. At the time of writing this I'm on my forth area on easy. The brain behind the game is fantastic. When playing you are not burdened by constantly having to tell a character what to do.  You simply set the job count and the game takes care of the rest. Now on the the fan service. Holy Balls the names in this game are incredible. I get a chuckle every time I see an obscure reference. Like I was a little sad when Rose Tyler died, but surprised when Claire Novak joined my town. These little nuggets of fan service makes this game so very entertaining. Thank you for your hard work!",True,1610900994,0,0,0.5,0,1218.0,2611,76561198083174627
328080,130994025,Relaxing nice game.,True,1673904053,0,0,0.5,0,511.0,511,76561197999599087
328080,79790859,Cool game. LOVE the execution,True,1606290290,0,0,0.5,0,215.0,5965,76561199009401047
328080,145677272,"Very addicting, like meth",True,1693863092,0,0,0.5,0,211.0,211,76561198075812369
328080,78773129,"I do recommend this game and for the price, this week anyway ( I got it for $7), it is not too expensive. At first, I was hesitant about spending money on a tower defense game but I was more interested about the simulation side. Hopefully, that brought you to this game as well. Thus, if you enjoy resource collecting, building allocation with random monster attacks then I suggest this game. 

The game has a pretty steep learning curve. I'd say that I restarted about 10 times the first hour because you don't know how stuff interacts, best tower(s), the god powers you get and how to use them, etc. This game has in game tips, which helps in the beginning but I am still kinda lost on the powers I can use. The population growth seems to be random. You might have to pause the game to read a wiki here and there.

The economy building is why I love this game. Collect resources, build buildings to make collection easier. Make defenses, etc. Rinse and repeat. A nice mesh between RTS and tower D.",True,1604594876,1,0,0.52173912525177002,1,1023.0,1228,76561198130227338
328080,114660870,"Fantastic game, honestly super proud of the developer for not giving up on this game! <3",True,1651233685,3,0,0.520601511001586914,0,1073.0,2126,76561198095333575
328080,84523014,fun and trying.,True,1610411526,1,0,0.5,1,397.0,750,76561199066554926
328080,168050569,"Really great little game. Lots of love put into it. Not for everyone (but what good game is), but if you love management games like I do you will get your money's worth.

Don't be afraid to fail like I was. You get passive buffs for just playing and you will do better next run.",True,1719188846,0,0,0.5,1,888.0,2176,76561198071940342
328080,89496146,I don't have many hours in this game but it is really good. I am writing this review so this game gets recommended to more players because it is great and I want to support the dev.,True,1617284303,0,0,0.5,0,825.0,1374,76561198152595974
328080,76296746,"A really cool game coded by one guy. I love building kingdoms and one way to keep your people safe is zigzag your walls with towers allowing you to make a tower defence system to play around with which is a lot of fun. It was initially a bit difficult for me to get into but then it clicked and the use of god powers helped too. Also love having different golems too.

Some new player tips:
- Walls block off your build-able range so place torches outside of your walls.
-  If your people are dying from dehydration, you need to filter dirty water to make clean water. And if its summer or your kingdom covers a large area then build a bottler.
- Your people can starve even if you have food, I think the food needs to be transported to their houses. You can always use your god hand to pick up and drop food from the map into houses. You can also pick up and drop resources onto buildings under construction too",True,1600630122,3,0,0.565217375755310059,0,923.0,1405,76561198242644934
328080,114022595,"Solid game, takes a little while for it to click but is very satisfying when it does",True,1650220952,0,0,0.5,0,1002.0,3474,76561198199125528
328080,75551993,Good game,True,1599409756,0,0,0.476190477609634399,0,281.0,1420,76561198054887190
328080,75560924,"A freaking excellent village building/management game! 

After playing the game for all of the free time I've had in two day, and the ONLY things I can come up with to really ""criticize"" are couple small typos I noticed.
It's got a lot of depth, but for me at least it was quite easy to get a grasp on things and get started. I've just started expanding my empire to new regions after almost 14 hours of play, and I can't wait to boot the game up again tomorrow!

Side note for the dev: 
If the dev happens to see this; I got to give extra credit for being upfront about not planning to have any microtransactions, DRMs, or any other crap that has become the standard (and a pain in the a**) in today's game industry. Just wanted to make my appreciation of it known. And keep up the good work! :)",True,1599421425,33,1,0.725438177585601807,0,819.0,901,76561197989874643
328080,88529256,Funding Secured,True,1615894355,0,0,0.5,0,342.0,342,76561198032305554
328080,95856650,Pretty damn great!,True,1626459641,0,0,0.5,0,1288.0,2071,76561197994704259
328080,114946678,"The game is brilliant! Atmospheric, complex enough to keep your interest, innovative and addictive,
Everything you would expect from a good indie game and more.",True,1651686372,0,0,0.5,0,726.0,5194,76561198163334491
328080,154278325,Spent more hours playing the day I bought it than dollars I paid. Exactly what I was looking for.,True,1703406111,7,0,0.578409969806671143,0,670.0,2890,76561198994429241
328080,140943216,fun rts,True,1688091159,0,0,0.492999821901321411,0,456.0,739,76561199519453949
328080,117925716,"If you played Black and White 2 this game is similar. Your cursor is a hand which can grab stuff and cast spells, and you will also be building a village doing resource management while playing tower defense vs the corruption. I like the amount of depth the game has but it also does a bad job explaining things like the nomad system for example, and the wiki isn't very good. However you can change the difficulty and play on peaceful to learn the mechanics then switch to survival like I did.",True,1656594121,0,0,0.5,0,983.0,1266,76561198852749702
328080,78709605,"Every single detail is thought on and designed! Such a wonderful game. And there is one single person behind all. Replayable, and calming.",True,1604498535,1,0,0.5,1,619.0,1054,76561198072661000
328080,79636948,cool game. thats it. dont play nightmare till ur expeiriencied.,True,1606011550,0,0,0.490753889083862305,0,544.0,2602,76561198346038265
328080,139547581,.,True,1685896139,0,0,0.5,0,144.0,144,76561198196190529
328080,106355237,excellent gem of a game!,True,1640267418,0,0,0.5,0,762.0,977,76561197968846961
328080,106434106,Got this game a few days ago and as soon as i dove in i was hooked. this is a fun little colony tower defense gem. caught it on sale bundled with a few other games and im more than happy. definitely recommend,True,1640363194,0,0,0.5,0,574.0,5883,76561198096721406
328080,145094725,Thanks for adding achievements,True,1693095712,3,0,0.529121994972229004,0,189.0,262,76561198107918535
328080,122295265,"Actually quite enjoyable, had to restart a few times because I didn't feel like reading. Reading the tips and stuff gets kind of boring and was a little daunting. A whole lot to learn very fast but I think this is more of a learn by playing kind of game.",True,1663279527,0,0,0.5,0,147.0,147,76561199121520308
328080,120150270,"I think its decent, but I don't understand it honestly.",True,1659772560,1,4,0.47826087474822998,3,47.0,47,76561199036212679
328080,82844528,dis is bery gud gam i liek i t vry moach,True,1608584387,0,0,0.474452555179595947,0,130.0,130,76561198044108609
328080,137794016,Good,True,1683228517,0,0,0.5,0,28.0,28,76561198056381326
328080,118791198,If you like to raise a village and fight mobs at night then this is the game for you. Your like god and early on when your people die it sucks. Theres cool dogs that I love because I have so many of them in this game and ITS FREAKING DOPE but over all a 8.5 out of 10.,True,1657791225,0,0,0.5,1,137.0,953,76561199229896155
328080,174234038,Nice,True,1725483178,0,0,0.5,0,143.0,143,76561198036144286
328080,162421394,why are people starting to not recommending this game? it's so well made and fun.,True,1712505164,18,1,0.66204756498336792,0,1329.0,2145,76561197979212679
328080,79286727,Great game.,True,1605412213,0,0,0.5,0,520.0,521,76561199021100780
328080,117201036,"This game is just... really good. It's essentially a village sim that has difficulty for all sorts of players, casual, challengers, etc. The gameplay itself is super in-depth, and I found it very enjoyable. The challenging difficulty is a really nice change of pace from most village sims. 

That being said, there are a couple complains I do have. Firstly, it takes a VERY long time to unlock things. It took me 7 hours to unlock my first perk, so yeah, way too grindy. Second, the tutorial is very bare-bones and if I'm being completely honest, really bad. I can definitely see how it pushes new players away. I get it's a high learning curve but it genuinely felt like the tutorial was really lazy... I had to resort to multiple external sources (Wiki, YT tutorials, etc.) to get a hang of the game, which is almost never a good sign. Hopefully the tutorial can get an overhaul in future updates, since I would hate to see players get pushed away from this amazing game.

Overall, this game is a hidden gem, and I really wish it got more popularity. It's got an amazing concept rooted and I'm looking forward to future updates the game has. Would definitely recommend, just be wary of the rocky start you may have when trying out the game.",True,1655584998,0,0,0.5,0,521.0,1694,76561198817914889
328080,188466019,"Very well made game, slow burn but a lot of fun",True,1740198416,3,0,0.52173912525177002,0,1149.0,1340,76561198048109353
328080,88209787,Beautifull retro graphics with some awesome thought trough gameplay and a lot of content! Love it!,True,1615409146,0,0,0.5,0,138.0,388,76561198226810044
328080,121198220,"It's the little things that make a game good, and Rise to Ruins has them.",True,1661402727,0,0,0.5,1,502.0,587,76561198144260638
328080,171598096,topchik,True,1723014175,0,0,0.46875,0,440.0,828,76561198165303846
328080,107611381,Editing my review to reflect that the dev is actively devving again.,True,1641667527,0,0,0.413551688194274902,1,795.0,795,76561198016867053
328080,124693785,Quite cool,True,1667178477,0,0,0.5,1,1343.0,5136,76561198372573853
328080,84674545,"Fun management / city builder / wave defense game well worth the sale price of 8 dollars.

What I like:
Simple out of the way UI
Decent but non invasive tutorials
Fun art and stylized art work
Good difficulty / complexity scaling
Multiple solutions to each in game challenge
Unique progression design
Fun powers that feel perfectly balanced

What I did not like
Lack of unit control
Occasional visual bugs
Some bizarre AI choices
Music
The key and loot box system (I think its largely a joke but still a bit clunky)
Lack of defined goals other than to survive for longer times in different environments",True,1610636067,0,0,0.5,0,640.0,1078,76561198063009381
328080,74962006,The game REALLY slow but I like it so I tend to just step away from it from time to time.,True,1598477269,0,0,0.5,0,371.0,3230,76561198085764883
328080,86141235,"Unfortunately this is another time waster.

It's basically a city builder combined with some god like powers, a snail rush enemy and random disasters in other city builders.

Powers and some tower mechanics are linked to energy. Energy is gained by creatures dying or rubbish being burnt. (Personally I would have thought faith was a better mechanic)

Snail rush enemy seeps over the land, you have no power over enemy land and hence cannot build in those locations or use your powers in those locations.

Building is limited to slots. A slot is taken for each building you create upto a maximum limit. To extend the limit you have to improve your town centre or build an ""ancillary"". The larger each building gets the more resources are required.

Fire pits take a building slot, cannot be destroyed by the enemy and push back the ""Blighted land"". Hence the majority of the game is ""dance with fire pits"".

Towers allow incoming enemies to be killed in various ways. Walls keep enemies at bay but are destroyed by the ""Blight"" (They burn to nothing).

Due to limited population mechanics you never want to put your people at risk, combat is self defeating.

Unfortunately the game is a conceptually a mess. God energy and tower energy are gained through burning rubbish ? Enemies cannot destroy fire pits ? Enemies have unlimited population ? Enemies continually take land.

The game ends up being a very frustrating and boring city builder. The game is dominated by fire pits and building slots - that's the real game you are playing. Random disasters just make the game a useless waste of time - pressing the reset button on you strategy - it's a very poor excuse for game play and lacks imagination.

Very frustrating. If the developer had used faith as a dynamic pushing between the opposing forces, the player would have to expand or be defeated. Requiring faith to build would have limited the rate of expansion. Losing followers would reduce faith and limit short term game play. The same mechanic could operate for the enemy.

Unfortunately the poor mechanics makes for poor and frustrating game play.

The interface is very hard to see and requires too much detailed hand movements to interact with - icons are way too small.

I'd put this as buyer be ware rather than recommend or stay away. Time Steam put in a third option.",True,1612706178,0,1,0.5,0,1307.0,1724,76561198077786256
328080,77537298,"Fantastically fun game! Wonderful balance between a tower defense/city management style game! If you enjoy the rewards for your hard spent effort building a growing and increasingly efficient little town turned  into a mega factory, that fuels the never ending fight against THE DEMON SPAWN OF HELL? Than this is the GAME FOR YOU! Given the time to gain the knowledge to overcome and push back the corruption's never ending creep, grasping and growing across the land, this game is scary addicting and the enjoyment will last and last.  A classic in it's own right. Highly recommended to ANYONE interested enough to read this. 10 out of 10. Well done and props to Raymond 'Rayvolution' Doerr! Great game and thank you!",True,1602665179,0,0,0.5,1,1305.0,27482,76561198017071763
328080,118301331,"Rise to Ruins is a fantastic town management god-sim tower defense game that can best be described as The Settlers vs. Dungeon Keeper. You play as a benevolent god of some kind that is trying to guide a group of people to a safe future in a world where the dead walk and hate humanity. They will attack in the night, and your villagers will need to be ready with walls, towers, golems, and gates. Your villagers will mostly build, repair, and arm these machines as well as build the necessary infrastructure to do so, as well as gathering their own food and water, and building their own shelter. You, of course, will tell them what to do.

It's a slow-moving game, but I love the relaxing music that plays in the daytime as well as the tense ominousness of night. If you need constant action, this is not for you, but if you ever wished that chill city-building games like Banished could come with a tower defense mod that throws zombies and ghosts at you every night, then this is definitely for you.",True,1657080103,5,0,0.579510688781738281,0,902.0,6721,76561198019431008
328080,80908940,"This is a fun builder though it is pretty damn hard. Its easy to pickup and jump into, but there are a few bugs that drive me crazy. The AI isn't very smart and will just go off to do a random menial task in the middle of you wanting to build a wall. Also walls block light, but not the corruption which is odd. I am still determined to finally win a round",True,1606586412,1,0,0.523809552192687988,0,711.0,711,76561198056142927
328080,84410038,"Love the game and i will continue to cleans the world. Just wish i could force tasks and have some menus have more explanation. This game runs great and every time i play it, i'm hit with a new but fun challenge. Also wish people would f****ng drink and quit dying to dehydration even if there is a ton of clean water.",True,1610259381,2,1,0.537366569042205811,0,958.0,9792,76561198097750800
328080,101375691,Nice.,True,1634793875,0,0,0.5,0,1081.0,3160,76561198108119600
328080,142407232,"Looking forward to sinking my teeth into this more, it's clearly been made with a tonne of passion.

While we're here - I think people need to re-assess what ""abondonware"" means. This is someone's personal project and they're not asking much for it. They have clearly moved onto new things, be it games or life, at least for the time being. This isn't some grand promise by a major corporation or studio, it's just some dude realising his own vision. They invested over half a decade into the project while it interested them, and then may have moved on as many of us have with our hobbies or interests.

Please enjoy their contributions to the medium and try not to be too salty over the fact they may have left it behind. While it would be nice to have an official ""this is no longer in dev"" announcement - we don't know if that's the case. This person could be taking a break, or may rediscover the project when their life situation changes.",True,1689775613,0,0,0.47999998927116394,0,6.0,6,76561198106506791
328080,100437375,Awesome fun with some minor issues (like a lot of the food items made by the kitchen don't get moved to food storage... they just put it on the ground and let it rot.... hopefully this gets fixed).,True,1633266972,2,0,0.545454561710357666,0,1360.0,8080,76561198022087676
328080,78952427,"The unique challenges of the game with the blight coming at you at all angles and the constant need to adapt your strategy keep me engaged,   My biggest problem with the game right now is the having to click every single piece of a wall to removed the section i need.",True,1604854451,0,0,0.5,0,1293.0,1974,76561198032611832
328080,144037909,"There is a steep learning curve, but it is totally worth it.
Populate a living and breathing world and watch the AI do the rest.",True,1691879339,0,0,0.464285701513290405,0,15.0,293,76561199212764808
328080,112706927,"The madlad dev gave this game another update, 4 years after I stopped playing. Absurd. This dev and the Pulsar devs are the few that keep updating their games even though hardly anybody plays it, it's stunning sometimes.",True,1648057537,0,0,0.5,1,394.0,709,76561198058911068
328080,96939234,"This game is awful. You sit there trying to build up your defenses and then you lose anyway. Took me four tries to make it ten days in the game. The villager AI makes no sense, they're all idiots who don't do what they're supposed to. The priority system barely works because, as previously stated, the villagers are idiots. The monster AI is the only reasonable one because they'll strategically attack your village. Anyway, this game sucks but I am determined to win purely out of spite for the guy who made this monstrosity. 

P.S.  Creator of this game, if you're reading this, this game causes me physical, mental, and spiritual pain everytime I play it. I want you to know that I will beat this game, I promise you that.",True,1628094899,0,0,0.5,0,821.0,8350,76561198354786688
328080,90902776,Stonks,True,1619363600,0,0,0.412969112396240234,1,230.0,401,76561198147627442
328080,98585869,"It's like if They Are Billions and Terraria had a child together!

The game has an insane amount of content, and it's really satisfying to see your kingdom grow, and later, your multiples regions growing. Each area has it's own challenges, so, even if you are mastering the games mechanics, you have to bend your whole mind to plan a camp in a new region.

The game has some minor flaws, like the lack of ""gameplay tips"" in the beginning. You are going to constantly build something, that requires something else, and also something else to get it working. And at that point, if you are not following a guide, you are going to lose a few rounds. 

But overall, the game is great, specially after you learn the basic mechanics.",True,1630448979,0,0,0.5,1,176.0,288,76561198048343729
328080,95291510,"its still frustrating as fuck, and i wish i had more control over the people. it feels like they don't do what you tell them. its fun to play though once you get passed the early game",True,1625702181,0,0,0.47826087474822998,1,344.0,11405,76561199087534408
328080,139451841,Nice and fun!,True,1685753516,1,0,0.5,0,429.0,429,76561197986833894
328080,167100164,"This game is an absolute joy to play in many ways, and it is a steal at $40. Thankfully, the cost of the game is half that.

Starting out, I would suggest the traditional mode, then experiment to see what works. Currently I am at 14 hrs, but I can see myself playing this for at least 100 more.

This game is well realized and overflowing with potential. I would love to see this become a series of games, and would gladly pay more for sequels with additions to the gameplay (such as storymode, increased rpg/tower mechanics, increased progression, faction-based clans, further progression of the horde, etc.), or with more consequence threading like in dwarf fortress.",True,1718039640,0,0,0.5,0,881.0,957,76561198193279619
328080,87058808,"Absolutely recommended. Even after just playing 3 hours, I see huge potential in the game collecting hundreds of hours. 

If you're into strategy games, especially city building/survival strategy type of games, this one might be just for you. It has a huge portion of tower defense to it.

Two things, though. I just wish I had the ability to manage multiple saves in case I fuck something up really badly or want to experiment with something. Also, I miss the ability to arm my villagers for combat so that they follow my commands and attack some enemy that got into my base at once. Kind of an ""Village Alert"" mode or a preemptive strike against my enemies. Things like that. But that's just minor.",True,1613779009,7,0,0.596261680126190186,0,162.0,4196,76561198037242113
328080,146717667,I make a the city,True,1695311656,0,0,0.5,0,637.0,856,76561198302995740
328080,90466940,"Yep.

If you're a fan of these types of games, you'll understand this positive review",True,1618670960,0,0,0.5,0,963.0,963,76561198376638943
328080,139451468,"I'm just starting out, but this is the kind of game I would likely pour hundreds of hours into. I found myself way more invested than in a standard tower defense game, because I have to defend my people!",True,1685752811,0,0,0.476190477609634399,0,26.0,26,76561198059454047
328080,145662240,"Very fun colony building and survival. The defense/monster fighting is fun, as is the general colony growth. Plus a big update just happened!",True,1693844699,0,0,0.5,0,742.0,742,76561198151542542
328080,128569442,YE,True,1671055048,0,0,0.5,1,274.0,274,76561198040214021
328080,117218202,"Good game with challenging and interesting mechanics.

Pixel graphics but has it's own charm much like Terraria's

Game mechanics are good but require patience and planning. Plopping down structures will not solve logistic or resource issues immediately. Buildings also work in tandems and require careful planning. Limited building slots as well based on Main building and Ancillary. Every building matters, even tiles of roads can ramp up efficiency.

God powers are great. Actually useful, potent and have direct effect on your settlement. Many god-games have this problem like Universim where the powers and having direct input is essentially flaccid but not here. Can make a difference during bad weather or seasons.

DOWNSIDE: Game isn't well optimized. It starts to lag hard around 100+ villagers even with the ""graphics"" turned down. It's pixel based, shouldn't be that much of a slog but perhaps it's the AI and the programming behind it that's dragging it down. Pretty high CPU and GPU demand late game. 

Noctua fans ramping up with this PIXEL game LOL",True,1655613514,0,0,0.5,0,767.0,1214,76561197973038031
328080,145576083,"Rise to Ruins is a surprisingly coherent god-game of similar vein to Black & White - a game I enjoyed years ago. It mixes elements of turret defense with a city-builder and pseudo-RPG tropes, and I find the villager names quite entertaining at times. I smiled to see a woman named ""Nobody Cares,"" and I also enjoy the pop culture references in names such as ""Artemis Fowl"" and ""Jaqen H'ghar.""

There are a few game modes to choose, from sandbox to nightmare, so there's something for everyone to love whether they desire their villages to be peaceful or warlike. The game also has a skirmish mode, aside from its more open campaign map",True,1693726534,0,0,0.5,0,849.0,1255,76561198991733514
328080,138761083,yes,True,1684761914,0,0,0.5,0,207.0,341,76561198053572337
328080,128462195,"when you look at the clock and what felt like 5 minutes was really over a half an hour...

yeah.....",True,1670900668,1,0,0.493199139833450317,0,1044.0,1844,76561197994933672
328080,108495038,A quirky and fun survival city builder with some interesting new elements like magic. The developer has resumed work on this game though it definitely seems like a finished product to me.,True,1642807501,0,0,0.5,0,283.0,448,76561197987156986
328080,146139463,good game,True,1694470301,1,0,0.5,0,670.0,1828,76561198116356421
328080,155176897,Pretty good,True,1704317842,0,0,0.5,0,461.0,10400,76561199027041735
328080,168387046,"The core game play itself is fun but I think the overall progression isn't so much, still enjoyed my time with the game and glad that I finally play the it.",True,1719562049,0,0,0.5,0,844.0,844,76561198128827756
328080,120623517,"I have only good things to say about this game. I'm still on the chill mode because I'm bad but imo the challenge is never so much at once to be overwhelming or frustrating. Hugely satisfying. 
AND THE SPARKLY EFFECTS AND ART STYLE!!!! they make my brain go :)
I could stare at the sparkles all day.
Forever.
Endless colonies killed.
:)",True,1660493728,0,0,0.5,0,554.0,1628,76561198048644708
328080,75688819,this game is so boring that it helps me sleep every night so I give it thumbs up,True,1599642533,0,0,0.5,0,621.0,646,76561198097747556
328080,193679971,W,True,1745728157,0,0,0.472440958023071289,0,508.0,4354,76561199054736544
328080,84405043,Is fun.,True,1610252142,0,0,0.451124191284179688,0,492.0,593,76561198143039043
328080,147265447,"I bought this game years ago and never touched it until today. I'm pleasantly surprised to find its rather enjoyable and addictive. It functions much like Dwarf Fortress mixed with a bit of tower defense, and even a little bit like Majesty (Only slightly). I'm not sure how large the dev team is, but it took over a year to receive ""Update 2"", which does worry me a bit, considering that the game lacks content to some degree. I wish to see a bit more in the combat system, such as more combat units, more tiers of armor and equipment, etc. All in all, this game is doing everything ""right"" so far. I'm excited to eventually see the next major content update.",True,1695976285,1,0,0.5,0,958.0,3604,76561198043614392
328080,145642115,+,True,1693816369,0,0,0.5,0,1318.0,1318,76561198057155218
328080,101287068,"soo hard for me and my stupid brain.... havnt played in a while as the mechanics eluded me, even if i had fun... will return here soon to try again.... at 50% off why not!",True,1634636248,0,0,0.5,0,626.0,626,76561198026220831
328080,91401138,"I managed to grab this game while it was on sale but it is definitely worth the 14$. The music is excellent. It is mechanically deep and there is a ton to master. If you like tower defense- this game has got you. You like base building- this game has got you. You like that rush of watching exp points increase quasi exponentially because your monkey brain is broken beyond repair- this game has got you. The fact that you can never completely win really means that you always have room to improve and the game will never get boring.

If you play this game please dont ruin it for yourself by giving up or by googling how things work. A lot of the fun is in figuring it out for yourself. 

I would love to see the game add more buildings and anti enemy units. Alot of the genius of the game is that you have to manage resources indirectly through citizen management while you have to micromanage battles with enemies. Maybe adding better ores/weapons, or mounts for rangers, or different buffs which can synergize alla slay the spire. Everyhting in the game is basically perfect I just want more of it. In 2-3-4 updates/ with any kind of modding community it would go from ""great for 15$"" to a genre defining masterpiece.",True,1620114899,0,0,0.5,0,946.0,1099,76561198070896545
328080,107347061,"Just getting into the game, but ignore the ""developer has abandoned the game"" nonsense. Its a complete game that he will occasionally add content to when inspiration strikes. He has said this himself. Games aren't meant to be added to forever.",True,1641350650,59,2,0.839976787567138672,0,94.0,116,76561198139366819
328080,79521386,"v big learning curve, 5-d chess was easier to get a complete understanding than this. But I am not very good at long term consequences of my actions, so time-travel makes things easier on me tbh",True,1605813864,0,0,0.5,0,175.0,179,76561198873804375
328080,75765698,"HOLY WOOD COVERS TAR, HOLY WOOD COVERS TAR, HOLY WOOD COVERS TAR, HOLY WOOD COVERS TAR, HOLY WOOD COVERS TAR, HOLY WOOD COVERS TAR, HOLY WOOD COVERS TAR, HOLY WOOD COVERS TAR, HOLY WOOD COVERS TAR, HOLY WOOD COVERS TAR, HOLY WOOD COVERS TAR, HOLY WOOD COVERS TAR, HOLY WOOD COVERS TAR, HOLY WOOD COVERS TAR, HOLY WOOD COVERS TAR, HOLY WOOD COVERS TAR!

Wish i knew sooner :( GREAT GAME!!",True,1599771640,1,0,0.479041934013366699,1,1247.0,3029,76561198087922497
328080,98738512,"If you loved playing Black & White as a kid, this game is very similar, but it's a bit more complex, you're a god, and you're helping a bunch of settlers, the gameplay is similar to Rimworld in that you're managing living spaces, food, supplies and weapons, but instead of using your citizens to fight, you use towers, golems and a handy assortment of spells. This game scratches so many itches I can't name em all, but I'll name a few, the before mentioned Rimworld, Black&White, Dwarf Fortress, Warlock (You can use your spells to terraform the map). It's indy, it's cheap, give it a try! It even has lootbox like rewards for getting achievements which my dumb gamerbrain really likes <3",True,1630709128,0,0,0.5,0,999.0,1626,76561198012925386
328080,113560001,Me build town.... me happy...,True,1649482074,0,0,0.5,0,1041.0,1132,76561198183561825
328080,75877644,"It's a frustrating game. When I got it, I was hoping it would be one of those games you can easily sink 100 hours into without getting bored, but now I'm 8 hours in and I don't think it will be. The game doesn't even try to explain itself to you, so you're supposed to learn through trial and error, but the problem with this is that trial and error can only give you a vague sense of what's going on, I'm still left confused about the details of what these buildings actually do or how my villagers will actually do their work. 

Defending against monsters is much easier than just keeping your villagers alive. I always lose due to my villagers starving, never to the monsters. I've seen lots of other reviewers complaining about their villagers starving, so this seems to be a pretty common issue for new players. I think that's a failure of the game to explain the basics of food management to the player. I always build and fully upgrade a farm and a kitchen early on, but that doesn't seem to help since food primarily just spawns in the wild, the farms don't seem to do much, and I'm not really sure what staffing farmers do. Do farmers just collect wild food? If I staff the farm with multiple farmers, will the crops grow faster? How much water is needed in order for farm food to grow? These are the kind of questions that you'll never get answers too in the game, no matter how much trial and error you do. 

I'm still giving it a thumbs up, because I think it's a decent strategy game, it's cheap, and clearly some people out there really enjoy it. Personally I'd give it more of a 5/10 - not bad, not good. If I went through the trouble of looking up how you're supposed to play this game on you tube or something, I would probably enjoy it more, but at the same time I don't like copying strategies from other players, I prefer to find my own way in these types of games, but I can't really do that when there are so many unanswered questions about how the game works.",True,1599954741,0,0,0.5,1,555.0,578,76561198040550382
328080,78477915,"if you like colony builders with some pretty steep resource management requirements you will enjoy this game. I am a big fan because there is no time that you just sit back and let your colony do what it does, you need to micromanage.",True,1604169419,0,0,0.5,0,290.0,1498,76561198980331369
328080,72964141,I really like this game. It is difficult to learn sometimes but very fun and it sucks you in.,True,1595185771,0,0,0.495939701795578003,0,1366.0,2230,76561198145498694
328080,83607703,pretty good. 7/10 -just need a few extra things!,True,1609371819,0,0,0.5,0,576.0,998,76561197996108978
328080,105447913,cool cool cool,True,1638942440,0,0,0.5,0,220.0,220,76561197984094894
328080,85081413,"very fun, you can easily sink hours and hours into this.
would be nice to improve the tower defense element in the game, so far most towers accomplish the same goal. would be nice to see some traps, gravity towers, varying aoe towers, debuff towers, status effect applying towers etc.

fairly consistent new content updates so this is definitely worth the asking price. (if not more)",True,1611225120,1,0,0.523809552192687988,0,457.0,1029,76561198112126880
328080,83611028,pretty neat,True,1609375232,0,0,0.5,0,880.0,1750,76561198155320660
328080,127441570,"INCREDIBLY steep learning curve, but amazing gameplay and thorough worldbuilding with lots of potential, extremely addictive and fun. A must-buy for your game collection.",True,1669662252,0,0,0.5,0,1211.0,1543,76561198127282059
328080,145525201,gg,True,1693664461,0,1,0.5,0,184.0,901,76561197992355825
328080,139140381,"Rise to Ruins is an exceptional godlike village simulation game that blends the best elements of the god game management, tower defense, and city builder genres. With its similar feel to games like Rimworld and Dwarf Fortress, this indie game offers a unique and thrilling experience that will keep you engaged for hours on end.

The game has a pixel graphics style that is both charming and immersive. The attention to detail in the game's world-building is remarkable, and the game's environments are beautifully crafted. The game's soundtrack is also noteworthy, with a mix of ambient and orchestral music that perfectly captures the game's mood.

The gameplay in Rise to Ruins is harsh but satisfying. As a player, you take on the role of a god who must guide a small village through the dangers of a unforgiving world. You must manage your resources, build structures, and defend your village from hordes of monsters that threaten your survival. The game's tower defense elements are interesting, and the game's survival mechanics are challenging but fair.

One of the things that stand out about Rise to Ruins is the game's depth. There is a vast array of structures, technologies, and resources to manage, and each decision you make has consequences that affect the game's outcome. The game's sandbox elements allow for endless replayability.

Overall, Rise to Ruins is an outstanding game that offers a unique and immersive experience. It's a must-play for fans of the god game management, tower defense, and city building genres. If you're looking for a challenging and rewarding game that will keep you engaged for hours on end, Rise to Ruins is the game for you.",True,1685261333,3,0,0.504946649074554443,1,346.0,2602,76561198006823330
328080,85188314,"Almost a completely perfect game,darn close to the god sim rts of my dreams.
City building and upgrading with each unit having its own upgrades with turrets having upgrade path choices.
Empowering single units for an elite guard. (god children)
Good and fun but not insanely over powered god abilities.
Terrain customization with digging.
Walkways that boost units if you care enough to build them.
Wall building and enemy unit funneling.
Weapon and armor crafting.
Farming.
Mining and tree cutting.
Animal farming.
Dogs.
Enemy rush.
The ability to customize your games for an easier or harder run.
Weather
disasters
blessings (world chests)
seasons with their own challenges and relaxing periods
Fantastic music that really fits the mood of what's going on
Global permanent upgrades that affect all regions you're building so you're encouraged to unlock the global upgrades and play multiple regions all with their own terrain which come with their challenges.

All I could ask for is:
cats(we have dogs,why not cats?)
more enemy variety
more unit variety when it comes to units that can mobilize and fight.
Easier way to move units across the map for late late game once you're ready to mobilize against the enemy.
Water units - Please allow special water based units. I would care more about this than any of the other things I'd like to see in the game. Water mines/turrets,boats even if for just ferrying units,fishing, old boat navy type units.  The water is only used for drinking and watering crops,it has a lot of potential.


I just binged 8 hours and it's exactly what I expected and more. You can really tell it's a game of passion.",True,1611386191,0,0,0.5,1,496.0,4207,76561198105539883
328080,109448025,Pretty cool dev,True,1643952291,0,0,0.464071840047836304,0,214.0,4500,76561198168940988
328080,74396842,Good Game. Bit Hard.,True,1597574456,0,0,0.5,0,425.0,927,76561198114124976
328080,72751805,"bought it because i was bored. keep playing because is so complex. 

I'm having a blast playing this game. I have been playing for 6 hours and I consider I just seen a drop of the ocean this game is.",True,1594845790,0,0,0.495939701795578003,0,362.0,4244,76561198081380543
328080,98790802,Great art style and music.  Very engaging game play.  The level of difficulty and steep learning curve are not too high to get discouraged but just enough to make you want to come back for more!!!,True,1630787642,1,0,0.525862038135528564,0,248.0,359,76561198183729386
328080,72974163,nice,True,1595201752,0,0,0.5,0,630.0,630,76561199051071441
328080,145426081,Good game.,True,1693546344,1,0,0.485992014408111572,0,1377.0,2452,76561198002358405
328080,75721806,"Very fun and addicting. The slow grind to ""win"" is satisfying. Itches that need for base manegement and tower defense!",True,1599693433,0,1,0.5,1,633.0,6273,76561198206939465
328080,112740395,unique indie game,True,1648115966,0,0,0.5,1,1248.0,1248,76561198041021622
328080,146042635,Golems,True,1694338735,0,0,0.5,0,253.0,434,76561197971014234
328080,84532439,relaxing,True,1610427870,0,0,0.5,0,1239.0,1740,76561198163499613
328080,100565254,Good game,True,1633450230,0,0,0.5,0,1156.0,1582,76561198455127478
328080,131562948,GOOD GAME,True,1674701242,0,0,0.5,0,295.0,741,76561197970809048
328080,198927285,"(100+ hours on an alt account) I love pacing most. It's a slow, colony sim that you've got to be thinking many steps ahead as attempting to turn on a dime leads to some frantic moments.  The tower defense elements blend perfectly and the God powers don't break the balance.  Very well done game.",True,1751637281,2,0,0.508603572845458984,0,310.0,1122,76561199805467284
328080,113117065,"Bold simulation game. I don't agree with everything wrt to gameplay, but I respect the attention to detail. You're constantly behind on construction, generally not even because of materials but because even with nearly your entire population set as builders they take a long time walking the materials to the worksite. It's neat to look at a construction which you can easily afford and say ""nope that's gonna take way too long"". That's interesting enough to keep me around despite the UI making it a pain to find things on the map (monsters are attacking a building, does it tell me which building? no why would it do that) and mechanics so confusing that even after some research I still have no idea how most things work. If none of that's a dealbreaker this is a neat experience for the price.",True,1648734922,0,0,0.5,0,843.0,1698,76561198063522281
328080,79401892,"Fun game that becomes a challenge fast. Build your own mazes to defend your village from monsters at night, done right!",True,1605596953,0,0,0.5,0,1047.0,1090,76561198982981283
328080,76599091,Gud game,True,1601129752,0,0,0.491071432828903198,1,182.0,1517,76561198166423785
328080,84606135,"Well. it is a good game. Woth paying for, if you like this kind of a game.",True,1610536511,0,0,0.5,0,1190.0,3534,76561198043735615
328080,123960126,"Generally the game is good, I like it, but for the love of God fix the bug where the game is Not Responding in Loading Screen and only restart helps or I'm changing to negative this is so annoying I swear. Every time I load world it stops responding and I have to restart the game over and over again every time I wanna play.",True,1665984367,0,0,0.5,1,93.0,562,76561198089683480
328080,78700421,"I like this game, first played it a year ago when it was far more difficult though replaying now theres been a lot of improvements and its a fun game to get the hang of after you pass the learning curve. That being said theres a certain order of buildings that you have to construct and even if you can hold off the corruption youll inevitably loose the game. 

Ive enjoyed my time so far and will likely be playing a few more games of Rise to Ruins here and there. For the Price i cant argue",True,1604484162,1,0,0.5,0,1038.0,1216,76561198065656911
328080,126671045,"Fun and really addictive game, but, at least for me, unplayable after about 100 villagers due to lags and constant freezes.

Also, BARK BARK BARK BARK BARK BARK",True,1669315341,0,0,0.5,0,911.0,2790,76561198009183412
328080,91276257,"A lot of learning curve.
I absolutely love the game.
The only thing stopping me is the time it takes to understand all the mechanics to enjoy it.

I will get to it at some point. The Dev is a genius.",True,1619941062,0,0,0.5,0,60.0,563,76561198252344340
328080,95691702,"This game is very good, the different dynamics makes it enthralling. Less micro managing and more strategic than other games in this genre.",True,1626218538,0,0,0.5,1,395.0,395,76561198106943686
328080,71242273,really really good,True,1592945706,1,0,0.489323854446411133,0,426.0,456,76561198287120942
328080,140756538,Stays constantly challenging,True,1687815159,0,0,0.492999821901321411,0,1192.0,2451,76561198119044407
328080,118688767,"Dat game is so Smart, so smooth , so soft and yet its a complex survival game :0",True,1657624767,0,0,0.5,0,472.0,922,76561198028059239
328080,80280886,"An enjoyable game, with flexible difficulty settings and a mildly frustrating lack of information up front on how to do things like mark resources for collection or switch spells. 

Despite that, an engaging game to play.",True,1606394028,0,0,0.5,0,981.0,3818,76561199073407030
328080,188379540,good fun,True,1740103590,2,0,0.523809552192687988,0,432.0,959,76561198092127584
328080,117720440,"This is one of those life ruining games like Rimworld or CDDA, highly recommend. +1 rep for developer having a total chad business model.",True,1656332953,0,1,0.5,0,162.0,219,76561197999884396
328080,75746490,"NIce ideas. Ok balance. A bit slow on the progress.
I also think that it is made with a lot of love.
The graphics are ok for the game I guess.
I find it hard to really find out what is going on in this game. You can get armor, tools and interesting other things. But you arent told what it does. Or I am to stupid to find it.
If you are into lenghty games watching your people prosper or die miserably, this would be a perfect game for you.
If you are into modern fast paced tds with some or no eco then look somewhere else.

ALSO: No Microtransactions etc. (and a promise to keep it this way)",True,1599744773,0,0,0.5,0,1373.0,1489,76561198026758800
328080,75765635,Amazing art and gameplay.,True,1599771513,0,0,0.5,0,95.0,95,76561198040022311
328080,87809176,"After careful consideration, yes.",True,1614817015,4,0,0.521300375461578369,1,254.0,4706,76561198800076453
328080,90155097,neat,True,1618174901,0,0,0.5,0,1403.0,1623,76561198000411338
328080,76438621,"Fantasy god sim - would be cool to have a larger variety of characters, would also be neat to play from the monsters perspective with the goal being to destroy all of which might already be planned.  Playing the role of the bad guys/monsters is a theme that needs more exploration, but i digress...buy it naturally!",True,1600882142,1,0,0.5,0,519.0,593,76561197981716582
328080,147949811,I'm really enjoying this. The tips weren't kidding when it comes to the steep learning curve. Be prepared to Google some stuff. This is a really fun game and is worth buying whether on sale or not. My one complaint is that the optimization vs the graphics is really bad. Please fix that.,True,1696893645,0,0,0.5,0,78.0,22901,76561198067730803
328080,116137844,Very interesting indie city builder sim with some cool elements that set it apart from other city builders.,True,1653743013,0,0,0.5,0,91.0,633,76561198298616742
328080,194897075,"Very addictive game!
Assign villagers to jobs and they will do their jobs themselves automatically. You do not give any direct commands. Though you can change priorities very easily.

Music is very relaxing and addictive. Gameplay is good and you can change difficulty on the fly without any hassle. Achievements are great and give small bonuses at a time.

Corruption is as dangerous or less as you want it to be. On traditional difficulty, it's very fun to learn the game and watch your village grow while being challenging enough. 

The ui is a bit hard to learn though initially. Not enough in game tips, that's for sure.

It's more of a sandboxy game that leans towards tower defense. On traditional difficulty though, I've found out that it's possible to play in many different ways with many different towers. The ""meta"" of mazes and only specific towers and golems is not as important on traditional difficulty for a very long time. 

Overall, good game for the price! Some kind of end game hero or king or something would be cool though to keep it interesting in the end game per region. Something to make end game disctinct outside of enemies being extremely hard to kill and maze meta becoming mandatory.",True,1747248088,3,0,0.523044824600219727,0,1051.0,1173,76561198051488941
328080,83390913,You think it's easy? You'll be wrong. That's just the head start you get.,True,1609164448,0,0,0.5,0,1330.0,2985,76561198044876044
328080,98956682,"It's fun with a cool concept. If you are craving a tower defender type game with minor colony sims, this is a good choice! For me, this was a gateway drug to finding more Colony sim / TD type games.",True,1631048459,0,0,0.5,0,787.0,787,76561198165293945
328080,177083869,It’s like a god like sim mixed with a little bit of tower defense. Makes this absolute banger of a game. I highly recommend this for anyone who’s into those stuff.,True,1728979165,1,0,0.520547926425933838,1,363.0,475,76561199587402200
328080,139437220,"Nice game, hard to learn without a tutorial",True,1685731070,0,0,0.5,0,5.0,5,76561198182721614
328080,105117690,great feel to the game and is super engaging to play,True,1638506921,0,0,0.5,0,495.0,842,76561198323506238
328080,99528897,"UPDATE : After a few hundred more hours I'm not going to change my thumbs up to a thumbs down but I did want to add a few more negative things about the game. For some reason your first chicken coop, ranger hall, animal pen and kitchen can keep you going for a long while, up to 100 pop. But when you get up to 200 pop your going to need 5 of each and they still don't seem to produce enough to feed your people. The market is an option but it seems like there's only a limited amount you can import into your city. Now, without this problem there are no problems ... and that's a problem. The enemies are slow and attack one at a time. They need to group up and attack as a unit. Once you have the corruption contained, a few towers and a few golem spawns you're pretty well protected. They could attack any one of my towns with 10x the amount of forces that they are using and it wouldn't matter. I should be far more worried about the monster attacks than running out of food when I have so much invested in food production. I can't tell if its a glitch in the game mechanics but I've spent a lot of time on it and can not figure out why a hand full of buildings can feed 100 people and five times that many can't seem to feed more than 170. For $15 I feel like I got my money's worth (knowing me I probably bought it on sale) however after playing so much I have to say that after the first excitement of getting a city going the game is pretty boring. I guess I could just wait until the monsters get harder but the thought of that doesn't seem appealing.

Bottom line - Even though my first impressions weren't great I grew to really enjoy the game. I can see why people compare it to dwarf fortress, a challenging survival fantasy city management game with a terrible UI.

Ok, the UI is not as terrible as that but it is difficult. Sometimes the building options are in alphabetical order, sometimes they are grouped together by type and none of the buildings you might want to build first appear at the top of the list. Understanding this your best bet is to simple start a new game and take your time to read what every single build does, check out how the corrupt ground expands itself and prepare to dig in.

Build large fires to stop the growth of corrupted land, dissolve spell works for this also, have plenty of golems, and if you figure out why I can[t seem to harvest raw hides please let me know. LOL. 

The game has funny little glitches all over the place but when you think about the complexity of whats going on its completely forgivable. When I spell grab resources and drop them off to the villagers ... are they glitching out or in awe of my power?",True,1631923537,0,0,0.324159592390060425,0,436.0,20172,76561198020882946
328080,71303976,Good game,True,1593058435,0,1,0.48828125,0,837.0,3086,76561198150286670
328080,84421491,"like the best parts of age of empires, frostpunk, and rimworld in one compact game",True,1610276558,0,0,0.5,1,201.0,363,76561198109515759
328080,114249838,resource management. colony builder. tower defense. ticks all of my favorite boxes. so happy that they were able to get funded and more patches are coming through.,True,1650583044,0,0,0.5,0,548.0,551,76561198001315957
328080,107982464,"After ~2 hours of playtime I can say that even though the game has some technical problems but it is still fun.
It is quite unique and I really like the artstyle.",True,1642167028,1,0,0.523809552192687988,1,158.0,1111,76561198212710316
328080,146042355,yes,True,1694338343,1,0,0.5,0,684.0,817,76561198125678618
328080,75599549,Great game with some nice strategy and a few different ways to build up to succeed.,True,1599490632,0,0,0.5,0,521.0,521,76561198054342688
328080,84391611,.,True,1610233797,2,0,0.436568111181259155,0,1283.0,2287,76561198027694644
328080,84712352,fun,True,1610692857,0,0,0.5,0,447.0,804,76561198353256633
328080,87373694,"DEffintly a fun game if your into the SimCity games before 5 and its sandbox mode can be great, alot to do and manage but ends up good.",True,1614198468,0,0,0.5,1,1075.0,1227,76561198007190692
328080,118055894,"The game i was looking for
absolutely stunning and nice",True,1656760993,0,1,0.5,0,88.0,1548,76561198100340732
328080,72987783,Iz good,True,1595228671,0,0,0.5,0,486.0,1076,76561198010193869
328080,78811458,Just a great survival game. Nothing else to really say,True,1604655074,0,0,0.5,0,555.0,2140,76561198126456350
328080,129650754,nice,True,1672363271,1,1,0.444444417953491211,0,1186.0,1294,76561198172257777
328080,146925766,"The world is corrupted. You, the god of this land, can only hope to ban it in place long enough to help your people migrate to a better place.

 A very elaborate tower defense game with settlement management, map conquering and god simulation elements. Long paced, everything takes time, except the spread of the corruption. Hold it back with torches. Sacrifice undead enemies in Cullis gates, prove your existence by interacting with the world, build an economy and defenses, and then expand to conquer the realm back from the undead.",True,1695554483,8,0,0.600462853908538818,1,949.0,10254,76561198043411097
328080,118407406,"Haven't touched the game since EA. Figured I'd give it a shot again since I have been enjoying pixel rogue-likes lately. Started at around 9:30pm. Next thing I knew, it was 5:30am",True,1657222746,0,0,0.5,0,700.0,1256,76561198049021607
328080,121692716,"addicting, yes yes.",True,1662230966,0,0,0.434456944465637207,1,1310.0,1531,76561198091107855
328080,89679226,Nice building game,True,1617510112,0,0,0.5,0,853.0,2185,76561198220069003
328080,75284293,"I build buildings.
It is night.
Monsters come.
My warriors and rangers run around doing absolutely nothing against them.
I, panicking, try to attack them with god abilities, but can't do enough damage what so ever.
After ten seconds, my buildings get destroyed.
It is day.
I rebuild the buildings.
Repeat. Day after day.",True,1598982259,23,17,0.585287392139434814,1,472.0,5244,76561198149729328
328080,132893157,scat,True,1676464700,0,0,0.476190477609634399,0,127.0,127,76561198308485628
328080,88949469,"good game, great dev. keep up the good work",True,1616512911,0,0,0.5,0,1020.0,1082,76561198170128362
328080,94762820,"Do you love colony sims?
Do you love tower defense?
Then you should try this game!",True,1625087003,4,0,0.535205245018005371,0,1353.0,2952,76561197976146574
328080,82593224,fun game,True,1608251978,0,0,0.5,0,1302.0,1750,76561198062726283
328080,75779256,"Its fun... 
Until your vassals die from dehydration then starve randomly. They don't take the time to eat and just straight up fucking DIE. It's recommended that you make multiple sources for them to ""partake"" but the AI isn't smart enough to adapt. 
Now... Other than that. Games somewhat fun. Very much like Rimworld to a limited degree.",True,1599798556,0,0,0.5,0,1359.0,2005,76561198085952331
328080,75743841,"it's df lite, but with tower defense. it's fucking great, lol.",True,1599740724,0,0,0.5,2,838.0,2185,76561197994665891
328080,115027103,"Really enjoying this! It's slow, and it's subtle, but there's a lot of freedom in how you focus your village and defend against the corruption.",True,1651824740,0,0,0.5,0,311.0,351,76561198003060303
328080,78521315,Simple relaxing game,True,1604231644,0,0,0.5,0,811.0,1489,76561198432755841
328080,111421704,very fun I like it a lot. I love tower defense games and city builder games but I would have never thought to combine them. Very fun defiantly buy,True,1646277409,0,0,0.5,1,783.0,1686,76561198128218427
328080,121945689,Fun,True,1662669008,0,0,0.5,0,1076.0,3673,76561198019417463
328080,72218743,fun,True,1594114462,0,0,0.411821693181991577,0,1317.0,3326,76561198271441414
328080,84667732,"sorta like rimworld lite. 
alot more simplified but still a learning curve.",True,1610627185,0,0,0.5,0,340.0,341,76561198040701792
328080,139693587,"I played the game for 5 hours and I have to say that even though I liked the game, it needs more content. I personally appreciate the developer, I know how there are lots of stuff to overcome while developing a game so well done brother! I read and follow most of your content around the web so I'm eager to your new updates for the game!

Fun fact, after approximately 2.5 hours I came to a state that I left the game open as is and went to the kitchen for more than one hour. After I came, I still got undefeated so it turned out to be idle game even though it is not aimed to be. 

If there are some attack mechanics to intentionally nudge the corrupted areas, the gameplay might be fun to play than this state of the game.",True,1686153404,0,0,0.5,0,344.0,344,76561198065454758
328080,96993498,"Great and interesting city builder with pixel graphics. Nice music is playing while you try to survive in world full of magic and monsters. You are a god who is helping people to live in this tainted world. You need to feed them, water is nice, housing and other civic stuff like trash. Defence like towers, armor and weapons for people.

By starting a cities in the regions you get somekind of exp points. You unlock chest with perks that will help you in future. So you can say it's worth it to work in other regions as well.",True,1628178357,0,0,0.5,0,508.0,803,76561198045765418
328080,135987466,suggest any player who is interested about city builder should give a try.,True,1680469576,0,0,0.5,0,324.0,616,76561198822152280
328080,84051130,"What is this game?

Town building + town management + survival + tower defense + RTS + ...

I don't really know. What I know is that it's fun to play!",True,1609832074,1,0,0.488997548818588257,0,696.0,2773,76561198074687164
328080,94148979,"A lot more depth to this game than first glance will give!

You will need patience for this game, its a SLOW burn. (like almost plays like an idle game sometimes)",True,1624339184,0,0,0.5,0,901.0,903,76561198064907520
328080,89356006,"Its a fun game, some of the mechanics I am still trying to figure out but all and all worth the buy. Oddly find it more involving being able to bless and do other godly things for my people. One of my favorite is being able to smite them........",True,1617087804,0,0,0.5,0,1129.0,1984,76561198065654288
328080,197069165,hi,True,1749752258,1,0,0.405821800231933594,0,493.0,619,76561198079302603
328080,74657563,"love this game! endless fiddling, dizzying job diversity, tricky resource management, and satisfying pewpewpews",True,1598001307,0,0,0.5,0,1343.0,3055,76561198125195168
328080,146855505,one of my fav game if there wll be a controller for game ill be even happier,True,1695473753,0,0,0.5,0,490.0,6865,76561199266799019
328080,86299815,"THE 8 TAILED BEAST HAS BEEN AWOKEN


idleDoggo1
idleDoggo2
idleDoggo3
idleDoggo4
idleDoggo5
idleDoggo6
idleDoggo7
idleDoggo8",True,1612912427,0,0,0.460526347160339355,0,178.0,364,76561197992049858
328080,70499954,"It's alright. that's about it.

very steep learning curve, i feel even dwarf fortress has a better learning curve.... everything feels a bit unnatural. regardless, it's worth playing [b]only[/b] if you are super into colony management and tower defense.",True,1591639378,0,0,0.5,0,761.0,761,76561198009903888
328080,117210809,"If Banished, Creeper World and Black & White had a baby, this would be it.
It's a mix of many genres but these three stand out: survival city-builder, tower-defense and godlike. Can be quite relaxing and chaotic at the same time.",True,1655600515,0,0,0.5,0,1198.0,1652,76561198008745471
328080,114074532,"10/10 Great value for money, and they're starting to release more FREE content again.",True,1650305001,0,0,0.5,0,736.0,1175,76561198041064915
328080,113910532,"Yes, yes, yes and one more time. Yes.",True,1650050942,0,0,0.5,0,449.0,6112,76561199110707299
328080,114262951,"So far the learning curve has been quite fine, waiting for the grind to set in with the corruption. 
If you like Banished + Dwarf Fortress / Rimworld, its quite enjoyable with a fairly chill pacing.",True,1650607667,0,0,0.5,0,792.0,1148,76561198172981474
328080,94064311,this game is about building a city your guys need water and food and things like that to live you love this if you love  city builder games an they are billions then this game is what you looking for costing  but wish the cost,True,1624198767,0,0,0.5,0,248.0,784,76561199152715793
328080,72385141,"I really really like this game but I'm a little salty about having my first town wiped because the game only told me to build archer towers as there was enemies already heading towards me. Also, the villagers you loose to your own stupidity come back to mock you as ghosts you can potentially resurrect if you're not a complete noob.

This is the most reluctant thumbs up I've ever given but the descriptions are true. From behind it's a 10/10 qt3.14. From the front it's Aphex Twin. But you only see that when you've already settled down and now have a couple of gobl.... er kids that look like blonde Jeremy Beadles. It's brutal.",True,1594322146,0,0,0.5,0,89.0,102,76561198041304162
328080,71604289,"If I had to put the priority of the game types this would be most in alignment with assuming you play it in standard / traditional mode and not ""peaceful"" mode, it would be sim management, tower defense, city builder, godlike.

Sim management, this is almost I daresay the bread and butter because so many things can go wrong.  You don't just build a population like in many city builders.  You have to wait for either nomads to come along, or wait for your sims to have children, and then grow up before you can use them.  After managing to get some additional sims aside from your starter, you need to keep them alive and manage their task types.  Messing up this part will fundamentally screw you over.

Tower defense comes in a very close second, because at the end of the day (literally each day), monsters come to your base, if you don't protect it and your sims, you won't get far.

City builder comes in third, but also only ever so slightly, because it lays the foundation for the rest of your game.  You need to make sure you upgrade your buildings along the way and not just build like a fanatic because see #1 about sims (you don't have a very big population to work with at the start).

Godlike, comes in last but is surprisingly VERY effective for whatever you need it for.  Whether it is to keep regenerating resources or to spawn new ones, or summoning a temporary golem to keep your base alive, this one covers it all in the forms of utility, offensive, defensive and aiding spells.  Problem is, the only way to keep increase your ""mana"" is to maintain high population (see again #1, sims).

TLDR:  the game is rather intricate if you take the time to learn it and very rewarding once you get a feel for all the mechanics.  Plays like an old school city builder, but with much more depth.",True,1593379256,0,0,0.5,1,1081.0,2056,76561198080270776
328080,93717586,A perfect example of well designed and balanced indie game,True,1623642841,0,0,0.5,0,766.0,2979,76561198338854899
328080,106187772,i,True,1640034567,0,0,0.46875,0,998.0,1440,76561198160022767
328080,85468326,its gud. sandbox mode is a lot of fun.,True,1611790508,0,0,0.5,0,989.0,2188,76561198027295819
328080,130784069,Good..,True,1673643237,0,0,0.491803258657455444,0,1233.0,1233,76561198014849189
328080,76002017,"Really fun and engrossing! I really like it, and there are a couple different modes which is nice. Keep up the great work!",True,1600143455,1,0,0.5,2,882.0,13084,76561198053724392
328080,85113088,Incredibly difficult city builder with tower defense aspects. Expect to get wiped out a few times while you figure out certain mechanics.,True,1611270597,0,0,0.5,0,317.0,317,76561197970673386
328080,165438505,"Ive been playing this for a while. 
Quit a bunch of times cause its pretty hard. But coming back to it and going custom mode has been pretty fun.
Its a fantastic city builder first and foremost. But then you have some legit and deep combat systems.
I cannot comment too much on the combat as i have not engaged with it very much.

There is a lot going on in this title, ive only scratched the surface.
On the over world map you can select a region to work in and open chests with your XP to up your god powers or get boosts... You can also doom the world to start over and keep your XP.
After you start a settlement you can send people and resources to other regions and expand your empire. This becomes very important mid game.
The general flow of the game is really slow and requires patience and concise decisions but feels rewarding as your settlements grow.

I really like the art style, it takes me back to the original Warcraft. This makes me happy.
There are a lot of particle effects and it can be fun just pushing clouds around. There are tons of little details adding to the depth.

I give this game a thumbs up and would suggest it to folks who like god games and city builders.",True,1715817620,3,0,0.51958763599395752,0,1080.0,1981,76561198268193917
328080,76078705,"Now this is a very good game. If you play games in these genres, this is game you try out. Though I do have 2 problems to mention.1 is that it's not fun you've just started out on second world to already grown a electrical storm, an earthquake and a meteor shower in your head in the matter of the first 5 days. The difficulty was on traditional, and I felt like it was on nightmare, because half my village was gone in matter of seconds. That is not relaxing like it says about the mode called traditional. It also sent like 30 monster at my 3 bowtowers literally minutes after the meteorshower, so yeah, I would call that relaxed...2. Is that you don't get warned that you lose your progess when you switch gamemode when you are on the world map. After the episode I mentioned in my first problem, I wanted to change it to peaceful to rebuild my village before taking on any more monsters, but nope, everything I had done in that world was gone. So please dev, if you read this, make a warning in the ""change gamemode"" tap, in the world map.Otherwise, this game is amazing as heck.",True,1600276985,0,0,0.5,0,865.0,4141,76561198089519309
328080,139456923,"Great game, sunk more than a few hours in it because of how creative it is.",True,1685762832,1,0,0.5,1,1218.0,1218,76561198006993419
328080,201227638,"Both chill and stressful city builder that I love to take my time with.
The soundtrack is super chill and the game can occasionally feel [b]really[/b] relaxing too, until you notice the monsters are attacking and realize you forgot to build any defences. The game feels like a complete product to me, and is enjoyable, although I admit the villagers can be a bit dumb sometimes, like crossing enemy lines just to get to a specific deer. Thankfully you have god powers to help with that!
I have enjoyed my time so far, and will definitely continue playing. A solid 8/10 at the very least.",True,1754071136,4,0,0.567918300628662109,0,1255.0,1255,76561198073238374
328080,108568881,I believe in doggo supremacy.,True,1642888428,1,0,0.419868797063827515,0,375.0,791,76561198327232806
328080,71440298,"I've barely played this but I am in love with this game. It mixes a lot of elements I love from other games. 

You have something that's a tower defense, and actually properly built as such, unlike Rimworld, which doesn't seem to want to admit its tower defense nature. 

You have a fantasy village sim, with intricate details like water treatment, garbage, and multiple regions with migration. The production chain is beautiful. It's sort of like an arcade Dwarf Fortress, with the details of equipping all your little guys with bows and armor. There's detail in how buildings work, like how stone is dropped off in different parts of the building, instead of all in one spot. As buildings upgrade, you see even more details appear based on the type of upgrade.

While it's not quite Dwarf Fortress level complexity, it gets across much of the fortress building gameplay, but it's playable much faster than DF and Rimworld. Losing is much of the fun in these games, and Rise to Ruins will also accelerate you to a satisfactory defeat.

There's a tutorial, but it's also paced right in that it doesn't let you drown from complexity, but also doesn't handhold you. For example, I didn't realize that I needed farms to keep my people fed or that wells didn't bring in drinkable water, and it will gently tell me on Day 3 to handle these, giving me plenty of time (and deaths) to figure the game out myself.",True,1593211806,0,0,0.5,0,206.0,970,76561198043764153
328080,133201870,"Can range from a relaxing God game to a tough RTS, whatever you feel like",True,1676845228,0,0,0.5,0,1335.0,1335,76561198028915434
328080,88405457,Great Game 10/10,True,1615700837,0,0,0.5,0,219.0,611,76561198057802873
328080,91238337,solid game and developer that deserves support. defo will be looking out for future projects.,True,1619886968,0,0,0.5,1,718.0,2149,76561197992436427
328080,108848603,good shit,True,1643244112,0,0,0.474947810173034668,0,358.0,972,76561198076786699
328080,170585989,"Only 4.5% of players have made it to day 8. I don't know if that speaks good or ill of the game, but I like it. There's a lot of trial and error, which is something I like. The game respects you to figure things out for yourself, to experiment, and to try again after you fail. Which you will.",True,1721772564,0,0,0.5,0,998.0,3725,76561198040710212
328080,74469846,Just buy.,True,1597689155,0,0,0.5,0,534.0,773,76561198030142494
328080,85385332,"Very steep learning curve, but well worth it.",True,1611670459,0,0,0.5,0,1319.0,1627,76561198046906657
328080,95516577,Great Game if you like slow burn game play and have a lot of free time. i see a lot of potential in this game however it Would be better if the Time scale could go faster than 3.,True,1625981470,0,0,0.5,1,580.0,7912,76561198030539604
328080,76314032,"settlement building x tower defense, leaning more towards a settlement game.  I like it.",True,1600661624,0,0,0.5,0,1018.0,2766,76561198041798902
328080,71054626,At first I didn't like the game and played 2 hours to leave it for a few months. Coming back to the game I revisited the tutorial and had a good time pumping 2 more hours into it in one night.,True,1592619610,0,0,0.5,0,310.0,310,76561198808720580
328080,113313675,This is a great little city-builder tower-defense with subtle god powers. Love it!,True,1649042497,0,0,0.5,0,904.0,944,76561198037381742
328080,123840773,"These twenty-two hours were in one sitting.  Probably not the healthiest, but a super fun game.  Didn't mean to play for so long, but then I got flanked real bad.  The computer was right at the my soft industrial heart so I couldn't stop on an unsure not.  Had to punch threw the flanking line as hard as I could to set everything right.  It took a lot longer than I thought.  I thought I could just keep on going.  It soon got too costly.  I looked up and I was about to starve to death.  I had to fix it. It took 22 hours.  Not to win, just to get back to a comfortable position.  It's a fun game.  

It's a god game.  I've never played one before so I'm happy this was my first experience with the genre.  It's not like a usually rts.  You can't tell your people to go and attack there or take that space over there.  You have to aggressively defend.  

I like how logistical the game is.  You have to think about your supply line.  You'll have food but not where you need it, and people will just start dying. You'll have water somewhere but people will die of heat exhaustion.  Everything will be in the wrong spot and it will take forever to build anything.  

The game is hard but is's generous because it cheats for you.  I would have lost in the winter or at least half the population would have died, but every so often you get a bunch of migrants who seemingly haven't heard how desperate things have been.  You also have your god powers that help you cheat just a little bit in a pinch.  It's never so much as to make the rest of the game feel irrelevant.  It's just enough to keep you playing.  You're always right there though.  You're always right where you're almost about to lose, but there's still a chance.  It's genius.  

The game really taxes your processor at the end.  It tells you that speeding it up is a bad idea at the beginning.  You can still get away with fast-forwarding it until things get real loud.  In both the sense that there's a lot going on and a lot you have to manage, and in the literal sense that my PC was blowing full blast.

It's a good game.  It does everything it can physically do while still being playable.  Not a lot of games push the CPU.  In the twenty-two hour's I played it there wasn't the slightest bug.  The game runs perfectly",True,1665791239,1,0,0.405309975147247314,0,1333.0,7949,76561198058420171
328080,148146401,Have been playing the game on GoG and its so gud I bought a 2nd copy. Wish there was more content/goals though other than the 'fight-the-horde' stuff. Wish the horde would evolve more or something. Other than that its gud.,True,1697217322,0,0,0.5,0,58.0,4231,76561198018468707
328080,75124054,awsome game,True,1598725890,1,0,0.470446318387985229,0,1383.0,1565,76561198009342702
328080,159509096,This game is Trashy Slime. I highly recommend it.,True,1709173032,1,0,0.420830845832824707,0,234.0,234,76561198029365391
328080,79624922,Good.,True,1605991445,0,0,0.490753889083862305,0,381.0,633,76561198042788318
328080,98936868,gid,True,1631023123,0,0,0.5,0,839.0,1728,76561198302143672
328080,83169539,Fun then boring then fun,True,1608955878,0,0,0.5,0,1408.0,1516,76561198197701605
328080,79982193,"Great balance of multiple genres, a little tower defense, a little city builder, a little god game. Steep learning curve at first, but once you understand how things work it's so easy to lose hours in without realizing it.",True,1606341092,0,0,0.5,0,642.0,846,76561197970283120
328080,85596563,"This game has absolutely no business being as good as it is.

Despite being made by one person, this game is super immersive, complex, and fun. The music is amazing! I highly recommend this game.",True,1611974038,11,0,0.616617798805236816,0,257.0,2691,76561198165010732
328080,182490424,I had Bobby Singer AND Castiel Angel join my village lol,True,1733920569,1,0,0.5,0,268.0,1659,76561198119362464
328080,81021435,Really enjoy the game. I would love to see this game step it up a bit and add a COOP option. May require a little balancing but it would definitely help to keep up with the micromanaging.,True,1606641724,0,0,0.5,0,1269.0,1719,76561197991631270
328080,99595327,its fun its addictive for sure,True,1632018021,0,0,0.5,0,1302.0,3325,76561198138219522
328080,81685125,"An interesting mix of city builder and tower defense. There are lots of options for both town buildings and towers, and 20 hours in I feel I've only just scratched the surface.",True,1607204298,0,0,0.5,0,1276.0,2622,76561197994582372
328080,74752396,"if you like rimworld, and can put up with what makes rimworld incredibly challenging, then you will love this wierd medival, colony buildter, tower defense.

its cool check it out",True,1598141607,0,0,0.5,0,1126.0,1763,76561197964899057
328080,75731438,"EDIT: After playing for 40+ hours I'm rewriting my review for this game.

Rise to Ruins has hints of games about it like Rimworld, Factorio, Terraria, and They Are Billions. In its current state it is rather simplistic featuring a day/night cycle in which you survive building by day and fending off a slow creeping horde of enemies by night. There are some basic tips but the finer details of play you learn the hard way through experiencing defeat giving the game a bit of a learning curve. Once figured out surviving to late game days where the enemies become stronger as you restrict their building area making them significantly more difficult is pretty easy.
From there comes the challenge, most defense tower units are useless even fully upgraded and without a well planned labyrinth for defense you will find even a meager slime can enter your base and begin to ransack all your buildings. Even with hundreds of villagers and plenty of ""rangers"" to defend your town one monster can just run around killing everyone while destroying everything you have worked toward. The power creep feels incredibly unbalanced even on traditional mode.
The management aspect is a little tedious where sometimes villagers just don't do their prospective job even when there is nothing left for them to do, let me tell you watching a tower sit at 4 rock to complete building/upgrading can be frustrating especially when the building is set to top priority.
That said, Rise to Ruin has a lot of potential for being a consistently updated indie game. The frustration and challenge can feel rewarding while the defeat can be absolutely heart wrenching. If you enjoy games of this genre I would suggest giving it a try, because I believe Rise to Ruins will only get better with time. For the price of the game you will get your money's worth.",True,1599713801,0,0,0.5,0,142.0,5603,76561198123502918
328080,139433876,Great game! I cant wait to spend more time with it! Damn kids!,True,1685726833,0,0,0.5,0,21.0,21,76561198004998384
328080,170462276,"Far from perfect but it's a fun game non the less. I played a few times and I had a decent amount of fun, though it definitely feels like there's a ""right"" way to do things and every other strategy is doomed to fail. Furthest I got without resorting to reading online guides is day 16.

The biggest drawback of the game is definitely the incomprehensible pawn AI. Sometimes your rangers will sally out the gate to hunt down monsters before they even get to your towers, other times they will gleefully dance around their HQ while a single zombie bashes down a fully upgraded tower that's out of essence. I really wish there was a system for encouraging pawns to go attack or defend certain objectives, akin to reward flags from Majesty. 

Feeding my population seems to be the thing I struggle with the most. It seems like no matter how many farms I place down, the population grows too fast for the farmers to keep up and my pawns start dying from starvation, which is really annoying.

On the bright side, strategically sectioing off a portion of the map and holding back a tide of undead is very fun to watch and manage. I only wish low walls didn't block the builidng range, it makes no sense to me but oh well, there are some ways to ""game"" that system that make it managable.

Probably worth getting if you have some spare cash.",True,1721636510,1,0,0.5,0,740.0,740,76561198034335773
328080,112741337,"Initially I was a bit overwhelmed by the UI and what I needed to do to get rolling and manage my settlement - if I had to nit pick maybe revisit this area so players don't stuff it up and get confused.
Also was surprised to find out invaders can swim - kinda made 2 of my walls useless.
Once my settlement had its food, water, resources and defenses down pat I found the game very enjoyable defending myself against the growing corruption.
I'm on day 13 with corruption at my outer wall... but I trust my Golem bros and Rangers will keep me safe.
Was happy to get some Majesty 1 vibes from this game too. Love it thanks!",True,1648117925,0,0,0.5,0,307.0,383,76561198014281004
328080,72990319,yes banished turbo edition,True,1595233931,0,0,0.5,0,361.0,2688,76561198069815235
328080,78743152,"Very fun and addictive game with a steep learning curve, but oh boy, it's so much worth it to go through the hardship of learning it.

I spend hours a day playing it, just watching my little village evolve and slowly become a thriving kingdom.

Theres always something to learn, be it a new structure that you haven't used before, a new strategy, a new problem or danger, there's always new things for you to discover.

And after you've built your perfect city, what do you do? MIGRATE TO A NEW AREA AND START IT ALL OVER AGAIN!

Can't wait to see what the game dev brings next on updates! This is a little indie jewel and it's TOTALLY worth the price.",True,1604548572,7,2,0.604706883430480957,0,962.0,1333,76561198085576563
328080,148328952,"Really damn fun. Not enough God Games out there and this one is pretty good. Not to mention the meta progression between runs is fun. I'm happy to see this game still gets love from the dev. 70 hours in and still extremely enjoyable, really getting a bang for your buck.",True,1697454294,0,0,0.5,1,772.0,3912,76561198138273948
328080,73025630,"Fun, not too complex, challenging, pretty good :)",True,1595290496,0,0,0.5,0,202.0,1777,76561198128976576
328080,118758465,"I love the graphics and the in-game humour and the fact that one of my citizen was Narcissa Malfoy and died killed by a specter!

Nice game: it has nothing to do with Rimworld, since you manage large numbers of citizens and you know the kind of threat you will face and when (every night a wave of monster which grows over time).
The gameplay is completely oriented towards Tower defense, but in a very unique and original way.

The content is not much and after 20 hours of gameplay i have seen (almost) everything. However, despite this, i still feel i want to play the game since, as said before, it's unique in its way: i can test different maps, different defensive setups, different approaches to the challenging seasons (mainly winter).

Definetly worth it.
PLUS: the game dev seems really nice and is constantly working to add content and fix stuff around.",True,1657734148,0,0,0.476190477609634399,0,1220.0,1449,76561198163197022
328080,86862796,"game is great, much more complex than i imagine.",True,1613549822,1,0,0.506507039070129395,0,364.0,364,76561198008637907
328080,146195680,"This is probably the most updated game in my library and I have over 1,900 games. That says something.",True,1694562831,2,0,0.442028999328613281,0,172.0,350,76561198201209477
328080,113677682,"""I'll only play for a quick few minutes before bed.""

... so much for a good night's rest. 100% worth it. Will suck away your soul.",True,1649661495,7,1,0.575470805168151855,0,467.0,755,76561198040332889
328080,95563337,I love this game.  I love the old games Black & White and do a search on it to find like games each year.  This is one of the closest i've found.  It also has a tower defence+village sim feel to it.  Which the village sim feel was in the B&W games and I think this is a modern indie concept which builds on the idea that deserves to be praised.  Planning to put at least 100 hours into this game.,True,1626038418,0,0,0.5,1,634.0,29191,76561198125044730
328080,86019348,"indie game, no paid dlc, constant updates and improvements, killer aesthetic and soundtrack, dynamic gameplay, good game",True,1612547419,0,0,0.5,1,625.0,1672,76561198129005384
328080,125127554,P fun,True,1667863609,1,0,0.480815261602401733,0,926.0,1209,76561198082533277
328080,202889840,"The game breaths creativity and imagination with a quality and passion seldom seen in projects of this scale. I applaud the developers for their ethics and development style over the years. 9/10, my only comment is that i wish this game would continue its development.",True,1756172477,0,0,0.5,0,480.0,1096,76561198218427257
328080,145491481,"Fun game, but the fact that villagers don't really follow the priorities you set makes it very frustrating. I'm tempted to NOT recommend the game, but I will in the hopes that the developers fix the priority issue.",True,1693619995,4,0,0.522085428237915039,0,388.0,388,76561197998093524
328080,117137437,"The ai citizens are pretty fuckin stupid, little shits ran away from a blob of slime after loosing 10-20 health
 frustates me a lot but they're also funny
tho i would like more steel balled warriors",True,1655488067,0,0,0.5,0,758.0,758,76561198818099643
328080,95645000,A dev of my heart! Thank you!,True,1626154796,0,0,0.5,1,872.0,1832,76561198305716269
328080,78684872,"Rimworld but fantasy/medieval and without mods. Worth 10 usd or less if you like the genre.

Pros:
*Decent game
*Nice Atmosfere
*OK buildings
*Has magic

Cons:
*Seems to tiny
*Not a lot to do after the first 10 hours
*Become a tower defence game after 15 hours
*No random events like Rimworld
*Lacks customization for characters, buildings, etc",True,1604452256,1,0,0.5,1,1173.0,1232,76561198023452874
328080,80742417,"Truly a great game. Requires some trial and error to get used to it, but amazingly intuitive. Great 2D graphics, along with immersive gameplay you can sink hours in to. Sort of a mixture between a base-building game and a tower defense game at the same time, with unique gameplay. Regularly receives updates, too. Amazing game.",True,1606518070,1,0,0.522293031215667725,0,1389.0,2927,76561197973485906
328080,78627233,Great game world for world building progression in a fantasy setting.,True,1604369747,0,0,0.5,0,613.0,2160,76561198009542747
328080,162829726,This is a good game. There's deff some negative reviews because you can fuck up and not know for several hours after... But that doesnt take away from the fact that its a great and unique rts game.,True,1713053667,4,1,0.522594034671783447,0,1097.0,1982,76561198853041532
328080,147244179,"I really enjoy this game, i cant really describe it but its for sure fun",True,1695944699,0,0,0.5,0,671.0,1096,76561198441686133
328080,145599704,"I played this game back when it was really basic. I love how far it has come. I do struggle to just win unlike other colony games this game is a whole new way of making a colony and its AWESOME. I love it. I do think the balance is an issue still with nomads/day and I think they either consume too much food, or 3 fully upgraded farms and a clucker hut just don't produce enough food which seemed kinda absurd. It could be something I haven't caught on too yet but it's a challenge and every time I change my build to contest my last issue something else needs to be watched.

 I think you can make the game easier though through settings if you want but I've been enjoying it as is.",True,1693754336,0,0,0.5,0,1349.0,1669,76561198110931988
328080,170227851,"I had fun for ~10 hours, but its definitely more tower defense then it is city builder so not really my thing.",True,1721381569,3,1,0.519823431968688965,0,662.0,662,76561197962119763
328080,107694563,hyup,True,1641763237,0,1,0.417804569005966187,0,1130.0,1130,76561198152362460
328080,153326704,"Decent god simulator, similiar to they are bilions in gameplay. Player gets launched into pixel world and must build a prospering village, using building priority, god spells, organising work and jobs, building defences and facing natural disasters.

after 23h i unlocked 29% of achievements, although i think it will take approx 100h to unlock them all.",True,1702240010,0,0,0.5,0,1428.0,1651,76561198074264277
328080,139194602,"[strike]I think the dev died.[/strike]
Edit: Not dead, just going through some stuff. I apologize. It is a decent game, but I also did think the dev died: I do not have the best track record, as you can see.",True,1685336161,0,0,0.491360694169998169,5,310.0,2515,76561198114526584
328080,74178324,Definitely a recommendation,True,1597224215,0,0,0.5,0,837.0,842,76561198153539156
328080,113998216,"Definitely one of the greater colony sims, but the game fails where most others do... no win conditions. Now before you lose your mind, I understand the concept of ""endless"" content, but this game specifically is capable of having win conditions with how each level can interact with one another. In its current state, you barely get to make use of the world map because you just get wiped on the first level. Each level is designed to go on forever, the ""endgame"" of each level is essentially a stalemate until the enemy inevitably out-scales you.

Instead, the earlier levels should be ""beatable"", meaning you can completely wipe out the enemy and have the map to yourself. The cleared maps would then be exclusively used as logistic bases to help fund your ""front line"" bases. As you advance through the world map, the enemy becomes a little more aggressive and expands a bit faster. Once you get to the last couple maps, the enemy starts to behave like it does now, where it essentially scales infinitely until you get wiped.",True,1650188591,0,0,0.5,0,545.0,2024,76561198341655712
328080,145791217,Fun game.  Great dev (listens/responds/implements ideas).,True,1694011871,0,0,0.5,1,923.0,955,76561197993291628
328080,79197354,Inspite of the hordes of monsters this game is a very relaxing way to lose half your day =),True,1605273846,0,0,0.5,0,1270.0,1671,76561198033628997
328080,113523301,"Super fun game - Survival mode is very difficult - never enough workers, always struggling to get things built and have enough of the manufactured resources, not enough immigrants.  It keeps you on your toes, and if you aggressively spread out to try and stop the corruption from spreading you will likely get over run.  The tower defense aspects really keep this interesting and replayable over and over.  You don't die to negative money, most of the time you don't even have money, you simply get over run, your towers start getting whittled down, and eventually a crack appears.

You get some small bonuses from opening chests on the world menu and stacking those and then ""dooming"" the world when you get over run allows you to keep the small bonuses making your next play through very very slightly easier.  

Super excited for where things are and can not wait to see the updates and improvements as development continues.",True,1649423968,0,0,0.5,0,1315.0,2388,76561198039988831
328080,145173073,Little pixels make brain serotonin,True,1693189590,0,0,0.47826087474822998,1,1314.0,1319,76561198160587966
328080,78657058,"i absolutly love the game, its excactly the kind of city building game ive been lokking for, everyone should buy this. however im currently expiriencing a bug that when i load my map/region/villige save file the game crashes and shows me soime kind of note book with code. probably just me or it gets fixed soon :). still buy the game tho.",True,1604416635,0,0,0.5,0,998.0,1027,76561198979091014
328080,203355652,"Imagine a tower defense game but you arrive there a week before the enemies and have to run a colony to  build the towers and sustain them.

(Playing on ""Traditional"" difficulty) It's a pretty chill experience and great for listening to podcasts at the same time",True,1756770130,1,0,0.523809552192687988,0,833.0,833,76561198071189211
328080,118481984,"This game is amazing, and the music is stunning, true masterpieces. The style reminds of Rimworld, while work-management in your colony is like Endzone: A World Apart.
If you are into colony-survival-management-sim games, this is a game you SHOULD try out!

Keep it up!",True,1657326962,2,0,0.538950741291046143,0,631.0,1236,76561198004066953
328080,175248705,"It's like if Age of Empires was made for a tower defense game, not bad.",True,1726674276,0,0,0.5,0,235.0,1244,76561199100132909
328080,84549173,Noice game ever,True,1610456331,0,0,0.5,0,924.0,1652,76561198385103641
328080,95807301,Good,True,1626385326,0,0,0.5,0,334.0,360,76561197989368476
328080,90325900,"The learning curve is so fucking hard. It's unforgiving as shit. I've restarted three times in three hours. I'm trying not to use external help, though, so there's that. But man this game is really neat, and a lot of fun.",True,1618446763,0,0,0.5,0,232.0,232,76561198170239473
328080,117313250,So god damn good,True,1655761274,0,0,0.5,0,1309.0,1976,76561198025841181
328080,82298963,"Starts slowly with weird concept but once you understand what this game is about it is a good time killer.
It's strategy / Population&Resource management game. 
I like it.",True,1607893062,0,0,0.5,0,646.0,646,76561198006234442
328080,113649751,"Crashes quite a bit with over 100 villagers. Villagers aren't very smart about storing resources they just gathered or eating food before they die of starvation. A lot of terrain is permanently unbuildable, so you can't build a house on top of flowers or tree stumps, or a place where you've mined all the stone away.

On the positive side, a small army of dogs will move in and help out by carrying building materials, grabbing keys to unlock chests, and other typical helpful dog stuff. I didn't like it at first, but it's growing on me. Still not fond of the crashing.",True,1649613762,0,0,0.476190477609634399,0,1166.0,1238,76561198058556508
328080,72679761,Very addictive gameplay with some fantastic music.,True,1594739752,0,1,0.5,0,204.0,460,76561199020046546
328080,167600871,"This one is something special. There are now games coming out doing shallow version of this formula, but this is a true original. Still getting content updates five years in. It's a little slow and being under prepared can lead to devastating invasions, but the learning curve isn't too steep.",True,1718676081,4,0,0.571628868579864502,0,611.0,611,76561197986731924
328080,82797805,"Truly a difficult game,  especially if you think you've finally gotten a handle on things. One little detail you overlook can be what finally breaks all of your progress. 
Traditional is a good way to start learning it, but by damn the challenge in Survival is worth it especially since you can almost always learn from what went wrong each time if you keep an eye out for those same details.

Ultimately, I'd recommend this game to anyone that enjoys a truly challenging game where taking a step away is part of the process. Also note that villagers can be confused or even scared by the use of some god powers, so take care in your own actions when trying to help them.",True,1608516986,0,0,0.5,0,1194.0,7095,76561198284640019
328080,189335940,Nice game.,True,1741083921,1,0,0.483898818492889404,0,73.0,87,76561198041727595
328080,151065361,"Surprisingly quite a fun game!

It's a city builder tower defense game with survival mechanics in the vein of RimWorld, They Are Billions and a slight bit of Stronghold mixed in.

You are thrown into a procedurally generated world and start a camp with which you build up your own city from there. At first you have a small amount of workers and balance their roles using the structures. However as more time progresses things become smoother and the challenge gradually ramps up as does your village's capabilities.

However one thing to note is that the tutorials, while sufficient, are sparse and few and far between. Ironically enough the worst thing about the game (for me at least) is how little things are explained at the start. Don't get me wrong, it's part of the challenge to learn! But there's not even a tutorial that tells you the buttons on the lower left corner of your screen are how you designate resource zones. Which, without those, your resource buildings just do not function.

I feel like that's a bit of an oversight with tutorials, as, it is a biiiit obvious, but those buttons just do not stand out, and I stumbled across them by complete accident. 

However, that being said, the game is great if you are a fan of survival oriented city builder/management games with TD elements! I'd recommend picking it up if you're looking for something slow going with a nice challenge inbetween and don't mind learning as you go.",True,1700669263,2,0,0.549180328845977783,0,267.0,966,76561198153600496
328080,147717559,"a very unique and endearing spin on the city builder genre, highly recommend to give it a try",True,1696561342,0,0,0.5,0,428.0,428,76561197998049758
328080,145644650,"What a charming (and surprisingly deep) city sim/tower defense game.

Regularly updated by the single-person dev team.

Absolutely worth checking out",True,1693821074,0,0,0.5,0,1033.0,1437,76561198002539481
328080,162433770,"Base builder / tower defense. It's fun!

RNG is a bit brutal, got meteor showers (multiple), blood moon, and earthquake in the first 7 days, but survived.",True,1712516464,0,0,0.5,0,1215.0,1667,76561198007747382
328080,84456500,"If you enjoyed the old WC3 Tower defense mods and colony sims like Banished / RimWorld, you definitely will enjoy this game and sink hours into it.

I played for 8 hours straight. 
No regrets.",True,1610315684,15,1,0.639627814292907715,0,501.0,929,76561198080212341
328080,84621400,"Gameplay 10/10

Rise To Ruins is an incredibly amazing game for people who enjoy God Sim/TD/Civ-Builder A game like this is very similar to Terraria and Factorio, ranging from corruption, monsters, agriculture, and many more. You are a God you make your Civilization and help it Grow! Create Defenses similar to TD (Tower Defense), defend yourself from rising and upcoming threats, Expand your Village to Different Regions! It's learning curve is very steep and complex for a Game like this. I would totally recommend this game and spend upon hours and hours on it.",True,1610555052,0,0,0.5,1,775.0,2312,76561198972554950
328080,141355206,steep learning curve but if you are willing to put in the time it is alot of fun,True,1688546457,0,0,0.5,0,423.0,574,76561198062750166
328080,75742805,Bruh,True,1599738903,0,0,0.442477881908416748,0,229.0,1958,76561198330545918
328080,114179599,Fun.,True,1650468310,0,0,0.5,0,449.0,4453,76561197972024083
328080,204293882,Solid combo of colony simulator and tower defense game.,True,1757825048,0,0,0.5,0,301.0,301,76561198071249604
328080,93521521,v fun for cheap,True,1623342053,0,0,0.47826087474822998,0,1294.0,1587,76561198372690765
328080,137206624,"Cute, fun, got it for a few bucks and definitely got my money's worth.",True,1682301610,0,0,0.5,0,730.0,730,76561198024793242
328080,95857624,"The first thing you'll think is what the fuck is going on.

Very peaceful and it's a survival Tower Defence game...meaning if ur crops get fucked up you villagers will starve to death, and then shit gets real.
Loved my first play through!",True,1626460955,0,0,0.5,0,57.0,160,76561198078099745
328080,131887407,Fun game. Surprisingly deep,True,1675106107,0,0,0.5,0,1315.0,1757,76561197998478274
328080,72540680,4 star god game.,True,1594528117,2,0,0.526751935482025146,1,653.0,2787,76561198064321776
328080,76790785,Hells yeah,True,1601429111,0,0,0.5,0,320.0,985,76561198801553331
328080,132395105,"Got it in a humble bundle, got around to installing it after playing some surprising fun but old games bundled in
Was very surprised, its not a game from 20 years ago
Its from 2019
I started playing last night, about 11pm, and stopped when my alarm went off to go to work 8 hours later
As the description CLEARLY says, you will lose. a lot. but you can learn each time. It's like Tarkov in that way, having everything i spent 6 hours on just get overrun and destroyed despite my villagers best efforts, and my godhand flinging those danged pixelated abominations as far into whatever the heck the glowing pool of death is. there were too many.

at 15 bucks, that means i would have spent about $1.80/hour for the 8 hours i fully cracked out on it, and im about to rip those demons a new one some more. thats #worth",True,1675811460,0,0,0.5,0,379.0,1738,76561197978295770
328080,94805600,yes,True,1625142339,0,0,0.46044585108757019,0,622.0,1508,76561198061993433
328080,74763644,This game is crazy fun! I highly recommend it but it does have a learning curve. After you get the basics down though you will have a blast!,True,1598161096,1,0,0.502538084983825684,1,1423.0,2393,76561197994223160
328080,101276905,legal slaves,True,1634611776,0,0,0.5,0,129.0,3210,76561198057866417
328080,85889841,Rimworld Noita,True,1612366828,0,0,0.5,0,108.0,254,76561198135522899
328080,81437274,"The Sardew Valley, Feel the Snow, and Age of Empires fusion you didn't know you needed in your life.",True,1606877802,0,0,0.5,1,391.0,1160,76561198211241087
328080,126095868,"Mix of tower defense, god game, and city builder all in one. I liked it.",True,1669159492,1,0,0.5,0,1294.0,1718,76561197978966226
328080,101597201,"Amazing game, I just wish the mechanics would be more explained in game and I wouldn't have to hunt them down on YT and Reddit. The steep learning curve is mostly created by the lack of explanation, otherwise it's not a difficult game.",True,1635156306,0,0,0.472207427024841309,1,605.0,1538,76561198041429234
328080,92980182,Pretty good game for what it is right now. Would be a hell of a lot better if it was finished. Can't seem to really get past Winter season seeing as there seems to be a bug with Animal reproduction leading to everyone starving to death. Kinda makes the game unplayable past a certain point for the time being.,True,1622536053,1,1,0.521531105041503906,1,489.0,521,76561198175497358
328080,73200415,"Slow pace ,  relaxing game overall .  support the dev , hence i bought it . 6/10",True,1595581279,0,0,0.5,0,786.0,843,76561198086895838
328080,201843998,its a well thought game,True,1754834120,0,0,0.47413790225982666,0,633.0,1629,76561198073742244
328080,91748643,great game <3,True,1620623223,0,0,0.5,0,1113.0,2897,76561198028584069
328080,81279248,me make village burn ooga,True,1606769492,0,1,0.477707028388977051,0,626.0,1084,76561198325563975
328080,73660275,YES,True,1596382877,0,0,0.5,0,524.0,1016,76561198080605691
328080,75473187,"awesome so far, i can see the love and attention to detail",True,1599295314,1,0,0.5,0,306.0,2000,76561198065497597
328080,85447050,"Fun game! Takes some getting used to when learning the mechanics, but the answers are all just a google search away! Not to mention there are some pretty decent guides on Steam as well",True,1611762032,0,0,0.5,0,194.0,10839,76561198277239108
328080,129202342,really fun game! I'm actually blown away about how cool and neat it is. Love it! Keep up the good work :),True,1671917521,0,0,0.5,1,258.0,4965,76561198040906960
328080,94533126,amazing game,True,1624826486,0,0,0.48962092399597168,1,1006.0,5644,76561198983430474
328080,142589763,.,True,1690040000,0,0,0.47999998927116394,0,1027.0,1099,76561198357833477
328080,75604465,I cannot beat this game but i will never stop trying,True,1599496577,1,1,0.448409736156463623,0,194.0,564,76561197988145684
328080,70602636,:),True,1591826864,0,0,0.5,0,87.0,184,76561198312420553
328080,131272501,"Отличная игра, главное разобраться в ней = )",True,1674311390,0,0,0.460963457822799683,1,679.0,1656,76561198067728753
328080,113714861,"Great Game, Planning is key and DOOMing your first few worlds is always an option.",True,1649719966,0,0,0.5,0,1325.0,3015,76561198080585075
328080,75627022,"its a good game, like a mix of rimworld with more colonists, God abilities/magic, tower defense.  active community and developers.  good nice chill game, it reminds me of terraria.",True,1599531996,11,0,0.663393199443817139,0,316.0,328,76561198064706568
328080,71228610,"A fantastic game, its come along way from early release.  I only just started playing but have watched friends of mine play from the beginning.  Still got plenty to do.  Not frond of the new trash system, it just makes the game messy but its flavour to the game.  Loads of different  levels of difficulty.  Watch a tutorial online if you are new.
A few quality of life additions that would really help the game would be:
-the ability to undo the destruction of buildings before the demolition starts (stops mistakes happening)
-The grid system to show where your village boundaries are.
-The ability to play without the trash system.
-The rotation of buildings.

All in all.  A fantastic game and for a person who is not fond of single player games.  It's got me hooked!",True,1592926616,0,0,0.5,0,653.0,1367,76561198004180360
328080,139433490,its good,True,1685726296,0,0,0.5,0,530.0,530,76561198372648415
328080,122356537,"very fun game it does have bit of a learning curve to it but its worth learning and playing.

has a very good mix of god sim, town building and tower defence

10/10 would recommend",True,1663389940,0,0,0.5,1,949.0,3379,76561197998604229
328080,70284454,"Requires some tolerance to frustration, as the learning curve is steeper than with most similar games. Graphics,  gameplay mechanics and ""storytelling"" are designed beautifully though.",True,1591277060,0,0,0.5,1,1069.0,43639,76561198417833256
328080,75655333,"Fun game, needs a better tutorial",True,1599582745,1,0,0.487616091966629028,0,304.0,304,76561198076528121
328080,84014507,Good.,True,1609789911,0,0,0.5,0,281.0,1741,76561197981389365
328080,202732153,"i builda da base i killa da monster i say hell yeah
 i seea da numbas go up i say hell yeah
i upgrade da buildings and say hell yeah",True,1755971857,12,2,0.621233820915222168,0,691.0,4616,76561198355132017
328080,129444414,"Excellent game, could use some finishing touches and polishing, balancing etc.",True,1672161574,7,0,0.566839396953582764,0,665.0,1066,76561198042538694
328080,145173958,"I'm actually enjoying this game. I don't remember when I bought it, or where it came from, but - it's surprisingly good.",True,1693190942,0,0,0.5,1,644.0,1013,76561197991020148
328080,75887551,its a game i can leave for 10 minutes and it plays itself,True,1599971622,0,0,0.5,0,821.0,3657,76561198144454958
328080,78832313,Difficult but amazing game. I highly recommend it.,True,1604683672,0,0,0.5,0,1383.0,2607,76561198046226619
328080,194600487,"This game has sat in my unplayed game list for quite awhile and finally got a chance to getting around to playing it! I am quite enjoying the game and with the right settings can be a very cozy city managing sim! I do get peoples complaints about the lack of mods though, tried looking around Google for mods and couldnt find any, the workshop here only has language translation/localizations... The game hasnt gotten 'bland' for me yet, but i can honestly see how after long enough play time the game might get stale after awhile. Would I still recommend the game though, absolutely!",True,1746876679,0,0,0.5,0,953.0,6258,76561197974376462
328080,72634837,"I like this game a lot, can't stop getting back to it
very hard, but very rewarding
nice pace",True,1594666359,3,0,0.521150171756744385,0,3017.0,3465,76561198049730771
328080,110034524,"R2R is like an abusive relationship. 

We go back and forth with our challenges and nice memories, but I still end up angry, frustrated, and beaten into the mud. It's always about how someone doesn't cook enough or why trash is piling up around us. I walk away from every game with bruised pride and the drive to do better next time. R2R gives me enough of a reward to push a bit further next time, but never enough to finally win one. 

Although no matter how many or what fights we have, it always knows I'll be back.",True,1644642115,0,1,0.5,0,1548.0,1548,76561198061603767
328080,99755566,I first played Rise to Ruins in it's beta days (like 5 years ago) when it went by a different name. I didn't pick it up again recently and the work that's been put into this game is amazing. Night and day difference in how enjoyable it is to play. I'm a big fan of the game and would easily recommend it to anyone who likes colony sim games that also have a defense mechanic.,True,1632258940,1,0,0.522058844566345215,0,1611.0,2543,76561198028113965
328080,145185933,Good,True,1693212749,1,0,0.52173912525177002,0,2887.0,2887,76561198053580096
328080,75941420,"Great game, if you like city builders with a touch of tower defense, this is the perfect game for you. I highly recommend.",True,1600054682,1,0,0.523809552192687988,0,1758.0,2070,76561197984240878
328080,112693936,"Try it yourself, it's good!",True,1648039542,0,0,0.5,0,1856.0,2343,76561198147889883
328080,83461799,"Doesn't explain much starting out but if you stick with it I was having a lot of fun.  

Its a bit like populous + creeper world",True,1609231644,0,0,0.5,0,2685.0,4228,76561197967879220
328080,151557784,"This is one of those games for people who like to just jump in and go. No story, no dialogue just action. Your first playthrough you go and check out the boundaries and limits, then die. The next playthrough starts off much better but you will always end up in trouble. With each region you play on the efficiency of your base building increases and you get to end game shenanigans much quicker.",True,1700831117,1,0,0.5,0,3511.0,4561,76561198252560828
328080,70873091,Great fun.,True,1592294687,0,0,0.5,0,3276.0,5221,76561198038052241
328080,91820135,"Very engaging with a lot depth.

Biggest cons:
- pace can be on the slow side sometimes
- you have to figure out the more complex mechanics on your own
- sometimes the villagers behaviour is a bit weird (Confused villagers, inefficient routing, etc.). This is difficult to control/manage

Overall a very fun game that is relaxing and engaging at the same time.",True,1620739539,0,0,0.5,0,2485.0,4759,76561198141460982
328080,81503716,"Perhaps the best RTS, tower defense, roguelike, village sim, management sim, or god game yet made. Graphics are almost comically pixelated, to the point it can even be hard to determine enemies sometimes, yet I don't care even a little. Maybe it is just the idea of a village roguelike, or the smooth balance of challenge and freedom/intuitive design, but I can't put this game down even when it literally hurts to sit. 

The things:
10/1
that's 10x perfect.
The graphics:
1/10 and it doesn't matter even a little.

Buy this game full price, the dude (one person) deserves every cent. Stupidly good deal.",True,1606968747,0,0,0.5,1,2467.0,15193,76561198005697510
328080,107872309,Amazing tower-defense/Town-builder I would recommend to anyone.,True,1642013008,1,0,0.5,0,2795.0,2795,76561198031906143
328080,91244770,"Great game, very similar to dwarf fortress, but its (still steep) learning curve is a curve instead of a cliff. The control is generally a bit more granular for those aspects of the game. Also mixes in quite a bit of tower defense. As with dwarf fortress, highly recommend skimming some kind of guide either before or during your first run. I do wish it allowed for a larger speed increase factor than 3, but overall a very enjoyable game.",True,1619894262,0,0,0.5,0,1814.0,8785,76561198989212134
328080,112378078,once you get the hang of things its pretty fun to watch them build up from nothing,True,1647556753,0,0,0.5,0,2062.0,8839,76561198027158027
328080,125560635,"Based city builder with tower defence and survival elements.

Pretty good. 10/10",True,1668584055,0,0,0.469798654317855835,0,2215.0,2252,76561198047690181
328080,118693583,chill game,True,1657632298,0,0,0.476190477609634399,0,2580.0,4973,76561198089716258
328080,86866910,Gem.,True,1613554625,0,0,0.5,0,2484.0,5403,76561198050837640
328080,74682569,Frustratingly Brilliant.,True,1598037787,0,0,0.5,0,2130.0,5156,76561198049339559
328080,90575258,Fantastic game with strong mechanics and addictive gameplay. I find myself quite often losing track of time playing this my to my own demise. Be warned that it does have a very steep learning curve so you'll most likely find yourself looking online for answers like I had to. Props to the developer for a masterful work of video came creation and I'm looking forward to continued playing well into the future!,True,1618837330,0,0,0.5,1,3476.0,5658,76561198134825831
328080,95066393,"I like it, nuff said.",True,1625437003,0,0,0.48962092399597168,0,2109.0,3511,76561198028679646
328080,102459188,"Great little game, worth the money if you enjoy base builders and tower defence",True,1636415463,0,0,0.454545468091964722,0,2118.0,3350,76561198060464679
328080,154853488,"only grip is the ai needing a bit of i 

but for one guy this is great a fun game for a reasonable price",True,1703983403,0,0,0.496671348810195923,0,1915.0,3775,76561198094136466
328080,73003665,"I have ADHD and have a VERY hard time sticking with a game and have a game hold my interest. This game does it in strives so far. Highly suggested if you're into games like Civilization, Stardew Valley, etc. 

Kudos to the developer for making such a fantastic game.",True,1595256239,0,0,0.5,0,2092.0,2633,76561198047282899
328080,206238584,village nurturer,True,1759985856,0,0,0.5,0,2099.0,2106,76561197985078244
328080,112748483,"An amazingly deep game for how it looks. Takes great base building plus a dash of rimworld and a lot of unique ideas. Very hard, but you will get the hang of it.",True,1648130048,0,0,0.5,0,2365.0,2809,76561197964385063
328080,190830517,"A superb cross between a city builder, tower defense game and god game with a high difficulty curve that truly emphasizes understanding the game mechanics to succeed. The only downside is that the developer rarely updates, although for the low price point the game is more than worth it.",True,1742587787,0,0,0.5,0,1826.0,2547,76561198035633258
328080,84693800,"If you can get this game on a discount, I would really recommend it if you have played rimworld before.
It's a really simple game, which when fully grasped, gets you really hooked. 

A piece of information though, it can get boring after like 20 hours, or when there's nothing left to do but keep on adding towers so monsters do not destroy your village.",True,1610660789,0,0,0.5,0,2211.0,2219,76561198140721400
328080,84986866,"LOVE this game, after spending 41 hours playing i can tell this will be my addiction for a long while good work on the game devs and keep it up :)",True,1611076552,0,0,0.5,0,2505.0,2721,76561198027324774
328080,82458253,shout outs to god games,True,1608070960,0,0,0.5,0,3419.0,3419,76561198051080510
328080,145528029,This is just a wonderful game. I've been waiting for the v2.0 release to get the game for myself and I'm having a blast. It's good to see the development continues.,True,1693667226,0,0,0.5,0,1629.0,3324,76561198021966097
328080,151760384,Good,True,1700897320,0,0,0.5,0,3325.0,3472,76561198168957422
328080,141858378,"Great one, for my opinion one of the best in colony simulators genre. Also the tower defense aspect is great topping! At first look a little bit overcomplicated, but after few hours - it's gold!",True,1689107668,1,0,0.525862038135528564,0,1488.0,1644,76561198078725996
328080,74499346,I cannot beat this game but i will never stop trying,True,1597747185,5,3,0.527142882347106934,1,2048.0,2679,76561197997252595
328080,95924067,"Love this game.
What i don't love, is the game punishing me for playing strategically. Cutting off corruption in a corner at the end of spring apparently isn't allowed and the game will relentlessly send you wave after wave of ten to twenty monsters, even during the day, my villagers dying of thirst after 3 days of non-stop reloading and crafting ammunition, and the corruption spreading anyway across the mountains at 5x speed (1 tile every 5 second). 
Still, recommended.",True,1626556421,0,0,0.5,0,2376.0,3057,76561198030362229
328080,96311049,"Okay to start off, this IS like your average city-builder. 
Even if it's your everyday city-builder, it has a lot of things going for it such as little references to real life people whenever a nomad decides to stay in your land or whenever a child is born to small pieces of text hidden outside the map. 

To mention on of this game's strongest points, actually wouldn't really be the city building in my opinion but it starts at the map editor. Yep, you heard me, the map editor. Whilst I haven't personally used this, from all  the city-builder games I've played in the past only two of them have had the addition of map editing including this game. Which sadly, I haven't seen many maps made by someone else besides good ol' Raymond himself (the maker of Rise To Ruins). 

Next: The city building
It comes to no surprise that this game has a bit of a selection when it comes to city building, from your average ""city-builder"" housing all the way to even having trash collection and burning to keep your city/village clean. While a lot of the buildings may have a max upgrade that can be somewhat expensive, a lot of the upgrades actually do something. Instead of just being a small little upgrade, such as adding a production boost every upgrade. Which is a flat upgrade to production buildings. You can even build walls and fences for your homes!

The gamemodes
Okay so there are a few gamemodes in Rise to Ruins which include: Nightmare, survival, traditional, peaceful, custom and sandbox.
Obviously, to start off, Nightmare mode. Honestly if you're playing on this gamemode you either have a death wish or just enjoy watching your townsfolk suffer.

Survival coming up next, this was the way the game was intended to be played which it even mentions on the mode's description that there is a big learning steep whilst playing in Survival.

Traditional will probably be the only way I'll play this game for a while until I get a better grip because Traditional is the gamemode meant for people who are new to city-builder games or just in general, new to Rise To Ruins. It offers some challenge to keep you on your toes while also being lenient with how many monsters are actually being sent.

Peaceful mode. My favorite mode. In this mode the name says it all, this goes from Rise To Ruins to Rise to Ruins strict city-builder. This mode offers no challenge besides keeping your townsfolk alive. Definitely a recommendation for those who are looking for the most laid back experience you can get in the game without going full blown sandbox.

Custom mode is a mode I haven't personally tried out yet but just from the name it should be pretty obvious. You can set your own difficulties and game perimeters to play with at your very own custom difficulty.

Now sandbox is just self explanatory. You can screw around whit everything this game has to offer. From changing the time of day to just simply spawning in resources. 100% the gamemode to use if you really just enjoy fucking around with the game mechanincs themselves.

My overall judgement of this game is: I love it. Personally there are a few thing's I'd like to see be done. Some thing's I'd even like to see brought back eventually like the 5x gamespeed. Though this game as it is right now is honestly a blast and is definitely a fun time waster and a genuinely fun game if you're playing it for the challenge. I hope to see a lot from this game in future updates as soon as Raymond is able to! For now though, you all should enjoy your time in this game, whether you're making your townsfolk suffer by spawning a metric fuck ton of volcanoes or spawning in Holy Golems to protect them from the corrupted scum!z

Update
-----------
Haven't been away from this game for too long and there's already new stuff I see, now you can kill the corrupted on the main menu with unlimited god power! :D",True,1627158003,1,0,0.523809552192687988,1,1605.0,1654,76561198874764526
328080,70506031,"Aside from the garbage AI controlling where workers/organizers go, game is excellent. That being said, the AI drives me crazy with the absolutely stupid things it does.",True,1591648763,0,0,0.467836260795593262,0,3318.0,7606,76561198065312848
328080,105437494,"Personally I love colony sim and tower defense games. This game has the best of both and can kill loads of time. The intail learning curve is slightly steep and might scare away newcomers but if you put time and practice into the game you begin to build amazing villages. The games looks bright, detailed and pretty despite its simple art style. It also has a nice chirpy soundtrack. 

When I first tried it out, I have watched numerous baddies tear up all of my first villages day 3 because I always forget to build walls. Now I'm trying to survive a whole year and I'm getting pretty far after 40 hours of on and off playtime. I take frequent breaks from this game but sometimes I just like to come back and see how far I get. I recommend you at least give it a try for a couple of hours since and it is good harmless fun. Adding this to your library permanently is a good investment cause it rarely gets old. Give it a shot!",True,1638924065,0,0,0.5,0,2485.0,2513,76561198311378313
328080,78872347,Meets all of my expectations now. a fun game indeed.,True,1604744345,0,0,0.5,0,1699.0,29957,76561199090666081
328080,86854124,"This is a very... relaxing game. You just stare at your screen while your lemmings run around, on the screen... doing stuff. Then you get them out of the map and do it all over again on a new one. You do it again and again, and then again. It feels satisfying for some reason. You play it for couple hours, then quit and then come back again after couple days, weeks or months and just continue to watch your lemmings colony/civilization grow.

It is so simple... yet so intriguingly satisfying.",True,1613538940,0,0,0.5,0,3150.0,3276,76561197976543691
328080,79589933,This is a Very good game any bad reviews are mainly people who haven't spent enough time trying to learn the game which yes has a steep learning curve and lots to do. Or are complaining about the fact you cant win only survive till you die. Well hello that's the aim of the game survive and try to store resources and people for the next area to make your next play through even better. Iv'e played games like Rimworld ect and this game is easy on par when it comes to replayability and fun. WELL DONE WHAT A GREAT GAME ALL WAYS COME BACK TO THIS GEM.,True,1605938715,1,0,0.523809552192687988,0,2525.0,3779,76561197986264431
328080,73434443,nice townbuilding game,True,1595970794,0,0,0.5,0,1563.0,1944,76561198110720454
328080,92022785,Game go Click click click,True,1621058540,0,0,0.5,1,1536.0,1814,76561198447731044
328080,151048561,"Enjoyable game, even though it's target group is rather small.",True,1700666729,1,0,0.5,0,2026.0,2127,76561198267706172
328080,116319688,"Good Game, Fun to play.  Definitely worth the money",True,1654059263,0,0,0.5,0,3731.0,4245,76561197979974942
328080,114553733,"UI can occasionally be cumbersome, and it can be hard to tell at a glance what exactly the issues with your town are however it's still addictive and fun, and is still getting updates to this day.",True,1651054582,1,0,0.5,0,2852.0,4882,76561198008929611
328080,90154755,"This is hands-down the best [b]indirect control city builder[/b] I have ever played...
...but the current version has some quirks - and [b]a MASSIVE potential deal-breaker[/b] that you might not be able to look past.

[h1]The Pitch[/h1]
Have you wanted to like [i]The Settlers 3[/i] but hated how all that city building just fed into a crummy RTS? Or wished [i]Alien Nations II[/i] didn't have all these dystopian overtones and worked past Windows XP?

Then this is a game for you.

[i]Rise to Ruins[/i] is all about managing a single village by constructing and upgrading [b]buildings, walls and roads[/b], and assigning villagers to [b]jobs[/b], throughout [b]four seasons[/b] of the year and occasional earthquakes, meteor showers, or whatnot.

The main obstacle of the game is dealing with [b]nightly monster waves[/b] - spawning out of the spreading [b]Corruption[/b] - which need to be dealt by a three-part defense of [b]Tower-Defense-style towers[/b], a fully [b]automatic army of golems[/b], and a range of [b]God-Sim-style spells[/b].

All of which is neatly tied up in [b]a campaign[/b] that tasks you with surviving a year on each map of a hand-crafted continent. And there's also [b]skirmish with 5 modes[/b] and [b]a map editor[/b].

[h1]The Good[/h1]
Raymond Doerr [b]""gets it""[/b] when it comes to the genre: rock is renewable (finally!), roads are affordable, the economy is grokkable, and [b]the UI/UX is very functional, efficient, and intuitive[/b] (mostly). And, importantly, the villagers are made of [b]The Sterner Stuff™[/b] but are still too squishy for a functional military. [i]RtR[/i] has the fundamentals right.

And there are many more good things about it: the best [b]trash management[/b] I've ever seen, all towers having a niche, tutorial tips, naming conventions, [b]exhaustive and comprehensive Problems panel[/b]. 

The game requires [b]no quick reflexes[/b], [b]no micromanagement[/b], and [u][b]no advanced spatial imagination[/b][/u] - placing a building 1 tile to the left [i]won't mean[/i] it doesn't get a bonus or works at 12% efficiency.

But most importantly - [i]RtR[/i] is [b]definitely learnable[/b]. Every time I've lost, I had very clear understanding of what the exact chain of reactions led to the massacre of my poor, poor villagers, and plans on how to do it better next time. And then I actually did better!

[h1]The Weird[/h1]
[b]Event log is odd[/b]: it shows destruction of your [i]and Corruption's[/i] buildings, building repairs, villagers [i]literally [b][u]FUCKING[/u][/b][/i] - but not births/[i]miscarriages[/i]/immigrations/deaths, which are only displayed in the middle of the screen for a couple of seconds.

The tower defense element [b]wouldn't stand on its own[/b] - it's not bad to simplify some genre elements in a genre-straddling, but bear in mind that:
[list]
[*]towers have no targetting options nor exploitable priorities,
[*]there are no buff/repair/targetting towers,
[*]the sole crowd control tower ""banishes"" in a tiny radius, so it [i]miiiight[/i] teleport monsters straight into your undefended areas,
[*]1 out of 3 elemental damage choices is Poison, even though most monsters are resistant to it and [i]no monster is vulnerable to it[/i],
[*]no, seriously, what's up with Poison?
[/list]

And there's some more strangeness. Villagers are easily spooked by you dropping materials into buildings; campaign UI doesn't differentiate between maps beaten with and without the one-year-goal; and I still don't know whether Crystal Golems are worth their tiny HP pool, since only towers have damage estimates.

[h1]The Bad[/h1]
Tutorial tips break down when your Very First Village is Inevitably Getting Massacred - which you'd think is the one case that [i]would[/i] be covered by a hard survival game - and [b]don't explain that you're supposed to restart the campaign[/b] now that there are literally no more playable maps.

UI/UX is [b]very good, but requires more polish[/b], since it has problems that are:
[olist]
[*] [b]minor:[/b] all harvest zones are marked by the exact same circles and rings that visually blend together, and the building preview uses yellow both to mean [i]""can't build here because this is inside another building's zone""[/i] and [i]""can build here but villagers will flatten terrain before building""[/i];
[*] [b]major:[/b] the Problems panel and the event log will tell you there's a very location-specific problem, but [b]won't tell you [i]where[/i][/b];
[*] [b]annoying:[/b] once monsters start slaughtering all your villagers, better take off headphones, since [i]""a villager died""[/i] fanfare is about to play for every. Single. One. Of. Your. 125+. Villagers.
[/olist]

And there's also:

[h2]The Potential Deal-Breaker[/h2]
The current update 1C of [i]RtR[/i] is [b]both [i]complete[/i] and [i]incomplete[/i][/b].

On the [b]campaign[/b] level, it is [i]complete[/i] as a game about surviving a year on every map [b]in a single go with no failures[/b]. But it's [i]incomplete[/i] as a game where you can [b]recover from your mistakes[/b]. After failing a single map by a single day - doesn't matter whether it's the first, the third, or the very last, nor whether other maps have smouldering ruins or thriving kingdoms - you need to start the whole campaign over.

On the [b]map[/b] level, it is [i]complete[/i] as a game about as a game about [b]surving a year[/b] - and then, optionally, until your defenses are inevitably overwhelmed. But - even though there are mechanics geared toward that - it's [i]incomplete[/i] as a game about beating Corruption.

The [i]only[/i] way to combat Corruption is with Corruption Resistance (CR), generated in a varying radius around every building. Which works great as an intutive boundary of your village, as means of getting a [i]juuust little bit[/i] of extra room back from Corruption, and is leagues above crummy RTS elements from other games. But as an offensive tool... it's bad.

The main issue stems from the need for efficiency - [b]funnels[/b] you into expanding by [b]building Large Firepits, and Large Firepits only[/b]. Whether you're a first-day pauper, a thriving survivor, or a yearling sitting on a hillariously great economy with all these resources and villagers and space and building slots and spells and mana... [b]no matter what you do or how advanced your village is[/b], you have to go back to 'pits.
[list]
[*]Pushing with other buildings is pointless. Unlike 'pits, they will get [i]immediatelly[/i] destroyed on their first night. Unless they're fully enclosed by max-level walls. And [i]""fully enclosed""[/i] means [i]""they generate no range""[/i], so to build another one, you need to... expand your Range with 'pits.
[*]Pushing with a ""rippling wall"" advance is also pointless. You can't build actual buildings outside the walls, since they will get destroyed. And you can't build walls far enough expanding your Range... with more 'pits.
[/list]

So the entirety of your offensive consists of building basically a burning trashcan after a burning trashcan.
Manually - because villager will get spooked by wandering monsters.
Which means - for each and every one - you have to:
[olist]
[*]place a build order on the map,
[*]immediately pause it,
[*]manually drag a wooden log from the nearest forest onto it - 12 times,
[*]miss some of the drops,
[*]think that you missed the final drop but it turns out it bounced off because a villager decided to bring a single log to it in the 1.2s before you paused it,
[*]find and drag that villager back to village,
[*]cast Construct spell,
[*]realize you ran out of mana due to missed drops,
[*][i]actually[/i] cast Construct spell,
[*]go back to the actual game - until you need to place 3 more in 10 minutes.
[/olist]

[h1]In summary:[/h1]
as long as you avoid offense and don't mind some quirks that naturally come from a single-person dev team, [i]Rise to Ruins[/i] is a great game.",True,1618174458,0,0,0.5,0,2766.0,2766,76561198033923433
328080,99518385,"Still not sure what the point of the game is, but it's fun!",True,1631907626,0,0,0.5,1,1448.0,2485,76561198049270866
328080,70968137,"Great game, engaging and deep.

I particularly like that managing your space is one of the most crucial game mechanics!",True,1592463271,0,0,0.5,0,2432.0,7393,76561198058349088
328080,84730953,Hidden Gem 100% would buy again if i can,True,1610721895,0,0,0.5,0,1884.0,2088,76561198116693162
328080,96008240,"Is fun, who doesn't like being a god. and If you fuck up you can just destroy the world and keep all your god progress.",True,1626686491,0,0,0.5,0,1812.0,11793,76561198008678917
328080,79477928,"Interesting concept plus it's fun to play.
Only complaint would be to have a 5x or 10x speed option due to early game feeling slow, but I don't think that' s possible.",True,1605731755,2,0,0.541984736919403076,0,1736.0,3337,76561198072069990
328080,146352665,"I've been playing the game again (I think last time was right before the trash update).

So I'm pretty much in the lategame of one region now with having almost 95% of the goals unlocked. Having migrated to multiple regions now and such. I really enjoy this game, the progression is very fun to see with villagers, building etc. 

There's just one thing that I don't like and that's the fact that the monsters endlessly scale while you're stuck with a limited-tower upgrade that also requires energy (like ballista/bullet tower 4th upg). It's just pure tower defense that ends up being extremely tedious since the enemy take 100 shots in the lategame. I might be not playing the game optimally, but I was having fun up until the tower defense point. I can't even eliminate the corruption that fast because they just spawn even more if I try to take it away, and then 30 villagers die to fire ementals every time lol. So yeah migrating to other regions and just doing that stuff over again is much more fun for sure. Does get repetitive at some point but eh. 

Other than that, I think goals shouldnt be locked behind other stuff, or most of them should be just unlockable straight from the start I think. At least it makes more sense to me that way, especially since delaying certain stuff until you unlock the goal for it didn't sit right with me. 

Very enjoyable game still, one of my favorites since it has just that charm in graphics, the time setting and the simulation/building stuff is great. Just wanted to give props and other thoughts out there. I can't wait for more updates to happen :)",True,1694804208,0,0,0.5,0,2981.0,3092,76561198025918222
328080,73032436,"Okay so 

Look at my profile you'll see I've got the strategy hours to say this. 

It's Rimworld + Banished + the townbuilding part of Actraiser; a more recent comparison would be maybe They Are Billions though RtR has a much more robust building system 

There's more work that could be done in terms of building/unit options but this game has some of the best bones of any I've played in a long time. 

If those types of games are your jam this game is worth the price",True,1595303692,0,0,0.5,0,1807.0,5637,76561197997865202
328080,143823586,"this is a very fun but difficult game i would 10/10 recommend 
ps.
 dm if you need help with it.",True,1691714054,3,1,0.52173912525177002,1,1593.0,1898,76561199401709938
328080,86013072,"As someone who really loves city builders, Rise to Ruins feels like a mix between Caesar 3 and RimWorld.
I like it so much, I've spent over 30 hours on this game in less then a week.

I do not believe in the ""losing is fun!"" motto of many games, so I'm very happy the ""Traditional"" game method exists.
Compared to the ""Survival"" method, monsters spawn less frequently. Especially at the beginning of the game. But I've never thought it felt too easy.

There are no ""goals"" per map which you have to beat in order to advance to the next map. Instead you pick a starting map, from which you can then send out migrants to colonize adjacent parts of the world.
I guess the eventual goal is world domination?

You do have ""the corruption"" you need to contain in each map: a sort of demonic influence that spreads over the map from which the monsters will actually spawn.
This is where the tower-defense part of the game comes in, as these monsters like to take the path of least resistance, even if that includes a maze of wood fences surrounded by deadly towers.

Like any game, it's not without its frustrating bits though:

There are quite a few complaints regarding the AI of the villagers, and rightly so.
The prioritising of build projects doesn't seem to do much, builders will walk a long way to work on a project that can't be finished because it's missing 1 piece of wood (which they won't bring with them), organizers will not group projects (multiple projects next to each other that require a single piece of wood will require multiple walks, etc), they never seem to learn they shouldn't fight fire elementals, ...

You never get a notification when workers are idling, you'll only notice once all your rocks are used up and you see you didn't assign enough area to be mined out.

There is a dialog that does provide you with some info (like monsters attacking a building, villagers being in a fight, ...) but you don't know where it's happening. So you have to check each building if there's a hard-to-see ghost attacking it.

I could go on, but all in all these issues aren't show-stoppers. They're just things you eventually notice and you wish you didn't have to work around.",True,1612540471,1,0,0.523809552192687988,1,1964.0,2184,76561197996559408
328080,99100182,"gateway drug into colony sim games, pretty early on and im worried that building bases is gonna get repetitive for every region. hopefully it upgrades to a bigger scale later on. will update",True,1631279262,0,1,0.5,0,2382.0,4553,76561199017349706
328080,112819275,"One of my all time favourite little colony builder/defence games.
It's definitely difficult but I don't mind that, and if you do you can always customise the difficulty settings.",True,1648243198,0,0,0.5,0,3467.0,4584,76561198151514716
328080,100617965,"Rise to Ruins is one of those games that ticks a lot of my boxes.
It's challenging yet rewarding, even if you fail, you still somewhat succeed in that you have more knowledge and also some experience for small perks that you get to keep.
It's the perfect combination of building, tower defense, strategy, etc and combines a lot of different aspects of different games in just the right way.
I play a lot of different games and enjoy most but I find it hard to find keeps that keep my interest and keep me wanting to come back. This is most definitely a game that I keep wanting to come back to as it offers gameplay that I've yet to find elsewhere.
Would recommend to anyone who loves a challenge and enjoys games such as Rimworld, tower defense games, etc.",True,1633528677,2,0,0.550561785697937012,0,2820.0,4645,76561198871415320
328080,128837943,Really fun game. This game gets stuck in my memory and I always want to come back to play.,True,1671432701,0,0,0.5,0,1530.0,1530,76561198027950740
328080,146803403,Addictive gameplay loop. Very good doggos.,True,1695410902,0,0,0.5,0,3289.0,3662,76561197966659901
328080,118559517,"Love this game been playing it for only 58 hours but it is great! Loads of stuff to do and keep you on your knees.
Would 100% recommend this game to anyone who likes tower defence games.",True,1657441851,0,0,0.5,0,3481.0,3740,76561198164149379
328080,122114161,"Good game with a lot of potential. Feels limited in scope currently. Food production from farms needs to improve. Running out of space in the late game is also a serious problem, probably even worse a problem than the inefficacy of farms even on traditional (easier survival) mode. Rewards from chests in the region map don't feel rewarding. There need to be higher upgrade levels and more ways to manage golems and citizens. It's infuriating when the AI ignores something for in-game days and weeks when there are enough resources and when a structure is designated top priority. I get that having a lot of projects going on will dilute worker attention, but when you make something top priority, it should be worked on immediately. builders drag their feet far, far too much. too much necessitating of pause build. there needs to be a way of group selecting buildings and mass selecting pause building, and instantly top-prioritize in the same fashion.

Lava needs to have a way to be dealt with. it shouldnt remain empty and unusable terrain forever.

Once towns reach certain population levels, there need to be bonuses and modifiers. For example, large castles should be upgradeable further into citadels or city centers or whatever makes it bigger and more important sounding. Summer and Winter are brutal, even on easy/traditional mode. I had a meteor shower during winter and a housing shortage. close to 30-40% of my population burnt and froze to death simultaneously. how annoying.

tl:dr:
food production is absurdly low. the food mechanic needs to looked at.
add city dynamics. its too much of a tower defense plus ancillaries plopping over the map type game later in (28 days or so). there should be proper militias, leadership, ""government"" stuff.
more god powers needed
god powers aren't good enough, imo, for the cost in essence/influence.
many maps are hard to survive on. so far, my best survival have been on black sands, newdragon, and one other desert map (name forgotten).

the game has solid potential to be up there with the likes of terraria and other hit indy games, but in-game economics dont seem to work that well later on. a large castle is the highest level you can upgrade your camp to. something about that just doesnt feel right with me.
make it easier to buy large amounts of food from the market.
increase farm and farmer productivity. why is there a food shortage and yet they wander around not harvesting when i order them to do so? why let precious, precious food turn to waste?
im tired of having to constantly to send the villagers holy potatoes to prevent a mass starvation. its seriously annoying. a town of 100+ with plenty of farms and over a hundred defensive emplacements and ancilliaries and several thousand units of drinking water can do much better. 
new features would always help the game.
increase speed: 3x isnt good enough for me. 4, 5, 6, and so on. whatever the computer can handle.

fire elementals are a such total fu**** bulls***. i am beginning to feel like every high level tower that isn't ice is worthless. i believe the best way to deal with dangerous enemies is to spam ballista towers with arrow towers. im surprised my team of four fletchers was able to supply a line of towers going the entire length of the map with few shortages.

there should be more types of towers and magic. perhaps mages, knights, healers, etc in addition to the rangers?",True,1662934661,0,0,0.5,0,2339.0,17131,76561198169931117
328080,114294295,"Very good start to a possibly good game. It does seem to be a lil too micro-managy to be called a God-game vs. a Management Game (there IS a difference)!

The workshop could use some major TLC;  as language translations appear to be the only things entered/offered so far.

It has a very slow pace, even at x3 in-game speed, so i could see some getting over this quite quickly. With some gameplay, and about a day's (24hr) afk time... i can say the progression needs to move along faster. The other option that's viable is a way to make a speed time spell to add into the available magics.

From the limited amount of game i've seen, read about, watched... I cautiously recommend this game!

(BUT wait for a sale, its not worth the 20 bucks i paid, YET)",True,1650655430,0,0,0.5,0,2203.0,20645,76561198044725723
328080,84096132,"Kind of like Dwarf Fortress meets Banished, but without all the annoying bits. Plus ~magic~.

Hands down one of the best city building sims I've ever played.",True,1609876451,0,0,0.5,0,2022.0,3504,76561198028625938
328080,75847335,"Hi, I've been playing Rise to Ruins around of 20 hs, I like it, the knowledge curve is fantastic and the mechanics are very original. However, keep going in that way,
Srry by my bad english.",True,1599913220,0,0,0.47826087474822998,0,2315.0,10160,76561198804269089
328080,88796898,"A fantastic game, with lovely pixel-art graphics, a challenging learning curve, and a pleasant soundtrack to keep company. A solid 7/10 game and beneath is an essay if you're interested

          After all this time I decided to update my review from the original, which I put in the comments below, and it is worth reading as I now have a few things to say about my previous take and concerns, and because I've been playing the unstable beta version which I enjoy even more than the main update.

          Originally I thought I was clever about making use of various exploits but I was shocked to discover that originally these exploits didn't exist!! Updates made the game much easier and made such exploits possible way sooner, even for new accounts

          Expanding on what I mean about exploits, when you make an account you have a world map, and as you play you gain permanent upgrades affecting you villagers and god-powers which is my favorite part of the game, these upgrades are potentially infinite which means exploits are inevitable anyways, but no longer require hundreds of hours to get there, once you learn the game, you can beat the game absolutely.

          Skirmishes are different, and has no relation to your world map or upgrades at all! You simply play one region, and survive as long as possible, but without ways to infinitely expand to keep up with corruption I don't see much fun in it, especially knowing its possible to get a ""permanent victory"" by completely wiping corruption off the region! Its difficult but possible, and those two reasons together are why I don't enjoy Skirmishes.

          Now I mentioned corruption, which is revealed in the trailer as a dark force that overtakes your region, sending monsters to try and destroy you, but corruption can't expand through your borders, so to defeat corruption you must place and defend a ton of buildings, and it turns out the best building to use for that, are lights, yep just campfire lights, they expand your base size plenty and won't be attacked by monsters, so by playing aggressively you can completely remove corruption within about 10-20 in-game days and then move on to another region.

          10-20 days gets you close to a full in-game year, which is about 28 days, 7 per season, so if you remove the corruption completely you may as well stay for the full year to claim your victory point for your region (unless of course you are doing a Skirmish)

          I'm going to hope for this next part you've read all about the update patches and changes between the stable and unstable versions, because here in my review is where the two really start to deviate, the unstable version changes your god-powers greatly, and increases the importance of having a lot of villagers and treating them well. Your villagers now have Faith, which ONLY affects your god-powers, granting you enough influence (the extent of your magic powers) to cast stronger spells and more spells, Faith allows you to obtain much more influence far quicker and also lose a region much faster, because bad things reduce faith and good things increase faith, you also use Altars where you assign villagers to an occultist job in which they send prayers, spawning essence and increasing faith of all nearby villagers. The god powers themselves are all slightly nerfed to counter this massively increased power potential, and a new expensive spell was added that can be cast after about 100 population with enough faith.

This alone is a massive change to the game as playing aggressively is far more consequential, as even at high faith losing one villager hurts total faith more and can quickly drop you down to being unable to do much at all while your village gets swamped, so you have to time your aggression more carefully and expand a little more slowly.

          I also want to touch on difficulty, I still prefer traditional over the harder difficulties as I enjoy being an overpowered warlord who dominates the map, and harder difficulties only means it takes longer to get to that point, but I want to get OP as fast as possible so a harder game to me just wastes more time.

          The magic is the only change that really matters for the sake of this review essay, but there are a bunch of little changes that I do like, such as essence not always being collectible (when an essence collector is sending to a tower for ex, obv I wouldn't want to steal that) and bodies making a little 'POP' when you click them enough and giving more essence on death in general.

          To compare more with my first review, I learned that fire elementals aren't completely overpowered, if you get them into melee they deal far less damage and don't light things on fire, which means its a good idea to keep some golem machines just one away from max upgrade, so that these golems don't gain a ranged attack.
          I have a better headset now, but if I do unplug on accident the bug I mentioned is still true.
         AI is still embarrassingly dumb, this provides a great opportunity actually, there could be a new stat called intelligence and you could build a school to teach villagers to be more efficient and really expand this game in a whole new way, better pathfinding, more efficient resource delivering, villagers knowing when its okay to stay in combat or to run away, more equipment types et cetera would be great, which brings to the next con -
          Variety, once you get past that learning curve it becomes clear that there really is only one way to play if you want to win, use campfires and golems and funnel the enemies with careful wall placement, god powers are only necessary for helping your villagers live and helping build more defenses and just being helpful in general, there are no additional possible victory conditions than just long term survival and while I was wrong about region variety (there actually is variety and its really obvious by just looking at the red sand maps compared to the forest, there is lava on red sands and more resources in the foresty areas, the black rock map has actual tar that you can't build on, and I haven't checked the others) there still isn't much in terms of gameplay strategy, and I believe more customization, modding ability, and maybe even multiplayer could fix that. I can easily think up great multiplayer ideas as well like having to compete over trying to conquer the same map but different starting regions, or playing against each other instead of corruption which makes Skirmishes way more fun and even makes ""attacking"" another player on the world-map possible. The dev has said he plans to change the upgrade system into something better and I hope he does because even though infinite upgrades is awesome, it takes forever to get there and there are no one-time upgrades that make big changes, such as an upgrade that grants a new villager type, job or building, which would make an already infinite game more replayable.

         Lastly, I still hate villager confusion - the new faith system helps, but it is still senseless to me that villagers get confused (even at max faith) when I simply pick up a few resources and move them, very irritating that they waste literal in-game hours (irl about 1 min) freaking out because I'm using powers helpfully. It doesn't make sense to me that the faithful villagers would be getting confused about the idea of their god actually helping them.",True,1616284015,1,0,0.526315808296203613,3,3334.0,25979,76561198273375169
328080,115579702,Its a game that will have you doing stuff!,True,1652766601,0,0,0.5,0,1587.0,2085,76561198072118617
328080,134201689,"Feel free to play in peaceful mode because you can have a great time without worrying about monsters. Even just managing food and water for your townspeople makes a compelling game that feels cozy and satisfying. Bonus points for the ambient town & weather noise, it is perfect and just elevates the vibe that much more.",True,1678132954,0,0,0.5,0,3648.0,3711,76561198217136640
328080,128678578,"I've only played this game for about 45 hrs so far, but man is it entertaining. The game does have a steep learning curve, and the player is told so at the beginning of the play through. Its the perfect balance of peace and difficulty that makes me enjoy the game. I'll find myself playing for hours at a time without realizing how long I've been playing! 100% recommend",True,1671217589,0,0,0.5,0,2666.0,2896,76561198163648566
328080,89818583,Letsssssssssssssssssssssssss goooooooooooooooooooooooooo,True,1617702224,0,0,0.446224242448806763,0,1799.0,2004,76561198835612917
328080,206972284,Love the game.  Very fun.  Would recommend to anyone who loves city builder.,True,1760754682,0,0,0.5,0,1928.0,2221,76561198220516039
328080,114876316,I'm addicted already.,True,1651570408,0,0,0.5,0,3199.0,9557,76561198006263810
328080,133855205,Great game!,True,1677671907,0,0,0.5,0,2206.0,3735,76561198028846053
328080,121180220,"Played aproximately 40 h and I am still trying to figure everything out.
I would describe it as a a well designed mix of base building (like settlers), god game (Black & White) and Towerdefense. Your are not able to control your villagers directly.

For people who like the ""fun"" in Dwarf Fortress (losing) I strongly recommend this game. I do not recommend this game for people who are looking for a casual game with a proper tutorial...

The only thing I am a little bothered about is variety in mobs attacking your village. Aside from Zombies, Fire Elementals, Slimes and Spectres I didnt see much.. Bosses would be nice.",True,1661369932,0,0,0.5,1,2236.0,2811,76561197995509759
328080,79178292,"excellent blend of city building, tower defense, and god game styles of play.",True,1605234993,0,0,0.5,1,1613.0,107334,76561198045922395
328080,121430556,One of the best games ever! If you love Dward Fortress and Civilization this is the best!,True,1661790002,12,1,0.620805859565734863,1,2185.0,2397,76561198073140810
328080,117094178,"I like this game. It's fun as is, but developer is adding much more.

It's not perfect, but even in its current state I enjoyed it greatly and the few trivial annoyances I did find, I didn't even notice until like 40 hours in.",True,1655414787,0,0,0.5,0,3494.0,3573,76561198009420801
328080,123003147,This game has kept me occupied for so many hours. The concept is so simple but so enjoyable. The devs sense of humour in this game is also fantastic.,True,1664447067,0,0,0.5,0,3421.0,6996,76561198834461983
328080,143282762,"What a fascinating, immersive game. I bought this about a year ago and at first did not know what to think of it. I struggled endlessly just to manage resources, and eventually took a long break. I came back to it recently, after playing the Dwarf Fortress reboot. Since then I've grown to thoroughly enjoy this game for it's unique soundtrack, environment and dynamics. The learning curve is kind of steep, but it's like hanging out with a bunch of cute lil ants on your Sunday off.",True,1691008447,1,0,0.5,0,2199.0,2252,76561199019188874
328080,113019065,8.5/10,True,1648561182,0,0,0.5,0,2538.0,2553,76561198070218342
328080,84718072,Awesome laid back game!,True,1610703401,0,0,0.5,0,1647.0,2145,76561197984925110
328080,114743480,"A must have for anyone who loves survivalist base building. Also the soundtrack pack is worth it, the game has some of the most chill tunes I've heard in many years of being a lover of games.",True,1651354166,0,0,0.5,0,2588.0,11364,76561198029182546
328080,140373695,"It's been a while since I've played but i really enjoyed this game and I've just gotten back into it. When I bought it and first played it, I was addicted for at least a week. You don't need to micromanage if you don't want to, and its streamlined while still having the nice parts of a complex sim. I highly recommend this game, and even though I know its a fully stable released game,I hope we get further updates to the game because I think its really great and could be even greater and more popular. It's so addicting to just see your town, and I can tell there's a lot of work on the sim aspect of the town and its citizens. Give it a shot!",True,1687244204,0,0,0.5,1,1917.0,1921,76561198078147001
328080,99778476,"I am absolutely ADDICTED to this game. It is hard at first, yes. However it is structured so that you are encouraged to reset your current world in return for permanent stat upgrades. So if you ever get stuck, or are against impossible odds, it is never a total loss.

The game itself is MASSIVE. You play in regions, all connected and part of a larger, incredibly beautiful world.
Has several different difficulty modes for all player types, including a sandbox and peaceful mode.",True,1632304246,0,0,0.5,1,1615.0,9550,76561198065247969
328080,74319377,"Nice peaceful colony sim! Until the zombies start attacking relentlessly.

Its great, its fun, its not designed to ""win""...I really enjoy the challenge of seeing how long I can make it each time.  Each map is different and requires outside the box thinking on how to protect your colonists.

Well worth it!",True,1597449033,0,0,0.5,1,2475.0,2707,76561197982417203
328080,84646314,"Definitely a good game. I started out RTS, evolved into a city sim, then created my own tower defense that's supported by the infrastructure of the first two. You can complete challenge objectives, gain god XP, and unlock passive god powers.",True,1610589602,0,0,0.5,0,1734.0,4084,76561197973199147
328080,75568282,"I've revisited this game many times over the years, and it just keeps getting better. A really nice village builder with a surprising amount of more in depth details. Much credit to the developer for the ongoing additions and improvements -- it really seems like a well-loved game.",True,1599433503,1,0,0.5,0,3142.0,6685,76561198009976643
328080,94470386,Awesome game for anyone who likes TD/city builder strategies. 25 hours in and I don't see myself stopping anytime soon!,True,1624764202,0,0,0.5,0,1523.0,4598,76561198043673868
328080,146350080,good,True,1694801204,0,0,0.5,0,2749.0,4004,76561198006911832
328080,75693191,"I finally managed to beat a map on survival (removing all corruption), holy hell. It truly feels like an accomplishment.

The game plays like a mix of Rimworld (for the colony management) and Kingdom (never-ending waves that get stronger and stronger until you die while you act as the hero, but in this case, a god).

You build a base, monsters raid you every night, corruption takes over the map, you try to upgrade as fast as you can and manage resources, and eventually you usually lose.

There are two ways to approach a map: the intended way, where you let the corruption slowly take over and hope to escape to the next area with as many villagers as possible while towering up with beautiful mazes, and the ""I'm not losing way"", where you'll read a bunch of tutorials and guides throughout the years and hope to kill the corruption before it gets out of hand. Some mobs are intended to surprise your usual construction tactics (fire elementals hate water, ghosts hate magic walls) and if you don't plan for them you're in for a rude awakening.

Both are fun and satisfying in different ways. The corruption hates when you push back against it and will send increasingly difficult waves the more you box it in. If you instead let it take over the map, you will have a generally easier time surviving, but might start becoming starved for resources to an extent. Or not, because you're a god that can regrow forests and mountains on a whim, with your amazing powers coming from sacrificial pools and Duracell battery packs/essence collectors.

The first time I played, I felt like the game was too slow and was constantly running on 3X time. This was a major mistake. Ideally, you should be doing something every second, whether it be helping to build buildings using the grab spell, or charging up mana using natural radiance pools and sacrificial pits (you can also sacrifice rocks to them!), or setting your foes on fire because your maze is very tight and you have a flame spell that actually works as a napalm spell.

As for the art direction, I like the pixel art style, but it feels like many of the buildings aren't distinct enough, as well as the spell icons. It's hard to make out what's what at a glance until you're many hours in. The music is alright but I turned it off since it feels like it could use more variety. Sometimes I have no idea what the hell colonists are doing, and I'm not sure if it's an AI issue or if it's the way I'm allocating them, but unless I specifically prioritize each job in order, it feels like nothing gets done.

Overall, really solid game, but not for everyone. Pick this one up if you like a challenge and extensive micromanagement and you miss the days of god games.",True,1599650869,0,0,0.5,0,2239.0,3247,76561198002181744
328080,74802967,"Great game, more than worth the price.",True,1598217193,0,0,0.5,0,1860.0,2470,76561198870481378
328080,84756375,Very cute and addictive game. Excellent sound track to relax.,True,1610753662,0,0,0.5,0,1775.0,2123,76561197973771147
328080,149947318,"Deceptively simple game. On the surface it looks like there's not a lot here but actually, the game is a bit of a masterpiece.

'Open world' tower defense game where you build your city, develop monster kill zones, get resources. Somewhat if a colony sim/mgmt game but not really. Once you get the hang of how the game works and how to build your base, it gets a bit easier, but overall it remains a game with a good level of challenge (maybe, too hard at times, or maybe that's just me). There's ALWAYS something to do in game.

Good pixel style graphics, nice game effects. 

Absolutely worth the money. I keep coming back now and then to try again and again. Game has a bit of a cult following and it's almost up there with the greats (e.g. Rimworld, Dwarf Fortress, Songs of Syx), but isn't quite there just because it lacks scale and complexity of those other games, but that's not a bad thing at all.",True,1699723857,1,0,0.5,0,1891.0,1891,76561198089263356
328080,146424622,I don't play on the harder settings but this game Is an absolute blast if you play on the more casual settings. It combines my love for colony management games and also my style of starting over and over again with the roguelite elements. What a great time!,True,1694894780,0,0,0.5,1,2506.0,4190,76561198003480376
328080,137577690,,True,1682888464,0,0,0.5,0,3025.0,17653,76561198130148860
328080,145109530,Incredible time travel machine. One second you're starting a village and the next time you check the clock you're out of a job and hustling on the streets for money to pay to use your last friend's outlet so you can keep playing.,True,1693117275,6,2,0.535216271877288818,0,3563.0,5685,76561198333935604
328080,108781881,"Learning game's mechanics takes time but once you know how to properly do stuff game begins to be even more interesting and challenging.
This is and always will be one of my favourite indie strategic games.",True,1643148804,0,0,0.5,0,2332.0,5165,76561198209508376
328080,139492566,"A fun and challenging city builder and defense game with quite a bit of meta progression.
While the developer hasn't released an update in around a year, the game is quite fun and you could easily get into the double digits on hours played with what's here right now, and he's stated that he plans to continue to update the game still.
Now with achievements.",True,1685814229,2,0,0.516806721687316895,0,2092.0,2225,76561197982167039
328080,133234825,A good colony sim. Not quite as deep as some others but it's a great entry point to the genre if Rimeorld or Dwarf Fortress are too daunting.,True,1676901585,0,0,0.488233357667922974,0,1885.0,2178,76561198003995448
328080,145175390,"Fantastic Game, hasn't been abandoned at all! - The new update has brought a lot of new life to it and is worth a go.

Combination of God powers, tower defense and Dwarf fortress all in one. I highly recommend giving this a shot.",True,1693193268,0,0,0.5,0,3533.0,3775,76561198011146615
328080,141265966,"Phenomenal game. Great blend of tower defense and city management. Definitely worth a shot if you enjoy either of these genres.

The game also doesn't take itself too seriously, with villager names like Terminator Rex and death blurbs like ""That was probably your fault..."" It finds its balance between humor and strategy.",True,1688445081,0,0,0.5,0,2027.0,3692,76561197984694353
328080,145662884,"This game is a wonderful mix of city builder, colony sim, god game, and tower defense.
It is challenging. You will lose the first three to seven times you try to survive. But each time will give you more knowledge and you will unlock minor upgrades to your account.

Keeping your people happy and fed through the year while constantly be swarmed by enemies is rewarding.
If you want a game that will challenge you and really make you consider your choices, then I highly recommend this.",True,1693845454,0,0,0.5,0,3430.0,3802,76561197989863313
328080,145922873,game,True,1694190505,0,0,0.5,0,2976.0,4182,76561199004546209
328080,124117800,For lovers of logistics and getting angry at NPCs. A wonderful game,True,1666280050,0,0,0.5,0,2363.0,3191,76561198340645099
328080,124261267,,True,1666513052,0,0,0.463510841131210327,0,2835.0,3166,76561198068669557
328080,132092188,good and yummy,True,1675380544,0,0,0.5,0,1819.0,5978,76561199013660136
328080,117666262,"I've never liked tower defense games as a genre, but this game is different. It combines a bunch of different genres into one (colony sim, god-games, tower defense, roguelikes) that it feels like something different and plays differently and in a really cool way. It's also full of personality, with little easter eggs, puns, and the developer's sense of humor sprinkled in. I really like the game!",True,1656262774,0,0,0.5,1,2596.0,9082,76561198005851071
328080,71022207,"Awesome game with a Knights and Merchants feel. Insane replayability. If you like tower defense, base building, or survival games this title has you covered!",True,1592565661,0,0,0.5,0,1517.0,7801,76561198033066737
328080,82523694,"Great game.
Nice to relax and still challenging!",True,1608156091,0,0,0.5,0,3603.0,10179,76561198059987410
328080,84644525,Type of a game where you enjoy it twice as much when you figure it out how to play it as intended!,True,1610586413,1,1,0.491698592901229858,2,2057.0,13630,76561198033889822
328080,86690903,"Has a steep learning curve, but mastering it is so much more rewarding for the pain.",True,1613372499,0,0,0.5,0,2609.0,3000,76561198045465118
328080,72322186,Fun game.,True,1594241876,0,0,0.494186043739318848,0,1455.0,3534,76561198010170407
328080,84949483,"This review is based on my gaming experience using the difficulty setting ""Survival"", which has the tag ""How the game is ment to be played"" on it. I hope my points can help to further improve the game!

To begin with: This is a great game, especially for this low price. Getting into the mechanics of it is not that easy at first, I learned from mistakes a lot and reset my world two times, before I got a grip at it. I like the concept of building a survival RTS (much like banished) but with a growing threat that needs to be defended from.

Its biggest, yet missing, potential is in the long playability. 
There is a world map and you advance from a flourishing village to the next region on the world map. That is quite fine and gives the feel of conquering a world and prospering.
But once I have a working village, the next map is relatively easier (you can send much more villagers to a new region than you had for your first try - there could instead be just an ""expedition"" of fixed size that needs to be build and sent) and, secondly, I repeat the same steps on the next map - I have found the maps not to be different enough to grant a new experience. 
There could be resources scarce or even missing, needing to be imported from another village of you. 
There could be different types of monsters or disasters, needing a different response of defense. 
- e.g. a fireworld, where your wooden buildings can catch fire and need water to be rescued
- or enemy types like in a region with many stones, make stone enemies (hardened against arrows, susceptible against magic), wood regions (with wood/poison monsters, susceptible against fire), or snowy regions etc.
There could be goals on a map, like trading a neutral faction with iron swords to open the gate (as a shortcut on the map or as cost to advance to another region) or building a bridge over a river, needing lots of stones and wood, etc.

Another point is: This game wants to be a survival RTS and tower defence cross over and I first wanted it to play this way. But I discovered that it is much easier to use god-hand tool and toss the first waves of enemies into the Makeshift-Culling-Pools, which are already on (most? all?) maps. That way I can directly advance to golems and a few towers in the first choking point, while also rushing forth and pushing the corruption (the enemy) whith simple campfire buildings back. Even late game I repeat the golems on the other sides of my city and never had any trouble defending. I never build a maze since then, nor a wall to begin with.
My campfire buildings should be attacked by monsters. It is to easy to build the campfire building all alone with your god tools and the corruption has nothing to answer that. 
Maybe the corruption could spawn in regions with many monsters and vanish when for some time no monsters were present. That way I dont need to build on the whole map to push the corruption back, but need to attack their production in order to beat their troops. Building some smaller tower outposts would be more engaging than campfires all arround the map.",True,1611017063,4,0,0.551332473754882812,1,1720.0,2576,76561197979097131
328080,112075762,"One of the best village sims that are out there.
Very well made, fun, replayable, complex but not too hard to get into.
The tower defense elements are great, there's a good deal of planning involved.
I believe this dev really deserves our support.",True,1647131031,0,0,0.5,0,2386.0,2395,76561198119508803
328080,108276796,Very excellent and fun!,True,1642525167,0,0,0.474947810173034668,0,2978.0,4629,76561198135259326
328080,140575885,"A fun game, worth the money. A great city builder with tower defense I keep coming back to. However do note that development has stopped.

Edit: The big (final?) patch arrived a while ago. Recommended even more",True,1687553552,9,0,0.502441108226776123,0,2525.0,2531,76561197995934838
328080,84929480,"Well I do like the game. To keep it short it's a masterpiece.
But I wouldn't recommend it for casual play, neither for most people.
You gotta learn a lot, a lot of the mechanics to survive long term. 4h per lesson gets painful.
A school building would be a good idea... the villagers are not very smart 8)
Still I do enjoy it and will keep playing until I can bloody kill the corruption. Hopefully before the trash eats my village :V",True,1611001401,3,0,0.54392707347869873,0,2616.0,6780,76561198024424146
328080,72733010,"Edit: There is no way to actually defend your colony after a certain point. So basically your days of endless clicking and management go to waste whenever the corruption begins to overpower you because every day that passes they become stronger while you do not scale over time. Your only solution is to stack defenses which can't be done forever because you're limited by a maximum number of structures you can build and there wouldn't be enough space either for that many defensive turrets.

In the end, you're playing just to see your effort destroyed by an unstoppable force.

Edit 2: It's still a good game

Edit 3: You can finally conquer the corruption. Thumbs up !!!",True,1594820882,0,0,0.5,0,1735.0,4730,76561198026793846
328080,145805093,"Great game. More actively developed and more stable than DF; as a added bonus, it does not come with a toxic community of fanatics. :)",True,1694024941,0,0,0.5,0,2139.0,2166,76561198042717743
328080,114558467,"Really great game ^_^ I don't usually buy early access games, but this one is really great!",True,1651062441,1,0,0.504366278648376465,0,2225.0,8983,76561198038199993
328080,79360148,"To the point review:

Good game that moves a little too slow even with speed vastly increased. Graphics are good (if you're into pixel graphics), but differentiation between units and even enemies becomes difficult as things increase. The city builder elements are good, and kept me around for a bit. The arbitrary ""progression"" system and the unstoppable (without cheesing) impending doom was more frustrating then it was engaging. Overall, a good pickup due to it being a unique spin. 6.5/10.",True,1605538174,0,0,0.5,0,2636.0,2636,76561198020570859
328080,95789439,"Early, slow-paced fun game.  Like an idler, almost, but with high optional interactivity.  A bit hard, though, and scales to 'doom garunteed'.",True,1626362679,0,0,0.5,1,1802.0,7631,76561198011883743
328080,73715419,This game is all I needed,True,1596482498,0,0,0.5,0,1705.0,2639,76561198102549554
328080,110096690,"That's a nice village ya got there. Would be a shame if something happened to it...

That's the game. Even if you set it to ""Peaceful,"" it's still hard. Lightning storms, meteor showers, you never know what you're going to get. Cannot recommend it enough.",True,1644703987,0,0,0.5,0,1961.0,21360,76561197994131157
328080,125233064,I like,True,1668055974,1,0,0.480815261602401733,0,1878.0,4090,76561197969700672
328080,74685213,"Complex, Entertaining, Challenging and suprisingly good. A job well done!

Not for the adrenaline junkies but more for the strategic minded.",True,1598041608,0,0,0.5,0,3251.0,3784,76561198007161408
328080,115608172,Thank you for this peaceful game. Relaxing music is also a reason to thank. This game has an oldschool logic which means enough (not redundantly better) graphics and gripping gameplay. Needs a little balance about towers and maybe some different kind of defenders might be better. GG.,True,1652817029,0,0,0.5,1,1913.0,12769,76561198204876061
328080,89668335,It's much better that you think. Goof god strategy game. Village by village evolution; with nice pixel particles.,True,1617493141,0,0,0.5,0,2387.0,3125,76561197994588067
328080,105491189,"Amazing and addicting game! If you like sim like games, this one packs a punch!",True,1639007005,0,0,0.5,1,3157.0,3551,76561198037155359
328080,85180515,Good lil dogs,True,1611373227,0,0,0.5,0,2201.0,3825,76561198037640050
328080,106969478,"A sincerely excellent game, but I found the difficulty often comes from the units in game being complete and utter morons and not so much the challenge of fighting monsters and defending your base. Many times I've had my trashers go ACROSS MAP to collect trash vs collecting the trash in my village, I've had rangers completely ignore monsters in the village to go off and fight a front line on the breach of corruption. Makes zero sense, wish some of this stuff would be addressed.. but again, an excellent game nonetheless.",True,1640940678,5,0,0.541666686534881592,0,2103.0,5530,76561198051374640
328080,164932685,"Fantastic game - if you love Rimworld or similar genres, this is one of the greats (even if underappreciated!)",True,1715188699,0,1,0.5,0,3701.0,3816,76561197994030688
328080,100787070,"Fully enjoying your game, i'm a classic command and conquer player and this type of game play hits home with me.

The city design is good and expansive, could use some more buildings that use influence as fuel like worker golems and maybe the option to boost productivity at the price of it constantly consuming influence, i got to the point where i had so much i could never do enough to use it all.

the villagers are actually fun to watch, doing stuff normal people do like wonder off in the wrong direction and get lost, or freak out when you start using god powers near them, could use more in depth villager design for stats and some sort of growth system you can control rather then them just doing them, because you're god and should be able to mold their fates ya know?

And that was just things i felt could be added for more late game material, other then that if you play the game properly you should never arise to the need for either of those improvements the game is amazing and i've already gotten well over my moneys worth out of it!",True,1633791583,0,0,0.5,0,2287.0,6198,76561198162182842
328080,208804228,"Fun time sink, but as an achievement hunter it was disappointing that I had to earn the achievements 1 by 1 in a progression tree that didn't feel like natural progression towards the achievements.",True,1762694981,0,0,0.5,0,3007.0,3007,76561198064117747
328080,85418194,"40 hours in. Reset the map several times understanding how the game works. I love this game. Simply put. Investing time in how to create a protective shell around my people while stifling the expansion of darkness. This game brings two worlds in gaming together very well, almost perfectly. The economy and periodic nomads make the game playable. PLUS spells? There are other hidden jems in there that I refuse to speak on because you should discover them yourself. Definitely a buy and worth every penny.",True,1611717910,0,0,0.5,1,2457.0,3453,76561198044497345
328080,76260372,"Okay. Honestly... I didn't know what to expect. The pixel graphics, and the steep learning curve, had me leaning towards ""not going to enjoy it"", but after installing and giving it the ol' college try... I am happily admitting that, wow... I was wrong. This game is amazing. It isn't necessarily intuitive, but if you are the type of player that can learn from your mistakes, then you will do just fine (in fact I think that is the point?). I've logged 50+ hours at the time of writing this, and plan on logging more. It has a tower defense aspect to it, with a real time strategy feel to it. Definitely worthy of being in your library.",True,1600576987,0,0,0.5,0,3123.0,20449,76561198032651959
328080,73542694,"A fun town building game akin to something like New Dawn or Banished with some tower defense action. 

Pros
- It has a fair bit of depth and a few different regions to experience so replay value is pretty high. 
- The pixel graphical style is very simple, but does look quite nice in my opinion.
- There are a lot of different options for defense, so your base isn't always the same.
- You can migrate your villagers and deliver resources to difference towns you have setup in different areas. For example, have a mining town setup where there is heaps of rock and deliver the resources to your towns where you need to set up defenses quickly.

Cons
- It can be hard to make out what is happening sometimes when some of your villagers are getting attacked because the art style can make the game look quite cluttered.
- Some of the buildings look a little similar so sometimes it is hard to remember what's what without clicking them.

Overall a good time and I'll surely be returning to this game every so often to improve my world.",True,1596164833,0,0,0.5,0,1687.0,4998,76561198000947128
328080,88642849,"A very good game that mixes Colony management, God game and Tower defense.

Buyers beware, this may eat your life for the forseeable future. I find myself thinking, I have to stop playing and go do something and then I just keep staring at the screen and playing regardless of what else needs done. It's the real time version of the, just another turn.",True,1616077103,0,0,0.5,0,1916.0,5034,76561198072370060
328080,123370662,maddeningly addicting,True,1664935109,0,0,0.5,0,3557.0,3608,76561199321409997
328080,76098223,would recommend for sure! very complete!,True,1600306335,0,0,0.5,0,3092.0,4320,76561198039696161
328080,113364697,Good game concept. A bit unclear on how to win. Basically you build your towns footprint and that pushes back the evil which increases the monster wave intensity. There's no armies or warriors to send out which seems odd. But overall not a bad game. Not much for replayability IMO as the only way you can win is buy just making a larger footprint  town.,True,1649134850,5,0,0.548824906349182129,0,1583.0,1583,76561197986348137
328080,105397451,relaxing,True,1638866723,0,1,0.5,0,2172.0,2209,76561198091555966
328080,113214846,"Its an incredible game, its like a tenner and it plays beautifully. The personal touches are wonderful and hats off to the God-like developer for the personal touches and notes and just updates.",True,1648901186,3,0,0.524609863758087158,0,1945.0,4480,76561198057931924
328080,145193755,epic game must try literally so good i shit  my pants hwile p[layin g itcuz it is so good,True,1693224494,0,0,0.5,1,1725.0,3656,76561198244537986
328080,114725705,"Factorio meets settlers. Its a fun passive style on lower difficulties. 

I like the game.",True,1651331729,1,0,0.507462680339813232,0,1558.0,2875,76561198119458249
328080,113662359,"Slow... Very Slow.  

Good",True,1649630805,0,0,0.5,0,2132.0,15409,76561197961521837
328080,145173370,"Excellent game. I haven't played in a hot minute, but back when I did it was already a complete game. One of those rare few games that go on ""Early Access"" and are actually worth the early investment. Development activity has varied, but that's to be expected from such a small team. Even in the low points, it was never abandoned (and even if it was, it was still a good game). Great game if you enjoy the genre.",True,1693190024,0,0,0.5,0,1523.0,1523,76561198108940747
328080,84752920,If you like a dwarf fortress style game then this is pretty fun.,True,1610749002,0,0,0.5,1,1813.0,2971,76561197963542384
328080,208985247,"Really interesting game, sort of in the Rimworld space (though they have little directly in common). Maybe better to compare it to a really complex tower defense game? It's pretty unique, and quite well done with a lot of strategic depth. Lots of ""well, I did not think THAT through well"" moments that keep me coming back to tweak my approaches to defense and the build-out of my colonies.",True,1762894289,0,0,0.5,0,2498.0,3739,76561197979475598
328080,177810309,This is one of my favorite hidden gem games. Some times I fantasize about a game like this with the triple a budget man it would be awesome,True,1729983009,2,0,0.539748966693878174,0,2908.0,3148,76561198044519760
328080,150252088,Great time killer to play while doing other things as well in my case i play this after doing my college stuff as it keeps me awake in my reviews for upcoming exams. all in all for me this is a good game so thanks a bunch.,True,1700182365,2,0,0.542151391506195068,0,2434.0,2471,76561198825640992
328080,145245570,awwwwyissssss,True,1693297327,1,0,0.518518567085266113,0,3587.0,4797,76561197983198503
328080,91855038,Very fun colony/tower defense game!,True,1620789097,0,0,0.5,0,2240.0,2551,76561198038175998
328080,146027128,"Really great game all around have played it for a while originally getting it early in the stages, I do feel it is harder to use the god powers compared to previously as there are less spell slots from what I remember however the Achievements update is wonderful both in getting me to come into and be able to find out what amazing content this game has to offer. I'm excited to try expanding on the map and taking back land from the hoards that are starting to surround what I've built",True,1694316581,0,0,0.5,0,3154.0,3671,76561198058638683
328080,108169544,Nice Survival village sim/TD hybrid,True,1642373009,0,0,0.5,0,1884.0,2779,76561198041423714
328080,124142986,much fun. very game.,True,1666325331,0,0,0.5,0,3333.0,11060,76561198019250306
328080,90811313,"Great game, Great mechanics.",True,1619228921,0,0,0.5,0,2406.0,3049,76561198050561142
328080,133901656,"Honestly this game has potential but it fiercely caters to a small audience, the audience in question are those who like to spend maybe 15 to 20+ hours of their time only for you to lose all progress, it almost feels like the game wants to waste your time. Now I'm not saying its a bad game but I wish there was a game mode besides peaceful where you could play indefinitely. 
As you can probably tell I'm not a huge fan of the imminent doom genre, maybe this isn't the game that I'm hoping it'll become but I was 100% expecting Worldbox X Rimworld but instead I'm pretty sure it's Dwarf Fortress X Worldbox. 
Still giving this a thumbs up because I enjoy playing it the whole time up until I die.",True,1677739037,27,2,0.731299757957458496,1,1829.0,5959,76561198365011328
328080,109730555,"This is a gold standard RTS-Base Builder IMO because Rise to Ruins is pretty easy to pick up and start playing, but wow is it hard to master. Come play some tower-defense town making and you'll soon find out how subtle and complicated this game is under the hood.

I'm almost 40 hours in, survived my first year, and I'm still learning whole new ways of organizing and building my towns. It's amazing. It's little stuff like ""I should put ammo storage next to my towers rather than the ammo-maker.""

Another example: By watching my farmers I realized many were idle. Turns out farms don't take a lot of routine maintenance and I was able to unassign a ton of my farmers (now I have about 0.75 farmers per farm, depending on efficiency bonuses)

Towers are the same way. Position, type, wall design. There's a lot more going on than just ""make a maze for baddies."" The village's entire economy has to be considered.

Overall 10/10 for being utterly fascinating to play.",True,1644253403,3,0,0.543033838272094727,0,2156.0,8161,76561197995377289
328080,76057899,"This game is very fun and quite addicting to play.  My only complaint is that you can't speed up the game clock to go very fast, so it is a major time sucker.",True,1600243012,0,0,0.5,0,1818.0,1818,76561198376984809
328080,120701930,good,True,1660608338,0,0,0.5,0,3276.0,8342,76561198140803503
328080,87802096,its gud,True,1614805362,0,0,0.5,0,2665.0,2748,76561198832350970
328080,113898722,"A chill village management sandbox with tower defense mixed in. Once you get through dooming your world once or twice, it's pretty chill and easy to get into. Love it.",True,1650036164,4,0,0.528346836566925049,0,1564.0,5741,76561198029718613
328080,113024940,"Too much bulls**t out of your control that will kill your run when you make yourself some tea.
Want a random meteor-shower? There ya go
Want a bonus of 2pixel size fire demons that will ruin your city infrastructure in minutes? Be my guest!
Anyways.. let's start another one..",True,1648569423,4,3,0.524486064910888672,0,3720.0,4312,76561198062293309
328080,145174244,"I love this game, and I have spent many hours playing it. I'm a big dwarf fortress player, and it scratches a similar itch. Can't wait for the new updates the developer is working on!",True,1693191434,0,0,0.5,0,1787.0,1787,76561198154877016
328080,118216405,dog kidnapping simulator,True,1656964587,2,4,0.498294144868850708,0,1589.0,2571,76561198070614103
328080,73047464,very fun slow paced relaxing game.,True,1595315237,0,0,0.5,0,1943.0,2533,76561198158635264
328080,75873698,a very fun game quite wholesome love everything about it,True,1599947887,0,0,0.5,0,3525.0,20135,76561198880540623
328080,86989584,"Challenging yet not too complicated.  It only takes one mistake to lose your village, but this is the challenge of the game.  Still working on figuring out the best method to develop the villages, but more than enjoyable.  Highly recommend if you enjoy strategy games.",True,1613693820,0,0,0.5,0,3516.0,12607,76561198372634990
328080,101808511,Good one,True,1635507675,0,0,0.5,0,2511.0,2511,76561198063996334
328080,113577831,"Just like Rimworld, this is a must  have for the Colony Management enthusiast.  The amount of complexity is vast, yet scaled to your preference with a few clicks.  The gameplay is engrossing yet simple, allowing for complex strategy.  The fact that you can populate multiple regions of a world with many colonies which can then interact with each other is a new, refreshing take on the genre.  Best of all, it's easy to dip your toes into this unforgiving world because once you feel comfortable with the mechanics you can push the world back to it's original, clean slate and start all over again, yet retain all the experience you earned prior.",True,1649510700,0,0,0.5,0,2090.0,3502,76561198005869601
328080,134635869,"Note: The world this occurred on was Traditional difficulty. I lasted a year and a season.

I understand difficulty is mean to be a big draw of this game, I understand the whole ""spend ages then die"" is supposed to be intended. But there is no world where suddenly losing a twenty hour village isn't painful, and not in a good way. I've spent the last thirty in game days gradually pushing back the corruption and gauging the response from the monsters every night, keeping in mind the warning from the tutorial hint that the corruption will fight back if I deprive it of room. Everything was fine until the last few days. I was managing the monsters alright every night, they got much tougher but it was nothing my defenses couldn't deal with. Until suddenly, the corruption stops getting pushed back by fire pits. Where it would basically melt before, now it just sticks around. So what would have been the final day of corruption got dragged out into one more night, except now the monster spawns were INSANE. I killed something in the ballpark of 300-900 monsters that kept pooling out of the small collection of MAYBE one hundred tiles, and now the monsters had several thousand health instead of the low one thousand range. Defenses that were once overwhelming were immediately out scaled in the course of one night. Whatever system is used to dictate the difficulty of monsters in relation to the size of corruption needs to be tweaked.

Despite my frustration with the corruption scaling, this game is still fun. Managing my village and defenses while beating back the corruption is an engaging challenge. I'm not sure if it's a difficulty thing, but the loot crate spawns felt way too high, being able to grab something like 20 of every piece of equipment from them sorta removes the urgency for smithing related buildings. 

I might edit this review later, pending another few runs.",True,1678774441,0,0,0.5,1,1768.0,1800,76561198073350998
328080,88359799,it's like a light blend of creeper world and rimworld.,True,1615640370,1,0,0.483971834182739258,0,1655.0,1916,76561197972562830
328080,116590883,Is it a city builder and management game or is it a tower defense game? Is it fun? The answer is Yes. :),True,1654546322,0,0,0.5,0,2303.0,5657,76561198033617861
328080,78236849,"Ultimately it's a slow and boring game , altho relaxing.

It has some of the elements of city builder , but at the same time it's very limited.

If I were to compare it to a classic game Like The Settlers, you have all of the elements that game has, Housing , Food , limited tools and clothing, towers and a bit of magic.

However unlike The settlers you're mostly pinned to one area defending.

If you don't place your buildings randomly , you can't loose and waiting for day 100 takes to long to wait for that challange(if it even is challanging at all. The speed at which this game is played is hampered by the amount of folk you have early game and by the fact that pawns spend much of their time idling , chatting etc.

And then there's walking speed. You want to build things close togather and to the resource points , but not always you can , even in efficient setup it still takes a while to get roads up and running. 

It's obviously meant to be a simulation , but thee game mechanics rub me the wrong way.
A villiger would rather die of starvation than pluck some food out cuz he's TIRED in the moment! 

Despite the fact that I find it shallow , I enjoyed watching the game play itself for a couple of hours.

The thing that wins me over is the Pricetag, the game is worth it's price",True,1603808622,6,1,0.558555901050567627,0,1562.0,1562,76561198045675514
328080,123465794,"Great game, some small quirks here and there, and a little more difficult to get into than more streamlined colony sims, but all around really fun.",True,1665110417,2,0,0.493099480867385864,0,1479.0,1985,76561198131445028
328080,76388178,this is one of the best games I've played keeps me entertained endlessly,True,1600795048,1,0,0.523809552192687988,0,2898.0,23862,76561198213842676
328080,71240694,Veryy Good game. Good Job :D,True,1592943197,0,0,0.48828125,0,1892.0,2961,76561198251360142
328080,92699594,"A great and addictive fantasy town builder, tower defense game.",True,1622157834,0,0,0.5,0,1783.0,1783,76561197962043613
328080,72650173,First game to keep my attention for more than a couple days in a row in ages. Lots of fun.,True,1594691457,0,0,0.5,0,1903.0,3632,76561198061108113
328080,184660733,eeeeeeeeeeeeeeeee,True,1735925139,0,0,0.446894943714141846,0,2033.0,2040,76561198964104388
328080,92205957,"It's a good game. I first played it months ago, got confused, and gave up immediately.

After revisiting it and actually learning the basics, I've gotten a little bit hooked. What elevates this above other base building games is the scale of it. Each map is a small section of the whole world, and in order to play a new map you need to establish your colony enough to build a migration station and send some fellows over there. It's an interesting mechanic that adds a sense of longevity to your decisions. That also means your starting location is very important, a fact which unfortunately isn't highlighted very well.

A short while after starting a new map, corruption will start creeping in spawning enemy mobs that attack at night, which adds a bit of a tower defence element to the game. If you play smart and fast you can cut off and corner the corruption before it becomes a major threat, but this will cause it to spawn more enemies more often. If you don't want to deal with any of that the game does offer a peaceful mode with no enemies.

You also have a slew of God powers you can use, and you can grab and move around things like resources to help build and enemies to toss into death pits. It's a neat addition that adds in more direct control so you're not just sitting back watching everything happen all the time. Overall the game is pretty addictive, it's fun to see your little dudes working away and your base growing and expanding. I'm not sure how much diversity and variety in gameplay the different maps offer, as the two maps I played seemed fundamentally similar, but I've gotten like 60 hours out of it and I'm not ready to put it down yet. Worth.",True,1621343983,0,0,0.5,0,3588.0,5177,76561198001008628
328080,178351915,its a classic style god game that has hours of content before completion ive followed this game from when it was a tiny indev game and the arc through time has really helped make this game into a proper casual experience,True,1730676950,0,0,0.5,0,1546.0,4436,76561198152307997
328080,129242633,"Raise from ruins, then get razed to ruins again :/",True,1671968385,0,0,0.5,0,2220.0,4133,76561198054931946
328080,112693008,"Considering this is a one man project I would rate this 9/10 - It's difficult but fun, also I haven't played in a while so maybe there have been some balance changes but overall this is a neat game if you can get hooked on gameplay alone and don't need AAA graphics to enjoy playing.",True,1648038143,0,0,0.5,0,3193.0,3193,76561197960487541
328080,101425685,"Крутейшая вещь. 
Стратегия с непрямым контролем поселенцев, но при этом есть возможности влияния с помощью магических сил.
Задача создать городок с инфраструктурой, способный в ночное время отбиваться от полчищ монстров, а в дневное затариваться всем необходимым для выживания в разные времена года. Присутствуют цепочки производственные.
Ресурсы, материалы, пища, инструменты, снаряжение, даже снаряды для башен. Все ресурсы ограничены, хоть и некоторые возобновляются.
Каждая последующая ночь сложнее. В определенный момент нужно будет искать новое место для поселения на глобальной карте. Врагов невозможно уничтожить полностью, только выиграть время.
В определенный момент поймете, что следующую ночь вам не пережить.
Получается стратегия с менеджментом ресурсов + тауэр дефенс.",True,1634886985,0,0,0.472222238779067993,0,3678.0,3696,76561198129364777
328080,108815274,"Can't believe I missed this gem until last week and really looking forward to whatever updates might come in future, although the game is pretty compelling as it stands and so far rock solid.
I like the style of using god-like powers to help various things along (I'm heavily using the grab option for example to kill off high HP enemies, help speed up buildings and focus my defensive minions against the enemy base), as opposed to the Rimworld style of micromanaging every detail of job/task/priority. I feel like I matter a lot more and can quickly influence outcomes. It might be because it's just a hard game, especially when those spawns get stronger and you fail to stop enough corruption from spreading, and having that rapid response grab ability is just a necessity. 
I have a couple of gripes, 1) the minions could path better, e.g. if there is wood next to a thing being built, pick it up instead of going all the way back to base to get a piece from storage and 2) don't stray into the corruption to hit a crypt unless its partially covered by light (fire) because that's insta-death. It means you have to be watching everything all the time, which is kind of hard (especially when you don't find the UI scaling option and can see only a limited portion of the map, yes, I'm an idiot). 
Having said both those negatives, and despite a lot of horrible minion deaths, I'm not bothered because it's my fault (I'm god after all and there are plenty of ways to prevent minions dying), it adds to the challenge, sometimes accidents happen and everything else about the game just feels so well put together and fun to play. I'm confident this game will remain in my top 5 best game list for a long long time to come. Hats off to a heroic dev, yes just one dev !!!",True,1643202112,1,0,0.516832947731018066,0,1521.0,2049,76561197991371574
328080,198287789,Very fun game that takes at least half a dozen times to understand the majority of game mechanics.,True,1751044247,0,0,0.5,0,3262.0,4150,76561197963366484
328080,89802278,"Difficult to get into, but long-time rewards last between worlds",True,1617670402,0,0,0.5,0,3123.0,10363,76561198048291984
328080,114579734,"Good game, I only wish there was some type of unit management for the rangers/golems since they always seem to wander away from where I need them to be.",True,1651091728,1,0,0.504366278648376465,1,1927.0,1927,76561198163009958
328080,95807563,"This game is super fun. Can't wait to see what content comes next (fishing when?) I recommend starting on Traditional before moving to the next difficulty, it gets really hard.",True,1626385729,0,0,0.5,1,1880.0,1881,76561198302197299
328080,142349475,has a lot of replay value if you're looking for that. you can play this for HOURS and being able to set your own game-rules help a lot for people who arent good at the game (like me.),True,1689708329,0,0,0.5,0,2605.0,3234,76561198049229785
328080,75923130,"Its a gaem that you cannot afk for more than like 10 minutes at a time, very involved and 10/10 would reccommend",True,1600023196,5,0,0.559060633182525635,4,3157.0,15239,76561198992458504
328080,81698404,fun and addictive game play with a very harsh learning curve. Be prepared to do some digging and research and to die several times when you think you finally figured it out. If your ready for a challenge i would totally suggest giving rise to ruins a shot!,True,1607223067,0,0,0.5,1,2147.0,4003,76561198090028529
328080,105054732,this game is a lot of fun it dose get harder as the game gose on as well,True,1638428452,0,1,0.5,2,1972.0,7807,76561198343236630
328080,90667165,"This is a wonderful build-in-the-face-of-increasing-doom game. If you are someone that gets enjoyment out of puzzling exactly what things do and like to continually work on efficiency and planning you'll love this game. 

It does have a little bit of 'oh dang, some new thing/monster surprised me and now I am dead so have to start over' aspect which I'm sure some people don't like. So far I've been able to plan ahead in my next village to handle whatever the event was that finished off the previous village.

I do tend to move on from games once I feel the optimization pieces is 'solved' and/or the gameplay gets stale or repetitive. I don't have concerns yet about that but even if it did happen soon I'd be happy with the 40+ hours I've already gotten out of this little gem.",True,1618990258,0,0,0.5,0,2601.0,4165,76561198051516276
328080,94894625,"its a good game, take a bit to learn what to do and the game tips help with most of that. There are some weird choices when it comes to the marketplace and any type of refining mechanic in which you have to right click to increase the amount of what you want to make by 10 and left click will increase it by 1 and holding shift or alt *cant remember* when right clicking will set the number to what ever your storage is or to make it none stop. This was the only issue I had with the UI.

TL/DR
Game is fun and is worth its price.",True,1625242411,3,0,0.545767366886138916,1,3282.0,4020,76561197990700533
328080,120412518,cool,True,1660167572,0,0,0.5,0,1650.0,2012,76561198820995626
328080,84906832,"Manage things, click on things, stare at things. Kinda reminds me of RimWorld banging Warcraft, but with a completely unrealistic end game. Biggest complaint has to be the unforgiving overworld/save method. Each map takes hours and a full game complete seems like it could take hundreds of hours and you can make one mistake on one map and ruin everything with the only option being to start completely over (for game complete). Other problems, it's missing some pretty basic quality of life features and the learning curve is a right angle.
All in all, it's one of the most satisfying base builder AND tower defense games I've ever played. Would highly recommend, 6/10 general score, but personally it's a 9/10, with a few tweaks it'd be a 10 and it's a perfect games if your into long term strategy type gameplay.",True,1610971521,0,0,0.5,0,3383.0,15164,76561197985002976
328080,83399719,"---{Graphics}---
☐ Masterpiece
☐ Beautiful
☐ Good
☐ Decent
☑ Will do
☐ Bad
☐ Awful

---{Gameplay}---
☑ Try not to get addicted
☐ Very good
☐ Good
☐ Nothing special
☐ Ehh
☐ Bad
☐ Awful

---{Audio}---
☐ Eargasm
☐ Very good
☐ Good
☑ Decent
☐ Not too bad
☐ Bad
☐ Earrape

---{Audience}---
☐ 0+
☐ 3+
☐ 7+
☑ 12+
☐ 16+
☐ 18+
☐ 21+

---{PC Requirements}---
☐ Check if you can run the calculator
☑ Potato
☐ Minimum
☐ Decent
☐ Fast
☐ Rich boy
☐ Ask NASA if they have a spare computer

---{Difficulity}---
☐ Just press some buttons
☐ Easy
☐ Significant brain usage
☑ Easy to learn / Hard to master
☐ Not so easy
☐ Difficult
☐ Dark Souls

---{Story}---
☐ Epic
☐ Lovely
☑ Good
☐ Average
☐ Not great
☐ Something is not nothing I guess
☐ Doesnt have

---{Game Time}---
☐ Endless
☑ Very Long
☐ Long
☐ Depends on you
☐ Not too short
☐ Short
☐ Long enough for a cup of tea

---{Price}---
☐ Buy now
☑ Consider to buy it
☐ Worth the price
☐ Wait for sale
☐ Maybe if you have some spare money left
☐ Do not buy it
☐ Do not throw money into a trash can

---{Bugs}---
☐ Never had any
☑ Minor bugs
☐ Few bugs
☐ Some bugs
☐ Can get annoying
☐ Ruining the game
☐ The game itself is a bug",True,1609171743,1,0,0.501754403114318848,0,2541.0,3021,76561198023182598
328080,77878129,"A very fun game that exists somewhere between town-management, god-game, and tower defense.  It is a bit tricky to get started, but there are some good beginners guides out there (and the spell to bring back a villager from the dead isn't TOO expensive).  On top of the goal of surviving and pushing back the corruption in a region, goals steadily unlock on the overworld screen to challenge the way you play as well as encourage some experimentation.  Completing these goals, as well as just playing the game, unlock some ""god perks"" that help make things cheaper or more efficient.

Overall it's a good game for some moderately-complex city-management balanced with something that's not quite the classic tower defense but still pretty close.",True,1603211550,1,0,0.503225803375244141,0,2639.0,15282,76561198037146771
328080,83199524,It's Aight,True,1608988678,0,0,0.5,1,1733.0,2304,76561198086614596
328080,84733019,Incredibly fun game.,True,1610724639,0,0,0.5,0,2156.0,4324,76561198112706154
328080,98203834,If Dwarf Fortress was more of a god game,True,1629892739,0,0,0.5,0,2345.0,2887,76561198124984158
328080,92215299,Steep learning curve on this one but it's really fun once you start to get the hang of it. My favorite part is grabbing monsters that wander out of the corruption and dumping them in cullis gates.,True,1621356483,0,0,0.5,1,2532.0,28236,76561198061775104
328080,92590045,Its a fun little game made by one person. you can easily dump hours into this while taking care of your village,True,1621974652,0,0,0.5,0,3695.0,5501,76561198061306638
328080,88466607,Great Game,True,1615791526,0,0,0.5,0,2145.0,2157,76561198111243168
328080,105023296,"my favorite game in this type good graphics relaxing ambience but there is a thing i cant controll my people
 a doggo can take 25 food and keep it so if there is someone starving he gonna die this just makes the game harder.",True,1638385234,0,0,0.5,1,2059.0,2696,76561198854514972
328080,79185508,"As the description of this game claims it's a meld between village sim and tower defence genres at heart with some additional stuff like 'god powers' and more. There are a lot of mechanics and the game doesn't seem simple at all, I keep discovering new interactions and mechanics well into 20 hours in.

The management is fun and demanding to attention, the defence is hard, get cocky and careless and you will definitely get wiped out in one unfortunate night (in survival/nightmare at least, there is an 'easy' mode for learning, which is what I recommend for your first time to get a hang of it).

The developer is pretty cool too, no DLC, no DRM, etc :)

Overall some criticism to this game is:
- Villagers AI is infuriating most of the time.
- ?

The rest I am fine with at least and with some concepts I am really in love.
Oh, the soundtrack is great too btw, you should get the ""+OST"" version.

Overall hard recommend if tags like: tower defence, village sim, pixel art, hardcore interest you - this will probably be right up your alley.",True,1605251892,0,0,0.5,0,2789.0,2790,76561197987624828
328080,73056758,"It is a village management game with elements of tower defense, where you have to wall off your city, and try to survive indefinitely against a corruption slowly claiming everything on the map that's not near your buildings.
You have spells to utilize as the deity of the village, using which you can ensure that your village is self-sufficient (as in, the resources that your village gathers never run out).
Honestly it feels like Rimworld Mobile. There are many things that you can't manage, micromanagement is basically non-existent (you can't choose which villagers you send to the neighbouring region to create a new village. They level up and age, so it's a weird thing to have no influence over whatsoever), art style is a minimalistic pixel-art with villagers not reflecting what they have equipped or even if they are the superior race nephilim pawns or just your average joes.
Tower defense aspect doesn't feel that good since the towers fire very slowly, and the upgrading of them goes just normal->better->even better->even better but now you can add elemental damage, there's no choice to tweak the towers in a certain direction for the most part.
You can turn villagers into rangers that can fight the monsters too, but you can improve their combat ability only by providing them with wooden swords/iron swords, armors and healing items. Notice I said 'provide', because telling them to equip better version of equipment is, again, impossible.
Oh, and you can't tell them where to go. Nevermind commanding the villagers RTS style, you can't even incentivise them to go somewhere with a spell or something. There's no point anyway, too, since the corruption is unbeatable, monsters spawn endlessly and without pause, nothing that you do can hinder corruption at all (aside from your buildings having a no-corruption radius around them).

Gameplay is pretty mediocre too, you start a map, gather resources, build a wall, build towers, survive and watch the corruption grow, migrate to other region because how long can you stare at the same stupid map that's becoming more and more boring because of corruption, rinse and repeat.

This game is still in development, and the developers are very communicative, so I'll reccomend this game because it's quite possible they'll make most of the things right, and throw some fun stuff so it doesn't feel so monotonous after 1h of playing.
It's still Rimworld Lite, but it's less than half the price of rimworld, so it's...
ugh, I don't know. It's OK, alright?",True,1595332151,0,0,0.5,1,1773.0,4418,76561198062260551
328080,145592577,"One of the better Indie games on Steam.  Easy to play, good balance and solid progression system.  What more could you ask for.",True,1693747232,1,0,0.515086174011230469,0,1948.0,2214,76561198088651405
328080,75894078,"An awesome defensive godgame. It is hard and you will have to figure things out through trial and error. You will fail many times, as often by the time you realise your mistake it is too late. I bounced hard the first time I tried it, but the second time it hooked its claws into me and now I am thinking about it even when I am not playing. A lot of love, skill and careful thinking went into the design of this game.",True,1599983055,0,0,0.467128008604049683,0,2529.0,11302,76561198009626889
328080,178251992,Its good. Too bad its probably abandoned.,True,1730567750,0,0,0.476190477609634399,0,2489.0,2579,76561198067148098
328080,118099376,very good yea,True,1656812537,1,0,0.473897606134414673,0,1583.0,2438,76561198020431556
328080,79327918,It has cat people in it 11/10,True,1605474507,1,0,0.479957818984985352,0,2981.0,3243,76561198063663543
328080,84136321,Really fun game to get a hang of. Simple mechanics but they interact really well and make it an overall stellar colony sim. The game can get pretty difficult as time progresses as well so no danger of being bored. Lots of maps to play on and plenty of strategies to try. cannot recommend enough if you're into tower defense or colony sims.,True,1609926345,0,0,0.5,1,3432.0,5770,76561198089145557
328080,90831527,"Love me my base builders and the fact that this one works like an incremental makes it all the better because now even if you don't do well on a build you still are actively working on progressing. the premise is basically what the mod empire for rimworld does. you start with a settlement and steadily develop outwards whilst fighting a creeping undead spreading on your map, and once you've developed enough you branch out to other maps. I haven't gotten very far so i don't know how far the development gets but love the fact that every level of building has a new look. I'm not sure what to put as i don't feel ive played enough yet but he asked for a review and said it would help. the only things ive found that i don't like is that when you use you powers to directly help your people it freaks them out, and i hope there will be more powers added in the future.
 
Update is pretty much just a rant against some of the poor reviews ive seen recently, and doesn't really detail what a great game this is, so unless you just enjoy reading no real need to proceed further.

Im updating my review in hopes that it moves it to recent reviews to try and offset this game is dead nonsense. Its Not Dead! it is complete which is a huge difference. i can understand the confusion for some as the market seems flooded with early releases so they've grown used to a game continuously changing and altering until more often then not the developer grows tired of it and just claims its finished. thats not the case for this game. its mechanics and content are set and functioning. i would also like to address the reviews that seemed to site player error as a failing of the game. this game is challenging in the beginning, absolutely, with little to no real tutorial or incite, but that's why i love its incremental system. Even when you do poorly or you are trying new strategies you are improving.",True,1619261752,0,0,0.5,1,3798.0,71849,76561198096119989
328080,93978414,Fantastic game!,True,1624061171,0,0,0.5,1,1955.0,3198,76561198018248601
328080,94600207,Difficult.,True,1624904049,0,1,0.46044585108757019,0,3188.0,11110,76561197996762479
328080,74020723,Yes,True,1596966723,0,0,0.5,0,2474.0,2806,76561198011594094
328080,90442758,"Played during early access and it was fun then, but I've come back to try it again and it is even more fun now (I know it's been a while since the full release). In early access it was all about defending against monsters at night and surviving as long as possible. After the full release it is that and so much more. There is now an objective, defeat the corruption and survive. Choose where you would like to start and begin conquering!",True,1618635639,0,0,0.5,0,3122.0,3125,76561197972509568
328080,127650500,can't. stop. playing.,True,1669838636,0,0,0.5,0,2194.0,2997,76561198012525554
328080,102626714,Difficult but fun. A bit like Banished but with enemies. Can tell it is a passion project. I got my money more than once with this purchase.,True,1636691159,0,0,0.5,0,1871.0,11122,76561198095507320
328080,94371240,"Mmmmm very good. The game already feels like a finished product, and there's still a lot of potential for growth.",True,1624664555,0,0,0.5,0,1996.0,3027,76561198185504991
328080,93977738,Great game; needs a better end-game and additional systems that maintain difficulty and interesting gameplay beyond the second or third map.,True,1624059892,0,0,0.5,0,1945.0,4089,76561197984222172
328080,140328443,⠛⠕⠕⠙,True,1687174854,0,0,0.5,0,3554.0,3554,76561198002566676
328080,82525993,doggo's 10/10,True,1608159364,0,0,0.5,0,2222.0,3171,76561198170336549
328080,79081322,"I've played a lot of RTS and TD games since the first AOE.
This is the first strategy game that I have been hooked on since Roller Coaster Tycoon came out.

Would recommend.",True,1605063119,0,0,0.5,0,3715.0,8943,76561198410321429
328080,75770271,Honestly love this games! Our entire household (five people) has been encaptured by this game and we all love it. From the nice and playful graphics to the calm/intense gameplay.,True,1599780117,0,0,0.5,1,1938.0,18617,76561198045554283
328080,112831619,"I picked this game up because it looked like a cute pixel townbuilder game with some light TD elements. Then the skeletons destroyed my town a week into my first game and i realized i had misjudged what i was getting myself into. This is not a townbuilder game with TD elements, this is a TD game with a town simulation as its income. And its absolutely amazing.

37 hours of grueling struggle later, im finally approaching clearing my first region of the malignant, evil-monster-spawning corruption. You will fail a lot in this game. You will recover sometimes, and sometimes you wont. But its all worth it in the end for that sweet taste of victory.",True,1648262823,0,0,0.5,0,2263.0,2413,76561198120974472
328080,112684400,I just like it.,True,1648024437,4,0,0.533425211906433105,0,1553.0,2725,76561198137962746
328080,76592692,"Nice little gem, must buy if you like building stuff and watch things unfold.",True,1601121745,0,0,0.5,0,3089.0,3881,76561198007416255
328080,149707532,Great game,True,1699368133,0,0,0.5,0,3725.0,3799,76561198035588729
328080,113598375,I enjoy it.,True,1649535954,0,0,0.5,0,2151.0,3375,76561198190392203
328080,147316609,"This is a very mixed review.

This game has atrocious onboarding and UI.  It loves to break conventions and does a terrible job of making it clear to players what is happening and why.

Despite this, the unique genre combo is quite enjoyable.  City builders can feel aimless, but having to tower defend provides a purpose for expansion.  The introduction of god powers means that you always have some action that you could be taking to improve your game.  The end result is a surprisingly addictive game that's quite fun for ~40 hours if you can get past the initial roadblocks.

Unfortunately, in the late game, the flaws in this unique combo start to show.  Much of the game is structured as a god game where you're not supposed to have insight into hard numbers or mechanics.  This is fine until you realize that enemy difficulty scales infinitely (practically).  When you know you're guaranteed to lose, the only fun is in seeing how far you can get - yet the game doesn't track records and optimizing runs is frustrating when every mechanic is opaque.  The game feels incongruous to me; I think it would be vastly improved if it picked a side between casual god game and deadly tower defense.

Ultimately, if you can accept poor UI and can handle intermittent frustration, this game has a solid amount of fun to offer.  Just don't expect the same amount of depth and replayability as many other city builders.",True,1696031513,47,0,0.817137837409973145,0,2840.0,2840,76561198044590606
328080,72506864,"This game is incredible. It has a rather steep learning curve, but if you take the attitude of ""losing is fun (sometimes)"" you will eventually make a village that will last an entire year. Every time I've played a map, I've learned something new.

We have here a very well built mixture of tower defense and economy management. If the colony's defense is ignored, the enemy will win easily. However, if you ignore your economy and focus too much on said defense, your people will starve or dehydrate to death.

Pick it up and give it a go. You won't be disappointed, especially if you're a tower defense nut!",True,1594482056,0,0,0.5,0,3447.0,34246,76561197979811781
328080,107838334,"A really unique game. I like the graphics style. Has tons of replay ability. Has progressive challenges and stream integration. I will say that it can get repetitive, but when that happens I just switch to higher difficulties. A good blend of base building/tower defense/god-like type of game. There is always something to learn!",True,1641969819,3,0,0.541270434856414795,0,1625.0,1683,76561198186160329
328080,158028894,SO fun good and very hard,True,1707599610,0,0,0.5,0,1840.0,3062,76561199328816376
328080,145173084,.,True,1693189603,0,0,0.5,1,1588.0,1588,76561197960439738
328080,86535013,"Nice blend of tower defense, city builder, god game, with some world and character metagame around it. I'd like to see more between region interactions, though the little that is there already changes things how you start a new map (sending nomads and resources).",True,1613214847,0,0,0.5,0,2312.0,7901,76561198013148662
328080,121494900,"Great game! Just know that you will die, you will have to reset and learn from your failures.",True,1661897044,0,0,0.5,1,1805.0,3112,76561198119546902
328080,76545721,"Plenty to do, lots of hidden stuff to keep entertained hours after you think you figured it all out. Vast world to fill hours of idle or in depth building depending on play style and map",True,1601052695,0,0,0.5,0,2834.0,8263,76561198135965320
328080,115730000,"If you are willing to get your ass kicked on the first few tries, read some guides, and figure out what to do it is a great experience to have.

PS use campfires like holy water for the corruption",True,1653046090,0,0,0.5,0,3758.0,14928,76561198179887995
328080,73044237,"Very good game, lots of stuff to do. I'm coming back to it every now and then.  Developer keeps updating content. Hard must play for every strategy game lover ;)",True,1595308068,3,0,0.525605142116546631,0,1728.0,2183,76561197997476439
328080,90282321,Addicting and challenging,True,1618383776,0,0,0.5,0,1804.0,8282,76561197997214874
328080,116456642,"High learning curve but incredibly addictive,  if you liked kenshi,rimworld or factorio this is a must get game.
an incredible game with amazing systems and a passionate creator all for the low price of 15$",True,1654319589,0,0,0.5,1,1567.0,7400,76561198068527516
328080,122447073,jes,True,1663524421,0,0,0.5,0,1859.0,2237,76561198124909996
328080,91099684,"excellent game, no complaints",True,1619693494,0,0,0.5,0,2543.0,2758,76561198315863289
328080,133374358,Good game with interesting mechanics!,True,1677091787,2,0,0.523809552192687988,0,2996.0,3149,76561198050773523
328080,172553901,"is it just me being an idiot, or the game is harder than i expected.",True,1724143965,1,0,0.5,0,1660.0,1660,76561198258517675
328080,83078357,Has been fun every time I've played. Its still being worked on and is always becoming more complex and fun. If  you like games that you have to get to know and don't mind learning as you go.,True,1608857237,0,0,0.5,0,3286.0,4238,76561198124339750
328080,156153308,One of my most favourite games! One of the few where i have brought it more than once when i found out i could get it through Itch.io. This game is wonderfully relaxing I highly recommend it to everyone!,True,1705475308,0,0,0.5,0,2174.0,2261,76561198054767888
328080,90928611,great game keep going all should try,True,1619400355,0,0,0.5,1,3786.0,3801,76561198960608717
328080,76900613,"Resource management, City building, Tower Defense, Pixel Graphics, Vibe piano music & a whole lotta love.",True,1601625952,0,0,0.5,0,2734.0,4769,76561197996156672
328080,77276735,"Just an amazing, very polished and feature rich village simulator.",True,1602242096,0,0,0.5,0,2830.0,3547,76561198006735437
328080,115306957,"simple and fun god simulator , tower defense and city builder game mixed together.

Map is extense.... gotta fight back the evil and stop  their filthy lands spreading through your green fields... ((pls remember to use ur god hand to save the chickens and dogggss :))",True,1652287547,0,0,0.5,0,2753.0,2789,76561198039318211
328080,157106086,I love this game quite a bunch.  I really look forward to updates with this game!,True,1706517964,1,0,0.503225803375244141,0,2273.0,9892,76561199218819849
328080,145272390,"Free updates and an intuitive building system, on of the few games of the genre I've purchased that I've never regretted for a second.",True,1693329423,0,0,0.5,0,2747.0,2897,76561198091590493
328080,152634735,It reminds me of Rim World and a city builder and a tower defense game. I like it.,True,1701419334,1,0,0.5,0,1904.0,1904,76561198009616960
328080,121033999,"I wish the way makers would utilize the storage more often and the A.I. would realize there's stuff to build roads with and I wish you could see which villagers are overheating or dying, but other than that it's a solid game~!",True,1661141640,1,0,0.523809552192687988,1,3237.0,3981,76561198342883672
328080,119191613,good,True,1658400994,0,0,0.48828125,0,2136.0,2876,76561198116863403
328080,72983921,"Great city building aspect very involved with a lot of creative features
Developer- please make people attempt to move from low quality housing to high quality housing",True,1595220447,0,0,0.5,0,1647.0,14406,76561198206662207
328080,109698909,"Game is Great.
Game is Good.
Yoda says ""Buy this game, you should.""",True,1644214552,0,0,0.464071840047836304,0,1949.0,1978,76561197982169427
328080,113615461,highly punishing city builder that becomes a tower defense for a late game. very addicting but also super casual once you get the hang of it.,True,1649563957,0,0,0.5,0,1786.0,1950,76561197983315264
328080,95912937,I like it,True,1626541555,0,0,0.459985047578811646,0,2245.0,14114,76561198873327341
328080,142513121,AMAZING,True,1689927420,0,0,0.47999998927116394,0,3546.0,3646,76561198047045325
328080,116021032,If you like games of this style it's definitely worth checking out.,True,1653537022,0,0,0.5,0,3739.0,3741,76561198035811768
328080,91104527,"Hmmm ok seems like a good buy... Let me rephrase that... GOD NOOOO, it never ends...",True,1619701322,0,0,0.5,0,2305.0,7830,76561198161382179
328080,90345008,Glorious beyond compare.,True,1618484743,0,0,0.5,0,2148.0,2800,76561198081767226
328080,123410902,yes,True,1665004929,0,0,0.468277931213378906,0,1720.0,3447,76561198042158727
328080,100184648,"Town building with a twist! I love how I can change the settings of the game. I'm not hugely into tower defence, so adjusted things so that the enemy was fairly easy (corruption spreads slowly, enemy numbers aren't overwhelming) while still adding some extra challenge to the experience.",True,1632948546,1,0,0.522058844566345215,0,3682.0,4133,76561198053134856
328080,79474018,"One of the best, most refreshing games I've played in a really long time. it really scratches the world-building/long game itch I've had. Remarkably few bugs, and it tends to play well on my older, underpowered system. No complaints, surely, and a whole lot of love.",True,1605726043,3,0,0.530405998229980469,0,1910.0,7450,76561198065309256
328080,145173124,"Such a great little tower defense sim game, actually just wonderful with a great art style. 

My only real negative is you cant pause the game AND look at descriptions which makes the beginning of the game kind of unreasonably stressful unless you play sandbox first to learn everything but wheres the fun in that",True,1693189674,0,0,0.5,0,3135.0,3135,76561198044600440
328080,88342005,A difficult but fun-filled and enjoyable game. Plan to have fun dropping meteors on monsters and chuckling at the npc names. Just watch out for those trashy slimes!,True,1615614286,0,0,0.5,0,3133.0,3133,76561198401887142
328080,72800661,Original game where you manage resources and build defenses. the graphics are quite lacking but overall a fun game,True,1594924540,0,0,0.495939701795578003,0,2134.0,4170,76561197998363534
328080,193987644,very fun colony simulator with combat and tower defences,True,1746116732,0,0,0.472440958023071289,0,3310.0,4488,76561198052975339
328080,78827581,"Great game that is well priced and has regular updates, even years after the Dev began making the game.",True,1604678012,1,0,0.523809552192687988,0,1758.0,3065,76561198047968027
328080,134269845,Fun wave defense game with some magic elements,True,1678235467,2,0,0.523809552192687988,0,2040.0,2040,76561198127336838
328080,146007098,yes,True,1694290529,0,0,0.5,0,3451.0,3800,76561199005697919
328080,191019643,"This game sat neglected in my Library for far too long. I play mostly RPGs, 4x, colony builders, city builders. 
Most of my Steam time is clocked is in Dwarf Fortress, Rimworld, and x4 Foundations, with the most time ever spent in Ascii Dwarf Fortress (pre-and post-Steam).

This game is RIGHT up there with those games and doesn't get enough credit for how great it is. The tower-defense mechanic mixed with the usual Colony-Builder with soothing pixel-art is fantastic. Anyone that laments lack of OSX support for Dwarf Fortress should DEFINITELY scratch that itch with Rise to Ruins. 

well done!",True,1742759309,9,0,0.618175029754638672,0,1664.0,2873,76561198056679293
328080,148953891,"Games really a lot of fun from the beginning of the game as you try and learn the ends an outs. Then once you think you've learned it all, you have to manage multiple settlements with ways to send both people and resources from previous settlements. Its really never ending fun 10/10",True,1698378584,0,0,0.5,0,3205.0,4063,76561198174234577
328080,75794079,I love this game!,True,1599829532,0,0,0.5,0,1480.0,2070,76561198066997675
328080,145208316,"really nice game.
build a small town. add some towers, chill and min/max your economy. 
it also has high replayability",True,1693241108,1,0,0.5,0,1998.0,1998,76561198028482856
328080,72689278,"Yes because the game has a surprising amount of depth and replayability. I'm a bit wary because of how the dev approaches some parts of it that, but I can't fault his love for development and commitment. So it's a solid buy to support a passionate indy dev, even if you disagree with his direction on some bits and pieces.",True,1594750842,0,0,0.5,0,3814.0,4372,76561198025738264
328080,136979037,"This game is really good, I bought it a long time ago but I always see myself come back to it and play. I really like the music and ambience of the game.

I really feel that the developer that made this game really cared for it.

You will have a lot of fun.",True,1681944853,0,0,0.5,0,2049.0,4545,76561198038367550
328080,79753469,"Oh, it's getting late. Lets just finish this building and then I go to bed.
...
Are this birds I'm hearing?",True,1606223130,2,3,0.52173912525177002,0,1903.0,11233,76561198037800341
328080,70928205,The more you play the more addictive this gets!,True,1592391452,0,0,0.5,0,1814.0,1927,76561197972120718
328080,79373702,Always a fan of pixele 2d games and i love me a good city builder-esc game so this game is wonderful. Kinda wish there was a tad more to it but its still a great game.,True,1605558584,0,0,0.5,1,1536.0,2030,76561198880649551
328080,88506790,"Rise to Ruins is a lovely city management/tower defence game that successfully blends the two genres into a very enjoyable game.

The basic premise is pretty simple; you place down building blueprints and then the pawns in your city try to build it. You then play a balancing act as you assign people to jobs freely (i.e. builder, farmer, lumberjack, etc.) in order to meet the needs of your city while also expanding, upgrading, and most importantly fortifying it.

The antagonist of the game is the Corruption which shows up after the first night and spawns monsters to attack you every night after that. The player can build an array of defensive towers and their support structures, walls and gates, as well as several different buildings that allow people to be assigned to a combat role or produce golems that protect the town.

The Corruption also expands its creep, allowing more graveyards to be built and thus more monsters to be spawned each night making it beneficial to contain it. The creep needed for graveyards to be built won't expand near your buildings so using torches, towers, or regular buildings you can build a wall where the enemies can't build (they can still come and destroy your buildings though) to limit how many they spawn. It's risky though, since the Corruption will actively try to build around this blockade if it can.

The game has a leveling system in place that rewards you periodically from milestones (like survive X days) with chests which you unlock with a currency generated by the pawns in your village doing things and building stuff. These chests reward you with powerful passive bonuses that apply permanently to your save game even if you reset the world map.",True,1615850098,0,0,0.5,0,3792.0,6593,76561198048167137
328080,113650833,"Yup, it's difficult and very engaging. This game has that: ""just a few more minutes"" vibe of balancing needs and resources that keeps me playing until dawn",True,1649615045,1,1,0.523809552192687988,0,3313.0,12204,76561198100873355
328080,110517952,"Just a genuinely fun game, well put together. Can get a little repetitive but that's city building games, right?",True,1645219891,1,0,0.52173912525177002,0,2845.0,5193,76561198173323199
328080,94387265,"Probably the best most solid god sim put out lately. And humanity is in dire need of solid god sims. The fact that you mixed it so perfectly with the rimworld and such elements is just awesome. I hope you still got some hefty updates up your sleeve in the future, but not for a lack of content, rather a desire to see you succeed even more and of course the absolute delight of playing. Cheers!

Also, the best possible thing to happen to me while i happened to agonize over my destroyed feet. Thank you
The feet are getting better by the day, i suspect a full recovery",True,1624685237,2,0,0.529914498329162598,1,2859.0,71510,76561198394514621
328080,159358885,"Great game, love the concept, alright execution, good original sound track, Dev is committed though.

Rise to Ruins is a sort of Tower Defense/Colony sim type experience best summed up. You start, you have a colony centre, there's 10 people and work to be done, most of the social functions happen automatically but you can observe it real time and read the logs (they also react to your godly power which is nice). At first it's not too clear how the jobs section 'truly' functions but it gets easier to balance that when you understand the resource use, most people seem to complain the opposite though. Tower Defense is the other half of this: you need to build towers, upgrade them, maybe get some magic going, defensive golems, and walls. You continue this cycle as your colony space expands onto the map. Once you have enough people you can then migrate to different areas on the world map, there's some different biomes as well, keeps it fresh on a playthrough. (oh yeah there's trash too, heck that guy)

Overall completely worth it for the price imo, just that fun game to boot up every now and then and bust too many hours out in one session. There's been updates and roadmaps posted too, always a plus (as of this review)",True,1708993489,0,0,0.5,0,3515.0,3621,76561198053874456
328080,113159830,"I built some houses. I built some towers. I built a farm. I was overrun by slimes. 10/10.

For real though game needs a better wiki/tutorial. I have played this game over a year and only just learnt about loot boxes.",True,1648811836,0,0,0.5,0,2989.0,3760,76561198067114944
328080,101376977,KILL ALL FIRE ELEMENTALS,True,1634797214,0,0,0.5,0,2085.0,4269,76561198242394124
328080,91826235,"If you like rimworld / dwarf fortress type games you will love rise to ruin. Lot to learn but very satisfying to spend hours slowly building up your village, fending off the corruption.",True,1620747160,0,0,0.5,0,2256.0,5875,76561197960799811
328080,198536611,Absolutely brilliant game. A very unique city builder which builds slowly. Very chillout but lots to do. Cant recommend enough.,True,1751275497,1,0,0.503676474094390869,0,2869.0,2949,76561198011407387
328080,92874520,"This game is F%^CKING AMAZING

Get this, get it for your son, get it for your wife, get it for your dog, get it for the orphans next to the orphanage down your street.

This is a mixture of being a god, with tower defense, AND village-sim all three at the same time, and not like any you have seen, this game is completely unique in its own way not like any game I have ever played.

You will on occasion find some piece of shit child specter at the edge of the map destroying all your housing and towers, but that's part of it, if you as the god of these tiny humans do not pay attention to them and their needs they WILL die, and its ALLLLL your damn fault.

Get this game NOW, if you don't get this fucking game RIGHT NOW, you will see me down your bed tonight and I will eat your feet.",True,1622386820,0,0,0.5,1,1950.0,2418,76561198288413475
328080,91543884,great game,True,1620322933,0,0,0.46159401535987854,0,1931.0,3202,76561198007984439
328080,123192424,Super fun little tower defense and village builder game.,True,1664681175,0,0,0.5,0,2805.0,3782,76561198022566017
328080,85476452,hard as hell but fun.,True,1611804087,0,0,0.5,0,2961.0,4022,76561198020360741
328080,141682096,Such a great time-wasting game. Very charming.,True,1688910802,8,0,0.563764810562133789,1,2802.0,3140,76561198172914373
328080,73761215,"This game, i'm completely addicted to it, normally im not a fan of games like this but im really loving it. its a great game to play and chill also to watch yt and other stuff when you're completely setup and have the automation going. i haven't made it that far just yet but i'm still loving it and i'll be playing for much longer aswell :)
Really great job for a single dev. that completely surprises me that its a single dev doing all this awesome work!",True,1596561945,0,0,0.5,0,1720.0,29957,76561198273435484
328080,90637186,I like it when I rise only to fall into ruins,True,1618936453,0,0,0.5,0,3642.0,4151,76561198096217684
328080,86052426,Great game love it,True,1612593506,0,0,0.5,0,2360.0,5017,76561198237404840
328080,121365131,"Good game.
I just cant play because I have intel 4000, :/.",True,1661683673,0,0,0.5,0,1833.0,3658,76561198355321740
328080,131500484,Good fun game,True,1674616781,0,0,0.5,0,1696.0,5949,76561198150418619
328080,85481504,"A very comfy game on Traditional mode. It's probably challenging on Classic but I mostly play this to relax. There's a bit of a learning curve, but I wouldn't say it's on par with Dwarf Fortress, this is much easier to get the hang of, especially on the easier modes.",True,1611813328,0,0,0.5,1,1853.0,2792,76561197999462110
328080,145017872,Great game,True,1693002695,1,0,0.47413790225982666,0,2416.0,2649,76561198034969220
328080,73572219,"Changing my previous negative review to positive, since the developer has since started developing the game again.

When it comes down to it, RtR is a really really fleshed out tower defense game with a village builder component. Your village will be assaulted by enemy forces every night, and the enemy will continue to increase in both quantity and quality each day as well. The game becomes quite difficult as time goes on, sooner if you are ""Offensive"" with your turret placement and build towers that are shooting into the enemy base, in an effort to push the enemy completely off the map (which is doable!)

Game is hard and unforgiving, but some people like that, and since the future direction of the game looks very promising, I've changed my review to positive.",True,1596220225,0,0,0.491938263177871704,0,2563.0,5695,76561198023324707
328080,127603860,"perder a y luego volver a intentarlo, muy bueno",True,1669775944,0,0,0.5,0,2899.0,5080,76561198062350643
328080,146261948,Bought this game 4 or 5 days ago and i already have 27hrs played great game,True,1694667073,0,0,0.5,0,1601.0,3515,76561199490844242
328080,72403906,Solid game worth every penny,True,1594345534,0,0,0.469798654317855835,0,2886.0,9577,76561198033918742
328080,106260382,It's a really great base building game. Their description says it all. If you like godlike/management games this one is for you!,True,1640129466,0,0,0.5,0,1449.0,2840,76561198028967610
328080,133480321,Silly little pixels running around,True,1677231838,0,0,0.5,0,3345.0,4158,76561198153379152
328080,154053857,"It's a challenging game, but the interesting gameplay and mix of genres is very enjoyable.

BUT, if you prefer more casual games, this is probably not the game you should buy. It has a steep learning curve, and a lot of things to keep track of.

With the new Achievements update that got released 10.000 years after the initial release, it has become even better, in my opinion.",True,1703157364,0,0,0.5,0,1655.0,2735,76561198023953582
328080,166733290,Nitai!,True,1717595188,0,0,0.472691148519515991,0,2782.0,3340,76561198356639608
328080,119366646,"Beautiful little pixel art game with base building and tower defence style way of fending off the curses of the lands, but it also has you managing trade. There is also your worshipers, as you are a God, and can be a VENGEFUL GOD! 

The music score itself is just gorgeous and there is a music player inbuilt so you can choose your favourites as you DRINK THE BLOOD OF YOUR ENEMIES! Highly recommended, though a bit slow burn if you're into 'faster' games.

It requires a bit of forward thinking as your worshipers are SLOW AND WILL FACE MY WRATH and there is only so much you can do to help in the early stages.

Also, you can have Doggo's join your village and you can build Doggo houses, nuff said.",True,1658644608,0,1,0.5,0,1636.0,4452,76561197965355573
328080,206461209,"Fantastic game, awesome dev!",True,1760200916,0,0,0.5,0,2190.0,2414,76561198093016730
328080,112753806,"it is a really good god-game / city builder with great depth and a huge scope. 
i think i will try my hand once more after the recent big update. looking forward to it, even though i was never good at playing rise to ruins. 
:)",True,1648137336,0,0,0.5,0,2114.0,2118,76561198010523272
328080,87184548,"game is great just sucks that everytime i tried to load it now, it opens up in notepad instead of running the game",True,1613937186,0,0,0.5,1,3297.0,7162,76561198049995656
328080,107531580,"A lovely game. A bit of tower defence, building up an economy, and no need for quick reactions. Suits me perfectly.

And quite relaxing.",True,1641575556,18,0,0.660550415515899658,0,2851.0,74957,76561198066764381
328080,114741025,Just giving my +1 to the game as the devs deserve it,True,1651350821,3,0,0.528993606567382812,0,2258.0,2263,76561198008213901
328080,79618125,"Cool Game, I find it hard and I am still unable to beat it, I do think there is only one way to win though and I have just not found it yet.

Also I found a bug, if you make your base camp on blight the game crashes to desktop. Enjoy :)",True,1605982104,0,0,0.5,0,2243.0,3940,76561198116848953
328080,116081455,"Great AI and interesting gameplay where you colonize a world, region by region.",True,1653648741,0,0,0.5,0,3278.0,3550,76561198011050078
328080,92747223,it's morning???,True,1622226733,1,2,0.484848499298095703,0,2458.0,2576,76561198064798363
328080,75178968,"One of the best games I've ever played. It seems to be easy at start, but as you progress through the game it becomes brutal. Mixing tower defense strategy, city building, resources control and  an auto controlled army.",True,1598808975,3,0,0.488272756338119507,1,2043.0,9050,76561198008778072
328080,79222629,"Worth every penny. Favourite management game I've played so far, very addictive. Love the mechanics, ingame-commentary and gimmicks. Excited to see what will be added in the future.",True,1605309027,3,0,0.517867565155029297,0,2587.0,5683,76561198104500056
328080,145871215,Good game,True,1694115066,0,0,0.5,0,2474.0,2656,76561198064736733
328080,73225565,for some reason it reminds me of my horrible stronghold castles from back in the day,True,1595620706,0,0,0.5,0,1951.0,2782,76561198153816342
328080,163505720,"Rise to Ruins is a cool mixture of different genres including god game, tower defense, RTS, and colony simulator with simple graphics and a lot of interesting systems. Admittedly the UI is a bit awkward, and the game is definitely rough around the edges, but there were enough interesting ideas to keep me entertained for quite a while.

The gameplay requires you to build up your colony during the day and fend off attacks at night, and you try to push back against the corruption creeping across the land. Most of your early colonies will probably fail, but as you learn more, every colony will get a little further than the last. I was rather surprised that the corruption is actually like a computer controlled player on the other side of the map, which makes it feel more like an RTS in ways instead of just a tower defense game. There are a lot of ideas in this game that don't always mesh together well, but it is definitely interesting. I think it's worth a look if you enjoy oddball indie games.",True,1713971413,0,1,0.5,0,2825.0,2825,76561198004367837
328080,145574094,Excited for poop update,True,1693723418,1,0,0.523809552192687988,0,3286.0,3402,76561198120510836
328080,142826734,"This game is great! The only thing it's lacking is the 3D graphics.  I'm not a fan of sprites, but I made an exception for this game due to its high quality.  I was looking for a tower defense game and I got more than that.  It's a well executed combination of village sim with tower defense.  It's also a highly customizable game with different modes and the ability to modify the game modes.  it's an open ended game with no ending.  You choose your own goals and set out to do that.",True,1690369467,0,0,0.47999998927116394,0,2353.0,9744,76561197966051843
328080,207714340,"If you fancy the likes of Rimworld, this game is right down your alley. well not exactly but let me explain.
Gameplay wise, it's pretty similar, you start with little to none, then you start gathering resources, building houses, industrial buildings, etc. What differs here from rimworld, is you're not exactly on anyone's side. Sure, you have them build houses, bear children. But you are an omnipotent deity, you only need them for to gain power. You heard me, as your village expand, so does their loyalty to you. You can have them build temples in your name. Once you have enough influence, you could drop a extinction level meatball on their faces or even role-play as Zeus. 

The only downsides of this game is, as your colony expand, your colony wouldn't be able to maintain the up-keep. You'll have colonist dying left and right the starvation, but that's like in the pretty late game.

Regardless, had my fair share of fun. For it's price, it's pretty much a steal. Would recommend",True,1761570410,1,0,0.517241418361663818,0,2349.0,2349,76561198049533320
328080,95473732,God damn amazing game. Play it. Enjoy it.,True,1625926346,0,0,0.5,0,8620.0,16882,76561198048914773
328080,128948921,fANTASTIC SIM!,True,1671599090,0,0,0.5,0,18847.0,37481,76561198117240525
328080,86305125,Man this is like Actraiser without the sidescrolling stuff. GOOD.,True,1612920728,1,0,0.515451192855834961,0,4012.0,9633,76561198019084122
328080,145175166,"Bought the game in early release. Loved It, have not played a game like this before so It was very fresh. Dev was gone for some time but he is back now and im very excited to see what he has planned for the game now! Love the game keep up the work! 10/10 recommend!",True,1693192928,0,0,0.5,1,9433.0,20993,76561198141472633
328080,86984059,"This is a fantastic blend of city builder, tower defence, and resource mis-management. It's one of the only games of it's type that has kept me coming back time and time again, even if I'm terrible at it and never get past the first few little settlements.

The rewards system for births, full lives, eggs hatched, animals mated etc. is awesome and I love saving up the points to get a slight percentage boost on something useful. It makes the grindy parts (which I feel is little to none, it doesn't FEEL like grinding at least) totally worthwhile. I hope these guys make another one honestly!",True,1613685898,0,0,0.5,0,3955.0,5551,76561198088940073
328080,70528931,it has room to grow and real charm and not being rushed as of now the game is fine as is for early play but looking forward to what ever comes next,True,1591697171,0,0,0.5,0,26342.0,41285,76561198014247230
328080,134098631,I absolutely adore this game. One of the best additions I've ever made to my steam library.,True,1677996012,0,0,0.5,1,8761.0,8949,76561198118636033
328080,162314201,"If you love rouge-likes and Dwarf Fortress, this game is up your alley, however I have some caveats and some things I love (I'll start with the caveats).

The Caveats:

1. The UI is extremely small and cloistered with no way to pause and examine things if you're eyes aren't great or to enlarge text if you need it. On top of that, when mobs are in your town it's almost impossible to select them or sometimes even see them amongst all the other things around them including the buildings that are being attacked or the resources they contain (mainly when trying to pick up and move the mob to a less destructive location). When trying to defend my town there's been times where I have to either sit back and watch the destruction because I can't intervene, hoping that it isn't too severe, or just destroy my save and start from scratch because there's no way to recover after a certain amount of setback.
2. The help text and general information surrounding what different game elements and mechanics behave is not robust. It's hard to know what choices to make for defending your territory when it comes to tower upgrades or walls. The wall help text says that it won't be attacked unless mobs have no other way around, but I've routinely had monsters destroy parts of my tower maze walls even with three tile paths perfectly open but a longer path. I love the idea of building a tower defense type pathing structure, but if the walls are vulnerable in an unpredictable way, it isn't a viable path to building.
3. Lastly, the different resistance types for monsters requires you to build a lot of different tower types despite having a fairly low building count ceiling that requires a lot other resources that require other buildings. It's hard to have the perfect mix of towers when you need a lot of support structures and citizens while also trying to build out lighting structures to keep the corruption at bay. It feels to me like threading a needle every time with very little room for improvisation or creativity in terms of what I build, when I build it, and if I built it effectively enough. I've had some games where I can already see that I'm not going to make it even though it's only 5 or 6 days in. It would be nice to have some flexibility in terms of how to get to a successful, defensible build without having to rush the initial building and resource gathering.

The Things I Love:

1. Things ain't easy. Again, like Dwarf Fortress, you get no help if you mess up, but once you learn some of the meta you can make it happen. The balance isn't perfect, such as how much the corruption ramps up when you finally manage to get it to a point where it should be eliminated, but it will put up a fight which I actually appreciate. I want a challenge and not some predictable meta where you just follow some wiki and always win.
2. Getting your essence level up feels incredible and really helps you out, but it takes the right amount of time, Sure, you're a god, and yo've got powers, but you've got to make sure that your faith level is raising or you've got nothing. It's fun trying to raise the essence storage level, and once you do it's smooth sailing for a while but it's never a breaking game mechanic. In fact, if you rely on it too much you'll ruin your chances to survive the later stages of the pressed for space corruption.
3. I'd love a few more storage spaces, or storage spaces that can hold more (or maybe a building that can create crates and barrels to help store more things) but over all I love the mix of clearly important buildings (harvesting, housing, food, defense) with minutiae (trash collecting, dog houses, rangers, lightning rods, magic stuff). It's got a great balance between stopping monsters from attacking and managing a town.
4. I like the blood moon and the trashy slime elements. It's just nice to know that no matter how much you handle the obvious enemy—the corruption—you're never safe. You're _never safe_.

Anyway, I wish the game didn't make me feel so rushed to immediately strike out space wise against the corruption and I wish I had more UI clarity so I can see what is happening and react to it. Additionally, besides the text size and information help, controlling time a bit to slow it down or speed it up would be super helpful. I think being able to drop time down to half and quarter time as well as being able to pause the game and interact with the game would be a huge win with a small amount of change.

I love this game! I'll keep playing it even if I just rage quite it before I wrote this. It has a lot of heart and it's well put together, I highly suggest it, but don't come in here expecting a walk in the park. It's meant to be a bit complex and challenging. As we've learned in Dwarf Fortress: ""Losing is fun!"" so be prepared to suffer, hate it, love it, and then find yourself jumping back in because you _refuse to leave it like that_.",True,1712384761,0,0,0.5,0,6393.0,6632,76561198004665030
328080,144214203,I bought this game on a whim and now I play it more than Dwarf Fortress. No lie.,True,1692051782,28,6,0.687255322933197021,0,7239.0,9311,76561198040104286
328080,77540142,Best antfarm simulator out there,True,1602671223,0,0,0.5,0,32742.0,38145,76561198088826444
328080,70422268,"Good game - definitely a time-sink, though.",True,1591504461,0,0,0.5,0,5199.0,8431,76561197967194998
328080,161913090,"its a great game not sure why its got a negative review, the dev is a bit of a wild card giving up on the game but he came back and has done some updates and is continuing on the journey, i hope people revisit there review and update and forgive",True,1711922954,36,2,0.764809727668762207,0,6299.0,6623,76561197974442903
328080,95295811,"This is a deceptively complex godsim-city builder that I've sunk hours into and I still haven't mastered it.  There's a lot to balance, a lot to do, and I'm ever impressed by anyone that can get their place to function, let alone look nice while doing it.

I'll just be over here, with my cobbled roads and messy walls trying to keep everyone alive.",True,1625708153,0,0,0.5,0,6315.0,6343,76561198041469488
328080,115322885,"Love this game, it's like stragety+ tower defense, quite a gem.

However, the sound has issues, mainly the music cuts in and out. Too bad, it's a good soundtrack. But over all, hell yea, get this game.",True,1652315551,0,0,0.5,0,27635.0,44901,76561198080402229
328080,94494542,I've played it a lot. I recommend going in blind on survival.,True,1624791685,0,0,0.5,0,12987.0,12990,76561198073394717
328080,85902437,"This is a great game. It's basically a city/empire building game like Age of Empires combined with a very sophisticated tower defense game. It's very deep, a huge number of buildings and possible strategies to explore. Huge selection of maps to play on, including player made. The best thing about it is that one can tweak the game options and completely customize it to ones preference. I prefer city building, so I've tweaked the monsters down to just a minor annoyance, but there's nightmare scenarios for those who prefer. And even though it is a defensive game, people have figured out ways to go on the attack. A very popular game with lots of player guides and youtube videos. The graphics are just basic twenty year old style, but it's quite charming, and means one doesn't need to have a hot new gaming computer. Five stars, already one of my favorite games of all time.",True,1612382078,0,0,0.5,0,11583.0,53933,76561198882289317
328080,72972411,Recommended for people who enjoy the pressure and challenge that come with true Real Time strategy.,True,1595198576,0,0,0.5,0,7101.0,14367,76561198053676064
328080,112674997,"Dear Raymond Doerr, I have this game and almost a 100 hour into it. i Love it, but i will like to know when you are planing to make the Rise of Ruins 2, a little of better graphic and more mission, a way to have a end game. but again Thanks for the support and amazing game!!! hope you start soon to work in Part 2!! Yeah i mean part 2!!!",True,1648003956,0,0,0.5,0,5125.0,5125,76561198047017653
328080,103013695,"I've played for awhile. Develop a strategy, its not so hard. At first it is daunting i'll admit.",True,1637276394,4,0,0.540228188037872314,0,8731.0,9000,76561198117956634
328080,115673664,"Great little game, good way to pass the time and also hard as heck.",True,1652938328,0,0,0.5,0,5830.0,16558,76561198007954157
328080,89684963,"Fun, but with an odd lategame scaling that I feel could've been handled better.

See, this game has levels for all units its units. The longer the game goes, the more enemies spawn, and the higher their levels will be. In contrast, your villagers have a limited lifespan, and their levels can only go so far before dying of old age. This only applies to UNITS. Eventually, your towers and defenses won't be able to pump out enough damage, and that just feels wrong.

Still, the game does provide you with tools to deal with these super lategame threats like instakill sacrificial pits, and charming enemy units so you can use their levels against them.. but surely there has to be a better way to go about power scaling than this. Not saying I know the answer though.. just noting that it's weird.

Anyway, aside from that, the game's great. Definitely an above average colony sim with stupidly good music.",True,1617518982,0,0,0.5,1,4208.0,9909,76561198271525630
328080,72385761,"Really addictive, I just keep coming back and checking what new things the dev added over the years. Pick this one up if you like resource management and city building.",True,1594322775,0,0,0.5,0,11150.0,17212,76561198190232242
328080,136121007,The best description of the game I can think of is settlement builder tower defence. Pretty fun game if you enjoy falling upwards and learning on the go. Looks like a simple little city builder but you can lose yourself pumping hours into it.,True,1680654406,0,0,0.5,0,4263.0,6073,76561198044842409
328080,73331311,"I keep coming back to this game.

Whenever I'm in the mood to build something and expand it, in spite of opposition and setback, I pull up this game. Sure, there are flaws, but the intricate, engaging details keep me occupied, almost hypnotized, for hours. Lots of quirks, lots of counter-intuitive mechanisms -- but if the premise sounds interesting, then you should probably give it a go.",True,1595801180,0,0,0.5,0,14924.0,26396,76561197970998492
328080,75992549,"Honestly, I'm dropping a micro-review here just to make sure I've helped the game out.

Rise to Ruins is great. Seriously. It really has a steep learning curve, but it's more forgiving than it might seem at first. Give it time and it will suck you in. it's a great game, especially for the price.",True,1600124976,0,0,0.5,0,7827.0,22187,76561198041978146
328080,89050220,This is a great game and could easily play for hours and hours,True,1616666806,1,0,0.504854321479797363,0,23809.0,24988,76561198285276966
328080,115666142,"I've really enjoyed Rise to Ruins.  The music, game-play, and humor in it are wonderful!",True,1652921934,0,0,0.5,0,4947.0,8383,76561198125269052
328080,148973633,"Is the game easy, no. 
Is the game fun, yes.",True,1698410053,1,0,0.5,0,3873.0,3873,76561198045388295
328080,145494805,"This charming little game has been a true pleasure for me to play, and I believe if you are someone that loves colony sims, you will get your money's worth and then some out of it.

Although the game might seem simple on the surface, i assure you that the different styles of play are underlying mechanics can have this game be anything from a cosy village builder to a monster horde tower defence RTS, spanning multiple villages.

The music and the art have a retro appeal, while the game play is simple and intuitive to learn, ramping with difficulty over time as resource management becomes essential to fight the ever growing enemy forces.

I highly recommend this game to anyone who is a fan of the genre, as not only does it provide more than other similar games released over the years, it will also have you coming back for more with every update, eager to see what new features await... and perhaps do ""just one more"" [quick] run into another 20+ hr campaign.",True,1693624691,0,0,0.5,0,17132.0,21020,76561198042920529
328080,107305246,I have sunk nearly 700 hours in as of this writing. I had to set it aside because it was eating up too much of my time. Highly recommended.,True,1641308108,1,0,0.458937168121337891,0,38576.0,38584,76561198049693831
328080,117153124,I have been playing on an off for years and it is one of the best town builder type games out there,True,1655510937,0,0,0.5,0,7729.0,9101,76561197998373337
328080,85124892,"I really, really think this game has potential. Solid mechanics and a fun premise-- it's not for me quite yet though. I hope that in the future there will not only be a wider breadth of content and interactions, but also a realistic way to well, win more. I think making it possible to easily stamp out a few regions worth of corruption to establish a kingdom would be amazing- especially if after a few areas you get to literally kingdom manage it, having increasingly difficult corruption as it faces less corruption on the continent as a whole not region by region. 

but then that's just where my mind wanders to, the original vision is still worth the exploration.",True,1611292337,0,0,0.5,1,4485.0,6328,76561198043884189
328080,182605349,love this game,True,1734047397,1,0,0.5,0,13235.0,13713,76561198040115668
328080,109382653,"Just a positive review here to counter balance the trolls who can't seem to understand that when a game is finished then it is finished.

Man what a world we live in.",True,1643882298,5,0,0.410194724798202515,0,5905.0,12280,76561198311149307
328080,197996312,"God sim meets Tower defence strategy game. Peaceful townbuilding by day, relentless warfare by night.

I've been following and playing this game for a few years now and have only enjoyed it more as the long awaited achievements were added, as well as new buildings and occupations. Even though my 8 year old laptop chugs along a bit now and can't run it as fast as it used to, we still manage. To date this is one of the few games where I can consistently sit down to play and sink 3+ hours in no problem (and as a mum of a 1 year old currently I do not often get that privilege these days.)

The learning curve is indeed, steep- but you are rewarded for your efforts and boons to your world are carried over time and time again, the more hours you play, the more you learn, the more upgrades you will be gifted from the heavens.

I would love to see even more achievements added someday, I think I'll eventually get through all of these and worry that the traditional ""end goal"" of surviving a year in every region will never come to fruition. But I can try. Oh how I can try.",True,1750718608,5,0,0.589849948883056641,0,9701.0,9809,76561198096067158
328080,95307932,"I have a hard time at sleeping with this game. My villagers sleep fine me on the contrary cant stop my play session. 

Much fun. Very fast to load, quick actions(no slugging experience) and appealing simple 2d pixel art  graphics.",True,1625724657,0,0,0.5,0,5587.0,6854,76561198024871694
328080,87056188,Strangely addictive cross between village builder strategy with tower builder.,True,1613775387,0,0,0.5,0,11663.0,15819,76561197990809985
328080,116056046,"A fun game that runs well offline. Offers nearly endless gameplay with multiple modes and maps, and has a little bit of tower defense, resource management, and even some old Sim Earth-style features. I come back to this one often when I need to sink some hours into something low-tech.",True,1653596963,0,0,0.5,0,4450.0,9513,76561198351998985
328080,154971890,"Great game. Clearly a passion project by the dev. Plenty of mechanics are not explained either in game or via an internet search as far as I can tell, which is definitely unusual. Very pleasant pixel art style and some unique mechanics.",True,1704112978,0,0,0.5,1,6279.0,6279,76561197977429123
328080,146914046,"Game is good. If you like city builders and god powers, play it.",True,1695539628,0,0,0.5,0,14313.0,17081,76561198030649642
328080,140026135,"So much yes. Ive written a review for this game prior but after playing off and on for the last few years of owning this game I saw that review button and wanted to re-contribute. 

Playing this game is a great experience overall and I would recommend this game a million times to anyone.
Rating: 10/10

The Art (OMG the art is so great):
This game has the most beautiful pixel art that makes the world seem really alive. almost everywhere you see is satisfying eye candy. Almost everything in the game that isn't an inanimate object has animations. People, animals, and monsters all have unique animations for most actions, rain collectors have animated rain pooling into the funnels, rain washes off the building roofs. There are so many beautifully animated particle affects that most items or objects emit including the UI itself! Weather/environmental effects really pull you into the world what with clouds casting shadows and rain making you feel chilly in the winter/fall. Literally at any time, just zoom into your village and look at everything and you can see how much work the creator put into the art. 

The Gameplay:
When playing the game it takes your usual top-down town simulator approach and has you making resource harvesting/refining buildings and houses to feed your people and keep them out of the rain. You are essentially a god that can cast spells to do all kinds of useful actions. These spells can range from calling down lightning strikes to summoning work golems or even blessing your pregnant villagers to create demigod children with improved stats (some spells you cant do unless you have enough villagers since they increase your mana)! You start off by choosing any area on the overworld map that you want to start your empire from and then over time you can migrate villagers from that map tile to the next, slowly making a chain of kingdoms each having their own history and layout. Watch out though, you have to do all of this while trying to defend against the ever growing threat of the corruption on each map and the monster waves that spawn from there every night.

Game Mechanics:
I cant begin to tell you how many hidden and unique game mechanics this game has. The villagers all live their own lives and do their own tasks while every villager, animal and monster has their own XP bar, stats and inventory. Monsters build evil buildings in the corruption that can increase the number of spawned monsters and when you fight back the corruption (it can be done but its so hard) every tile that gets removed can spawn more monsters even during the day! For a 2d top down game you will be pleasantly surprised that the environment can be manipulated in many ways as long as you have the spellpower or the villagers with the proper jobs to do it. When playing you will find that you can build a trade center to buy and sell resources/equipment but something it doesn't outright tell you is that when you sell stuff in one village the store in another village will let you buy the stuff you just sold (quick way to move stuff from one side of the map to another). Things like this are constantly surprising me and with the new updates being added I am sure there will be more cool ideas to try to improve your gameplay.

Community content:
Unfortunately there is a severe lack of Fan content for this game so it suffers greatly when it comes to looking up specific game play mechanic tutorials or finding neat challenges to try. If the community had more content creators making gameplay mechanic tutorials or fun game play challenges I think it would be way better received by newcomers. There is some great content though so one or 2 videos will basically show you how to effectively play the game so don't despair!

Closing thoughts:
At first I suggest new players look at a couple gameplay videos to get an idea of the way of things but as you play you will definitely notice when things are and aren't working in your village as the game has many useful an intuitive stat/event tools built in game to help manage everything efficiently. I have spent countless hours managing my towns, choosing what jobs villagers should be hired to, upgrading the different resource collection systems you can make, designing/upgrading defenses and managing the waves of monsters that attack most nights. Many, many nights I've realized it was way late and had to go to bed or I wouldn't get enough sleep because I am always needing to prepare for the next nights defence or fix an issue that popped up due to overpopulation or some random event. I will continue to play this game for a very long time and I suggest anyone who is curious and likes pixel art or town simulator games to give it a try!",True,1686705969,18,2,0.607702314853668213,0,13438.0,19198,76561198042116341
328080,114631316,"nice sandbox to scratch the itch to  build stuff and protect stuff, we gonna see in the future what the author is going to provide regarding expanded features in the following updates",True,1651176990,0,0,0.5,0,5082.0,6318,76561197994852761
328080,118059132,"I love Rise to Ruins. It's a game I keep coming back to from time to time and play a bunch of hours of, then let it lie and have the dev work on some updates, then play it like it's a whole new game all over again. Every time a new update comes out, it's an additional layer of polish and love that the dev has dedicated to the game, and it shows. It's been really fun following the game mature more and more into what I imagine its final state to be; and every time the dev surprises me in pleasant ways as to which direction we're going in with this.

This mixes my favourite three genres together in a beautifully unique itch of God Game, RTS and Colony Sim, with some Tower Defence elements sprinkled in for good measure. It's got great humour, the music is fantastic, and the graphics have this unique and hand-crafted feel to them. Level design is unique, and there's a lot of maps! Plus, you get to design your own with the Map Editor (I can feel my pre-teen self from way back yonder cry out in joy). Finally, it has this Roguelite-esque / Idle Game progression system that I really enjoy, with some tongue-and-cheek references to loot box mechanics without falling victim to the predatory nature of those as often seen in AAA games.

Where the game is missing some polish is primarily in the UX department. The Level Editor primarily has some woes; eg. you can't erase a tile underneath a building without also getting rid of that building, and to switch from placing tiles to placing buildings, you have to completely switch contexts, which takes multiple clicks. This is the same in the base game too, where to switch between roads and buildings you have to perform the same action. Furthermore, the game doesn't remember your UI settings from playthrough to playthrough, so every time you start a new game, you have to do some initial setup, which could be streamlined. As far as criticism goes, I feel that's a rather minor (and personal) set of gripes. I've found in the past that using VoiceAttack to automate some of the frequent clicking / mouse movements away is a nice band-aid for me.

I have never in any playthrough experienced noticeably buggy behaviour, which makes this a unique game among all games I've ever played. Even the most polished and cared-for games I know, I can point out some exploit or bug. The only things I've noticed is one or two crashes in 372 hours of playtime (yeah really), and that the AI that drives the townspeople does things I can't necessarily predict. Eg. if I assign a new lumberjack task, it's not necessarily the lumberjack that's closest by who will pick up that job. But the behaviour *is* consistent; learning how to interact with the AI and work around its particular quirks is one of the learning curves of RtR for sure, but once you get good at that, you hardly notice it anymore.

On occasion, I've found myself a little bored waiting for things to happen. But I've come to learn over time, that this only ever happens when you've actually set something up inefficiently and/or made a mistake in your design. Every time you start a new map or use the Doom World option to reset all the maps (saving your unlockables!), you tackle the game slightly differently, slightly better, a little bit more interestingly. It's fun to experiment in this game, and there are many strategies that can work perfectly fine for you. My most recent playthrough involves very little base defences, no monster maze, a couple of golem spawners, and five Cullis Gates to drop monsters into if they overwhelm the defences.

I can only recommend Rise to Ruins. I've had nothing but fun with it for a really good amount of time. Well worth your money.",True,1656765022,9,0,0.630702376365661621,1,22309.0,27851,76561198040000982
328080,154271373,I have no idea what I'm doing but I'm having a good time!,True,1703397326,13,6,0.586246967315673828,0,13872.0,33946,76561198144269348
328080,191729148,GOOD GAME,True,1743519178,1,0,0.509803950786590576,0,53360.0,67451,76561198012482451
328080,79106858,"This game is the perfect mix of city builder, resource manager, and tower defense; as strange as that sounds. Developer seems great at what he does and very down to earth. Would highly recommend.",True,1605110235,0,0,0.5,0,7042.0,10405,76561197993748310
328080,88033641,"I highly reccomend this title, but mind you that it has a steep learning curve, read the guides and figure out how to survive first before you make your judgement. You will find this game has not only alot of depth, but also awesome pixel art and particle effects, plus a generally fun and challenging style of gameplay. It also is more involved than most other top down city buildings games, because as a god, you have direct influence over your people and the world. I would reccomend at full price definitly, well worth it.",True,1615139388,1,0,0.518518567085266113,0,5503.0,10394,76561198216849920
328080,89613548,Fun and unforgiving mix of tower defense and colony builder. Recommend.,True,1617430093,0,0,0.5,0,5378.0,5525,76561198027078341
328080,74492839,"I have played this game so many times.  My first like 5 villages starved to death, after that the next 5 were mass murdered by zombies...  Hard, fun, and engaging.",True,1597735832,0,0,0.45883941650390625,1,17052.0,28600,76561198042908976
328080,126323051,"Great base game, could  use some minor UI improvements. Dev says he is still working on it but no updates is awhile.",True,1669208962,1,0,0.5,0,5878.0,5878,76561197975212915
328080,117005329,fun game,True,1655265290,0,0,0.46948358416557312,1,19696.0,20261,76561198016539378
328080,186337918,good,True,1737769897,0,0,0.46535879373550415,0,5571.0,6583,76561197993939117
328080,176113226,"Rise to Ruins is one of those games that really hits the sweet spot if you're into god sims or city-builders with a twist. It’s like it knows exactly what itch to scratch, blending the satisfaction of managing a village with the chaos of survival.

As a god in the game, you’re not just watching your villagers build huts and gather resources—you’re actively involved. You can heal them, control the weather, and even throw down some godly wrath if things get out of hand. It feels like you're guiding them but also constantly reacting to the world. And that balance between control and unpredictability is what makes it so engaging.

What I love most is how everything just clicks. You’re building this peaceful little village, but at the same time, there’s this looming threat from monsters that come at night. So while you're expanding and gathering resources during the day, you’re also preparing to defend everything you’ve built. It adds just the right amount of tension.

And honestly, the game has this really addictive loop. You’re constantly improving things, tweaking your strategy, and watching your village grow from a few huts to a thriving settlement. Plus, the retro pixel art style just gives it that extra charm.

If you’re looking for a game that scratches that god-sim itch while keeping things fresh with a mix of management and survival, Rise to Ruins is a must-try. It’s challenging but in a way that feels rewarding, and you’ll get sucked in for hours without even realizing it.",True,1727728362,7,0,0.624573349952697754,0,11307.0,11307,76561198022133519
328080,159384632,"Pretty good tower defence / colony sim with a stylish lack of graphics, not too simple, not too overwhelming.

I rediscovered this game while organizing steam library. Now in 2024, a lot changed since I last played it in 2019 and now it became quite good. Before, you got thrown on a map without understanding much, then monsters came and whooped your ass. Somewhere along the way they added in-game hints serving as tutorial, and the latest Achievement update provides a network of goals, which also doubles as learning framework. It does it's job well, making the game more accessible without compromising challenge.

BTW most trash issues come from overharvesting/overproducing, you can, and should, set limits for materials less then ""all available space"", especially since that all space includes some ancillary on the opposite side of the map. And don't spam harvest spell without considering storage.",True,1709032053,9,2,0.573271751403808594,1,4354.0,6634,76561198070036358
328080,115069205,"** Building Slots ruin this game ** why?????

fun base builder but challenging... even on easy mode, if you leave an opening in your defense the enemy will find it... had a very well established base, definitely late game, and took on too much expansion one day and that was it.. an entire base ruined.. i usually despise games like this.. but Rise to Ruins keeps me coming back... its a good balance between base building and defending.. 

i think food is unbalanced... I wish you could pause like normal... not pause and not be able to see anything.. i want to be able to look at build menus for a while without losing game time..",True,1651889870,0,0,0.5,0,7385.0,10570,76561197980478918
328080,82518373,If you love survival base building and pixel Graphics this game is perfect for you. Has enough content to keep you motivated to take over the entire map. Will get a little repetitive but fun game.,True,1608149394,0,0,0.5,0,4648.0,4856,76561198039520449
328080,122916718,"I enjoy this game but in reality I absolutely want to adore it instead. 

The problem is that it is just too raw in it's current form to truly love and if the creators could come along and refine the game play and the interface just a little bit, it would be a fantastic game.

As it is, the game takes patience and commitment to enjoy. I like to have youtube on one screen and the game on the other and watch videos while playing along. Most of the time that works fine as you are giving commands and waiting for the actions to be completed.

It can be relaxing and enjoyable to do that.

The problem is that it is slow to play and lacks the quality of life improvements that it really needs. For example, you have to build the lowest level of everything and upgrade it and it gets tedious. 

There is a lot of good in this game. I just wish it could go like Terraria and evolve as a game with patches and updates. It could really become a game of the highest quality with a little more love put into it.",True,1664288796,0,0,0.5,1,4628.0,4649,76561198002909843
328080,103972090,Don't let the graphics fool you.  The game is a great city builder/survival game with a sci-fi charm to it.,True,1637883668,0,0,0.5,0,8931.0,47470,76561197980349346
328080,96429127,I have been playing for 61 hours now and love the game. The amount of detail and coding is amazing. Can't wait to see what further effort and updates will bring.,True,1627341033,0,0,0.5,1,3978.0,10878,76561199061910134
328080,115316362,"it's still ok, UI a bit dated though.",True,1652302294,0,0,0.5,0,6099.0,6627,76561198081233667
328080,145173935,"Incredible game. Spent many hours to this masterpiece! It's a bit like the Sims crossed with Banished, only in 2D and with monsters and creep. Don't listen to the reviews calling it abandoned; it's just got slow development, and you can see that on the testing branches. The creator is active on his Discord and pinging us all the time with new tests and things to break. He has Twitch streams where he works on it. He's fun to annoy, too!",True,1693190905,0,0,0.5,1,10716.0,10725,76561198040425087
328080,145174328,"close to 300 hours. very fun. you want to keep playing. may variables, options, difficulties. high replay design. it is well done. 9 out of 10.",True,1693191579,0,0,0.5,1,16620.0,16620,76561198042961983
328080,79354465,<3,True,1605529488,0,0,0.5,0,6967.0,78793,76561198041790109
328080,174111053,"I love this game. It's deep, challenging, but not so difficult I feel like it's impossible. There are tips and tricks you figure out as you progress that help you not do as poorly as you inevitably will when you first start out. My personal revelation was when I figured out if I have enough resources out the jump from my previous settlements, I can actually attack the corruption myself rather than waiting for it to build up and attack me. Now I've cleared at least three separate map tiles completely and have most of the achievements in the game.

I don't remember how much I paid for the game, but it was certainly worth it. If you like games like rimworld, civ, etc, I think you'd enjoy this game as well.",True,1725337404,1,0,0.508928596973419189,1,11134.0,11282,76561198089336625
328080,150177651,"Worth the time. Unique. Dev releases the game (great), announces second project, disappears, and comes back (hopefully with new strategies for maintaining their work life balance) and updates this game making it even better.

This has brought me a lot of joy. Watching my front line bash against the ever growing evil. Launching ballista after ballista. Slowly gaining more and more land. Each map with different choke points that slowly evolve as the evil and my pawns chip away at resources. 

My only complaint is watching the evil spread under mountains that are a massive time sink to remove and light with fire places. Miss a single square and get distracted now there's evil making a new base in the corner you never looked at. Behind your defenses.

The dev made one heck of a game here.",True,1700066645,3,0,0.545454561710357666,0,9519.0,9692,76561198012239941
328080,118676424,"Destroy the environment, enslave all the animals, reshape the land, bully the dead (and undead), you are a god after all.",True,1657600283,0,0,0.5,0,3939.0,3939,76561198058903765
328080,75289959,"I am the king of Rise to Ruins. By far my favorite game all due to the world map. Being able to keep the game going by moving to a different map, TONS of gameplay, simple UI, easy controls. Best, Game, Ever",True,1598989808,0,0,0.5,0,49937.0,51799,76561198850883188
328080,143642504,"Edit: after the most recent update the game runs beautifully. I'm super happy the developer has finally come back to the game.

I absolutely love this game, however I cannot recommend it in its current state. The game used to run fine when I first got it but now it stutters and crashes constantly. The dev picked up development on this game again after a long hiatus (very long) and I hope it gets fixed at some point, but I'm not holding my breath.",True,1691486678,0,0,0.5314827561378479,6,34142.0,58631,76561198014370433
328080,76858792,"Good once you get the hang of it. Would appreciate a 4x speed, though",True,1601555334,0,0,0.5,0,7072.0,10586,76561198139101177
328080,107137830,"Great tactical builder with many ways to achieve ""tower-defense glory"" in holding hordes out of your borders and also manyways how to lose and turn literally to ruins... have been trying  several times how to master even basics, but after that I spend many hours enjoying how fluidly is my settlement growing and fading at very same time, as monster waves get stronger... Player basicaly needs to play game several times to find own paths to defend settlements properly :)",True,1641130761,2,0,0.502551019191741943,1,7708.0,8862,76561198054621554
328080,136656744,time sink,True,1681434677,1,0,0.480511784553527832,0,7362.0,12695,76561198229572836
328080,74726552,..,True,1598107314,0,0,0.463733673095703125,0,8537.0,10575,76561197989358081
328080,73310513,Очень необычная и затягивающая игра. Однозначно рекомендую.,True,1595769379,0,0,0.5,1,5138.0,8544,76561198020310615
328080,136547575,Great Game! The start of every new village gives you a chance for a new strategy of play. I have really enjoyed all its mechanics as well.,True,1681253203,0,0,0.5,0,30805.0,53545,76561199104808510
328080,165434482,"one of the best games that i played until the damn blood moon 

will reset the world again 10/10",True,1715811158,0,0,0.5,0,11418.0,11457,76561197991893362
328080,97290251,"Fun game, but has some very annoying sides too. 
Things that should be fixed or adapted in my opinion (This is after 150+hrs, so some of them might just be an issue with my playstyle):


* Trash at this point is little more than an annoyance which doesn't really contribute anything to the game apart from adding another aspect that needs to be managed. You can make walls with trashy cubes, but that's about all you can do with it while you are forced to waste around 4 building slots on it early on already. Along with this, everything made with trash lowers the appeal of the area it's built on, so all this system does is force the player to deal with trash for no other reason than dealing with trash.


* Food production is slow as hell, i've tried pretty much every set-up suggested on steam forums and on other pages i could find, have it close to a lake, have a purifier next to it, have a bottler, however nothing seems to work for me (if i'm doing anything wrong please let me know). Also, Farms are supposed to be self-sufficient, currently the farmers take food from the map > plant it in farm > harvest > go back to taking food from the map. 
While it should be, Take food from map > plant seeds in farm > harvest > take seeds from harvest > replant in farm > repeat. There is no reason why they have to farm from the map once again once they have a farm up and running.

Same goes for meat collection in clucker coops and animal pens, the rate at which animals get brought in and the rate at which meat is produced is a fraction of what is needed, this is especially the case when you play on custom and play around with the nomads spawnrate.


* The learning curve is steep, but in the wrong places. This game has a lot of features that aren't new, therefore everyone with a bit of experience in comparable games wouldn't take too long familiarizing themselves with the options, interface and gameplay. The steep learning curve that's mentioned applies to certain gameplay mechanics that do not get mentioned in the tips, so even if you follow the tips to the letter you will still have to google for most parts that will actually confuse you.


* Some jobs benefit a lot from extra population while some don't seem to benefit at all. If you up the amounts of lumberjacks and miners you will see a large increase in work speed, the same goes for builders. However if you look at farmers or stonecutters and the lumbermill there doesn't seem to be a change in speed whatsoever after adding more population (even after googling and following advice).


* Priorities don't really get prioritized, when you prioritize a job as number 1 in the queue, if your workers don't have materials they will just go further down the queue, which is fine, but occasionally it goes on for so long that that building you needed to have ASAP is still not done after multiple days.


* The game is really really slow, with no way to make it go faster apart from using the fast forward option in the game, and even with it on the highest setting it is still really slow. This doesnt really make it a very suitable if you just want to play a game in your downtime.


* Upgrades are still a bit lacking, everything has 3 upgrades after placing it down (With some exceptions like fountains) and if i'm honest, that's too little for how i'd personally like to play. At the end i'd like to have a utopia running off of just 1 or 2 gathering buildings because the upgrades are getting so strong.


* You play the role of god and the population recognizes your godly acts (citizens stand and watch with questionmarks popping up when they see one of your powers). However, there is no religion or anything comparable in the game. Which makes the whole ""god"" setting redundant and without purpose, much like the trash.",True,1628597702,24,1,0.720370769500732422,1,11182.0,13213,76561198133810087
328080,97848925,"Great game. As the description says, a combo of Rimworld, Black and White and Dwarf Fortress. Simpler in some respects, frustrating in others, with some unique features that will have you scratching your head. I've enjoyed it so far.

IMO: would benefit from a mod feature to add richness/storyline that could happen with scenarios/new mechanics from a modding community.",True,1629365014,8,0,0.586679339408874512,0,4704.0,9582,76561197972966041
328080,109605921,"This game has great I've restarted so many times, and love how each time You come back stronger each time. At this point even with my hours I have yet to make it to every region on a save file, and still loving it.",True,1644110339,0,0,0.5,1,21905.0,35869,76561198041804162
328080,99062315,"A really good stand alone city builder that focuses on defense. If you're into tower defense games in particular, you'll burn up plenty of hours. Nightmare mode kicks the game up a notch. Once you relax and fell like you have the map under control is when a pissed off zombie that's super charged by your suppression of the corruption punches a hole through your mountain and kills all of your villagers. Never relax and always keep the monsters on their heels.",True,1631212884,1,0,0.523809552192687988,0,25240.0,28764,76561198037932167
328080,145620646,A good cozy game. Love building my villages and fighting off those monsters.,True,1693777709,1,0,0.515086174011230469,0,6625.0,26296,76561199108032244
328080,136168438,"Incredibly fun game. Feels a bit abandoned by the dev as of late. Would like to see more things fleshed out. My game still crashes at 3x speed when my town gets a bit large. Luckily it's still playable at 2x just fine.

I suggest getting this on sale if you like tower defense and colony sims.

Edit:

I appreciate the developer response. Life gets in the way sometimes, and that's OK. I am happy to hear there is more content planned. I enjoy your work. Good luck.",True,1680723339,16,0,0.697998225688934326,0,8717.0,10641,76561197986241202
328080,127298062,"fun, can be difficult.",True,1669585710,0,0,0.5,0,4255.0,9623,76561199050086429
328080,158933666,"Decent game and hoping its not abandoned at this point. All the people complaining about trash are clearly doing something wrong, I have played 115 hours of this game and the trash was not a problem for me. Sure, there was a point when they first implemented it where it was a bit of a learning curve and I lost a whole region to it but I learned with little effort. Honestly seems like a skill issue and maybe people just don't know how to problem solve or research? All in all good game worth the money and i'm very hopeful that it is developed further. My only gripe is the problem with big colonies it seems impossible to get the animals to provide enough meat but I might be over looking something.",True,1708562691,2,0,0.496034592390060425,0,6933.0,6933,76561198408897286
328080,145672949,"This is one of my favorite games and the regular updates keep it interesting and fun. With the recent update adding steam achievements I am deep down the rabbit hole of fulfilling them all. Each content update makes the game better.

The game play is similar to Banished except there are zombies and ghosts constantly threatening you and your settlement. The fire elementals are stupid ass holes and I hate them.",True,1693857291,0,0,0.5,0,8930.0,17819,76561198034298533
328080,111835926,"Brilliant game. It has a strange amount of depth (There aren't very many building selections, not as complex as it could be with a few simple tweaks.) I can sit here and point out the negative, but this game just kicks butt. It has taken more of my time than many of my other games, that is saying something for those of you that don't know me. :)",True,1646788889,0,0,0.5,0,6372.0,11372,76561198041540001
328080,113211824,Great fun!,True,1648896755,3,0,0.528346836566925049,0,23223.0,33498,76561197984469913
328080,123942709,"I keep going back to Rise to Ruins. 

It's by no means perfect and the last time I played the creep was impossible to stop which I found demoralizing. But the game  keeps pulling because of its compelling Tower Defense and Colony Sim blend. If you are on the fence, come on down and play.",True,1665949906,0,0,0.5,0,11288.0,20926,76561198007378751
328080,125548690,"Great mix of colony management, tower defense, and resource fighting.  Very addictive formula out of a one man studio.  Give this game some love, you could spend your money on sillier things.",True,1668559832,0,0,0.5,0,11147.0,16142,76561198006660472
328080,72458909,This is a great game!,True,1594414258,1,0,0.519999980926513672,1,4666.0,4758,76561198093927673
328080,74433113,"As an avid fan of Act Raiser from my childhood days of yore on the SNES, this game is it's true spiritual successor and does what the devs could only dream to have done. It has many similarities to popular titles such as Dwarf Fortress, but does not suffer many of the same flaws. In DF, for example, you have highly specialized dwarves that feel terrible to individually lose if you want to play the game with combat on. Exploit the game with danger rooms and trap corridors, or don't bother dealing with combat. Corrupted biomes? Flat out forget it lest you deal with flying buffalo fur terrifying your dwarves into starvation.

Rise to Ruins gets the combat angle right. The game on Nightmare difficulty is highly punishing, and dooming words is a regular occurence (60 some hours of play in, and I still haven't got through my first winter.) However, successfully navigating it feels extremely good and the challenge is not as static as the tower defense angle shown in the trailer. Carving out map control is essential for being able to manage the tougher seasons like Winter, but the game doesn't let you do it for free. Settling up mazes is a novelty -- you'll have things flying over your walls, elementals blasting down your front door, and blood moons raining fire and mayhem into your town proper.

The end result is a fantastic world simulator with very unique maps, some which seem nice to embark on initially and others where it feels like you need to succeed on an easy map and feed the harder map to even stand a chance. God powers and cullis gates at first feel overpowered, but as you make it later in the game you realize it's all extremely well balanced and everything comes with a cost.. Balancing all the different environmental needs and roguelite elements of the city management along with the intensity of the encroaching corruption is extremely difficult to manage but very rewarding to conquer. Not once have I felt like any of my failed settlements were a result of anything other than me needing to play better.

Simply put, if you want Dwarf Fortress smashed together with Act Raiser and the potential for a very challenging world building simulator, this game's for you. The Dev is a one man team who clearly cares immensely about the game and has a solid head on his shoulders for gameplay, aesthetic, and balance. Don't pass this one up if you're a fan of the genre.",True,1597627993,20,0,0.685670793056488037,0,4222.0,13314,76561198095729454
328080,205315855,good game makes brain go brrrrr one hour turns into four before you know it. All my homies hate fire elementals,True,1758978517,0,0,0.5,0,16179.0,22318,76561198031810397
328080,72914414,"Great Little Game!

Hopefully lots of updates to come to make it even better! Has so much potential!",True,1595105021,0,0,0.495939701795578003,0,4104.0,6407,76561198065537274
328080,131005223,"This game is STILL BEING UPDATED! If you colony sims, I definitely recommend this spin on the genre! If it's been awhile since you've played, now is the time to come back!",True,1673920939,0,0,0.5,0,7967.0,8411,76561198001928700
328080,145293919,"Great game to come back once and while, its good to see Dev caring about their game. I'v been playing this game for more than 2 years now. Still loving it!",True,1693358251,0,0,0.5,0,4944.0,4945,76561198081479944
328080,178432792,Fantastic game to get sucked into.,True,1730795378,0,0,0.5,0,4135.0,7651,76561198333740167
328080,113733400,"Wonderful aesthetic, great build flow and scaling up of tasks and tension, especially for the first few towns when you don't have the proper view of where exactly all of your support structures and whatnot can go.
Villager AI is sometimes incredibly stupid, and what constitutes a dangerous environment or an undesirable time to actually do some work for once is either really inconsistent or really vague. If lumberjacks won't clear trees near a fire elemental, repairmen shouldn't repair the slightly damaged fire pit next to him. And if the bowyer is swimming in silk, I expect full cylinders firing on quiver production, instead of the French-style ""we'll get to it when we feel like it"" mentality that most refined and manufacturing villagers tend to hold. Very tempting to soak one or two of those slackers in Cullis Gate goo to set an example...
The big reason I write this review is to help spread the word of the great middle ground that most reviewers seem to either miss or ignore. Yes, the game starts as a town builder and transitions into a steadily tougher tower defense game. But each town map can be completely cleared of corruption, turning the tower defense into a once in a Blood Moon insurance policy, and turning that town into a economic powerhouse for all surrounding maps. 
To explain: World map is broken up into lots of strategic maps. Each scenario has a single spawn point for the enemy, that grows over time. But your buildings prevent the spread of the corruption. And one building, fire pits, both have great anti-corruption properties and are totally ignored by enemies. To boot, if any building is built near corruption, over time, it will force the tainted land to return to its former self, preventing enemy spawns. Repeat this cycle until all the corrupted land is removed, and it will never return on that scenario. Ever.
Fire pits remove corrupted land, but enemy buildings also have to go. Thankfully, the game also has automated golems to help your towers defend. But these golems consider ANY build space your town, including around fire pits. Build a pit near an enemy structure, and your golems will swarm on the attack and obliterate it, keeping your fragile villagers safe.

Hopefully this long winded guide-within-a-review helps both old and new players understand that the objective of the game is pacification, not resistance, and the game is a really great hybrid of a lot of genres. Use the advantage of infinite golems and glory to your nascent empires!",True,1649759110,0,0,0.5,1,15993.0,17791,76561198071033119
328080,106871476,"TLDR: The game is finished, not abandoned. Are there better similar-themed games? (Not quite like this one) Yes, but you wouldn't be looking at this one if you wanted to pay their price, or, you already own them. So buy this at 50% off and have some fun.

Lots of reviews complaining about the game being 'abandoned.'
The game was finished. It's as complete as initially intended.
BUT, could it use some more updates to round some things out? Sure it could. It'd be nice to get those updates. But without them, (and especially on sale, like, 50% off) the game is a great value. It has an amazing progression system, but I will admit that after (384 hours) the basic gameplay is getting a little stale. So, I started trying to 'trap' the corruption and do more risky gameplay things to make things more fun for me. It would be cool if we got some new updates to round out end-game boredom, but like I said, there's still a lot here and the game is in a finished state. It's like if a game leaves EA and it's now '1.0' status. Some games continue to get content updates after 1.0. This one 'hasn't really' gotten those updates, and we might never get them. Doesn't mean this is a bad game. Just weird that I'm seeing negative reviews for lots of complaining reasons that don't make sense.
The game is a little slow on higher-population built-out areas. (I like to run it in the background while I do other things, which slows it down even more.) But I still like coming back to it now and then to progress the progression perk system.
Are there better Colony-Survival-Management games out there? Yes. And they're generally more expensive. And if you've come here in the first place, you either haven't heard about the better ones (which is weird) or, you've played through those and gotten bored. Which has led you here. So if it's on sale, grab it, have fun. You'll flounder around a bit until you figure out optimum build styles and what to do, all the while, you'll unlock more perks (which I love.)",True,1640829699,35,0,0.727228641510009766,0,23042.0,24154,76561197967840541
328080,178045724,Love this game.,True,1730306383,0,0,0.5,0,8012.0,8012,76561198038419026
328080,176110132,good,True,1727724567,0,0,0.5,0,4489.0,6614,76561198496756989
328080,70557918,"There's a lot of ""defeat the creep/monsters and manage resource economy"" games to choose from and if you only have 15 dollars to your name or are in some kind of bind where you have to pick the best game of that genre with unreasonably high stakes involved, then Rise to Ruins is probably the one you should go with. 

The developer(s)? (unclear if more than one) are actively on the discord and seem to care about the game. Speaking of! The game is pretty fun. You'll get a good 100 hours out of it and assuming there's more development done to spice things up on different maps across the world, maybe moreso! 

Anyway give it a try, you'll probably love it maybe!",True,1591742504,0,0,0.5,1,6054.0,6349,76561198014038064
328080,92477366,one of the best town and defence builders ive played in a long time big rts guy and happy with this game,True,1621787825,0,0,0.5,0,7585.0,13778,76561198093052017
328080,78087903,"Maybe I'll elaborate someday, but this game is great.
258 hrs in and I still have fun sinking hours into it.",True,1603564923,1,0,0.479409962892532349,0,15483.0,19639,76561198023440988
328080,114305176,Fan-friken-tastic game! So deep and so detailed! Been playing for years on and off and still coming back for more.,True,1650672947,0,0,0.5,0,5027.0,6106,76561198076479529
328080,125318159,gud,True,1668205066,0,0,0.46948358416557312,0,3968.0,5206,76561198993826715
328080,154971734,"Really great game on all fronts, from music, to graphics, to gameplay. You can't go wrong buying this game.",True,1704112832,0,0,0.496671348810195923,0,8675.0,8675,76561197965775248
328080,90216213,"I've had this game for years, and I have enjoyed it, I'm not too sure about the inclusion of garbage etc. But, like other things, I'll get used to it, I'm sure.",True,1618271862,0,0,0.5,0,5771.0,6315,76561198007216075
328080,119466232,"A relaxing Rimworld. Great music, great pixel art, great systems...",True,1658783978,0,0,0.5,0,7372.0,13910,76561198025848196
328080,172452564,its aight,True,1724069230,0,0,0.46875,0,10564.0,10564,76561198218623335
328080,90069265,"What a game! Its been a while since i've felt the fun i had in my younger years as a gamer. This game bring back the feeling of my SNES and PSX games, when i was so into games i could almost felt i was living a real story when playing. The retro graphics just make it even better, its not hard on the processors even if  the map is full with monsters.

Hard learning curve, losing is rewarding, the perks systems is just great. Its not too game changers but definitly a must to win a map and hope to fill the island with your villagers. No need to get into the details, for its price just delve into the game and realize you just spent 100 hours or more playing it.",True,1618064670,0,0,0.5,0,12750.0,19207,76561197996517178
328080,101510832,a enjoyable experance thou limited in game play and what you can and cant due with your village nor can you really make a success counter attack on the enemy,True,1635015303,0,0,0.5,0,4786.0,5807,76561198038291731
328080,145202023,"Great game, one of my most played.",True,1693234107,0,0,0.5,0,12956.0,13876,76561198110342372
328080,86357965,"This game is yes, bls buy",True,1612988701,0,0,0.5,1,11129.0,11131,76561198388573249
328080,76243252,"This is one of the first civilization simulator type games I've ever played, and at first it was a little difficult to really understand what was going on. Definitely get ready to watch your villagers die a lot during the learning curve. After a few losses, as I got the hang of it, I have become SO hooked. I can easily spend hours ordering my minions around and look forward to spreading my dominance across the map.",True,1600547158,0,0,0.5,1,4932.0,6956,76561198092970075
328080,133892715,Dew it,True,1677722528,0,0,0.5,1,17478.0,32399,76561198071946250
328080,75804235,"Nice game.Need some AI changes and such, but still nice.  I recommend it.",True,1599842981,0,0,0.5,1,4361.0,27206,76561198175904005
328080,116484512,"There's too much to say about this game, so: It's really good.",True,1654366332,0,0,0.5,0,5367.0,7435,76561198048242177
328080,74063146,"There are few games that when i google a question, i get a direct answer from a developer. and by few i mean one. ive been playing this game for a few months now and every time i have a mechanics question, not only has it already been asked, but its been answered by the developer himself. i highly recommend this game to fans of city builder and tower defense genres. you do need to have a little background in both to really enjoy it, but what it lacks in tutorial, it makes up for in further explanation",True,1597033049,0,0,0.5,0,4708.0,5104,76561197999980508
328080,97766324,"This game is in my favorites. I come back to it often. It's an amazing colony builder / tower defense with a Black-And-White vibe.

If you aren't sure, just grab it and enjoy!",True,1629241082,0,0,0.5,0,6029.0,9670,76561197990995806
328080,97938170,"It's a nice game and if you do Peacefull a nice timesink :)

The only downside might be that buildings can't be rotated (yet), but that's not a dealbreaker, in my opinion.",True,1629490027,0,0,0.5,0,12903.0,17495,76561198200796301
328080,77137116,"Great game, decent amount of game length for what it is, I spend a lot of time on the hardest difficulty trying to min/max and I think that is where the game shines.",True,1602005675,0,0,0.476190477609634399,1,10986.0,17505,76561198035878846
328080,130996357,"Fun, peaceful game about building a colony from nothing.
Nothing bad ever happens here >:3",True,1673907230,0,0,0.5,0,7551.0,8138,76561198013016066
328080,70418282,"Rise to Ruins is a prime example of what happens when you mix a mad scientist, a sadist, a succubus, and an indie developer into a a single, perverse being. They sit and think about all of the ways they can grind you through their torture machine for their own amusement, and make you want to come back for more again and again.

Rise to Ruins effectively merges Tower Defense-like, RTS-like, and Colony Builder-like into a beautiful tapestry of pixelated wonder. The attention to detail signifies the game as a labor of life by a gamer that understands gaming. Distinct effort was placed into ensuring the typical trappings of the parent genres didn't plague the experience as you lead your colony against the horrors of the Corruption.

Of the big three, it hits all in spades:

-- Replayability -- *****
-- Immersion -- *****
-- Accessibility -- *****

Replayability = ""How much would you enjoy coming back to this game for another round after spending several cycles making progress"" 

Because of the difficulty curve (and the learning curve, to a lesser extent), Rise to Ruins provides more than enough challenge to keep you engaged as you play, and keep you thinking about effective strategies during down-time. Not only does each zone present its own challenge and strategy, you cannot progress in the game until you have conquered *at least* one zone - a tall order for the newly initiated (hint: Try Applemeadow).

Immersion = ""How easy is it to forget the passing of time and devote all of your sensory bandwidth to the gaming experience?""

Every game  and genre handles this differently but one aspect of immersion is universal; the soundtrack. Rise to Ruins absolutely kills it in the audio department by effectively delivering a tranquil and meditative soundtrack, and a dynamic array of SFX to get you engaged with the goings on in the world. Visually, the pixelated art on your many denizens is efficient and just detailed enough for you to tell the difference between the various job roles, species, and unit types.

Accessibility = ""How tough is it to figure out what's going on and understand the 'rules of the game' without looking at external resources (i.e. content NOT created by the developer/developer-funded resources)""

Because of the clear interface and RIDICULOUS number of tool-tips (a good thing), Rise to Ruins isn't difficult to learn. The hardest aspect (for the uninitiated) is the need to accept that you will lose, a lot. And often for stupid (and easily avoidable) reasons. Unfortunately, that doesn't bring back the 3 hours you spent on your prospering settlement. Look at each play-through as a 'Run', and appreciate the high level of replayability the game offers. 

One thing Rise to Ruins has that no other game has is Tiberiumkyle. If you have a question about Rise to Ruin, *any* question, Tiberiumkyle (Community Manager Extraordinare) has your back. In fact, there are many helpful voices in the Rise to Ruin discord, a testiment to how rabid the fanbase is for this amazing game.

TL;DR

Buy if you wished tower defense games had more substance and colony-builder content in them
Buy if you're looking for a challenging title that can provide a relaxing and meditative distraction during your downtime
Buy if you're you're interested in high-replayability, colony builders, and/or games that can be frustratingly difficult for totally bullshit [and legitimate... face it, you weren't paying attention when the enemy attack came, were you?] reasons",True,1591496456,0,0,0.5,1,6630.0,18442,76561198020367450
328080,97374768,"I am changing my review as I am re-reviewing this game. Because I am about to load it up one more time.

I will say though I am changing to a +1 because I usually don't put 96 hours into complete shit unless its stuff like dayZ.",True,1628711073,0,0,0.39195936918258667,2,5815.0,6687,76561197962401396
328080,207247791,is good,True,1761063921,0,0,0.5,0,11406.0,12611,76561198019139392
328080,72794617,"A real challenging strategy driven tower defense. Tons of replayability, highly polished with great balance. Overall, one of my most recommended games.",True,1594916315,0,0,0.495939701795578003,1,11997.0,18439,76561198006728028
328080,139995483,A MUST HAVE!,True,1686664737,2,0,0.503816783428192139,0,4999.0,8143,76561198010809354
328080,155286714,"(Game good. Balance is bad. Please make the villagers smarter and use more space in the farm. I am shocked that they spread the crops by one tile instead of growing them side by side. It is very inefficient. You cannot play because of how much micro managing there is to do.

If it's not food, its water. If it's not water, it's food. If it's not both, It's trash. If it's not all of those, it's fire elementals that can 4 shot your tower and take like 30 shots.)
(12 found this helpful. 2 found this funny.)

This was my old review. I have had a change of heart with this game. It has a rather steep learning curve. Mainly due to how the game now plays. This review now talks about a lot of solutions I have solved and a lot of ways I have made the game more 'efficient'. 






At the time I had not understood how to optimize my gameplay. For example, I was being very inefficient using the Trash Burners instead of using the Cullis Gate... A landfill + cullis gate = more efficiency than ever before, infinite energy, and constant production even during high influx of combat and towers needing loads of energy. 

Always build High-Quality buildings for maximum Faith and to make villagers sleep faster so they can go to work sooner. 

Magic damage > Arrows, Stone Ammo -  It's simply a no brainer. Many enemies do resist magic, but a large majority of them suffer from a lack of magic resistance. Combine this with your golems for immense power. 

Spam Crystal Golems and Stone Golems. Wood golems are useless in combat and are immense resource hogs since wood often times has more risk of being destroyed / consumed more than stone due to the terrain health they have being lower than stone (obv it's wood...!)

Always use holy trees to build ""True"" Walls. What I mean by this, is that any kind of terrain on the map, ANY, kind of terrain, let that be a single 'dead' tree that can block AI pathing, it WILL block AI pathing, meaning that you can easily snake paths through the world and seperate the corruption slowly overtime. 

DO NOT BUILD BALLISTAS FOR OFFENSIVE USE. I have had so many times where I thought "" This would be the perfect siege tool! "" Only for it to backfire as I spawn 8 zombies, 4 slimes, 6 skeletons and 3 fire elementals, who are all lvl 30+ (or at times even 40+) who immediately destroy stuff I was not prepared to defend. 

Water is both your friend, and enemy. Do not be afraid to build a moat around, or inside of your walls, even, as Fire Elementals treat water like any other terrain and will avoid it at any cost unless there is no other way to go. In which they will find the weakest point in your defenses and destroy your base from behind your back. I remember spending a whole day trying to keep them away from my home not realizing that a comet I had spawned in front of my main gate accidentally cut off their only 'true' path into the city, causing them to go and destroy tree and rock terrain to get into my city and essentially flood it with flames. 

Do not build paths until you actually have dirt paths carved from natural movement your villagers and golems make. Then you can build paths on the most efficient route they take. ( Or plan ahead meticulously if you'd like lol)

ALWAYS use rain whenever you can to deter Fire Elementals, as they take massive damage from rain and treats it as if they are actually inside of water taking damage overtime. Which, I am not 100% sure, I believe it stacks on top of normal water as well. 

Food and Water is never an issue. Build WELLS and FARMS right next to eachother, and then a single bottler. The wells produce more water than a water purifier if you place 4 (or 9) of them together in a 2x2 (3x3) square. The bottlers will fill the High Quality buildings, Camp, Storage of any kind, Villager inventories, etc. And over-produce water for your village to use and drink from. 

Always. Make. Tools. Production is sped up by like 4x or 6x the normal speed without tools. Stockpile on that iron or buy a ton of stuff with the gold you get!

Don't be afraid to sell souls. That's a LOT of cash for a lot of nothing! A single villager is negligible later on. 

Always have max Occulists, or as much as possible, for incredible Essence and Faith generation. This is a must have for any village if you do not have this then say goodbye in the second season. Always put them as close as possible to your High Quality buildings for as much essence generation as possible.

I cannot think of anything else to put here. But there are so many cheaper ways to keep your village alive that does not need traditional means or the 'typical' survival choices of buildings. 

Live long, prosper, and Rise to Ruins!",True,1704435339,0,0,0.574609816074371338,1,17271.0,27338,76561198276916303
328080,77089324,"Fun game.

Would have loved to see more enemy types like a big undead dragon or something and more random shizzle happening.",True,1601920657,2,0,0.544072985649108887,0,6298.0,6457,76561198055966238
328080,95549236,"Rise to Ruins has been a delightful surprise in the Early Access scene, offering a refreshing mix of strategy and survival elements. From the moment I started building my first village, I was hooked by the game's ability to balance resource management with the thrill of tower defense.

The game presents a world where corruption spreads, and monsters threaten your villagers, adding a layer of tension to the otherwise peaceful task of building and expanding. The attention to detail in the pixel artstyle is commendable, and the music sets a perfect tone for the atmosphere of the game.

One of the standout features is the villagers themselves, who have distinct needs and behaviors, making the management aspect deeply engaging. The introduction of a lifespan for villagers adds a new layer of strategy, as you must balance their immediate needs with the long-term health of your community.

The tower defense component is challenging and rewarding, with the game cleverly ramping up the difficulty as you progress. The ability to share resources and villagers between multiple villages on the overworld map is a welcome addition that adds to the game's complexity and depth.

While the game is still in Early Access, the developer has shown a commitment to updating and improving the game, which is promising for its future. Rise to Ruins is a gem that offers a lot of bang for your buck, and I wholeheartedly recommend it to anyone looking for a game that combines strategy, management, and a touch of retro charm.",True,1626021535,0,0,0.5,0,15512.0,15512,76561199084563204
328080,114816501,"Still getting updates, still a super fun game. Took me a bit to understand how to play with the new updates, but then I got it and everything is great. Looking forward to whatever comes next for this game and the dev",True,1651464622,6,0,0.567374765872955322,0,4321.0,8170,76561198083465073
328080,124858533,"Probably the best colony sim I have ever played. The god features are fun, and the game is very well balanced.",True,1667438836,0,0,0.5,0,18228.0,30014,76561198004916279
328080,97157144,"Fantastic game, good old vibes, and hundred of hour of fun facing the corruption.",True,1628408684,1,0,0.523809552192687988,0,3860.0,6222,76561198022543570
328080,153803189,Really fun game! Enjoy the mangement aspects and it has enough balance of minor tweaks and being able to sit back and let the game run if thats your style.,True,1702832821,0,0,0.5,0,6648.0,8224,76561198005950973
328080,84821641,Do you like Tower Defense? Do you like Banished? Then you'll love this game. Got 76 hours out of it before i could even do anything else with my free time.,True,1610844992,0,0,0.5,1,4567.0,112892,76561198031572208
328080,80388927,This game is honestly one of my favorites that can enjoy whether had a stressful day or not. Also love the fact that the developers keep updating the game with new or interesting idea.,True,1606412024,0,0,0.5,1,7897.0,10089,76561198255281826
328080,139656562,"A very unique, relaxing and beautiful game where is combine the aspect of a tower defense, god game and a management village all in one.",True,1686083242,0,0,0.5,1,9695.0,10560,76561198357573957
328080,140871166,"A very original city-management game with various difficulty settings. The game in the beggining is rather simple to understand. The ""evil"" is hard in purpose but you'll get bonuses through losing and starting again does not seem boring to me as each beggining does not feel the same (also the are many places where you can restart). Plus the developer is still working on the game and is planning to add new content.",True,1687987916,0,0,0.5,1,9508.0,25662,76561198360853345
328080,84802206,Labor of love,True,1610820011,0,0,0.5,0,6275.0,6275,76561197970797600
328080,113670305,Really fun! So much depth!,True,1649644852,0,0,0.5,0,10601.0,14467,76561198009896712
328080,121501005,"Simple. Thoughtful. Infinitely Replayable.

Very fun god game that achieves greatness through simplicity.

If the art style looks agreeable to you, give this one a spin. The Dev really cares about this game, and actively engages with the community",True,1661908142,0,0,0.5,0,5829.0,6335,76561197977413951
328080,112786526,yes,True,1648192320,1,0,0.519999980926513672,0,4456.0,5161,76561198083173043
328080,84789578,"The goal of this game is to colonize and clear the corruption from the entire world map, which consists of many smaller maps.  Each map requires its own base, and all maps run parallel in real time. This is one of those games where you will reiterate upon your strategies each map, slowly removing bad planning, optimizing build orders and updating your monster maze to seal off any cracks. Slowly but surely you will colonize and purify the world, or attempt to. You can fail maps, losing them to corruption which won't technically make you lose, but you wont be able to purify everything and likely will have crippled your long term prospects.

One of the best games I'll likely never complete. Played a lot during development and got a few saves deleted during the bigger updates, otherwise I might try finishing it.",True,1610805691,0,0,0.5,1,23579.0,23579,76561197971232555
328080,115461137,"Fun game, very addictive, lots of memes and references like catjeets and rouses.",True,1652559733,0,0,0.5,0,23363.0,35898,76561198108877270
328080,111500187,"Great game but very brutal if you turn on monsters. I wish there was an easier mode with monsters, like an inbetween the Tradionnal and Peaceful modes.  Your village can turn to dust in a few minutes when monsters attack. 
I like the graphics and the feel of the gameplay. It has its own unique charm. The develloper did an awesome job and updated it alot in the early days. It's now complete and it's not missing much beside more balance in difficulty and fix the time needed to get resources/expand. I don't think I'll ever get the time to play all maps at that pace.
Overall it's a lot of grinding for resources and pretty slow paced. A good game to chill by if there are no monsters. 
Recommended if you like village simulators and tower defense games.",True,1646378990,6,0,0.583246529102325439,2,12953.0,19460,76561198122434262
328080,96036781,Definetly can recommend this game. Its fun,True,1626725874,0,0,0.5,0,4213.0,6921,76561198128758246
328080,114164351,"It's a roguelike city builder with god game and tower defence mechanics. no more, no less. There is no real goal outside surviving as long as you can. you will eventually be overrun by monsters or run out of resources. You probably already know whether you'll like the game. It's a single person dev so updates are sparce, but they've been working on it for 6 years consistently.",True,1650441093,17,0,0.651633143424987793,0,4150.0,4150,76561198104466232
328080,114581502,This game is the perfect version of a base builder and RNG craziness I need to spend hours trying to perfect one area.  The mix of mechanics and tasks means I always have something to do.,True,1651094486,1,0,0.5,0,7580.0,9404,76561198038131018
328080,120237755,"This is a good game. 

It's fun. it's challenging. It has depth.

I stopped playing Total War: Warhammer III so I could come back and play this

Should say alot.",True,1659900678,0,0,0.5,0,6021.0,9129,76561198014243852
328080,208750835,I still like this game a lot.,True,1762637020,0,0,0.5,0,34810.0,35009,76561198289602083
328080,165950415,"Spent so much time in this game - Kinda like a 2D Black & White
Use god powers to help build your region and defend your people from the ever growing corruption

Unlock small upgrades to pretty much every in game mechanic so each time you play your little guys get a bit stronger
You can make your strongest villagers have more super god babies and in theory (still testing) they can become infinitely stronger... Current standing record is level 15 newborn
Try to beat the Corruption if you can - Its ruthless, Fire Elemental dont play
Also has chill mode if you just want to survive/build stuff - which is also plenty of fun
Definitely recommend",True,1716526147,2,0,0.530201315879821777,0,51040.0,51282,76561198042961800
328080,145664796,RUNESCAPE!!!!!!!!!!!!!!!!!!!!!!!!!!!!!!!!!!!!!!!!!!!!!!!!!!!!!!!!!!!!!!!!!!!!!!!!!!!!!!!!!!!!!,True,1693847605,0,0,0.5,0,7985.0,8278,76561198018964105
328080,80669584,Worth every cent,True,1606495608,0,2,0.5,0,10444.0,10444,76561197969008900
328080,149359505,game made me sacrifice children and dogs to get 100% completion,True,1698915369,0,0,0.5,0,4927.0,4927,76561198069095673
328080,148575307,Great base builder with many twists,True,1697854205,0,0,0.5,0,5989.0,9678,76561197994564679
328080,86574800,not bad i guess i enjoyed it for few hours,True,1613250688,0,0,0.5,0,4298.0,4298,76561198094102397
328080,126972630,"This is a very good game.  Like people say its a god game with tower defense and colony building.  I've seen people say that its slow paced, but your not playing the game right if that is the case IMO.  In the beginning it is slower because you have less colonists and all resources are individual units and all have to be harvested, refined, bought, etc.  Colonists depending on their level will carry a stack of resources to the build site, drop them off and build piece by piece.  This is done very well and makes resources have more meaning than just numbers, more tangible.  With god powers however you can speed things up.  With the hand tool you can pick up resources and drop them on a building project and it adds to them.  When your not doing that you've most likely run out of magic so you should be collecting that and repeating.  If you need resources you can mass harvest or use the hand to pick them up one at a time.  Barring all that head on up to the corruption and pick up some of the enemy builders that step into open and drop them in the cauldron or in front of your towers.  Burn down their buildings, drop meteors, earthquakes and really just be a straight up bully to that poor corruption.  If you want you can try to bless a female villager and birth a nephalim.  The more villagers you get the more magic capacity, so it takes a bit to become a true god.

Long story short, you really should not be idling unless you want to.  Also there are speed controls so, you know.... use them.  For 15 bucks this game is well worth that plus dev is still adding stuff, albeit slowly, but game is complete now so everything from here on is a bonus.",True,1669451111,0,0,0.5,0,4540.0,5373,76561198126273837
328080,176072996,^ Time played.  You may judge for yourself if I like the game or not.,True,1727675199,1,0,0.47413790225982666,0,29054.0,36626,76561197997559839
328080,86501269,"Excellent little city-builder/tower defense fusion game. Obviously very well-thought out on the author's part. I've watched it slowly grow over the years, and I'm very satisfied with the developer's commitment to improving the game over time. These days it's pretty well-balanced, and offers a pretty fulfilling experience in a small package. Can confidently recommend for someone that's looking for a fun mix of city building, tower defense, and easy micro.",True,1613173163,0,0,0.5,0,6507.0,9024,76561198195542601
328080,158961284,"first few runs had to b reset. gained crates bonuses stayed, keep trying the momentum and strategies for succes eventually show up for you. try skirmishes to test out ideas. terrain is important",True,1708598273,1,1,0.509345769882202148,1,54003.0,72723,76561198113396199
328080,76508406,"Great village sim, feels like it takes the best parts of dwarf fortress and warcraft 3 tower defenses in a very FUN spin on both",True,1600993088,0,0,0.5,0,11269.0,17760,76561197998342277
328080,145619823,Yes Yes Yes Yes. YES.,True,1693776562,0,0,0.5,1,6439.0,9657,76561198052135008
328080,142392090,"If you enjoy colony / defense games, then this one will be a joy to learn and play... though stay away if you prefer a game with a little pace to it as this one tends to slow down quite a bit very quickly into the game.

This one will take a while for any of you 100% enthusiasts out there.",True,1689754404,1,0,0.513888895511627197,2,34670.0,39253,76561198035051268
328080,145800465,"They added a building that allows you to have pops pray for energy, and today I had only one person assigned, but they were dancing with three doggos, and each one of them gave extra energy.

10/10 Would pray with doggos again.",True,1694020426,0,0,0.5,0,10393.0,11621,76561198002635638
328080,122893432,play this one it will melt your brain,True,1664238591,0,0,0.5,0,9640.0,11019,76561198095277662
328080,163885234,"I feel like I understand the reason for this game's naming after playing a bit of it. Kind of fun, but I feel the balance is poor mid-game onward. You are pretty much forced to have ice defensive towers because of stupid elementals.",True,1714449935,0,1,0.5,0,4814.0,4814,76561198043270136
328080,138903261,"A good city building, strategy game. I have read some other comments which claim the game is too difficult, but I don't agree because there had been times I felt game is easy and there had been times I felt game is difficult. It is up to your progress and choices. I also don't agree with comments claiming thet the game needs to be updated frequently because game already offers many hours of gameplay time if you intend to complete the main world map (of course new updates and features would be appreciated).
THE PROS: Potential long hours of gameplay, sweet graphics, good music and audio, good price.
THE CONS: As expressed ""steep learning curve"" this game has, for the beginner players.",True,1684932307,2,0,0.525179862976074219,1,4475.0,4509,76561198187144886
328080,119368157,"So the first few 'attempted' play through's kicked my a$$ even on normal... I believe I've got some of the basic's down now, and am doing much better, WOW what a game - C&C, Starcraft, or even Homeworld type building and resource gathering with multiple bases going on at the same time that can re-enforce ! 

P.S. tried a custom game with 20 in-game days of no mobs, then day 21 strength mobs kicked my defenses to the curb.

Just what I needed !!! Highly recommended",True,1658647256,0,0,0.5,1,4420.0,8162,76561198836783842
328080,92323928,"Its very well made for what it is. Crashes are rare and bugs even more so.

Its an interesting challenge to figure out the right approach to play on Nightmare, and its important to keep focus as the later nights can be very difficult. If you like village builders with defense elements, its probably a game you'll really enjoy.",True,1621542062,0,0,0.5,0,40174.0,200497,76561198007151896
328080,189509566,"i think it's a great game, at a time when too many ppl pander to childs play (with adult money lol ) and not in a way that is pandering to elitism either. each system is simplistic enough, but its the juggle ftw.

If you like a deep strategy this game is for you.
 it is challenging, you can see what you need to do and how to do it but then you have several other systems and you can easily enough see them and what to do, the trick is getting them all to a point while land grabbing and fending of an ever increasing horde. brilliant towers defence game, that ties everything in nicely. Your god powers aren't just for show, the people love a miracle.

graphics aren't what this game is about though it does it well enough to not see it as bad. 
nice sound track.

9/10 could do with a better warning system",True,1741266665,2,0,0.505645871162414551,0,5747.0,5933,76561198060017949
328080,146140902,"Strongly difficult, which I count as a point in its favor. Controls could use some work, middle click to cancel is kinda rough sometimes. Love the game though, the last update added a lot of fluidity to ""godhood"" with the worshippers etc. In short, this game feels like Oxygen Not Included or RimWorld, but the tiny people are aware they have you as a god and send you their power. If you liked those games and you have a bit of patience to learn the build order and the controls, you'll love this game.",True,1694472739,1,0,0.5,0,6386.0,8459,76561198049125652
328080,89388794,noice,True,1617131607,0,0,0.5,1,16293.0,37851,76561199132202542
328080,200781195,"The game is not really unbalanced, it's not really abandoned, but mostly done and playable. Have been away from it for a few years, it was great back then and I bet I will enjoy it once I get to try another round.

Is it hard? Yes. Will you make another kind of round-breaking mistake on each of your first few runs. Also yes. It's not an easy game. But it's good! pretty unique genre-mix, graphics are good and well readable.",True,1753558497,0,0,0.476190477609634399,0,4827.0,4828,76561198147726329
328080,79279654,"It reminds me of populus, it's fun, and chill, with a bit of tower defense in there",True,1605399333,0,0,0.5,0,6791.0,12600,76561198038464740
328080,146134941,"The game is janky with alot of work around, what finally got me to stop playing is having 20,000 god experience and no chests to spend it on. Progression ground to a halt, reached building limit and ran out of things to do so the game stopped being fun. Good while it lasted however.",True,1694463785,2,0,0.5,1,13551.0,14381,76561198000096678
328080,73181068,"Steep learning curve.  Would love a better wiki for it.  Now I find myself 84 hours in and still doing the ""five more minutes..."" that turns into hours.  Fun Game.",True,1595542584,0,0,0.5,1,5064.0,5702,76561198032358271
328080,148571685,"Listen, if you aren't into long draw out tedious base building games, then this isn't the game for you. You want your game to only take an hour or so? Go play starcraft or something idk. This game takes forever to get things done. But if you love the type of game where you base build for days at a time, like dwarf fortress style, then you will love this game.",True,1697848131,4,0,0.540069699287414551,0,12263.0,12263,76561198001693109
328080,71305289,"Rise to ruins is a very solid game, it nicely blends tower defense, with city building, with a god simulator aspect. The game is hard but managable. Expect to lose a few times before you get the hang of it. It's a big part of the draw. Once you have a town going strong the game does get boring, but it has nice mechanics to enable you to up the challenge by moving some people to a new area and trying again. Overall would recommend 8/10",True,1593061224,0,0,0.5,0,7264.0,12012,76561198034066436
328080,145123993,Goated with the sauce,True,1693136473,0,0,0.470946580171585083,1,6583.0,10372,76561198065026719
328080,78778099,"200 Hours on Rise to Ruins

This is one of the best games I've ever played that is very challenging and fun to restart over and over again.  I've never seen a game like this one that lets you build a civilization while there is corruption taking over your world.

I love how the game was made and I hope the best of luck in the future for you guys.",True,1604600669,1,0,0.5,0,12034.0,15571,76561198281098786
328080,76368001,WOW. O,True,1600761184,1,0,0.48943820595741272,1,5739.0,6715,76561199087083874
328080,77186399,Love it,True,1602087996,0,0,0.5,0,7368.0,14120,76561198853007017
328080,162755350,"Amazing game. Mix of city builder, tower defence and rogue like. 
Its difficult but thats the best part. You WILL fail. But you will learn so next time you will be better as well as getting incremental upgrades. 

This game has some bad reviews clearly from people that only played a few hours of it. No matter how bad you are permanent upgrades will stack and you will do better and progress.

In a world of generic copy paste games this stands out as a unique gem.",True,1712963744,10,1,0.630986928939819336,0,5199.0,5700,76561197974284239
328080,120357966,Wouldn't mind to lose 1000 times again to understand the game.,True,1660081261,0,0,0.5,0,6818.0,6818,76561197972886945
328080,113884009,good game,True,1650014773,0,0,0.5,0,4462.0,11038,76561198124627374
328080,100812660,"Its a really interesting genre mix of city building/management - and survival tower defense that is done very well!

You will probably lose the first several games and that's the point, to learn through trial. Plus side is even losing you earn bonuses to take with you as you play alongside the experience you get so its never a waste.

Looking forward to next updates! 
-Really would like to see some sort of co-op is in the works.
-Also i know there's already universal bonuses via chests but I would like some sort of ""tech-advancing tree"" that you can manually research in game to make the next world maps easier/different by stronger towers, better eco, etc.",True,1633826480,1,0,0.523809552192687988,1,4148.0,9009,76561198087518439
328080,83545477,game good,True,1609312537,0,1,0.5,0,24021.0,25249,76561198143293935
328080,147299715,I love simulation / town building games. Has various levels of monster activity depending on what type of gameplay you prefer.,True,1696012959,0,0,0.5,0,20580.0,21446,76561198986038785
328080,155113592,"Love the game. It's changed a fair bit over the years and remains fun today. It's doing the best it can to slaughter your settlements, so you really do have to hustle if you want to win fair and square. Or just cheat",True,1704251364,0,0,0.5,0,21352.0,21352,76561197993910482
328080,93943930,Love the music.,True,1624010399,0,0,0.5,0,6639.0,7197,76561198085796917
328080,144900663,"I'm ecstatic to hear that the single developer is back on track, and I must admit, I've been eagerly awaiting any updates. However, I want to make it clear that I purchased the game as it was, without any expectation of further updates. The fact that the developer continues to improve it is a delightful bonus.

As a parent of two daughters on the Spectrum, I find a unique connection with this game, and I sincerely hope that everyone's creative journey takes them where they want to go. After all, we only have one life to live, and it's essential to make the most of it.

I've invested 85 hours into this game since I legitimately purchased it, and I must confess, I had well over 85 hours prior to that on a pirated version. But like many gamers who sometimes resort to piracy, I believe in supporting developers whose work I admire. It's a truth known among us gamers: we often end up buying more games than those who have never been pirates.

In conclusion, this game has not only provided me with hours of entertainment but also resonated with me on a personal level. I look forward to seeing where the developer takes it next, and I wholeheartedly recommend it to others.

Cheers",True,1692855544,0,0,0.5,1,5239.0,6574,76561198264039448
328080,70614320,Suprisingly good game but you need a good frustration level. I enjoyed a lot dying and trying.,True,1591852897,0,0,0.5,0,8483.0,8483,76561198006621070
328080,161314648,"Very good game, steep learning curve but well designed and well balanced. lots of fun",True,1711249129,2,1,0.509345769882202148,1,9732.0,14980,76561198863216450
328080,99073662,Loved the strategy of it. I wish it was more detailed and that you had more control over things. Over all really happy.,True,1631231511,0,0,0.5,1,15830.0,16198,76561198203047870
328080,205993179,"even though its not a big game, this is my most played game, and for a good reason. If you start this game, you will get hooked haha. The game is as hard as you make it (causion nightmare mode is impossible lol)

Cant recommend this game enought, its worth the couple bucks it costs!!",True,1759702817,0,0,0.5,0,25163.0,27450,76561198965879520
328080,90676342,"This game balances perfectly between challenge and idleness. Great sound track and nice pixel style design. I will warn that this game does require patience and time, actual stratigic forsight is required and it's painfull when you see the fruits of not looking to the future, but that exprience I'll leave to you to sorrow in. :)

10/10 will buy again.",True,1619006880,5,0,0.584553718566894531,1,6920.0,13688,76561198205643841
328080,91876641,It totally represents live in total. You build up whit a lot of stuff in the way. Struggling to keep going to finally know that you going  down sooner or later. Totally absolutely recommended.,True,1620828733,0,0,0.46948358416557312,0,24097.0,45482,76561197995146547
328080,109350949,"Great indie game, the dev really put his heart and soul into it. There's a pretty steep learning curve, so I recommend you play for a few hours, get the feel for the game, then read a bunch of guides on best practices.  Most of them are a little outdated but the principles still stand, they'll lead you to success going forward, and don't forget your meta progression!",True,1643837919,2,0,0.536423861980438232,0,6375.0,8559,76561198029900145
328080,124338888,"This is a awesome time to play it’s got a big learning curve but once you figure it out its a awesome game. The developer has really made a game easily worth 20$ but it’s only 15$ Beta has really expanded and changed added some quality of life things like seeing the corruption towers used to be visually going every 45 degrees but it turns as if it were real
I recommend this game because it’s a fun game to play and you can even have a variety of difficulties.",True,1666641329,0,0,0.5,0,13768.0,16959,76561198101911681
328080,124193609,"Awesome game! Tower defense/civ sim. Your gonna die a lot and start over from time to time, but thats the fun of it give it a couple hours",True,1666409432,1,0,0.52173912525177002,0,16930.0,20368,76561198213097976
328080,80252272,"Awesome and challenging game.
Did not win a single nightmare yet, but I come closer every try.",True,1606389395,0,0,0.5,0,6227.0,9712,76561197976651126
328080,103566133,This game is remarkable!  Get it and try it.  You won't be disappointed!,True,1637794265,0,0,0.5,0,11083.0,107409,76561198025834843
328080,175619290,Solid fun game. Tougher than you would think. City Builder mixed with tower defense. Kinda like Age of empires style game.,True,1727103472,0,1,0.5,0,8850.0,11354,76561199090365862
328080,188885764,"I've been playing this game for a long time, and I love it. Rise to Ruins has a high difficulty curve in my opinion, and some game mechanics (pathing, figuring out city layout, building proper mazes for tower defense) add to the difficulty, but in an engaging way- it feels like one more mechanic to overcome. I love the simplicity of the graphics; the rising difficulty level; the strategies you can come up with and implement; the balance of each part of your society... I didn't expect to like this game as much as I did, but when I gave it a chance, there's been so much to figure out. It has so much more depth than you'd expect from the surface. Leveling up your spells and powers is essential, and starts to provide fantastic upgrades and benefits to your game. I love that you can do things like revive dead villagers if you're able to see their ghosts every full moon. I love that you can bless them to have nephilim children that are stronger, sturdier, more powerful. There are so many little things in this game- the dogs, the treasures, the ability to aid your citizens in real time... Rise to Ruins will always be a game I come back to. MY ONLY REGRET? I PUT 250 HOURS IN BEFORE ACHIEVEMENTS!!",True,1740684754,10,0,0.637644350528717041,0,15128.0,15128,76561198034112362
328080,146357879,10/10,True,1694810267,0,0,0.5,0,4169.0,4169,76561198038708543
328080,76893314,"This is a truly interesting and unique colony survival sim. The dev is highly dedicated to the project, adding substantial updates to the game for 5 years or more at this point. 

You tell your villagers to construct  a home. First you need to flag trees for them to cut down for lumber, and flag stone for them to gather as well. Soon you are refining lumber into boards, and stone into cut stone so you can make powerful elemental towers to defend your settlement from encroaching blight. You can refine crystals to construct automated golems to patrol your base, and buy/sell things at the marketplace building. 

The blight is a very serious threat. I've played for 70+ hours and have lost every game before making it a year. But the game is predictable and fair as to how it progresses with the exception of fire elementals which can overrun you very quickly, leading to some feels bad moments. 

I wish there were a 'larger text' version or a way of making it easier to see some of the details like villagers, slimes, phantoms, skeletons, headless, etc.. Even when you zoom in on the building, the UI scales down, so it's hard to see if a building needs a rock or a refined stone.

Fantastic game. Excellent mechanical depth. Steep learning curve.",True,1601611605,0,0,0.467836260795593262,0,4765.0,9115,76561197963599456
328080,119262226,It really has its own charm and a is well maintained as a game with regular updates. Could not be happier supporting this game.,True,1658500565,0,0,0.5,0,5441.0,6776,76561197988255377
328080,208834157,"Always really liked this one. Maybe not getting any more broad anymore, but the TD stuff always contrasted nicely with how big your community can get. I remember expanding to the point it became about vanity projects. Built a big castle fortress with a causeway out from the coast. Fun and simple.",True,1762718863,0,0,0.5,0,5535.0,5535,76561198047511681
328080,141344132,Really unique little game.  Worth it to check it out.,True,1688530105,0,0,0.5,0,6982.0,7308,76561198060035913
328080,105842451,This game has a fantastic difficulty curve and now that the developer has come back after acquiring funds I am very excited for the future of this game. This should be more popular than it currently is.,True,1639525009,0,0,0.5,0,6239.0,7263,76561198140017633
328080,102802216,Depth is putting it lightly,True,1636938515,0,0,0.494186043739318848,0,4025.0,6044,76561198208475081
328080,156774459,"Very good, tower defense + citybuilding/village sim blended very well together",True,1706183945,0,0,0.5,0,4041.0,8737,76561198067757273
328080,117492253,Really good game but seems like it needs more ways to collect and gather resources. I am not very good at the game honestly though,True,1656041939,0,0,0.5,1,9856.0,11145,76561198198124155
328080,77321050,awesome colony sim. Less micromanaging than rim world,True,1602309389,0,0,0.5,0,6965.0,12709,76561198032626086
328080,85435520,"This is an excellent and beautiful game. It is hard and do have a high learning curve... not only how the game works and all that shortcuts but strategic positioning of your base and defenses. and it is not boring, you are constantly on edge to try to be as fast as you can before the blight dominates.  A wonderful game.",True,1611747679,0,0,0.5,0,4633.0,5729,76561198863578405
328080,97313714,"[h1]Introduction[/h1]
Rise to Ruins is an extraordinary game. The game combines the City Builder & Tower Defense & God game genres and the result is marvelous. It's shocking to know that this game is made by a single person. And a great developer, old school style, that doesn't believe in paid DLC/extra content. It appears that there are at least 2 more big content updates. If you like trying to perfect everything, you may even surpass the amount of hours that I have in this game.

Quick summary:
[table]
[tr]
[th]Subject[/th]
[th]Score[/th]
[/tr]
[tr]
[td]Core Mechanics[/td]
[td]Amazing[/td]
[/tr]
[tr]
[td]Story[/td]
[td]None[/td]
[/tr]
[tr]
[td]Graphics[/td]
[td]Cute pixelated[/td]
[/tr]
[tr]
[td]Bugs[/td]
[td]Few, not gamebreaking[/td]
[/tr]
[tr]
[td]Price[/td]
[td]Cheap[/td]
[/tr]
[tr]
[td]Soundtrack[/td]
[td]Beautiful[/td]
[/tr]
[tr]
[td]Game Length[/td]
[td]10-200+ hours[/td]
[/tr]
[tr]
[td]Achievement Hunter[/td]
[td]To be implemented[/td]
[/tr]
[tr]
[td]Achievement Difficulty[/td]
[td]To be implemented[/td]
[/tr]
[tr]
[td]Missable Achievements[/td]
[td]To be implemented[/td]
[/tr]
[/table]

[h1]Core Mechanics[/h1]
This is where this game really shines. I've always been a lover of the City Builder and Tower Defense genres, so finding a game like this that belongs to both genres has always been a dream for me. I found it, and it lived up to the expectations. If you like both genres, you will like this game. In Rise to Ruins you must try to expand your village and also defend it, and all that without direct control over your population, because you play as a God entity.

As an oldschool Warcraft 3 TD player, something I really love about this game is the ability to maze things, to be able to direct monsters in the most bizarre and creative ways. I always preferred this sort of TD over the ones with fixed positions for towers.

The City Builder segment is also complex, you will discover very quickly that you must think about the logistics in your village expansion. Doing everything disorderly may be your doom. There are many Data & Statistics views/information avaiable to help you make your decisions.

And there's also the God Game part of the game. As the God entity of your civilization, you have access to many spells, so you can help them survive the dangers of the world. The spells are important in the survival of your worshippers and feel correctly balanced.

The game also has features like Weather and Seasons, so you need to adapt to your current situation.

There are also perks, that function similarily to roguelikes. As you progress in the game, you will receive perks that are permanent even if you decide to doom (reset) your world, in case you feel like everything really fell apart and you want a clean restart. So that's a good rewarding way of making failing less frustrating.

[h1]Story, Lore and Character Depth[/h1]
None. There is no story/campaign. It's pure sandbox. I personally prefer games with story/campaign but I didn't mind the lack of it in this game, it still got me hooked. Perhaps it was even for the best, to allow you to imagine your own village story and your own goals.

[h1]Graphics[/h1]
It's a very well done pixelated style, it fits the game atmosphere and mixed genre perfectly.

[h1]Soundtrack[/h1]
I usually don't include soundtrack on my reviews, even though I really appreciate a good one. But I found this one to be quite beautiful and worth mentioning.

[h1]Bugs[/h1]
Eventually something may become weird in your world or in your people's AI, but you can easily reset everyone's AI or rollback to a previous save. I haven't encountered a single gamebreaking bug. But in case you do, the developer is extremely responsive.

[h1]Conclusion[/h1]
Ultimately, I loved this game. I honestly didn't image I would play this game for so long. If you like City Builder & Tower Defense & God game genres or even like the idea of these genres combined, it's an easy buy, Rise to Ruins is very well done. You won't regret it.",True,1628625466,47,0,0.807464718818664551,3,13372.0,13372,76561197991149889
328080,93950687,"This is my all time fav game on steam developer if you read this you did a great job. And if you read this without having this game yet, buy it now you wont ever regret it. 

I love the graphics so much this game has so many details. When it rains, then its dripping down the roofs or when a character has a job he has his own Tshirt with its own color. and I think its so cute tho.
I'm playing this game for a long time now and I still love it so much.

This is what i mean when I say that I like to play strategy games. If I could add one more thing to the game it would be cats bc the dogs are alr so cute and I love their names too. It would be cool too if you can download more buildings in the steam communityhub. I'm so happy that I bought this game. I'm already so hyped for the update.",True,1624021433,2,4,0.507436096668243408,0,67146.0,111229,76561198372999607
328080,96158083,"Hard, fun, HARD.",True,1626911145,0,0,0.5,0,4083.0,7933,76561199005009318
328080,146102017,"Amazing game, hard with a learning curve but once you get it, you cant put it down. When I boot this up HOURS fly by so fast.",True,1694415209,1,0,0.5,0,7054.0,12533,76561197963548300
328080,121599538,it's okay,True,1662079801,0,0,0.344228744506835938,0,21717.0,30320,76561197965491759
328080,71437318,"I am not sure whether to recommend this game or not.  Game quality is ok for an indy title and the concept is good but it has serious flaws.  While it is entertaining initially, the enemy is unbeatable and eventually overwhelms you.  I like many points of this game and see that it has potential.
The game mechanics are off.  Gameplay is easy initially and slowly gets harder.  But then the monsters get way overpowered quickly and you watch hours of planning get destroyed.  You can banish the monsters off of the whole map and they will come out of nowhere with hundreds of troops and eliminate you ....with no blight and no monster constructs on the map.  The game gives you no real way to counter them in the end.  This is frustrating to see and leaves you cursing the game.  Wasting hours of time for nothing.  I am sure there will be those who will say ...""your just not doing it right"" maybe not.  
Not a complete waste of money but not the relaxing mental exercise I thought it would be.",True,1593208635,0,0,0.5,0,15622.0,20636,76561198061871138
328080,142167828,"It's a good game, i get back to it time to time. 

In it's base, it is a town builder, survivasl game, with resourches management, like stone, wood, food, etc, but it also has an interesting magic system, what looks great ingame, and a lot of tower defense mechanics. 

I certainly, enjoy playing it, thats why i get back to it wfter a while.",True,1689469564,1,0,0.513888895511627197,1,13531.0,14947,76561198027969469
328080,99232300,"If you're looking for an inexpensive, challenging game that doesn't give a damn about your time or feelings, Rise to Ruins is great! 
We need more games that focus on game play rather than flashy graphics. Not many games make it in to my favourites section, but Rise to Ruins has been there for a while now and it's not leaving anytime soon.",True,1631455356,0,0,0.5,0,10615.0,16003,76561198006576240
328080,145173388,"Rise to Ruins is good.

People have been slandering the game, saying ""iT's AbaNDonED!1!!!1"" ignore them, they are morons.

The game aint dead, and isn't going to become dead.

Check out the Official Discord if you don't believe me.",True,1693190048,0,0,0.5,0,5528.0,5528,76561198000745759
328080,185918430,"I didn't think this game was as hard as a lot of the other reviews seem to but I did think it was a lot of fun.  The graphics are very simple and are not super intuitive to recognizing different buildings as a new player but the dynamically managing your villagers efficiency scratches the itch for city builders just the way I like.  
Dont be afraid to lose and start over, theres a lot of ways for things to go wrong but I really enjoyed cracking the puzzle of how exactly this game works.

I think $15 is a fair price if youre into these kinds of games, if you're only sometimes a city builder/strategy person watch for this to go on sale as I do believe its worth trying",True,1737268196,1,0,0.5,0,8541.0,8541,76561198100206249
328080,205827628,"Colony management mixed with tower defense. 

You start with nothing, gather food, wood, etc. Build houses and defenses, then fend off the monsters when night time comes. Wow, I fricken love this game, I'm going to play it right after this review.

My favorite thing to do is when I have a colony being overrun, I start sending out citizens en masse, to any nearby tile. The death of one colony means the birth of others!

Alright see ya, I have something to go do.",True,1759553613,7,0,0.611569106578826904,0,5300.0,6005,76561198012097067
328080,146244458,"Rise to Ruins is a fun mix of tower defence, god game, and village/colony sim. The basic premise is you are a God overseeing your villagers and helping them survive against the ever encroaching threat of the corruption. 

The corruption is the main antagonist, it slowly consumes everything that your influence doesn't reach and sends waves of monsters to destroy your villagers every night. It can't be beaten, it can only be contained and the more constrained it feels, the harder it fights back. (well it can be beaten, but it requires extensive knowledge of the game or cheese that defeats the whole point of playing on anything but peaceful mode)

The main gameplay loop is fun and will eat up more of your time than you expect. You build your village, establish industries to support it and develop defences to protect it. The learning curve can seem steep at times and you will most likely fail many times over before you've gotten a solid grasp on the mechanics, but it is a fun and rewarding experience. 

There is a roguelite progression system that helps with the learning curve and keeps things from getting stale to quickly. You are rewarded xp after every session, success or failure. You can use this xp to open perk chests that give you ever increasing bonuses to almost every aspect of the game. Sometimes you may open one and think ""Cool down reduction on a spell I don't use, meh"". Other times you will get something that makes you rethink your entire approach in order to make use of it. You also aren't locked to your first region, you can send migrants and supplies to neighbouring regions which you can use to establish a new village and there is enough variety in the different maps to keep it from feeling ""samey"". Plus, you can always return to an older region/village at anytime without losing progress anywhere else (which can allow for some interesting interaction between your settlements)

The difficulty is fully configurable and you can alter pretty much any part of the game's difficulty/mechanics to suit your tastes or create unique challenges (Extreme length winters present more challenges than you would think).

The biggest complaint I have is that there isn't a ton of depth or variety, once you've found a strategy that works you won't find yourself forced to change your approach very much, and something that you've safely ignored will most likely stay ignored unless you want to challenge yourself/mix things up. 

The Dev is still very active, and actually just released a large content update that added several new things (including achievements) and changed the way the faith/influence system works as well. It was a great update that has resulted in me putting another 60+ hours into the game.

Overall, even though Rise to Ruins may lack the depth of the various games/genres that inspired it, it blends those different genres successfully to create a unique and fun experience. Seriously, just look at my hours played; that is an absolutely absurd amount of value for the ~$20 CAD I paid for it.",True,1694636743,25,0,0.707837820053100586,0,8940.0,9395,76561198011332472
328080,116212749,"Love the Game, stopped playing for a while, Just spotted that the Dev is back on with their updates, so going to get back into it.",True,1653857156,0,0,0.5,0,11415.0,22537,76561198047507560
328080,70750843,It's fun to play.,True,1592097386,0,0,0.5,0,4374.0,13512,76561198175313733
328080,163072250,Haven't played the newest patch yet. But I did stop playing when the development stopped before. Only reason was because I maxed out all the things I could do in the game. The game is fun and anyone that likes dwarf fortress should enjoy this.,True,1713395706,0,0,0.5,0,37030.0,41740,76561197990445836
328080,148405897,hard gaem gud gaem,True,1697575683,0,0,0.5,0,6510.0,7673,76561198056123494
328080,143282136,"A game you can come back to again and again. I recently came back after many months, maybe close to a year. The game is the same, but it took me a few attempts to have a village survive past the first 4 days. A challenge for your mind - don't be discouraged if you are bad at first. Those are actually some of the most interesting times. It definitely feels good to hold back to Corruption until they are just sending stuff at you constantly because it has nowhere else to go except to take you over.",True,1691007664,1,0,0.5,0,16137.0,20317,76561197960489193
328080,73193882,very fun,True,1595567552,0,0,0.5,0,5474.0,14001,76561197980192442
328080,90538704,"It is weird, and maybe a little broken... the tower defense aspect is fun, until the enemies arbitrarily start wrecking your walls for the hell of it.

But, honestly, for 15$? It's a fun game. And it's in a genre that is so damn starved in recent years, it's pretty damn good. Give it a whirl and see what you think!

If you still aren't convinced, grab it during a sale, for 50% off this is definitely worth it. It's a fun game, even if a little rough around the seams",True,1618771840,0,0,0.5,0,18512.0,19981,76561197996468762
328080,101975253,"I love it when my stupid villagers starve again because even if I throw carrots before their feet from above they run away in panic. So I have to hunt down their ghosts at full moon to resurrect them to not run out of workers.
It's just like real live!",True,1635699124,0,0,0.5,0,4862.0,11676,76561198272228650
328080,82317817,"TBH, probably one of the best games I've ever played.  Simple simulation with alot of intriguing character. I switch between this and Rimworld often.",True,1607916304,17,0,0.691854238510131836,0,7486.0,12980,76561198263883090
328080,145176390,"Rise to Ruins is a pretty interesting game among the settlement survival games (Rimworld, Dwarf Fortress etc...) for having a campaign mechanic above the individual scenario runs - in this mode you're accumulating global resources (God XP) to spend on global perks and using your existing settlements to support new expansion.  I think it's difficult to initially get into (similar to Banished it's far too easy to over build and be left with understaffed facilities that are too distributed to defend) but there exist several good guides to set the player off on the right foot.  I think it's a great thing to check out if you enjoy settlement manager and survival.",True,1693194974,0,0,0.5,0,3856.0,4357,76561197970463205
328080,114537260,.,True,1651023328,0,0,0.5,0,4063.0,4148,76561198022257223
328080,80783098,verrr gooood,True,1606538259,0,0,0.5,1,12847.0,15389,76561198382050537
328080,200706170,Absolutely great game!,True,1753481710,0,0,0.5,0,5806.0,6650,76561198045619233
328080,88750872,"I told myself 10 more minutes, and it became 10 more hours.",True,1616225619,0,0,0.5,0,16922.0,26467,76561198027257718
328080,100001821,Nice game to play for fun.,True,1632674956,0,0,0.5,0,26829.0,33892,76561197996495210
328080,145174076,"Ive had this game since beta years before it released, and let me tell you: easily a game i always will circle back to.

This game isnt dead. The author may take breaks here and there, because this game is not his sole source of income. Meaning, he has a life outside of this game.

Rise to Ruins is a true labor of love colony sim. I dont know why people hate on this game so much. Im not doing a chart with bullet points rating each aspect. Its all around an excellent game.",True,1693191147,0,0,0.5,0,14951.0,14951,76561197999259563
328080,84453905,"""I've got a labyrinthine gauntlet of defenses protecting my city, my economy is strong, we are colonizing the surrounding lands, and our stores are bursting with food and fresh water.  And it's only on traditional difficulty.  I'll just leave it on while I go get some chips at the store""

Come back
Monsters have destroyed all three of my water purifiers and all 100 people are dying from dehydration
My landfill was destroyed and tens of thousands of pounds of formerly contained garbage litter more than half of my city
Trash slimes killing everybody
Fire elementals made it through the gauntlet
The corruption has cut off my courier route

God learned to not go afk again/10",True,1610312601,0,3,0.5,0,3979.0,4535,76561198030646904
328080,153681945,"game that will have you playing for life.... verry good .... 10,000 Doughnuts on doughnut score ........ Thank you for creating and keeping up with the game and cheers on the sequel !!!!! OTG",True,1702692395,0,0,0.5,1,35105.0,53574,76561198043211478
328080,102768165,:3,True,1636892386,0,0,0.494186043739318848,1,6233.0,6253,76561198047448973
328080,167912521,"It feels like the game has gotten harder since the last big update. Harder in terms of fighting back the corruption. The faith system also needs a bit of getting used to but it's working out fine. With a bit more playtime, this might actually be the first game to which I'll have all achievements!",True,1719058492,0,0,0.5,1,32057.0,32165,76561198018719449
328080,201872906,I love this game! It's both demanding but also a chill game that you could play doing other things,True,1754862996,0,0,0.5,0,24949.0,32586,76561198028993945
328080,71202934,Fun game,True,1592877628,0,0,0.5,0,23064.0,31707,76561197970415079
328080,195595351,"Fun game played quite a bit every so often. Dev has been away for a bit now, but recently stated on twitter that they are back to working on update 3, as well as their next project. The game is ""finished"" as in its a complete product, which may or may not be to your taste. watch some videos or other media if its current finished state is to your liking, as while the Dev has stated they are continuing to work on it, they have no obligation to as it is a finished product.",True,1748144338,10,1,0.604123413562774658,0,20073.0,29771,76561198052494400
328080,73225802,"Great time killer and god-sim, especially for a game developed by one person. There are no paid DLC and continuous updates, and the game itself is worth more than he's charging for. 

Overall, great game for killing time or having fun. If you like god sims, you will like this game.",True,1595621043,0,0,0.5,1,5574.0,6629,76561198064594969
328080,94423400,"After 500 hours i gotta say something.
Yeah, it's a bit involved and there's not enough easy to follow tutorials, i could be here listing tips so the players dont get overwhelmed by monsters, but it would be a reeeally long review. My 500+ hours should clearly indicate i think this game is worth buying. 
But dont be fooled by my game hours, this game has a slow pace until an emergency rises, so it's quite recommended to take more of an ""idle"" aproach and be really strategic about the >spells< you use. That's why i've played it for so long, it has that ""one more turn"" feel to it and is perfect for when im tired and got some time to spend.
Also, the pseudo random name generator is awesome, i just sacrificied one of my villagers these days; he was a certain well known politician and i quite enjoyed it.",True,1624722830,7,2,0.541592121124267578,0,34201.0,49790,76561198431911081
328080,156510361,"Love this game. Rise to Ruin is not only fun but challenging and perpetually engaging. There is always something to do, something to build, and something to improve. Huge plus, it doesn't require much in terms of pc resources,  so I can render and play at the same time.",True,1705882030,0,0,0.5,0,7484.0,13882,76561198019227338
328080,145174849,"One of my favorite games to sit, relax and play when listening to a podcast or book.",True,1693192392,0,0,0.5,0,21505.0,39096,76561198057517317
328080,157078180,fun strategic survival game,True,1706479747,0,0,0.5,0,8696.0,28120,76561198181812946
328080,116976179,"Very nice game. Play it for long, like both old (before trash) and new versions :)
I will   recommend this game to anyone who like god-sim, sity builder, gnomoria-like, tower-defence and etc :)

Graphics:
Nice pixel-art graphics, all is minimalist, but good seen & recognize

Sounds & music:
There are nice music (not chiptune! Some king of mix) and sounds, all created to relax and/or play without be nervious. Not pissing off, just like it even after 108 hours :)

Gameplay:
I like this 'mix' of different jenres in this game.
Here are god-sim with godly powers. Good balanced, not too hard and not too easy. You will not be powerful GOD from start, you need a flock!
Calling powers are easy, much useful spells and opportunities, like: labor/holy golems (first will transfer stuff to help villagers, second will attack enemyes and their power depend of village age), or grow spell which fastened tree/food/minerals grown. Also makes stone to grow, very nice :)
All there just need to be discovered by self :)

Here are tower defence, enemyes can be killed by villagers, golems, towers or spells. Here are a walls of few kinds with their height (some will not let almost all towers to shoot thru) and HP. Some enemyes can walk thru walls (ghosts).

You can dig a water cannal, but it will be empty until rain. Also small pound can be filled with water, but can be drawn out.

Much of production types and stages - but all of these are useful!

Any building has its tiers. Upgrading them will give you more space/faster crafting/more worker slots, etc...

Roads! Your villagers (and enemyes) will walk faster on roads. There are 4 tiers (wood, rock, planks & stone bricks) each give its bonuses.

Katjeets! You can create your own kitten village :3

Global map! You can conquerer region-by region, sending there resources & villagers from other regions you claim. Build production-rich region, send villagers with much of stuff and build village of your dreams there :)

Missions: for completeng some (easy) missions, like having X amount of villages, surviving X days, etc you gain godly scores which can be exchanged for treasure chests! Also completing missions & opening chests will grant you bonuses like faster building, more capacity in storages, faster gatheriing of resources, etc...

As total: Very nice game, i love it!
Recommend it to all who like at least part of its jenres :)",True,1655218894,0,0,0.5,0,7522.0,12436,76561197999120507
328080,146284716,"This game is fun, I certainly got my money's worth out of it. So take the following more as yet untapped potential rather than critique: 
There is still little point in venturing beyond your initial region. All you can do you will do on your first map. The ever increasing strength of enemy waves on one side and the limited building slots and upgrade capability on the other side puts a hard time limit on any match and since corruption (gaining of enemy ground) is now partially permanent there is no longer an option to win. The best you could do is to send some of your population and resources to an adjacent region in order to start all over again. But as I stated before there is really no point to it. No way to regain lost territory or new mechanics or scenarios, just more of the same on a different map.",True,1694704223,0,0,0.5,1,38906.0,39031,76561197970970969
328080,145192934,"Fills my wants perfectly, lovely pixel art, watching the evolution of my village, defending from hordes of creatures and dealing with various monster types. I love seeing the buildings change with upgrades and as they are built and the game is challenging but I've never felt it was unfair, most of the time I failed to pay attention. The added magic system is lovely and what I always look for in these games, with god powers and magical defences adds another layer of richness. And now there are shiny achievements which I am sadly rather addicted to acquiring.",True,1693223422,0,0,0.5,0,4790.0,4796,76561198081806087
328080,118227515,"I don't review many games.

Rise to Ruins is really great and what I was looking for for such a long time in a city builder.  The tower defense is a bonus.

PS: Use the pickup spell to move dogs to your camp and have hundreds of dogs",True,1656978761,31,0,0.754868447780609131,0,8250.0,11952,76561198018310353
328080,146296033,"Its got a tough learning curve, like... a REALLY tough learning curve, your people WILL starve or your base will get smashed by enemies.

Don't give up, it gets fun and the passive buffs you get from chests just from playing REALLY start to stack up after awhile, also, if its too hard, just do a custom world and give yourself a bit extra time before the monsters spawn.

Really good game, I am surprised every time I boot it up and spend like 5 hours just watching my town get bigger and bigger.",True,1694718224,1,0,0.503968238830566406,0,8629.0,10743,76561198028226168
328080,97118490,"This game has the best of town builder and tower defense in one!
It is slow paced but can also be very difficult when corruption spreads (quickly).

Would absolutely recommended!",True,1628354129,0,0,0.5,1,5280.0,7184,76561198134960316
328080,139452083,"Some minor review bombing happened due to lack of updates so I'll put in a genuine review.
RtR isn't perfect, of course it isn't, nor is the dev, but it's quite damn good. I've owned this game since it was called Retro Pixel Castles and have loved playing it. Development has slowed down and I can't be mad since an indie title is a LOT of work for one person. The game is still magnificent in its current state though.
Granted, while I enjoy the art style and the gameplay and watching my little villagers shuffling around like an ant colony, there is still a lot that could be improved. Both the defense and survival aspects within the game do not feel like they'd work if they were just standalone concepts as of yet, and I'd describe the game as more so a sum of its parts.
Doesn't mean I don't like it though. It's a fun way to kill time and I love the direction it's been headed in. The belief and occultist update, one of the more recent content updates, feels like a much needed fleshing out to the essence concept that makes it so that your villagers have their own levels of faith. I also really enjoy the world map and being able to start multiple villages, with each one and the progress you made allowing you to unlock minor perks that build up over time. It's quite nice, and while the gameplay loop just needs a little more to keep me there, I expect things will get even better, no matter how long it takes.",True,1685754022,2,1,0.5,0,14253.0,15480,76561198341099744
328080,146176130,"This is a colony building-roguelike-tower defense-god simulator mashup. A really interesting combination of genres.
The premise is that you start on a map, build out your colony and survive the onslaught of the ""corruption"". You then migrate to a new map and do the same all over again. 

The graphics have so much pixely goodness that you just cannot fault it. The music is fantastic and matches the game perfectly and the game loop is extremely addictive. 

Some (maybe) important things to take note of:

1) The game is brutal on the higher difficulty levels so take care if you venture there.

2) The game is not really ""winnable"". The whole premise of the game is to survive the onslaught of corruption and by doing better and pushing the corruption further, you only get more and more resistance from the enemy. This is one of the main problems I have with the game as it seems kind of unfair as the better you do, you get more and more punished for it. Having that said, ""beating"" a map by removing all corruption is possible but an extremely hard thing to do.

3) The game can feel that you are doing the same thing over and over again which in a sense is true. Even though each map is unique and poses different challenges, you build out your colony, survive and move on. Once you have a working recipe for survival you execute it and that's it. On higher difficulty levels, if you F up something, things start cascading usually and you get overrun.

4) There is no win condition. This is mostly a sandbox game even though it does not seem like one, and you make your own goals and wins as you please.

I rarely review games and it is even rarer that I put over 100 hours into a game but this little gem just keeps sucking me in. Would I recommend it? Absolutely!",True,1694534703,1,0,0.5,1,6497.0,7689,76561198051471397
328080,90486810,A wonderful resource management game! You can play in a couple different play modes with tower defense or without. The world map and utilizing the resources to share across your regions is highly addicting to macro manage.,True,1618695192,0,0,0.5,0,3978.0,4001,76561197967314143
328080,181167315,"Y'know that feeling of just ""one more click..."" and the next thing you know half the day is gone.
Yeah, this is that kind of game. Simple to play, difficult to master, and something about it keeps drawing  you in. Even after losing the game again and again. But that's by its design. Winning is keeping everything running for one more hour than the last.",True,1733003601,2,0,0.519230782985687256,0,4915.0,7886,76561198104535953
328080,74172063,Addictive ant-farm,True,1597211566,0,0,0.5,0,10958.0,21154,76561198028393562
328080,86075992,"Somewhere between a tower defense game and a village sim. Manage your growing economy, create a maze of towers and walls to funnel zombie attacks into kill zones, and gradually meet the needs of your burgeoning town. Eventually, hopefully, wipe out the corruption and migrate to a new map.

What makes it really fun is that every failure counts towards something. The main way to play the game is on the world map, where you pick a region to start in. Performing actions in that region accrues god points, which you spend on randomized perks that apply to ALL regions. Even if you fail and have to doom your town because you goofed your build order (a common occurrence), you're still making gradual, tangible progress. Your villagers get a little strong, your towers hit a little harder, you build houses a little faster, and so on.

Big fan of the art style as well. The pixel art on the structures is wonderfully detailed, and all the chirps and grunts of the villagers reminds me of Settlers 2, one of my favorite games of all time.

A hidden gem. Shame the developer is a bit of a conservative crank on Twitter and incapable of keeping his promise of regular updates. It's fully-featured as-is, at least.",True,1612623103,26,0,0.756847679615020752,0,5805.0,5805,76561197995259232
328080,143225645,"Pretty cute, pretty fun. Really easy to come back to
If the difficulty is an issue, you can adjust it to your liking without any major repercussion 
It's a pretty chill time",True,1690923789,0,0,0.5,0,42323.0,46193,76561198093774541
328080,145994778,"Amazing game, infinite hours of gameplay, updates are slow but the game is still amazing. would reccomend you buy this no matter what!",True,1694278094,0,0,0.5,0,4180.0,5685,76561199065467027
328080,113534278,"A hopefully more succinct, helpful, and digestible review after 332 hours...
It didn't go well, I'll move my quick points near the top and leave the exposition below lol:

This game is a blast once you get it. It doesn't hand you anything and I found that delightful to be honest, but did slow my entry a bit. On this note perhaps one of my favorite aspects of this game is, I don't actually know if you can ""win"" it per say. You just enjoy it that's it, it's so low key to start and stop too, nice when you have a ton of time or a little bit of time.

The city management in the game is something you have to understand the pacing of. Things aren't instant, they will happen, people gonna people; as it were.

Also you can't forget you are a god and can affect the world around you. In fact, the more you do such in a positive way around your people, increases your total influence as a god allowing you to do more god stuff for that village.

This game has nothing that is broken, if you think a building is useless you just haven't played enough to see it's use.

Like trash, everything about trash is managing how fast you burn it for essence, it's not obvious that is goal with all those buildings for it but all of them work toward that end (past not being trashy lol). Like you might get some of it processed (recycled), but really you should just see it as a source of essence (your god juice) at the end of the day.


The exposition that built on my first point:

It's not like I don't have ideas of how one could try to ""win"" the game, but I honestly have so much fun with each village and have no desire to rush my to the possible ""end"". To give a minor context. You pick a zone of about 30 something I think. You pick where on that zone map you want to settle, and an opposing force, that will slowly and ever expand, sets up about opposite you. On that zone map now, there is no win condition, you can conquer all their blight and it's almost worse because they show up randomly now. You can be meager and bide your time, eventually they crave your space and you can't hold it. So you send people out to other places (hopefully while the zone is still in your control, you can lose it entirely).

I have not spread across the whole map yet, I am finally working on a campaign to do it now that my achievement hunt is nearly done and I've finally seen most of the game, still not all though (certain world map areas are harder).

Some of this was slowed down by my learning how the profiles work. You shouldn't ever need more than 1 really. You have a different save file in that profile for each difficulty, and each difficulty has it's own god progression that the achievements now tie into, but is something that happens at the world map level. You get xp, and get cool bonuses that help you forever, it's nice.

For those that don't want to see their hard work get destroyed if it's obvious you lost, it can take awhile for a lost village to ""die"" :'( you can ""doom your world"" from the world map menu somewhere, it will reset the world map but all your god xp stuff remains, no downside to doing that.

Seriously so much to explore and love, there are easier and insane modes too don't worry you can get the experience you are looking for :) 

---------------------------------------------------------------------------
Original Review:
This game is amazing!

My first time playing I thought it was a little clunky, etc, and didn't play it again for awhile; though I still liked it then. 

Recently I have put in about 40 hours in the last week and half xD

This village sim is is tough, interesting, fun, artistic, reactive, the music is amazing. I can't say enough good things about it, it's perfect if you want a game that is pretty chill, but also fast paced enough that you can't just totally veg out, if you stop paying attention for a min it could be that deciding moment where one key tower or building falls. The god interactions especially, there is so much to learn and fine tune about how you use the powers and help your village succeed.

I must digress because I will just keep ranting. One last thing to note though, it has a nice profiling system with a permanent buff system to you as a deity / peoples basically, so this game will always get easier over time on the same profile and it has many challenge modes.

tl;dr: Buy it!",True,1649439121,3,0,0.523809552192687988,1,22141.0,22364,76561198003477269
328080,145692193,"I have doomed a little to much cities, the game is a good game you your watching a video or just want something chill to just manage. Usually play traditional just to relax or survival if I actual want a challenge. I don't play nightmare for my mental health.
The things I don't like is there go at like 3x speed at max, the slower speed are nice when you're not paying attention all the Time but when you are is so slow, I want to build a castle in like 3 hours max sadly is just so slow. The other system I don't like has to be that your follower can lost faith in you. which kind of suck as your as that lower your faith if you don't do shit.",True,1693889235,0,0,0.5,0,13088.0,16681,76561198114291317
328080,148375321,Fun game. Just bear in mind that chances of you actually wiping out the corruption on a map are next to zero.,True,1697529140,1,0,0.5,0,8177.0,8732,76561198028037075
328080,190916202,amazing game,True,1742668395,1,0,0.506165444850921631,0,7700.0,8385,76561198211843640
328080,81011498,"This is a fun game, even though there is limited features, the intricacies of the main enemies keeps me playing for hours on end.",True,1606636619,0,0,0.5,0,5562.0,6580,76561198025288751
328080,106801821,"Now that the game has recieved some more updates and will be worked on now, I recommend the game.

PREVIOUS REVIEW BELOW:

Enjoyed the game when the vibe was that it was early access and more updates were coming. Now knowing the dev has quit working on the game, I can't reccomend. 

Pretty bummed he abandoned his project. it had a ton of potential.",True,1640757079,0,0,0.496201425790786743,1,7226.0,7319,76561198048455496
328080,208901466,"While the game has a steep learning curve the mechanics feel satisfying and rewarding. The gameplay loop is deep and loads of fun. The struggle to survive and build up a colony feels rewarding. 

Despite the fact that the game might be left under polished, it is still worth the time.",True,1762800310,1,0,0.523809552192687988,0,29115.0,29115,76561197967834483
328080,124931565,Well I have 400 hours so I would probably recommend it.,True,1667565543,0,1,0.5,1,25925.0,29770,76561198047305008
328080,194839967,"I've finished (100%) the game and probably won't come back to it, but i've put in some decent hours, paid an honest price and had a great time figuring out its systems and its quirks. 

This is not going to be on many people's 'Top 100 games of all times'-lists, but it might just pleasantly suprise you.",True,1747167313,1,0,0.5,0,6161.0,6161,76561198023092434
328080,163365930,"An intriguing colony-sim/tower defense game with a steep difficult curve created by a solo developer.

I started off really enjoying this game. The colony management aspect of the game is incredibly deep, with the need to manage food, water, and even trash while building defenses and holding off increasingly difficult waves of enemies. Random events, starvation or poor planning often ends up with your village getting overwhelmed and having to start over. But a nice level up mechanic allows you to gain experience to unlock ability chests that improve everything from your towers, to spells, to how fast your villagers work.

My biggest complaint with the game, is that once you've successfully figured out a defensive strategy and stabilized your economy, your offensive options are extremely limited. In fact the game actually punishes you for pushing the enemy back by increasing the spawn rate of hostile units when reclaiming territory at all. While I understand that the idea of the game probably isn't to defeat the ""corruption"", I would have preferred a goal or some way to finish the campaign. As it stands you can only upgrade your units a limited amount, while enemy increases in strength every night, which basically ensures defeat eventually.

[b]Overall: 7/10[/b]",True,1713769338,0,1,0.5,0,8270.0,8270,76561198031394652
328080,79734851,"Low intensity city builder, wave survival.  You have to be ok with loosing. Very fun",True,1606182975,0,0,0.5,0,5172.0,7120,76561198042993735
328080,196539160,it's peak,True,1749218832,0,0,0.5,0,8822.0,10134,76561198323208779
328080,197748107,"I've never gone beyond a single area before getting overrun, but I still love this game",True,1750469120,1,0,0.5,0,9897.0,9946,76561198153150050
328080,110226320,This is a gem! One of the best games I've ever played. Simply can't stop playing.,True,1644849249,0,0,0.5,0,5195.0,7649,76561198041432172
328080,206309459,does what it says on the box,True,1760068783,0,0,0.5,0,23712.0,23712,76561197980197989
328080,74511367,Fun,True,1597764183,0,0,0.5,0,4549.0,4630,76561198019761862
328080,152051717,One of my favorites!,True,1701008539,0,0,0.5,0,4714.0,7028,76561198975921398
328080,82237020,Nice to kill time and after 70 hours still many strategical improvements possible,True,1607832728,0,0,0.5,0,4222.0,8803,76561198017179305
328080,130322764,Pew pew pew murica,True,1673067418,0,0,0.466760963201522827,0,31088.0,75221,76561198013593274
328080,125317353,"This game is something more. If You like strategy, is a must :)",True,1668203911,0,0,0.5,1,6557.0,7063,76561198366979117
328080,93914575,I cannot say what is exactly fun about this game but what I can tell you is that  I have a compulsion to keep playing. Being able to sit back and watch the colony come alive is one thing. Then you have to use your god powers to guide them among their tired journey to ultimately become a trash collector.,True,1623954060,0,0,0.5,0,7563.0,11324,76561198101861243
328080,114079164,"I'm not a pixel-art fan, but this game is worth it.

Colony sim that takes from Black & White, each citizen is an individual, also impressed by magic to gain faith and you are a sorts of a god (but not as impressively strong, more like affecting the world side-ways or strategically casting spells to help the citizens). Spoiler alert: [spoiler]disappointment as a tower-defense, since the best defense isnt any of the interestingly complicated tower setups[/spoiler]. There are many options but eventually you realize there are few effective options and the rest are just for fun or for end-game content. Brutal ""campaign"" mode that punishes a simple small mistake, but with a cool twist as you keep the ""world upgrades"" even after restarting the campaign, so not ""all"" your effort is lost.

Nice music, environment, chill game with satisfying gameplay. Hopefully one day I will finish my ""nightmare"" level campaign.",True,1650310690,1,0,0.5,0,10677.0,12147,76561198259215421
328080,78347842,Fun to win. Fun to lose.,True,1603989587,21,3,0.619482278823852539,0,12731.0,17501,76561198105373526
328080,120227388,"slow paced god-sim
well worth it",True,1659888156,0,0,0.5,0,3868.0,6124,76561198204820460
328080,121908478,"Hey Raymond, when is that cancel dismantle button coming?! 

A+ Material made by a one man band. Thumbs up to you, excited to see your future creations!",True,1662602413,0,0,0.5,0,10213.0,13574,76561198016148851
328080,83313923,"I think the dev did a great job on this game. It's an interesting idea or twist and combination of some game types, and to all come from one person, is impressively nice all around and solid. This game scratched the itch when I was looking for a more laid back base building/strategy kind of game. It almost looks simple, isn't too hard to get into, but gets more difficult as you spread out to to new maps and create new colonies and try to keep them all alive. 
The tower defense side is what makes this feel a little more laid back to me. You won't really need your APM because you don't control your people much other than assign them jobs. You're building a sustainable colony inside your defenses and ultimately trying to spread out enough to clear all the creep on all the maps. Most of the negative reviews seem to be about the creep or corruption mechanic, but this is the name of the game. You know you have to build out fast enough and well enough, but might get surrounded and all burn lol :)
Recommend",True,1609089928,0,0,0.5,0,9677.0,9713,76561198020217743
328080,73348430,"One gem on the colony survival genre. Highly recommend this.

Gameplay :
+In-depth survival economy(farms,animals,wood,iron,gold)
+magic(you can help a lot your colony besides of just telling em what to build)
+work management
+AI enemy that spreads like a disease you have to fight
+it is hard at first but you feel great after starting to win.
-buildings do not rotate(not a big deal but had to think of sth negative)


Graphics :
+pixelated art
+good for low end pc/laptops(i use mainly my old 2014 400$ laptop)
-i know some people that dont like this art

Audio:
+Its great! I love it!

TL;DR : just get it, its awesome.",True,1595837965,1,0,0.523809552192687988,0,6914.0,10709,76561198029986529
328080,139463871,Purchasing is mandatory,True,1685775504,1,0,0.5,0,4710.0,5107,76561198056459656
328080,145176622,"It's been a little while since I last dived into this one, but it's a great game that has unfortunately gotten some bad reviews recently due to the two developers having a lot going on and not being able to put as much time into the project as they would like. They've recently jumped back into active development on the game, though, and what they've recently added and are planning on adding in the near future sounds great. In fact, the reason I hadn't returned to the game was because I knew achievements were coming, and now they're here.

This game is a lot of fun. It's a mix of a solid and fleshed out city builder combined with challenging tower defense style gameplay. The player picks a starting location on both the world and local maps, then has to balance working on developing a small village while fighting off a growing horde of monsters born from a corruption that is spreading across the land. The corruption usually starts far from the player, but spreads inexorably toward the village. Walls can keep the corruption at bay, but as soon as it can no longer spread, the corruption becomes relentlessly aggressive, sending huge and powerful armies to break down the walls and overrun the village. Once a village becomes large enough, the player can send migrants to another area of the world map, bringing valuable supplies to a new area that may be safer from the corruption... for now.

Even when they aren't fighting hordes of monsters, the villagers' lives, and the player's time, are never dull. There are many buildings to construct such as farms to ensure that the villagers have food to eat, forges to ensure that your village has robust defenses, towers that can fire on monsters from a distance, clinics to keep your villagers in good health, and many more. Rather than giving orders to villagers directly, the player designates tasks (such as harvesting materials) and the villagers will automatically choose and perform those tasks. If the player does want (or, in rare instance, need) to micromanage, the player can reassign jobs, change their priority, and otherwise make sure things are running smoothly.

A lot of times when games try to mix two (or more) genres, the elements of each different genre individually feel lacking or overly simplified compared to games that focus on only one genre. Rise to Ruins' village building gameplay is fleshed out and complex while the tower defense style combat is challenging and gives many options for the player to survive (or not) the relentless waves of monsters. Whenever my villages have inevitably succumbed to the onslaught, rather than growing despondent, I always find myself with ideas on what might have gone wrong and what I can do next time to make it right.

If you're a fan of city builders and tower defense style games, this may be the best blend of the two genres that exists. And though development was slow for a long time, the team is back and working to make the game even better.",True,1693195426,0,0,0.5,0,5224.0,6950,76561198055275168
328080,188290142,"I don't get the hate for this game;
Is it perfect? no. The ai of your villagers is often quite bad.

But I'm playing on nightmare in the campaign and I don't have a problem with it.
And yes, even if you do everything right you will fail.

It always runs smooth, and has a distinct art style.

It's really fun and has an insane amount of repeatability though.
It's always a rush to make sure you get what you need at the start.
And it's always a rush to halt the creep from getting around your defences.

I am sure that you will be able to play this for an insane amount of time if you just remember 
that this is a meta progression game.",True,1739993625,5,0,0.559050261974334717,0,19511.0,19511,76561198005201176
328080,102699278,"nice and fun game

would like some changes on the global scale after your first few regions because the game gets easy just firepit rush the corruption and then wait a year
and the villager ai can be really stupid if you dont babysit them properly",True,1636796642,0,0,0.5,1,7237.0,8014,76561198106243157
328080,145732018,Love this game. The landscapes are beautiful. Play on the mostly easy option: traditional. More than that is rather difficult. In some sense it is a rogue-lite city builder with frequent threats. I've played this game a lot as you can see by my 191 hours in the game. It's fun.,True,1693951664,0,0,0.5,0,11514.0,15580,76561198046621898
328080,72575920,This is a really good game with a great balance between being unforgiving and letting you make solid and constant progress. I appreciate the constant updates and the devs' pledge to never add paywalls.,True,1594575564,3,0,0.525861084461212158,0,5413.0,13069,76561198187760054
328080,133243164,I don't think I've ever made it through a whole year. dying is fun 10/10,True,1676911801,4,0,0.545454561710357666,0,8956.0,10081,76561198028001304
328080,75979945,"---{Graphics}---
☐ Is this real life?!
☐ Beautiful
☑ Pixel
☐ Good
☐ Decent
☐ Bad
☐ Don‘t look at it for too long
☐ Legacy Minecraft

---{Gameplay}---
☐ Very good
☑ Good
☐ It‘s alright
☐ Could be better
☐ More fun watching paint dry
☐ Don't bother

---{Audio}---
☐ Eargasm
☐ Very good
☑ Good
☐ Not too bad
☐ Bad
☐ Earrape

---{Audience}---
☐ Kids
☑ Teens
☑ Adults
☐ Human

---{PC Requirements}---
☑ Potato
☐ Decent
☐ Fast
☐ Rich boiiiiii
☐ Time to rob a bank

---{Difficulity}---
☐ Just press 'A'
☐ Easy
☑ Significant brain usage
☐ Easy to learn / Hard to master
☐ Difficult
☐ Dark Souls

---{Grind}---
☐ Nothing to grind
☐ Only if you care about leaderboards/ranks
☐ Isn't necessary to progress
☑ Average grind level
☐ Too much grind
☐ You‘ll need a second life for grinding

---{Story}---
☐ Story?
☑ Text or Audio floating around
☐ Average
☐ Good
☐ Great
☐ It‘ll replace your life

---{Game Time}---
☐ Long enough for a smoke and a coke
☐ Short
☐ Average
☑ Long
☐ To infinity and beyond

---{Price}---
☐ It’s free!
☑ Worth the price
☐ If you have some spare money
☐ Not recommended
☐ It'd be better to throw money away

---{Bugs}---
☑ None
☐ Minor bugs
☐ Can get annoying
☐ Goat simulator
☐ Gamebreaking!",True,1600120226,16,5,0.584329843521118164,0,3886.0,4403,76561197972212219
328080,139435094,"This game is great, support small devs!",True,1685728337,8,0,0.542344391345977783,0,5906.0,6058,76561197993268424
328080,92285476,YES.,True,1621477235,0,0,0.5,0,12674.0,13537,76561198023746089
328080,178778089,"fun colony builder with territory mechanics & tons of lil easter eggs. dev is very responsive on their discord, and will help out if you get a bugged savefile.

highly recommend going to the unstable version- its not that unstable, and the achievement system + new mana mechanics make things a lot more driven and balanced. the difficulty settings are also highly customizeable, and if traditional is too hard for you, you can go in and adjust it for a custom setting somewhere between peaceful and standard. updates are far and few between, but this is basically a full release game as is.

looking forward to modding support!",True,1731263496,1,0,0.503676474094390869,0,18679.0,21473,76561198211701216
328080,125536462,I actually do love this game.,True,1668540131,0,0,0.5,1,41372.0,52292,76561197971411174
328080,90078684,Just Yes :),True,1618074941,0,0,0.5,0,21361.0,22381,76561198028657760
328080,78578370,"Very fun game, hard as balls after a while but the fact that you can reset and play somewhere else on the world map gives this game a lot of playability.

It gets frustrating sometimes the game starts lagging over the corrupted area due to monsters and stuff, other than that 10/10 game!!!!",True,1604306570,4,0,0.546716034412384033,1,7349.0,12044,76561198321409682
328080,77885387,"I recommend this game to anyone who enjoy the God Simulator genre!

After 100 hours I jumped ship for no other reason than other games I wanted to try where being released.

Then coming back to this game to realise additions have been made in the likes of Hunting and Trash systems is amazing!

Completely free update.

This game is a labour of love from the developer and it's community.

Thank you Raymond Doerr for making this awesome game and continuing to build on it for FREE!",True,1603221282,1,0,0.503225803375244141,1,7058.0,10217,76561198118133248
328080,71338343,"Ive put 111 hours in and am not slowing down.  This game is one of the best civ management games ive played.  You can control different zones and send ppl supplies to the ones that are not doing so well.  

Great game with some fantasy background and a lot to learn.  Cant wait to see where they take it.  I recommend trying this game if you are a fan of this genre.",True,1593114528,9,2,0.590057492256164551,1,6693.0,8300,76561197993030957
328080,113071306,"a game still being developed! straight up amazing, the ""unstable"" branch is pretty stable and filled with content! a new take to city builder and Survival. this game is hard tho! so keep trying new things and learn from them! definitely worth it!",True,1648651283,0,0,0.5,0,6618.0,7533,76561198068346666
328080,132388741,be prepared to loose a lot of cities before you have success,True,1675801916,0,0,0.5,0,13180.0,18668,76561198063473052
328080,105734712,Grabbing simulator 10/10,True,1639348279,0,0,0.5,0,4908.0,6527,76561198144180535
328080,89174355,Fantastic fun! Tower defence meets colony management!,True,1616841656,0,0,0.5,0,12420.0,13695,76561198008783876
328080,94517308,"White there's a lot that could be said... short and simple works in this case:
Relaxing game, a solid mix of town builder and tower defense.

Absolutely recommended.",True,1624811871,4,0,0.566579222679138184,0,31581.0,35431,76561198072590792
328080,75713692,"Short version: [i]Fucking fantastic[/i]

Long version: [spoiler] Absolutely stellar game, [u]good mashup of TD and colony management[/u], fantastic jokes weaseled in here and there and even a nod to the No-No's of AAA games. Absolutely fantastic game to just chill with, [strike]and watch rocks and arrows beat up marauding Zombies and Skelly boys[/strike]. If you enjoy subtle humor and Tower defense, Rise to Ruins.
Lets not get me started on the art. [/spoiler]",True,1599679689,1,0,0.484652668237686157,0,6119.0,6910,76561198036105939
328080,89151079,solid game while in zoom class,True,1616806514,0,0,0.5,0,6581.0,7133,76561198851906892
328080,141564478,"I've got lots of good things to say about Rise to Ruins:
- The graphics are cute 
- The game is challenging
- Its an excellent city builder and a good take on the god genre
- The tower defence aspects keep the game moving
- There is a nice difficulty curve to work your way through

All in all really enjoy playing this game. The dev has been putting out updates for a long time and its definitely been worth the price!!

Suggestions for the next updates:
- larger map size (it can feel too restrictive sometimes)
- Maybe some monolithic structures that give a bonus to your current map and a small bonus to other maps in the world, they'd cost a lot to build, it'd be a great endgame task
- Animal training, would unlock mounts and pack mules for your gathers
- Maybe some sort of magic training for villagers that could be cool

Message to the dev: Make some DLC for the game or an expansion pack or something, people will pay for extra content if its there and decent.",True,1688779132,0,0,0.5,1,6767.0,6767,76561198000968670
328080,132094845,*****,True,1675384528,0,0,0.5,0,4792.0,10553,76561198833747026
328080,79964095,"Captivating game, very challenging for players who like survival.",True,1606339131,0,0,0.5,0,26851.0,31128,76561198076401529
328080,125555826,"Loved a lot when I played for first time, sincerily droped it beacuse a think that the game is unfair, and now I gave it a nother chance, oh man I have fallen in love with this game, understanding end is inevetible is the most important thing with this game, this game doesn't try you tu beat and success, it try to teach you that civilization rise and fall, have great times and bad times, but the most important, all civilizations rise to ruins. I can understand to start this game thinking I can beat it, but come back to understand that beating a game is not the most important think, god I love not only build a city and defend it, now I also like see it burn to the ground and start over. This is my goty, if the creator reads me, love your game, and I want to see more not only from this but further more things you done beacuse I think you're brilliant and a very good developer.

Pd: seeing past reviews and post seeing you resiliant to those people that doesn't understand at all your intetions and gameplay is admirable and sorry if a misspelled something, english is not my main lenguage. Love your work.",True,1668573023,2,0,0.491776555776596069,1,9651.0,15143,76561198340086291
328080,154846237,This is definitely a challenging game but it's definitely extremely enjoyable!,True,1703976486,1,0,0.520487368106842041,1,36572.0,40596,76561198065333800
328080,119714876,"Great game, great developer. If you like these kinds of games you will not be dissapointed.",True,1659118061,1,0,0.486815422773361206,1,5212.0,5215,76561198036031906
328080,126310249,"Rating ""Wait and see"" my azz. People, this game is made by one person. For a game made by one person, it's absolutely fantastic. I get how it's not everyone's cup of tea, and some have even said it's like an idle game, lol. Maybe they played it on Peaceful and then came on reviews to say it's boring. Why don't you try it on survival and come back, at least that.

Get this game if you like niche games with difficulty similar to old PC games from the golden era of difficulty. It's amazing how many hours you can sink in a ""small game with a few pixels"". Don't trust the negative reviews that talk shit about difficulty or slow pace or design issues and lack of canceling the demolish command (omegalul) or that you play it AFK. It's none of those things, it isn't perfect, you can nitpick and find things as an excuse for not playing it but in the end the game is fantastic especially since it's made by one dev. The difficulty is rather high, get on it and finish it if you're smart and got the cojones, los huevos gigantes. I know I ain't, 130+ hours and still haven't finished 1 map. I'm certainly not going crazy because of it. Welp, back to Applemeadow or Quiet Forest for another beating.

I don't even know the dev, but I already love them. Great job in bringing this to us, we appreciate you and thank you, would have loved to meet you in person, shake your hand and give you a hug for this rare gem in this shit era of gaming.",True,1669206481,4,0,0.48790016770362854,1,8018.0,11966,76561198020894987
328080,127739942,"Been playing this game for quite some time, I've found it quite fun and enjoy both the normal mode and he free-play mode. It's a good tower defense and calm play through. I love to the open world and different maps. While there isn't much diversity in what you build per map the fun names, and difficult tower defense makes it fun. I bought this game in early access and am happy with the changes that have happened over time. Give it a look and hope you enjoy it as much as I have.",True,1669962400,0,0,0.5,1,30997.0,62612,76561198110159827
328080,177725858,"Great soundtrack, great city building and great tower defence.  Overall fantastic game",True,1729884235,3,0,0.5271453857421875,0,8330.0,9313,76561198088606739
328080,112613528,"One of the best games i played. Never gets old, offers a lot of challenge and encourages you to take revenge.
10/10",True,1647897332,0,0,0.5,0,11280.0,15245,76561198028897685
328080,108994379,"People are mad that the game's not being updated anymore, but for $7.5, it's complete and pretty fun. Note that my time played isn't accurate - I tend to leave the game paused while I'm not playing it, including sometimes overnight. Oops.",True,1643430782,0,0,0.5,0,9992.0,10022,76561197997917954
328080,134726518,"heavily underappreciated. one of the greatest civ/city builder whatever you wanna call it. easy to learn mechanics is a big thing for me, games like stellaris and crusader kings III can't be fun when it's that complicated. very fun shit 8/10",True,1678924798,0,0,0.5,0,4774.0,5389,76561198353873722
328080,135136933,"What a great game.  I have had it for some time and keep coming back. Well designed, very playable.",True,1679452382,0,0,0.5,0,17992.0,18264,76561198158110645
328080,77618840,"┬─┬ノ(ಠ_ಠノ)

Please don't flip things to the ocean

Game:
It's a management survival game, where you manage your villager's needs whilst defending from monsters that comes almost every night (A calm night every end of the month). Which the curve of difficulty is depending on how you balance your stock, aggressiveness and emplacements.

You are able to customize your own gameplay from being sadistic to a casual gameplay.
It has smooth progression to your villages/monsters so you are able to understand and adjust focus on the events so mistakes won't follow again.",True,1602799022,0,0,0.5,0,9662.0,10327,76561198200254786
328080,109719474,"Returned it because to me it felt like it was trying to be a jack of all trades game, but not good in any specific trade. This is one of two games I've ever returned on steam.",False,1644241691,1,0,0.445816189050674438,0,155.0,155,76561198041594037
328080,55615020,"https://store.steampowered.com/app/294100/RimWorld/

I prefer to play more rimworld over this. Don't get me wrong, Rise to ruins is not a bad game. But the dev did many things wrong where rimworld did better. If you haven't played rimworld go for it. If you played it and looking for a similar but a little worse experience until you get to play Dwarf Fortress on Steam, try this game.

- Needs a save/load feature. Why can't I casually play this game while save scumming? 
- Keybindings need a work too. MMB for canceling and right click for map scrolling? Why I cannot reverse that? 
- Need mod support. Seriously this is what made rimworld better.
- Build menu should be easier to navigate. Why basic things that you require in early game located far below in the menu?
- Can't pause the game without having a weird background menu.

After rimworld I just can't love these games anymore. Sorry dear dev, I know this is some sort of a game that you work hard on but I cannot have fun on it's current state. I'll buy this game when It's better or buy Dwarf Fortress. Depends on whichever first. 'till then good luck...",False,1571144466,11,1,0.413866639137268066,0,25.0,25,76561198053682721
328080,86858015,"It seems like an okay game, but everything just takes way too long to do. The most mundane tasks take ages to complete, and I just wonder to myself why I'm not just playing Dwarf Fortress instead.
Meh.",False,1613544038,3,0,0.530201315879821777,0,230.0,230,76561198026393308
328080,16018434,"Good ideas but the game feels not ready to me and just is no fun after few hours.

The game seems to be rather limited in the number of Objects to build. Even the few objects seem to be ""permutations"" of each other an contain functions of other buildings. I personally did not like that it seems to be rather ""fighting"" based (zombies etc.) and  i would rather like to see economy of my village grow and spend more time on that... As i said, the idea looks nice but i would have it rather in the dwarf fortress direction (which is rather based in economy than fighting). I did not want to bash your game and will definitely come back to reevaluate it, but currently i would not recommend it, because everyting seems rather limited and not like its worth 10 bucks. No offense but currently i would say that there are free games that give you the same fun and depth and the game rather seems like something you would get for free on a pc-magazine (back in the old days when they gave you CDs with it). An example that would be comparable from the style is clonk which is roughly 10 years old ! Another (also free) example is the latter named dwarf fortress which seems like 10 time the depth of this game.

I know that it is hard to develop a game and please dont get this review wrong ! But if you sell a product for money you have to stand up for it no matter if its early access. And my personal opinion is, that in early access the product should not develop much from the content, but early access is for getting the flaws and small bugs out of the game. Not to actually develop it. I know that most game developers do it like this, which does not make it right. This particular game has a lot of potential, but currently i would not spend money on this.

Its easy to only beef about something without giving advice on how i would like to see it develop. An example: Crepper world evermore. The first two parts were completely free and the third part came to steam without any early access thing and for a decent price. 

I personally experience it as a ripoff if the content of the game is developed in the (paid) early access since that is not what it is about. The early access is for fine-tuning the game and get some feedback from the comunity. Its about giving the game its last 5-10% not its last 50%. 

Sorry that all of my all of my bottled-up displeasure about seemingly half-ready games got into this review. I hope that you get point.",False,1432683884,2,1,0.452124059200286865,12,220.0,401,76561198048170421
328080,49518839,steam won't give me a refund so now you get this negative review,False,1552407303,1,1,0.238003402948379517,0,35.0,503,76561197981942976
328080,84509397,i literally have no idea what to do or what anything is,False,1610393056,4,3,0.289723217487335205,0,13.0,13,76561198084803782
328080,44830742,"i just got kinda bored, the game didn't explain the mechanics very well and it just wasn't really fun at all. Could be fun if you plan to invest a ton of time into figuring out but i don't really know if it would be worth it.",False,1537417171,1,6,0.386723488569259644,0,11.0,11,76561198194311333
328080,34248683,The UX and gameplay on this are a terrible mess.,False,1502769906,3,0,0.356518179178237915,6,72.0,172,76561197994474070
328080,168235101,"[h1] Rating : 2/5 [/h1]
[h3] This just isn't it [/h3]

Rise to Ruins attempts to blend core traditional colony simulation mechanics with spellcasting to create a unique power fantasy, however, it falls short in several places. The game's eyesore graphics, cumbersone retractable flaps for a UI, and tough to distinguish structures make for a painful experience. All that said, I did appreciate the challenges presented by (un)natural forces. Still, I think readers are better off trying something else instead.",False,1719390128,5,1,0.481503784656524658,0,158.0,158,76561198049502568
328080,79620095,"Really poor UI
Keybindings are a joke
Can't modify keybindings, when you try you just click through the menu and keep playing the game?!
Tutorial leaves out major steps
Overall just not a fun city builder",False,1605984824,2,0,0.490753889083862305,0,38.0,38,76561197991805657
328080,148352344,"I wish the UI wasnt terrible, the NPC pathing nonexistent and the zoom isnt massively limited
I just wish this wasnt the game it is really",False,1697485388,2,0,0.472972989082336426,0,233.0,672,76561198092595668
328080,42346989,shite,False,1527538544,1,0,0.243059724569320679,0,18.0,18,76561198010977569
328080,45786768,"Graphics and idea are awesome, but one *simple* issue kills this game for me, and moves it to the thumbs down pile.

You can't issue commands, investigate, setup, look over anything while the game is paused.

Rim World, Dwarf Fortress and most Paradox games. Ever heard of them? Yea, mildly successful games to say the least. They have realtime pause (with ability to issue commands). 

I get that the developer is trying to make this more realistic and ""part of the game"". Well then, make it a settings option, let us choose to use this feature or not. I'd also recommend not using ""roguelike"" as a comparison for not implementing this (see discussions). Roguelikes are the epitome of pausable, they are turn based!",False,1542060991,4,0,0.401017069816589355,0,174.0,174,76561197968469298
328080,92020013,"Meh.  Compared to Rimworld, the User Interface is clunky.  You've got much less freedom.
Sadly, because of Steam's refund policy, you gotta follow your first impression.  Returning this one, it missed it's small window of opportunity to get a better initial reaction than, ""Meh.""",False,1621053743,1,0,0.44930875301361084,0,39.0,39,76561198259388903
328080,186772641,Inferior to all the games it compares itself with.,False,1738269854,7,1,0.482528090476989746,0,173.0,385,76561198014883008
328080,78442761,"It reads and plays like an early access game. There are several references to bugged features that are still being tested and content to come in the future, the all too casual text is written by someone desperate to keep you from seeing it for what it is. Don't waste your time, it's Towns 2.0.",False,1604124969,3,0,0.467441171407699585,0,262.0,262,76561197996046410
328080,64158719,"a lot to learn, too complicated for me, dont like it, can you make it a fool proof game plz?",False,1582740389,0,1,0.411237478256225586,0,274.0,825,76561198349269682
328080,34915275,"Getting refund.

1: No screen resolution options
2: Full screen has half the game off-screen
3: When you move the mouse and stop, the mouse continues to move constantly. Makes game unplayable.",False,1505290245,7,0,0.345609933137893677,3,5.0,2511,76561198118300917
328080,68453684,"Ambitious, fleshed out, and completely hampered by poor UX.",False,1588452918,7,1,0.564547419548034668,0,195.0,195,76561197974249360
328080,55749457,"It's cute. It has decent (but exceptionally repetitive) music. It's colorful.

That's all I can say about it that's good. Why? Because after two hours I still have no idea WHAT THE HECK I'M SUPPOSED TO BE DOING. I don't mean that in some coy sense. I mean it literally. 

I'm randomly plopping down buildings on a map. Oh joy. Why? I don't know. Is there a strategy to it? I don't know. What are the different moving parts, buildings and so forth? I don't know. There's no tutorial at all. The tool-tips, the few that exist, are all but worthless. The interface text at some points is so small as to be illegible. Hey, you need to upgrade this building to build more buildings! What's the purpose? Why is that even a game play element? What's an Ancillary? How is it used? Why am I being attacked by monsters? How do I defend myself? Why are my people starving when I have farms? There are so many open questions in a game like this and there's no feedback to the player whatsoever.

Let me provide a specific example. I have farms in spring when they should be producing (I had to get that information from a video so I can only assume that's correct). They're watered. But food isn't being produced. I don't know why. I can't even tell how much food should be produced. All I know is that there's no food and people are starving. How do I fix an issue when the game is so obtuse that it doesn't let me know what the problem is? 

So I went and looked on the forum. There's a stickied post about a link to some random YouTuber's account to learn how to play. So I watch it. Turns out the video is quite old and doesn't reflect the game as it is today. Great. There's 20 minutes of my life that I won't get back. It turns out the developer is so lazy they couldn't be bothered replacing the video at the top of the page. You have to scroll through the thread to find the more recent video. Come on, man. That's just crap.

I have many builders in my library. I can play Cities Skylines, Banished, Rimworld, Planetbase or many, many more. I don't know why I'd play this one when after two hours I still don't understand even the purpose of playing it. In Banished we're an outcast colony dumped into the woods on our own. In Rimworld we crashed on a planet and we need to take off. In Skylines we're a city manager building a beautiful metropolis. In Tropico we're a Caribbean dictator.

I truly want to like it RtR. I purchased this in EA long ago so I'm stuck with it  I might return some day to it to see if there is something decent behind the curtain. But for the love of all that is holy SixtyGig Games, why the heck did you release this in such a state where there's not even a simple tutorial? Can't you spend 30 minutes programming a back story to give the game purpose? You can advertise your game as being hard but that's a far cry from what it really is - obtuse. And that's not a good thing.",False,1571947037,5,0,0.431474506855010986,0,113.0,160,76561198007300752
328080,62837179,Very buggy,False,1580622474,0,0,0.399080902338027954,0,123.0,123,76561197992717088
328080,83752863,"Charming, tedious. Your first steps into this game will make you feel like you are 3 years old having to climb the steps of Tikal just to see what the gameplay is like. The best introduction to this game is on youtube and it's 1.5 hour long, no thanks.",False,1609529346,2,0,0.449440151453018188,0,77.0,77,76561198035130011
328080,47262741,"Could see how some people dig this game. Tried it for 2 hours and it never really grabbed my attention. I was bored of ""learning things"" more than actually ""playing"" and feeling any real enjoyment or acheivement from it. It has potential I guess. The interface is terrible. Too much confusion all over the screen. I felt like there was not enough control of anything going on even with all the gadgets and gizmos on the screen.",False,1543777547,0,0,0.428785622119903564,0,127.0,127,76561197987168548
328080,87429503,"Not as much time in this as I would like, but I can already kinda tell this isn't as good as some of it's contemporaries. It's not bad, but there's a handful of lacking QOL choices, such as no real way to track what individual villagers are doing, so I'm left wondering why my buildings aren't getting done when I have more than half of my people set to build. I'm also left wondering who is able to eat/drink, how much they need to satisfy themselves, etc. and it all just makes me feel out of control. The small amount of people you have to work with, the enemies scaling up pretty quickly (and supposedly infinitely), the semi-unclear tutorials and more make me want to just sit there and speedup the game after I've set my buildings up and wait till I die. I could maybe learn the game more and git gud, but I rather just play Banished.",False,1614275323,7,0,0.511729061603546143,0,186.0,186,76561198017530698
328080,55615131,"No active pause, and apparently no intention of implementing it.",False,1571145040,12,2,0.370746403932571411,0,17.0,17,76561198011454202
328080,92231143,"It's so hard to see anything in this game, differentiate from one object to another, you can't rotate buildings, the map space is limited.
It's like RimWorld, only less in-depth (in every way), only with more micromanagement and confusing pixels.",False,1621380405,2,1,0.477941185235977173,0,36.0,36,76561198025102386
328080,49599374,"Mediocre game design. Despite the good amount of elements implemented into gameplay, they are connected by a rather simple core system of ""upgrading and building more"" which feels a bit cheap in design. Many reviews compare this game with Rimworld, but Rimworld is just much more ""elegantly"" designed. Deserves the price but does not really deserve my time. I really tried to like it but I failed. I hope I can get a refund but I've exceeded the 2-hour playtime limit which is just not enough to evaluate a strategy game. Why don't Steam just let devs set this time limit themselves?

Update: The Dev is very kind and I appreciate it, though linking this review on refund description didn't seem to work.",False,1552765175,0,0,0.435520380735397339,3,214.0,214,76561198093755649
328080,84269413,"40 minutes in and the eyestrain was real. Small text, chunky UI, poor scaling. Little contrast, it's not great for the vision impaired.",False,1610083633,89,14,0.611752510070800781,0,41.0,41,76561197992201821
328080,55675894,"I don't really understand what is going on, no real tutorial and things are not explained properly. After half an hour, I just didn't know what to do anymore.",False,1571515384,2,1,0.417686134576797485,0,41.0,41,76561198139578197
328080,18776937,"Being a fan of Dungeon Keeper and resource-gathering and structure-building games like Startopia, let's just say I really wanted to love this game. I don't even like it.

There's just not much game here. All buildings seem to be lackluster and blatantly 2-tier right up front. Little is hidden. Want wood? Lumber jack or advanced lumberjack. Want stone? mason or advanced Mason. The buildings are rather bland and show little innovation or setting/theme.

Basically you set your people to work by painting resource gathering areas on trees, stone, etc. Then you construct buildings to process these resources so you can make a defense tower or two and some magic makers.

You have a set of spells, once again all presented up front with little in the way of unlocking or earning their acquisition. Fireball for killing. Healing aura for ... healing. You can guess the rest. You've seen them in just about every other god-game.

My point is, re-hashing all the tired old god-game concepts from the 90's to now in a cute little pixel style doesn't show much originality and doesn't necessarily make the game fun. Grinding through several hours of this in attempt to enjoy it I finally realized, this simply is not a fun game yet. 

I hope, sincerely, to update this review later upon release, praising it for it's clever spell set, tiered growth and scaling, intense combat mechanics creative buildings, hearty and lore-filled setting and my attachment to the characters I'm leading. Right now it just has none of these features.",False,1446239685,41,1,0.606937706470489502,40,147.0,258,76561197999203798
328080,72063336,eh.,False,1593919391,1,0,0.374004006385803223,0,113.0,113,76561198032500423
328080,75612895,"It's very cryptic. There's no actual tutorial. As many have said here, villagers keep dying from starvation, and you, the player are left to wonder what's even happening. I've now sunk almost a 100 hours into the game and I still don't understand the food mechanics completely.

Here's a more in depth example of maybe the biggest downfall of the game:

There is a *complete lack of proper notifications* and the visuals are hard to understand.

There's no notification, for example, for when an enemy is within your village, attacking your villagers, or even destroying your buildings. Then you suddenly get notified that 5 villagers died almost in an instant, and your screen shakes as a few buildings collapse, due to them having been taking damage from an enemy mob for the last minute or so, which you didn't know was happening. You can't for example distinguish the screen shake effect of a meteor hit, which are very common, and a building collapsing. Ok, well now you at least know the enemy is within your village, right? Good thing you have a grab tool and banish spell that you can use to move unwanted enemies elsewhere, right? Well, that would be the case, if you could distinguish what's even happening on your screen. There's like 40 villagers and 30 animals running in every direction with exclamation points or question marks above their heads. Then there's the massive amount of clutter caused by the destroyed buildings, then there's the magic effects, with pixelated fire and purple fizzing, and finally there are the enemies in your base, who either blend in with the panicking villagers, or they hiding behind villager sprites who are attacking the enemies, or then they might hide within the buildings they are attacking. All you would have to do is cast spells at or grab these enemies and your problem would be solved. You might have already fixed what was causing the enemies getting inside your village. Too bad it's nearly impossible to get rid of the enemies inside the village, as you will be completely unable to distinguish anything from this mess. Try to grab that pesky skeleton or zombie child? Nah, here's a random animal or a piece of trash for you. Managed to grab a fire elemental that killed +5 villagers? Well, plenty more will die and buildings will collapse, as you can't distinguish which villagers or buildings the elemental set on fire.

For some reason I'm still a little drawn to this game, I really would have wanted to enjoy it. The idea is great, I think, but the execution has a lot of room for improvement. It's just far too messy, cryptic, and in general, it's not a game that's pleasant to look at. All in all, it just feels tedious to play. I do not recommend buying it, unless it's on sale and less than 5 euros. If you do buy it, get ready to be very frustrated.",False,1599507550,11,3,0.539461493492126465,0,70.0,7827,76561198028045319
328080,50572814,"I have around 50 hours on my travel laptop for this game, maybe one day Steam will synch those times correctly.

Addition: game has been improved, add 10% higher score to my evaluation.
Degradation of items is still too fast, but rest of things have been improved.

Game is okay I guess, but after some 20 hours the flaws start to come out. Builder AI is atrocious, one guy would build 10% of building, leave and then next builder would come half a map away and build next 10%. Happens so often. I did not see option to move to endangered places quickly. For example there was meteor shower one time, and could not order citizens to run away from that location, or avoid it at all costs. They themselves were oblivious to the threat. 

Another time, citizens decided that best path to build something is through enemy territory. As my ""magic"" is disabled there, I could do nothing but watch how he fights with 10 Zombies and dies in the process, losing all equipment.
In another map people started to starve, while farms were producing enough and I had 50 food surplus and 4 organizers. Obviously they would organize food and water for everybody first, righhhht?
Colors of enemies are pretty weak, especially in night. Fire elementals on clay background, or spectres on grass are awful to notice.
There is no order to repair buildings first before building new ones, unless you build special building (TM). Could never really justify the  cost.
It feels that game tries to give you a lot of micromanagement just because it can, lot of things could be slightly automated leaving more meaningful decisions to player.
Also what is the point of poison tower, if half of monsters have resistance to poison and other half no penalties?
Some crashes and hangs, once a game crashed my automatic savegame, it could not load the language file. When I restarted the whole campaign, game picked up save game properly. It feels great after 15 spent hours on campaign, right?

Still, you will probably enjoy your 20 hours of game. 7/10, but it can get better after it is out of Early Access.
Best try the game a year later, that is what I will likely do.",False,1557495714,2,0,0.523809552192687988,0,20.0,1607,76561197989737094
328080,145246662,"Game lacks basic QoL the genre invented decades ago.  Namely:

Click to drag the map.  No, too easy.  Instead, you right click to steer the map (in the opposite direction of dragging) in a floaty manner.

Pausing while navigating menus.  You can pause the game at any time.  But you can't pause while mousing over tooltips, placing buildings, or allocating jobs.  This isn't a necessary feature in your average competitive RTS (starcraft for example), but in a complicated PvE game - especially with a doom timer (They Are Billions, Rimworld, Dwarf Fortress) - the ability to pause and issue commands while paused is necessity for the average gamer.  

After encoutnering the above, I checked to see if I was missing something.  I wasn't.  The above issues aren't isolated incidents. Gameplay loops too complicated for the AI and pathfinding to solve, depressing gameplay loop where losing is inevitable, special abilities that quickly become micro intensive or outright useless, so on and so forth.  Moral of the story:  NEVER buy a game based off the positive reviews.  Check the negative reviews first!",False,1693299209,15,1,0.526085019111633301,0,10.0,10,76561198057795149
328080,115051434,"The game is amazing and fun but the lack of a win condition made me stop after 5 hours. I read about beating the corruption and bought the game only to figure out it is nigh impossible. I would recommend the game to those who want a no end/WILL LOSE at some point, but for me I would not have purchased it. If you are the type of person who wants no win condition, then you will love this. There is not going to be a win condition according to the developer. I respect staying true to the purpose of creating it, its not for me. Amazing game though.",False,1651862336,1,0,0.46875,0,312.0,312,76561198123838572
328080,55449538,"rimworld is a better game in all aspects. game is still early access, also this is a tower defense game with a colony management simulation added. 

World is uninteresting, not a lot of random things happening, the management is very hands off, you dont get an interesting story of each colonist, but one of the village itself.

Pros:
-Looks interesting
-Has potential

Cons:
-Bad controls and GUI
-AI is bad and so is their pathfinding
-NPCs have no personality
-Art is ugly to look at


Wait for when the game gets a visual overhaul and or lots of gameplay content gets added to make the management more hands on and interesting. 

I just played by pausing, giving orders and then unpausing and doing something else for 20 minutes then coming back to give new orders.",False,1570227765,1,1,0.405129849910736084,0,72.0,72,76561197991825315
328080,72090982,The UI is so good you just want to play tetris.,False,1593953744,2,2,0.459930330514907837,0,210.0,210,76561197974326583
328080,47357653,its Boring as Hell! ^_^ the Sound is un interesting the graphics is craps and i just get it for around 5 minutes and im done!,False,1544194556,1,3,0.278570801019668579,0,5.0,5,76561198061440325
328080,50450497,"A short timeline of playing this game:

1. Booted Up Game
2. Game Crashed and gave me a superlong logfile.
3. Rebooted game. Game froze, appeared to crash, then recovered.
4. Chose Traditional mode.
5. With nothing to guide my choice, chose a spot on the map arbitarily.
6. Mouse map scrolling not being inverted feels completely unnatural.
Checks settings for some way to change this, seems there is no setting.
7. Notices that the settings menu doesn't seem to cause the game to pause/stop the music.
8. Not being able to pause causing some anxiety. If traditional mode is an introduction to the game, why can't something be be done to stop all action and sounds so that doesn't distact from learning the game?
9. I am instructed to build a camp, I do so.
10. Assigned some workers to harvest different resources. How many? Who knows. Were the workers I sent to harvest crystal diverted from the other resources I told them to harvest earlier? Who knows. I could look, maybe, but there's already so much stuff happening on the screen, that, with the weird mouse handling is an inspiration to not be thorough about this.
11. Checks internet for help. Doesn't help much. Six minutes pass. No pop ups occur, although a previous pop-up proclaimed that pop ups would be numerous.
12. Finding it hard to focus on the tiny font now.
13. ""There's going to be monsters at some point, right?"" *checks defense build menu* --- can't build anything. Builds storage building instead.
14. Can't build more until camp is ""upgraded"" --- Upgrades camp.   What are the tradeoffs of using the required resources for camp upgrades and not something else? 
15. A pop-up occurs about my storage. Says something about using the bottom left of the screen to allocate workers to it. Can't find the way to do this.
16. Unsucessfully consults internet again.
17. Concludes that while I am not sure what I am supposed to be doing in this game, I am sure that figuring that out will take me more than two hours, thus:
18 Refunds game.

Verdict: Wait until it's done.",False,1556877366,3,1,0.326181709766387939,3,26.0,26,76561197995672968
328080,33141998,It's way too rough for general distribution. Basic interface functions like assigning a villager to a structure or removing a building from the building queue are too obscure.,False,1499016573,3,0,0.450417637825012207,2,31.0,800,76561198035456149
328080,91056844,"To summarize: boring. Not intuitive. Bad GUI. 

Not for me.",False,1619619487,1,0,0.39246860146522522,0,9.0,9,76561197990453351
328080,194387950,unfinished and abandoned,False,1746586257,5,1,0.404029011726379395,0,217.0,217,76561198133155527
328080,114243638,"This game looks terrible on my lowly 2k monitor, all the scaling options that render the text at a reasonable size causes excessive distortion, overall I feel like this game lacks any polish or even real effort put into making this game presentable. Any game released as late as 2019 should have readable text at high resolutions. Don't buy this rugged bland turd, Raymond Doerr needs to stop pawning off lackluster garbage as entertainment software.",False,1650572493,0,3,0.436141133308410645,0,10.0,10,76561198018277440
328080,55921951,"I'm not ready to write this one off yet, and I'd really like to see it become what it aims to be, but compared to the fun games it's competing with for my limited liesure time, I may not come back for that second chance. There have been a few games that came out of Early Access less well baked than this one, but not many. It's still a long way from release quality.

Right now, there is a real problem with playability. You get warning messages with no way to act on them, and no information on what is causing the problem. A steep learning curve about how to play well can be fun, but a steep learning curve about the basic mechanics of the game is bad UI design.

Case in point. The ""problems' window says ""2 houses have no food"". You can't click on that message to see which houses. Clicking on houses shows a wall of information that does include something about stored food. A tutorial message said to build a farm and harvest some plants to get food production going, but there is no way to tell if production is keeping up with demand. Seeing this message, I upgraded the farm and switched more people to farmers. The message didn't change. Eventually I got "" has died of starvation. You should build a farm."" Yuck.",False,1572479167,3,0,0.543859660625457764,0,219.0,219,76561198014863727
328080,28852878,"In the current state this game is incredibly frustrating to play.

I am a huge fan of games like Gnomoria, Banished, and Rimworld but this game is nothing like those other than the presence of villagers and buildings. I tried for 4 painful hours to make this not seem like what it is, which is a glorified tower defence game. 

The spells are absolute garbage. Want to help your villagers defeat waves of mobs? Well you can either burn every fucking thing around your cursor, or call down a meteor and blow up then burn every fucking thing around your cursor.

I hope there is a drastic rework to this game.",False,1483151907,13,2,0.478548616170883179,8,263.0,263,76561198000922615
328080,47247753,"""The goal is to try to bridge the gap between the depth and complexity of traditional village simulators, the fun of godlikes and the simplicity of real-time strategy.""

In the first few in-game tips (which are paragraphs long each) it says in bold, ""There is a steep learning curve, and you will need all the help you can get.  Please read all the tips.""

The tutorial video which you can click on in the start menu takes you to a 33-minute YouTube video. 

There is nothing about that which is simplicistic or fun.  The UI is ENTIRELY too noisey and contains FAR too much information to attempt to take in with a plethora of colors as well.  I immediately requested a refund.  This isn't worth $5 unless you intend to spend 5 hours learning how to play it in the first place.  THEN you might get to have an objective opinion of how it functions balance-wise.  Absolutely NOT what I expected from reading the description.  Also, throwing out a lot of successful games' names saying you'll combine them all... then deliver this package?  That's like click-baiting a game.  (Let alone the fact that EVERY game combines aspects of other games, meaning the names are clearly just there for face value.) 

smh",False,1543723252,3,0,0.315813004970550537,0,,33,76561198042586930
328080,24586975,This game is PAINFULLY slow.,False,1469754383,3,0,0.405021131038665771,4,57.0,984,76561198005766082
328080,29750271,bad,False,1486418896,6,0,0.079754270613193512,9,8.0,8,76561198127299070
328080,49067557,"This game has a steep learning curve and is very time consuming, I was hoping to get ""right into the game"" with a proper tutorial but the game seems to lack even that, I personally don't have much patience and am not going to watch the ""tutorial video"" that's 30 minutes long and which the person explaining it takes their time, more time than they need. I personally would not recommend this game because it's very under-developed, there is a ""tips and tricks"" feature though, but i'm pretty sure i'd rather have a tutorial which tells me how to play the game",False,1550472116,0,0,0.470297038555145264,0,20.0,20,76561198269501909
328080,56355569,"The GUI is quite tacky, and the pixel art of the terrain vs buildings and villagers makes it difficult to distinguish things, making the game a lot more difficult to learn. Also playing survival mode (the way the game is meant to be played), the game lacks real purpose when the corruption spreads and there aren't clear ways to defeat it. Especially since a portion of the corruption it is permanent and increases as it spreads. You're fighting a losing battle... so enjoy",False,1572754685,1,0,0.49824562668800354,0,152.0,152,76561198017395352
328080,32210930,it s a game about getting stuck and restart at all point,False,1496710103,1,0,0.293077975511550903,2,40.0,40,76561198009949087
328080,31898609,"it has potential but it's really down to your taste of difficulty, boredom and complexity.",False,1495448394,8,0,0.450564205646514893,4,304.0,1672,76561197977250280
328080,99311434,Really needs a proper tutorial.,False,1631571916,5,0,0.514258682727813721,0,172.0,172,76561198992474460
328080,147565090,"Villagers won't do anything and can't build anything. Game is a pointless waste of time.

Dwarf Fortress is more intuitive than this hot mess.",False,1696341138,1,4,0.213653236627578735,0,50.0,50,76561197979184804
328080,64903430,"Maybe this game is good, maybe it's bad, I'll likely never know. I've never seen a game so mired in awful design and obtuse controls. The UI is so horrendous that my entire hour of playing this, at time of writing, was spent in sheer unbelievable confusion of just trying to get the most basic of gameplay to function. Again, the core of this game 'could' be very fun and it 'could' be very well developed. The experience I forced myself through however, was one that I can't possibly recommend to anyone without massive overhauls to the UI and UX Design.

The UI is so massively overloaded with blurry, hyper-pixilated images with the smallest possible font and buttons that I think might actually be measured in tens of pixels. It was borderline impossible to figure out what was interactable and what was just information, not that I could read any of it without my computer's magnifying glass function.

Just getting the basics of getting a lumber yard built (ie the first building you're given) was a harder task to comprehend than the entirety of Rimworld (a vastly superior game). Trying to figure out how many resources I had took multiple menus. It's ultimately just this microscopic pile of pixels at the top of the screen, but not knowing that, the image for your storage space always looks like it has resources. So for about 20 minutes I was hitting every key trying to figure out why they weren't taking the resources I could SEE WERE THERE to build. Only to find out those didn't exist. 

Next up, I finally just took the 10 min to HAND PICK the wood myself and drop it in because I couldn't get anyone to harvest anything. Of the literally multiple dozens of menus, there was not a single option for ""harvest the thing"". I defaulted back to over a decade ago with Black and White / Warcraft, that this game apes off of, and thought ""Oh, obviously I need to pick them up and put them on the resource."" which you CAN DO. Doesn't do anything. It took me pressing literally every key on my keyboard to find out that there were two buttons not included in the trainwreck of a UI THAT WERE VITAL TO THE GAMES CORE FUNCTION. You need to select INDIVIDUALLY which tree/stone tiles you want harvested. They won't do a single thing if that's not selected. An option, that again, was not presented, on screen or any menu.",False,1584004872,5,0,0.442488014698028564,0,60.0,60,76561198004468758
328080,49160859,game sucks,False,1550863311,1,1,0.302203118801116943,0,71.0,71,76561197971400654
328080,48317703,"Playing the game for the first 40 or so minutes was fun, I was building a village. But when it dawned on me that I'm building a village just as an excuse to setup a tower defense perimeter, the game's main flaw reared its ugly face: time passes very slowly, making you think you're getting prepared for a grand strategic journey, but no, it's just a tower defense perimeter. You're aiming for a simple, one-dimensional goal: ""survive enemy waves"", but the village grows slowly, buildings are built slowly, everything seems to point in a different direction: this is going to take tens of hours, yet the goal is still the same.  This dissonant game design makes the whole experience feel pointless.",False,1547424223,5,0,0.492613345384597778,0,70.0,76,76561198004387279
328080,58642699,"Graphics and premise are cool, 

I really wanted to like it. But 2 hours in and I still have no real clue what to do. I think I'm playing it right, but the game goes so slow, its hard to really tell. I can't seem to get more villagers, even after upgrading facilities. I don't have time to watch youtube to learn how to play.


Lack of a real tutorial and it's too big of a time sink for me, I'm refunding for now, but will continue to follow, maybe with the inclusion of a full tutorial I will buy and try it again.


also the music is obnoxious",False,1575066730,1,0,0.5,0,116.0,116,76561197963660521
328080,35819931,"Very disappointed and sad. Runs terrible on two of machines that more than meet spec.
Won't even let me get started by placing a village or whatever. Waiting for refund.",False,1508338740,2,0,0.368354976177215576,3,14.0,40,76561198015730303
328080,45445655,A game with no tutorial.,False,1540548432,4,4,0.281354576349258423,0,179.0,179,76561198044340431
328080,44414513,"Sadly, because of Steam's refund policy, you gotta follow your first impression.It's so hard to see anything in this game, differentiate from one object to another, you can't rotate buildings, the map space is limited.It's like RimWorld, only less in-depth (in every way), only with more micromanagement and confusing pixels.Compared to Rimworld, the User Interface is clunky. You've got much less freedom.Can't Refund this one, bcz i missed it's small window of opportunity to get refund, ""Meh.""",False,1535405641,0,0,0.5,0,39.0,183,76561198181399733
328080,64079504,"I started a game on desktop, and tried to keep playing on the laptop, but it is unplayable because the UI icons and text are too small. I can't read it.
I tried changing the graphics options, it didn't work.
The game is unplayable if you don't have perfect eyesight.",False,1582604549,1,0,0.415030360221862793,0,72.0,72,76561197994076056
328080,25843667,"Not yet.

Font is painful. Cannot mute the music on launch - and the music is bad and loud. Cannot rotate structures and the dev thinks this is not very important. Seemingly cannot exit the game back to the main menu - 10 minutes of looking around and I finally hit alt-f4.

The hints that stand in the place of a tutorial are woefully inadequate. You're trying to build a structure, eg, and you need to wait 20 minutes for the appropriate hint to show up to tell you how to acquire one of the resources.

I like the aesthetic, and I'm a huge DF and Banished player, but this one needs more cooking.",False,1475522988,4,0,0.31238788366317749,15,54.0,54,76561197999390811
328080,46921924,"I cannot open the game.
I bought it for 4.99$ because it looked cool.
And I cannot even open it. It starts opening, I hear the music starting, than it stops, and It crashes out.",False,1543150913,0,0,0.472774118185043335,0,17.0,17,76561198064362845
328080,79442244,"This game was a swing and a miss for me. The self-proclaimed ""steep learning curve"" was more like a sheer cliff designed to beat one's head upon. The game has no tutorial or tech tree which means you be spending a lot time figuring out how NOT to win. The UI feels like an relic from a decades old game and is as hard to read and glean information from as you'd expect. I had to read a player made guide just to understand what my village needed and even then my villagers seemed to do as they please. 

Final verdict is that there's a probably an interesting game somewhere in Rise To Ruins but I'll be spending my time with other city builders and tower defence games that don't require one to study a wiki and read guides just to start playing.",False,1605668321,2,0,0.431457817554473877,0,58.0,58,76561197989581268
328080,90743018,"Really bad. I just don't understand it tbh. 
It's slow and I don't feel like I have any real control in the game.
A small village. A few fountain. Lots of dehydration deaths. 
Honestly though, aside from that, it feel like a chore even though I'm barely doing anything.
I can't put my finger on why. Just feels slow and overly complex.",False,1619116989,1,0,0.464076787233352661,0,157.0,179,76561198004607909
328080,146160780,Looks like a fun game but the game freezes between making the game and it actually starting... its not like its a heavy graphical game.  There must be some kind of bug stopping me from playing.  Sorry but I can't recommend a game that will not start.,False,1694512657,1,0,0.5,0,22.0,24,76561198993318202
328080,106958629,"Can't recommend since the dev seems to have abandoned it. It still goes on sale, so he probably just knowingly racks in money with it. Most recent updated was ""funding secured.""

Would appreciate at least an update on this game :/

Edit: 12/13/2024
Holy heck the dev came back since the last time I reviewed it.
BUT. The last update was over a year ago.",False,1640925658,9,1,0.483815133571624756,0,109.0,109,76561198076248796
328080,75886677,"Decent concept but the UI makes the game completely unplayable. You cannot see sh**. I do not mean the sprites, either. You can't really parse any information on your screen. Developers should consider a complete overhaul for the UI and font options.",False,1599970105,8,0,0.540858983993530273,0,38.0,38,76561198022145864
328080,47833017,"Didn't like it: too slow even at higher speed & too generic.
I found Rimworld far more enjoyable!",False,1545825669,0,0,0.452260464429855347,0,164.0,164,76561198034147636
328080,115339794,I've owned Rise to Ruins for a few weeks and have only managed to play it once. Every other time it's crashed to desktop upon trying to enter a region. Too late for me to refund it so I'll check back again in a decade and see if the developers fixed their memory leaks.,False,1652354929,0,0,0.470963180065155029,0,277.0,522,76561197969331425
328080,75669335,"As far as I can tell all the reviews are planted or from casual players who are unable to judge the difficulty of the game objectively.

- u get a worldmap like risk. each tile u can make a village...i have no idea why tho. u just make a village cause why not. each map has the same basic resources, and NOTHING special. no rare resoures or anythign just 4 basic ones u spam. and the point is to ""survive""...ok but surviving is just idle afk work. I dont get it at all. Theres no goal or grand strategies outside of repeating urself across like 20 maps.

This game is hard with steep learning curve and u'll die alot? No. It's very easy. Stupidly easy. Ive never come close to dying. I dont even kno what dying involves or how to die. The mechanics are easy and simple but the EXPLANATIONS ARE NOT! And the game itself is not intuituive to learn, so u'll need to look through some online starter tutorials to get an idea of how buildings even work. The game itself tells u the strategies....strategies u dont need to use lol. This isnt a case of ""the game is easy after I copied stepbystep guides on how to do everything""....that defeats the point of playing i dont do that. So trust me when I say this is easy, grinding, idle game that is only hard if u have no idea how the buildings work.

I survived a year so far...nobody died in winter. The only times ppl have died is vs fire elementals when im expanding (and I have no idea why im expanding theres just nothing to do other than expand for no reason) or they die from dehydration even tho u have plenty of water stocked and available...and the rest of ur guys r fine...so bugs/randomness i guess. Im rly not trying hard to save anyone here. Now im just spamming the same buildings in an attempt to push back this corruption enemy and see what happens...but its a boring long grind to do so where u setup wall after wall of the same defenses. 

Atm im just maxing my population to see what happens. To do this I am actively afking on my map, since the defenses take care of themselves. And they dont even make afking eez, minimizing pauses the game so u gotta do stuff overtop the game. Its just infuriating that there doesnt seem to be any point to anything in this game, ud think with the graphics being what they are....that there wud be a deep strategy game here or city builder. There isnt.

Like im trying new build strategies but they dont work. for example i tried spamming livestock farms,,,,instead of normal farms....but the map doesnt spawn enough livestock so u HAVE TO go to farms. And additionally to capture livestock is ridiculously uintuitive....u cant grab the, and place in the pens the rangers have to waste a day or two going out and deciding to grab 1 and bring it back....i have no idea how to make them grab wild livestock that sits around the map for days if not forever. atm im just spamming houses to max my pop and ssee if that does anything...but its alot of idle play and afking :/

It's a farmville simulator. I'm okaying on survival mode, which is listed as ""u'll die alot"" and the intended mode to play. There are TWO easier modes to play! I havent touched them. And there;s a brutal hard mode that is described as somethign ridiculously unfair that i shudnt play...ok? i havent tried that mode yet, still trying to 'win' or complete or find what im suposed to do on the intended mode.",False,1599602949,2,1,0.42581138014793396,0,229.0,2266,76561198169368632
328080,47270035,"Really wanted to like this game. I love city building, god sims, resource managment, and tower defense, and this game is that, but doesn't really seem to do any of them strongely. I loved Factorio and was hoping this would be like a fantasy/tower defense version of that, but all it did was remind me how good of a game Factorio is. 

The UI ugly and misleading. The entire build list is available at the start of the game and presented in alphabetical order. Numerous presented options are literally useless and only serve to clutter your options. Jobs are over convoluted, I don't need a ""water master"" and a ""water bottler"". It's unessesary. I don't need a city orginizer and a city builder. I don't need a lumberjack and a carpenter. Please consolidate these job roles and streamline the buildings. 

Combat is weak and boring. Zero action or flavor which makes it just two health bars slowly changing. I just ran the game at x3 speed and there was no consequence. Traditional was painfully easy. 

AI is frustrating. I have queued up jobs, but builders stand idle. I have water and food, but civilians die of thirst and starvation. 

Art is boring and music is terrible. The game has no redeeming charisma. Crystals are green and look like plants on the map but are red in the resource list. 

I don't understand why this game is so positively reviewed. I'll try it again in 6 months, but it won't get more than an hour of my unless it's addressed a lot of the problems. 

You should play Factorio instead.",False,1543811130,8,1,0.486668765544891357,0,271.0,271,76561197970512270
328080,154648398,"-Game comes from a time when punishing survival crafting was the popular thing, so if you can't stand the genre avoid it
-Badly programmed, the game reloads all the ressources every time I click a button on the interface, it randomly crashes at launch. If you buy it during a sale, make sure to play it within the 2 weeks refund window
-terrible art, the quality is that of a bad flash game. The villagers are ugly 8x8 pixel sprites
-no tutorial and cryptic interface
-game very slow, villagers take forever to do anything, and it's very difficult to tell what they are doing, etc...
-I didn't get to the stage where hostile appears because no interest. There's not even an interesting narrative or art style to keep you invested. The screenshots on the steam page look better than what a beginner can hope to achieve
-no save, or at least I didn't see it on the interface

[h1](follow my curator page [url=https://store.steampowered.com/curator/33882793/]GenXPlayers[/url] for more retro and indie reviews)[/h1]",False,1703789383,3,0,0.44667389988899231,0,92.0,221,76561198105785707
328080,72795230,"I'm glad I got this on sale and didn't pay full price for the game. I really like the concept of the game and wanted to have fun with it, but it the steep learning curve (which the game addresses) and the poor ai of the villagers, its really hard to. The main issue I'm having is the villagers being braindead and standing around idle while they are assigned to do something, or the ones assigned to be rangers standing around watching my bow tower fire at a zombie while another zombie nearby is wacking away at my outpost and the rangers doing nothing.  If there is a way to command the villagers the game has yet to reveal this mechanic or even show it in the key bindings. Another problem I'm having is my village having enough raw meat and animals for food, but the villager assigned to the kitchen not cooking any of the food or slaughtering more animals, causing me to lose villagers to starvation.",False,1594917141,4,3,0.512159585952758789,0,274.0,946,76561198176381291
328080,117877686,Just no!,False,1656528281,0,0,0.349931478500366211,0,43.0,43,76561198047603309
328080,38780946,"It should not be this frustrating to collect resources and build basic structures.
The FIRST day should be fun. I took the time to learn the user interface, but setting up the town is still painful. It is just a slog to get the basic resource collection set up.
I have been trying to wait for the improvements, but this is probably as good as it is going to get.",False,1514470162,17,2,0.634943544864654541,0,85.0,460,76561198418549470
328080,176005905,"This looks like a promising game but the UI is just too bad for me to get far enough into the game to start enjoying it, and the game doesn't have a good enough in game help for new players. I found myself googling to find out what should be simple controls, I was also surprised to find out you couldn't rotate buildings",False,1727596449,7,0,0.535104870796203613,0,221.0,221,76561198034711026
328080,54970801,Ugly GUI and the game just feels like one big chore.,False,1567665833,0,0,0.410939216613769531,0,9.0,9,76561198054808770
328080,50017660,Original Review: Garbage.. even for this price.,False,1554662306,0,0,0.398970216512680054,0,30.0,158,76561198050935072
328080,208504466,Should be refunded,False,1762374747,1,0,0.345910757780075073,0,7.0,7,76561198046970926
328080,103143217,"WHY ARE MY FARMS NOT PRODUCING FOOD? IT MAKES NO SENSE.

If you like being frustrated that your villagers are starving, despite having farms and workers assigned to them, buy this game.",False,1637422668,2,2,0.405829548835754395,0,153.0,1736,76561198001054129
328080,32336353,"Game is incredibly hard to control, placing things is made close to impossible, i hate the view when trying to play this game. As of now, id not recommend it.",False,1497166003,1,0,0.296273618936538696,2,32.0,32,76561198082734104
328080,43444637,"Tutorial needs some serious work. I'm not scared of a somewhat steep learning curve, but for a game that is obviously very complex, there needs to be a lot of hand-holding in the beginning. Starting the game there were a couple of pop-ups telling me what to do and then they stopped. It was like the tutorial was waiting for me to do something specific before more help would come, but without telling me what it was. So instead of trying all 17 billion buttons in the interface, I went for a refund.

I don't mind games where I have to do some research, but I need to be invested first - if I'm to go online, read wikis, forums and youtube guides, the game first needs to draw me in and make me really want to put in that effort. This game doesn't do that in its current state.

I honestly think this game looks very promising, and I'll probably check it out at a later date.",False,1531230144,1,0,0.463176816701889038,0,31.0,31,76561197997712549
328080,71361882,Boring AF.,False,1593139486,1,0,0.208678200840950012,0,71.0,168,76561198002524680
328080,45242017,"Imagine you are in the snow covered mountains of Northern Alberta. You find yourself inside of a hand built log cabin next to a crackling fire in a river rock stone hearth. You smell kerosene, pine sap and pipe smoke. At your feet you see fishing and trapping tackle along with wood shaving left by your host whittling during his lonesome nights that he fills with creative pondering. 

You look across from you and see an old rocking chair holding your host, a long chaw' stained grey beard runs from his weathered nose all the way down to his mid-chest. Looking at you through yellowed wire rimmed glasses he says to you: ""Welcome to the tutorial of Rise to Ruins.""

That is right, your host is the Unadesigner and his design makes NO F'ING SENSE WHAT-SO-EVER. Buy this game if you are fine with playing it for hours and failing before you understand what is going on. 

Yes I read the ridiculous amount of 'tips' that came up; Didn't matter as it was still confusing. Look if you are going to play design yahtz ee with recent popular indi games at least make your UX conform to some sort of a standard paradigm and make the starting progression smaller with a steady growth of unlocks to help guide new players. We are the ones giving you money after all. 

Clearly you have some sort of a good game hidden in there I just don't have the patience to solve the puzzle. I am guessing here dear dev, but if you check your stats I bet you find lots of people with 0.5 hours. That is your fault and you should fix that before anything else.",False,1539405686,0,0,0.371934890747070312,0,17.0,47,76561197971002504
328080,48168150,"Quick review:

I like rimworld graphics , which are basicly pixel style like this but wayway easier to understand and thus makes gameplay.

I think RisetoRuins may have potential but as it is now I actually hate it because I hind myself double checking to see whats going on and that makes it a pain to play.",False,1546866216,1,0,0.4570637047290802,0,46.0,46,76561198047838896
328080,41371971,Bad tutorial,False,1523228521,5,0,0.197825387120246887,1,280.0,280,76561198040306735
328080,76881534,"for me it's just nice concept but it's like alfa version, without grafic / tutorial / working AI and balance 
and it's not fair that is sell as full version (you can see warning when you turn on x2 speed that this can crash your game....)
... and OMG this music ...",False,1601587661,1,0,0.460593640804290771,0,124.0,124,76561198041388938
328080,60841188,"Still feels like an early-access game, with lacking user interface, controls, clear objectives and phases, a decent tutorial... The developer makes it clear he's continually working on the game (with no intention to release paid DLC, which is great!) and I can really see a lot of changes whenever I do launch this title (then get bored extremely quickly with the lack of direction). In that sense, I will always give it more time in the oven and keep checking on the state of things until it becomes a good game.

All of that would be par-for-the-course for an early-access game but this is not acceptable or worth your time as a full release.

Also, the soundtrack is god-awful. I can't play with music turned on for more than a minute.",False,1577632399,2,0,0.468851476907730103,0,70.0,70,76561198321740054
328080,31097336,Not great game. Pretty boring. Just gives me a headache. The mechanics are annoying. And a actual tutorial would be nice.,False,1492005266,1,0,0.347416043281555176,3,128.0,357,76561198288353188
328080,69792379,i built an animal pen for food. It wouldnt produce without a kitchen. I tried to build a kithen but i didnt have any cut stone to finish it. I i built a stone cuttery but it wouldnt produce without a mine. I couldnt finish the mine because all my people died of starvation,False,1590428904,2,7,0.420142978429794312,0,185.0,256,76561198043020390
328080,71245661,"I get the appeal of Rise to Ruins but the execution is rather disappointing.

The misconception here seems to be that ""a harsh learning curve"" on the store page means no tutorial is needed or to be expected. And there seems to be the expectation to watch a youtube guide or consult a wiki somewhere. Not only do I not like this common practice in the indie scene, it also fails to motivate me to set goals for myself, follow a story, if there is one, or stay interested through early failures. While I do managed to klick a few buildings together with the first hints, the games complexity combined with the refusal to explain things was a rather harsh turnoff.

The UI only makes things worse, as it is inelegant, way to big without adjustment and even hides information from you, unless you click on every button without knowing what it does.

A solid guidance through the game`s systems on the first day, with goals to achieve, would have gone a long way to motivate me to play the game further and probably enjoy it. Like this I rather install the next of the 200 games in the library and quickly forget about it.",False,1592951460,5,0,0.485486149787902832,0,105.0,105,76561198096169139
328080,35369073,"The whole game is a bit of an illegible mess. Too much going on and when you zoom in the pixels just get bigger. A pity, I was looking forward to a nice village building game.",False,1506843894,7,0,0.352867811918258667,4,5.0,5,76561197968557589
328080,108153350,"Pretty rough learning curve. They should remove ""A regularly updated"" from the description if they don't want people calling it abandoned.",False,1642356326,6,2,0.478791683912277222,0,223.0,223,76561198028012932
328080,68521762,punishing resource management falls flat when your rtarded villagers wont eat the food youre making even when theyre starving to death or refuse to do the assigned jobs - had 3+ villagers who were supposed to be working standing around idly doing nothing. cool concept but the hands off gameplay doesnt work when issues like this exist,False,1588547815,2,1,0.345193862915039062,0,305.0,314,76561198100976058
328080,38739037,"Get a graphics artist, its awful to look at.",False,1514383444,1,2,0.349592804908752441,2,42.0,42,76561198103563863
328080,48194189,"I don't thumbs down because the game is not good. The town building and sense of urgency are great and there are unique twists on gameplay mechanics from all of the best games in this genre from decades back. that being said, The game tries really hard to be too many things which is at first engaging but eventually reveals a lack of substance. Once you figure out you're pretty much pidgeon-holed into a primarily tower defense game that eventually ends in a loss it's too late. Even if the eventual goal is too ultimately lose, there's no illusion of hope or progress. Simply put, there is ABSOLUTE ZERO offensive options for the player to use to beat back corruption inside the realm of what the developer ulitately designed the game for. To be fair, you can use the rules of the game to push your pixelites into corrupted territory to fight but it is very clear in practice this is not what the developer intended and as far as I can tell, he has no intention of implementing such a mechanic. I still think the game would be perfect for fans of peaceful townbuilding games that felt something like banished needed a more omnipresent threat than just the seasons and I think that the influences of games like simcity, rimworld, dwarf fortress, and other titles shine through brilliantly- especially with the use of god powers like black & white.
It is an absolutely killer townbuilder/tower defense game but the old school RTS gameplay advertised in my opinion only stretches as far as the GUI and overall aesthetic of the game. Offensive options just plain need to be there in some way to realize that specific ambition further. At the end of the day though, this game has no reason not to sell to its target audience and i believe that the developer has every right to make the game that he wants so thumbs down aside, great job man.",False,1546978321,0,0,0.5,0,325.0,753,76561198107100332
328080,21801464,"[u]What I liked:[/u]
[list]
    [*] Challenging survival game
    [*] The music is soothing( despite the game being and hard)
[/list]
[u]What You Need to Know:[/u]
[list]
    [*] This game is far from a great early access game atm, it feels very content poor atm.
    [*] You get attacked non-stop unless you turn on peaceful mode
    [*] AI is stupid, they all will stop doing anything to attack mobs across your base( they will rarely pick up the dropped resources, WTF, even when it's a foot from the building that needs it)
    [*] The amount of options for defending or upgrading your village is still not even close to what it could be. ( So hold on to your money till it gets more content)
    [*] This game has potential, just not yet. If you want this style of game. Get RIMWORLD!!!! It's so freaking awesome
    [*] Will revisit this game when the developer puts more content and makes the AI more usable
    [*] Sadly this game will fall into the ether of other medicore EA titles, because the content and issues with the game are too strong to have any fun
    [*]This game had 2 hours of content. No unlocks or research to get better stuff. Just basic builidngs and uniteresting survival mechanics
[/list]

[h1]My Score:[/h1]
[b]D[/b]

[b]Paid:$10 [/b]
[b]Main reason for dislike: Too few content atm[/b]

The best game of this style: 
[list]
    [*] Rimworld!!!! not on steam yet :(
[/list]",False,1457824091,33,1,0.585786104202270508,25,158.0,158,76561198045149740
328080,59054344,This is not a game for me. Other people might like it.,False,1575313257,0,0,0.493294864892959595,0,31.0,31,76561197978501471
328080,75685339,"Play Warcraft II or Settlers 2 instead, it'll be more fun and better graphics.",False,1599634642,5,0,0.558452606201171875,0,191.0,369,76561197972399860
328080,88720875,"I honestly cant tell if this is a good game because I can't see it. I think I remember adjusting the UI setting to 'larger"" or something like that and nothing changed. Please fix this so I can play your game :(",False,1616178760,1,2,0.475583523511886597,0,67.0,67,76561198046597419
328080,44929290,"My first experience with early access. A game that's been in that state for nearly 4 years, due to come out of it soon. What could possibly go wrong ? Well, the answer is, everything basically . The one time I got javaloader (that's what the computer says the game is) to actually run to the menu screen, and was actually able to start  a game. I clicked establish village and ... Hard crash entire system. 

I can't comment on the game in any way really. It didn't look amazing the few seconds of it I got to see. However clearly others are having a glorious time. Alas I will not be able to join them, in the delirium.

Note to self - Early Access is (Insert word - you can't say before the watershed here)",False,1537880195,1,1,0.372922360897064209,0,22.0,34,76561198026770399
328080,63363582,"While i would most likely recommend this game, the fact that there's walkable land added when you build a wall near water just killed all my desire to play. Enemies already can move through the water, why go extra mile and have land added?",False,1581471034,1,2,0.472712695598602295,0,205.0,205,76561197988006619
328080,68400884,"Plenty of food.  Your villager died of starvation.
Plenty of water.  Your villager died of thirst.
Plenty of shelter.  Your villager or exhausted/overheated.
Plenty of defenses.  Your villagers decide not to move ammo from the stockpile to the tower.
Plenty of materials.  Your villagers decide not to build.
Plenty of time.  Do anything but this.",False,1588383431,7,3,0.452532142400741577,0,135.0,135,76561197970755417
328080,95373467,"The game isn't great, but I got it because I like to support indie developers.

Then I found out that the guy made more in a month than I made in a year, and became a multimillionaire by playing the stock market during the pandemic.

This developer could put this game out for free and they would still have enough money to live comfortably for the rest of their lives.

But since this has a price tag, I'll support a developer that actually needs the support.",False,1625801184,3,5,0.296112120151519775,0,91.0,91,76561198094841510
328080,30049033,"This game has a lot of potential, but I wouldn't say it's worth buying yet. The tiered resources are shallow with only two tiers. The monsters escalate quickly. You have to play a few worlds to understand what you have to do and how efficient you must be. I find it to be a lot of fun, even if it does get frustrating sometimes. But I just can't recommend other people to buy it at this time.

Check out a few videos on youtube from a few different gamers and see if its for you.",False,1487557840,9,0,0.54064631462097168,2,267.0,877,76561198065478586
328080,162422859,Big no. Just not worth your time to learn.,False,1712506409,0,0,0.321960657835006714,0,312.0,312,76561198045778499
328080,79126155,"I want to like this game, I really do, but a number of things keep me from posting a positive review.

First off is that villagers often don't do anything and its not clear why. Half my village starves despite having everyone allocated to farms and kitchens. I have raw meat stockpiled but the cooks won't go near it and won't cook it, they just stand idle. I must be missing something because surely this isn't just a bug, but what I am missing, no-one can tell me. This was a problem when I first played the game a year ago and it's still a problem now. And then, when villagers die you've basically lost the game because it's extremely difficult to gain villagers, so this one simple bug/flaw in the  game balance means the game is mostly unplayable.

There is also sadly no resolution scaling and everything is blurred if you don't play at 1080p.

On the plus side, the pixelart graphics and particle effects are amazing and the background music is hauntingly beautiful, it's perfect. 

I love village sims and this one 'almost' hits the spot but it's held back by some weird gameplay bugs.",False,1605139538,5,0,0.554583728313446045,0,232.0,232,76561197992344717
328080,153567757,"This game isn't hard. It just has no real tutorial, terrible UI and managing your villagers is like herding cats. Everything has more steps than it needs to have and my god everything takes forever. Your god powers are weak and the tower defence element only really comes in later.",False,1702554072,7,1,0.530666589736938477,0,105.0,105,76561198002156890
328080,79051566,I'm a huge fan of the colony sim and city builder genres but I cannot recommend this game due to its pixel style artwork. Understandably some people like this style but I cannot bear to look at this game.,False,1605019963,1,2,0.424237370491027832,0,180.0,180,76561198010824221
328080,154827486,I absolutely hate the controls and the UI.,False,1703960924,5,0,0.50918269157409668,0,20.0,20,76561198031408507
328080,117075315,it's not great,False,1655390409,0,0,0.45267486572265625,0,60.0,60,76561197974884188
328080,101348479,"great idea ruined by lazy developer, he wouldn't even add building rotation because he was too lazy to draw the buildings sideways lol",False,1634744634,7,0,0.372953981161117554,0,82.0,153,76561198006201074
328080,31100346,"ive paid for this game through Steam..
when I open the game it ""launches"" but than opens my computer notepad saying 
""Rise to Ruins InDev 25d
Operating System: Windows 8.1""
Ive tried deleting the game and redownloading it twice :(",False,1492015638,1,0,0.34852522611618042,3,18.0,18,76561198273258438
328080,169189564,"it doesn't feel like a colony sim like dwarf fortress and rimworld, and more like a god game with more stakes 
I can't enjoy it because I like each character feeling unique, having a easy to find name and their own look so you know who is who
this game is not that, but instead a mix between a kingdom builder and a god sim
not for me, but maybe for you",False,1720310140,4,0,0.446035951375961304,0,14.0,14,76561199025785746
328080,55796375,Graphics are bad. Pixel graphics don't go well with games like these. Music is extremely annoying. Too much reading. Not worth my time. #Refund,False,1572078093,2,0,0.270855903625488281,0,22.0,22,76561198076356071
328080,205206797,Janky and slow... Has potential tho,False,1758849530,2,0,0.514146327972412109,0,224.0,224,76561198092574442
328080,152678254,"New Player Experience - ""Hey, this game is hard, build a village near some resources, here's the button to build a camp.""

That's it.  Not a fan of the 'figure it out' version of 'hard'.",False,1701468715,4,0,0.412997573614120483,0,11.0,11,76561198016823617
328080,51250954,"not really playable, not even worth 1 dollar.",False,1560665384,0,0,0.343398898839950562,0,221.0,221,76561198947528753
328080,125845475,"This is one of the worst games I have ever played, and I am very sad it took me three hours to realize this moronic developer really didn't include any kind of save/reload function.  Weird enough decision in itself, but in a game so filled with bugs and dead ends that take you hours to realize, it makes it unplayable.

Do not buy under any circumstances at any price.",False,1668981355,2,0,0.345919400453567505,0,183.0,183,76561197988971697
328080,113827332,"I don't know i just have a hard time trying to accept this game. Its a fun city builder sure but the aspect of adding TD made it in a weird spot. That and the lack of modding doesn't help although modding is secondary to my needs but having QOL mods or extra features such as new God powers would make it fun.

Maybe i expected a lot from such an indie game but wow was i disappointed just in a few hours of gameplay.",False,1649920100,0,0,0.450450420379638672,0,198.0,198,76561198002525136
328080,130829932,garbage,False,1673704557,1,0,0.356454074382781982,0,25.0,25,76561197971161498
328080,56639486,There is nothing interesting going on in this game...,False,1573059049,0,1,0.431654691696166992,0,103.0,103,76561198808270910
328080,34248847,"Not bad, it's alright. Its exactly what it says it is. Build stuff, Manage stuff, and wait.

Oh boy you will be waiting.

No way to speed things up. You're just going to be waiting. What does feel like actions taken by the player almost feels like cheating, and leaving things only to the villagers leaves me feeling like a rugged idle rpg. 

It feels like it wants to be dwarf fortress but can't think that fast. 

Again wish there was a MEH. Not bad but no where near great",False,1502770831,8,0,0.485918730497360229,7,51.0,527,76561197995267244
328080,113435098,"I wanted to like this game. It's exactly the genre of game that I usually would invest hundreds of hours into. Unfortunately, I can't help but come to the conclusion that it sucks.

I just tried playing again after not playing in a very long while. Start a new game, build a little village, all is going well. And then some of my buildings randomly, out of nowhere, get destroyed and leave behind a fire. There's no monsters in my village and nothing I can see on the map that could be blowing up my buildings from range. There's zero information within the game telling me why this happened. But fine, I build those new buildings from scratch - which is a large investment in the early game. The next day, three other buildings are randomly destroyed for no apparent reason and with no ingame explanation. I google, find no info. I go through all the menus in game and find no info or anything that might help me avoid my buildings being destroyed. I rebuild AGAIN and before my buildings are even rebuilt some other random buildings get destroyed out of nowhere. After that I gave up. What a horrible gameplay design to have things randomly be destroyed without any explanation to the player or seemingly any way to avoid it. Honestly wish I could refund this game.",False,1649260656,3,3,0.488289505243301392,0,252.0,277,76561198011706882
328080,53861263,"Game worked for 3 hours, now it crashes whenever I try to open the main game selection window.  Uninstalling doesn't fix it so I guess it's broken forever.",False,1562462231,0,0,0.449462354183197021,0,213.0,1093,76561197977206728
328080,14146501,"Updated review to be based on Indev 13 unstable 4. Unfortunately I must still leave the review as it is, while the patch has gone a ways towards balancing the game but has also taken a step back in many aspects it still needs more work.

I know this is a EA game and I really hope things improve down the road, but at the current point I can not recommend this game as even a game.

AI Is glitched, you still have to micromanage how much wood you set to harvest and how much stone you set to harvest as attempting to build multiple buildings leads to all the buildings tending to have all their stone or all their wood delivered, instead of balancing the delivery,the bigger issue is that if your building multiple buildings it will attempt to deliver the last piece of stone but get distracted by a zombie and drop the stone, after that the builder will then go and start working on the other building leaving the building uncompleted for a fair while, sometimes even until the other building is finished.

Death Trap is still there and even worse since the removal of essence generation from the towers and collectors, now you can't even build effective defences, to even get defences in place you have to build all 3 havesting camps, collect and build the upgraded resources and then finally can build defences, but those are useless without collectors, you build those and you have to continually stock them with crystals, all that takes time away from building the essentials like food and housing.  Towers can't even seem to fire over walls which is major source of annoyance... You either limit your towers ability to fire or you have no way of containing your viliagers who will wander out of town for no reason and just idle in ""zombie land""

Indev 13 Stable 4 must be substantially bugged, change notes state that spawns have been substantially reduced yet somehow I got a hoard of 14 !! zombies raiding my tower... on DAY 2! not even end of day but end of dawn.

Villagers are smarter but still not there, as above they will walk away from the town or the farthest building into the middle of no where and just idle there... until they see a zombie and then they will rush to it, and then rush to the next and the next and the next... until they die.  Yes they will run away but that only lasts a couple steps and then they will see a zombie and run and attack, it's a game of ping pong now with the run, attack, run, attack action... the game really needs a way to contain the villagers, either walls with gates or a ""no go"" zone that you can mark villagers to not cross.

Defence buildings are useless, zombies heal faster then the buildings can regenerate, spawn faster then the buildings can regenerate and it appears the more you build, the more zombies you bring.

Once you mark a building to be built you can't pause it (Being worked on but the button doesn't work still), you can't lower it in the queue and you can't cancel it, you can only dismantle it, instant if nothing was delivered to the building, but if the building had even 1 item delivered to it a builder has to go to the building to dismantle it... 

Looking forward to the next patch but the game is still too unbalanced to be enjoyable",False,1422119484,10,1,0.530364036560058594,4,244.0,434,76561198030748607
328080,47862831,"Yea let's make the game with a freakishly complicated UI hide the UI when you pause the game. Fucking brilliant. Can't even pause the game while you're looking at the map to place your village. Is it that hard to take a note from Crusader Kings 2? Making a complicated game without a proper way to pause and a bad UI and then calling it difficult is a complete cop out. 

Not to mention how needlessly confusing it is that no matter where you try to place your village, it says there aren't enough resources available.",False,1545910762,1,0,0.376723825931549072,1,30.0,30,76561198034345323
328080,160355849,"I have some mental limitations that makes it where not having a pause button makes this game unplayable for me. Shame, as this genre mix is right up my alley otherwise.",False,1710197438,22,4,0.528577208518981934,0,15.0,15,76561198040549176
328080,58647672,"I would not recommend this game, even at sale price.

There must be something wrong with me as this game has rave reviews and it falls in the category of the exact type of game I like. I loved RimWorld, I'm a huge fan of population simulators like Tropico and Anno so this isn't my first rodeo.

This game, quite simply, doesn't work. It's not that it has a high learning curve, again, I've played Rimworld. It's just that it doesn't work well, at all.

You can assign workers to a building and they, just, won't do anything. Ever. For days. The ""produce until no storage is available"" function does not work. You cannot possibly convince me otherwise, it's just broken. So I'm guessing all the people who enjoy this game manually set values or tell it to disregard storage. Having an in game feature that seems incredibly important just, not work, is not really my idea of good game development.

The game encourages you to build building quickly, based on the in-game hints, they expect you to have a bow tower before the first night fall. This requires a bowyer, a lumber shack, a lumber mill, a crystal gathering station, etc. etc. It's not reasonable. You will be spreading your 11 man population so like 1 person is at each station.

This brings me to my next point, Population. This game doesn't like it, they don't want you to have any. You're going to be sitting on your hands waiting for something to happen because you simply don't have the personnel to accomplish anything. This became such an absolute roadblock I had to look it up online and the suggestions recommended un-tasking everyone in your village so they could socialize with one another and mate.

That has got to be the laziest and stupidest game design I have ever heard of.

I am just amiss at how this game has amazing ratings. Maybe if you slog through the broken and tedious beginning, getting attacked every night and spending half of your time rebuilding your structures because there is no feasible way to establish a defense early on, maybe then it starts to get interesting.

I don't have the patience for such a lazy approach when there are much better options out there. If you're looking for a unique, complex and procedurally generated survival game, save yourself the headache and buy Rimworld. Even Dawn of Man was a more enjoyable experience than this, and that one is fairly shallow.",False,1575069447,4,0,0.491042375564575195,0,140.0,140,76561198009912004
328080,101460154,"Still cant play the game, i even reinstalled my java to the current version and it still tells me that i dont have the supported java version, any one know how to fix this?",False,1634939267,0,1,0.435126572847366333,0,100.0,1041,76561198862665895
328080,50483500,"The latest update literally CRAPS on your game with trash, one of the worst mechanics I've seen in this genre, second to the ""spam clicks on glowy circles to get LOOTBOXES"" that have a LUDICROUS chance to spam you with MORE TRASH. No, that's not a joke, that's actually the insane BS in the game right now lmao. Devs that trash their games with TERRIBLE updates that you can't undo are a joke.",False,1557014145,0,0,0.425649523735046387,0,169.0,169,76561197994056558
328080,41761418,Over an hour of trying to fix game crashing on startup only to realize it's a pile of trash meme game. Not to mention the horrid UI. Thanks for reminding me why I should keep passing on early access games.That's a no from me.,False,1525030385,0,1,0.198010817170143127,0,18.0,18,76561197960369776
328080,205814904,"The game just will not play for me. It seems to load up and plays music. It even shows a custom cursor that reacts when I click but the entire screen is black and there's nothing I can find online to fix this. My laptop is totally up to date, uninstalled and reinstalled, checked integrity, made sure steam was up to date. nothing.",False,1759537671,1,1,0.443826496601104736,0,59.0,60,76561198014763874
328080,55624427,"I don't think the game is close to finished at all. I don't like playing it and most of the mechanics in the game are unsatisfying rather than to the contrary. I played a dozen games in this genre, and this is the most unsatisfying one by far. Maybe I'm an outlier, but this game is not fun if you want to play optimally. The mechanics are nice, but over all the game works against you. The production industries are nice, and road and wall building is great for building fortresses, but there is an overall lack of enjoyment having to deal with the subpar, space inefficient user interface and clickfest mechanics.

+ The game has unique graphics, music, and art direction.
- The event sounds are painful and useless If it is raining -> I can't hear anything. If there are any jobs going on in the screen region, I can't hear anything. You can't fine tune the individual sounds. I want to hear monsters in my base instead of random ambient noise.
- I have a tough time distinguishing units from my base and the enemy. The pixel graphics are low resolution for individual guys, and there is a lot of eye candy distractions.
+ The game has a unique grand campaign (conquer an island).
- The game has zero story. Yes, nil. Nada.  (this is fine for me, but it's a shame, really as there is a lot of missed potential. The corruption mechanic is a great antagonist and even a cookie cutter story would have been appreciated). Take for instance Creeper World 3: Arc Eternal. That's a game with a plain story, but it works.
+ Building mechanics like a typical village simulator (villagers need minimal micro management, just macro)
- The ""essence"" on the map is cool on first, but then gets annoying after a while, since its hyperactive in visuals for no reason. Like a sparkly locust you want to disable.
- The chest mechanic is also cool at first (point and click to find and gather), but it often involves 300 clicks for an odd non-flowing reason. Nothing in the game involves this much clicks, and the path finding on the chest is annoying when it goes away from your village and the jump range is too short.
- The influence mechanic is fun, but there's only 3 select powers I ever need. The rest are either eye candy or actually quite useless. For instance, the resurrect dead is nice, but I can never find my dead, the '?"" box that pops up often doesn't have ghosts near it.
- The user interface is hardly polished and hides most actions and information behind many clicks for no reason. Consider the left side panel for job allocation. I can cut 75% the screen real estate (empty space, running workers, redundant information) and show more jobs. But nope, I got to scroll often 2-3 times to find the job I want to increase *every* time. Things like this turn me off from the game, because its not like we're working with dwarf fortress where you can just learn the shortcuts and feel good you are learning 1337 skills, no, it feels like I'm in the 00's and I'm filling in a web form for a widget factory. You have to wrestle with your mouse the user interface every time. If you don't want to, you are forced to play sub-optimally because of these pain points ( hot swapping jobs for efficiency) can be avoided.
- The storage mechanism is painful. For instance I had trouble locating suspicious keys on the UI tallies, despite buying them on the market place. I spent 30 minutes going close to full organizer job allocation to see if it just needed to be hauled, but alas, I gave up. No loot boxes for me I guess. Ditto for any other material. This is one of the times I recall and appreciate how dwarf fortress properly had a ledger for material-to-map-position. The ""Grab"" ability would have been much more useful with it.
- The trash mechanic is nice, but if you have any *one* large building destroyed by enemies, *many* trash tiles are created. Trash fills up fast too, but once I played one game with this mechanic it was manageable.
- Game crashed with a null pointer error once. Yes I have autosaves. I don't know if the developer got a crash log... I only expect NPE from moddable games (like Star Sector or such) where its low development budget. I got a NPE the first hour doing nothing surprising.
- The win mechanic is unrealistic. Survive one year in every region? There's at least twenty regions... Perhaps the developers have a higher play time than most players, because after one region I've seen most of the mechanics and want to play dwarf fortress instead.
+ The world map chest mechanic is nice, but is in-your-face grindy and I'm opting to not play, because...
- Little to zero replayability. Where is the unique challenges? Sure there are harder modes, but that seems to be artificial difficulty where the odds are stacked against you, for the purpose of ""fun"" (a la DF but watered down). Where is the strategy and counters? I have fire, electricity and ice towers, but what's the point if electricity kills everything that comes along? What's the point of all these different attack towers when you don't need any of them? It's all tongue in cheek with zero story. Imagine if this game had a story, less clickfest mechanics, better game progression in terms of goals, and a friendlier interface! That would be ideal -- and I hope future iterations of this game improve the pain points and let the unique take on village management shine.",False,1571203269,66,6,0.654521584510803223,2,268.0,287,76561198103831852
328080,48796169,"Didn't feel to get into it, too clumsy and too much pixels....",False,1549450701,0,1,0.316584855318069458,0,7.0,7,76561198005900763
328080,139451676,dead game. its inspirations were better,False,1685753225,0,0,0.268083542585372925,0,27.0,27,76561197972772561
328080,85778703,"I'm sorry. I tried to get into this, and it's exactly the kind of game I want, but I couldn't get past the pixelated graphics.
I don't like pixel art, but I will put up with it for a good game. With this game, the art is so pixelated you can't tell what is going on. My display tells me my people are being attacked by a monster, but I can't see it on the screen. Even if I can figure out where it is happening, if I zoom in the monster is only about 2 pixels wide. A couple of green squares are...doing something to my pink squares.
I can't properly resize my interface  to be useful because it uses the same pixelated graphics.
Maybe someone will release a mod with simple-but-not-dysfunctional graphics, like Rimworld has. Then I will play it.",False,1612210007,2,0,0.478511303663253784,0,175.0,175,76561198210303805
328080,54527475,"Cheap means of achieving difficulty. Spawning impossible amounts of enemies and providing no way to deal with it is not ""a steep learning curve."" Completely unplayable, an utter waste of time.",False,1565322100,3,1,0.459597140550613403,0,288.0,288,76561198084164129
328080,125389997,"It reminds me of Dwarf Fortress with an actually-good UI. (Plus magic, turrets, golems, and a smattering of other goodies.)

Unfortunately, it's like if everything in Dwarf Fortress took five times as long. It takes five villagers two minutes to build something small, and it only gets worse from there.",False,1668313063,1,0,0.487147748470306396,0,246.0,246,76561198025581258
328080,65694596,"Can't zoom out remotely enough when running in fullscreen 3840 x 2160p 4k. I just can't play it sadly, it's so closed in I spend more time scrolling around the map to find things than I do playing the game. If I switch it to 1080p in fullscreen, then flip on the borderless window toggle - I can zoom out and see more of the village on screen at once. This window is much smaller on my TV though, but I can at least actually stretch the window vertically to fit my entire 4k monitor - but there's no place to click and grab to stretch it horizontally. Whats funny is after flipping it back to 2160p/full screen - the game will stay as zoomed out as I just had it prior - until you zoom back in... Once you zoom in far enough, you no longer can zoom back out past a certain point on this resolution. Damn UI and 4k resolution scaling, it took Paradox forever to even add it natively in CK2.",False,1585042638,0,0,0.490067988634109497,1,32.0,79,76561197972370216
328080,43814606,"I really wanted to like this game but I just can't recommend it.

Everything is such a chore that its just not very fun.

The grid system limitations with stucture placement is very poor with no rotation and sometimes difficult to establish limits on where to place (flowers? really?) meaning that your village will take up much more space than it should.  

Then you have this annoying system whereby you have a certain number of villagers but actually can't assign them all (I could only assign 17 out of 19 villagers).  Furthermore, villagers will be quite happy to stand around doing nothing if you have not assigned them into the correct role.  
There is a good reason why almost every other RTS in existence has buildings auto produce goods with automatically assigned villagers.  If you build a wood cutter you also need to tell the woodcutter where to cut the wood otherwise they wont do it.  But the command you use for this ALSO means that your idle workers will cut wood too.  Why bother with a woodcutter in the first place you might ask?  (there is no reason - is the answer).  

Villagers will pick up bows and arrows but only occasionally use them to actually shoot anything, preferring to go hand to hand.

You have big bodies of fresh water yet have to put down a rain collector then water bottler? Huh?!

I think the problem with this game is it tries to be too many things at once and as a result none of its mechanics are particularly fun.  

If you want a colony builder get Rimworld
If you want a village simulator get Banished or one of the older Settlers
If you want a tower defence game - get one.
If you want a God game play Black & White or Populous",False,1532866073,0,0,0.477707028388977051,0,,209,76561197960376696
328080,205558196,"Not ready imo, its got a lot of issues and is boring at times, but a lot of potential!",False,1759252971,1,1,0.5,0,292.0,292,76561198258316906
328080,48789095,incomplete to say the least.,False,1549421244,1,0,0.416164785623550415,0,50.0,50,76561198000697107
328080,199224556,"The tutorials are really lacking, written as a steam of thought. Feels like some early game breaking bugs exist and there isn't the community support to figure it out or check if you're experiencing a bug. Good luck.",False,1751914723,2,1,0.413022011518478394,0,185.0,1159,76561198070416130
328080,176062133,"I feel like i would love this game, but the UI is pretty bad - ugly and odd to navigate. I feel like a lot of it can be cleaned up for higher resolution displays. Down thumb solely because of the clunky UI. If Im going to sink the time into the game for the depth it has, i want a UI that isnt so cumbersome.",False,1727656505,8,0,0.567103564739227295,0,96.0,99,76561198038611831
328080,47854005,"Glacial pace. Desperately need more villagers than i have. Every building is running at 1/X worker capacity because i NEED all of the improved raw materials and services that make the village work.....but i have no fucking people to get these things done effectively. Game needs better pacing to allow for your village to grow more before you really need the upgraded production/services.

Better off playing banished.",False,1545880348,0,0,0.42424243688583374,0,248.0,510,76561198034430113
328080,32832442,"way to complex in a bad way . the ""art"" and UI makes my eyes bleed :(",False,1498514465,5,3,0.168702051043510437,11,13.0,13,76561198136861603
328080,160781855,I am generally not interested in colony builders with game mechanics that can't be interacted with when pausing the game. It took me less than a minute to figure out that this game is not for me.,False,1710696560,6,2,0.40358617901802063,0,15.0,15,76561199013756059
328080,142354484,"There is no tutorial. That isn't always a problem, except this game's UI is not intuitive in the slightest. I found Dwarf Fortress easier to play than this game: that should say something.

The straw that broke my camel's back was when I couldn't figure out how to unsummon a Holy Golem I'd created that I no longer needed. Simply by existing it sapped 80% of my god's recharge power. When this was after 20 other UI issues that happened before this... I just decided I'd rather play something fun instead, like [url=https://store.steampowered.com/app/569480/Kingdoms_and_Castles/]Kingdoms and Castles[/url] or [url=https://store.steampowered.com/app/644930/They_Are_Billions/]They Are Billions[/url].",False,1689713661,2,2,0.456273794174194336,0,107.0,107,76561198042327970
328080,124326800,"Cancer in a can
Nothing, and I mean literally nothing works the way you expect it to. I'm convinced the devs have never played any city building games before. Even Settlers 2 had a more intuitive UI.",False,1666623384,0,0,0.367231637239456177,0,131.0,131,76561198039882921
328080,50492333,It says the game first published 5 years ago. Is this what you've achieved in 5 years? Really!!?!?! There lots of **** mechanics. I've waited for like hours for my stupid people to build a stupid fence. Do not waste your money.,False,1557057989,1,0,0.476190477609634399,0,278.0,309,76561198011588877
328080,49582063,Terrible,False,1552691450,0,0,0.271598070859909058,2,26.0,26,76561197963619259
328080,43455228,"After building a few of everything and exploring what i believe to be every avenue of the game in under 6 hours i found myself very confused by the games popularity. It is the most basic management game I've seen that does virtually nothing to set itself apart from others like it. The two main differences are golems and corruption. You get three flavors of golems, move along. Corruption is tainted land you can do painfully little about because unless you build up the ENTIRE map it doesn't stop spawning things. With those out of the way here's a list of things the game does worse than its' competition.

Your villagers are worse than the stereotypical medieval bumpkin they emulate. They will build a wall to block a chokepoint off, procede to WALK THROUGH the wall they just built, then stand on that side of the wall until they starve to death because pathfinding must not work outside of my build zone. Is the AI meant to do this?

Speaking of the build zone, it is the absolute most infuriating thing in the game. You know how certain games require you to build power lines to connect your buildings? Instead of needing to construct additional pylons because machines need power you have to build a fire every 10 squares. This is a medieval survival game therefore your citizens don't feel safe making a building without being able to feel the warmth of a fire. I say feel the warmth because for whatever reason if you build anything next to a fire it completely blocks off the build zone. Have fun daisy chaining a dozen fires down to the next bottleneck in the terrain, it'l take two days in game to dismantle everything if you didn't put a small fire in the middle of your defensive wall. It feels so gimmicky like it was just thrown there because it seemed like a clever mechanic.

Did you know each of your citizens have an intelligence score? Wow, maybe it's like Rimworld and the smart guys get to be wizards or something! No. They don't. There aren't any non laborer jobs besides being a guard. It's even easier to get them the best armor in the game because you need 3 buildings to do so which are all available from the start. Your citizens are doing the same tasks as the 10+ people next to them for the rest of the game with the only difference being leveling up.

Your free upkeep defensive options are the guards and your basic towers. In order to survive after your first blood moon you need golems and magic towers both of which cost fairy dust. This means the only thing you need to concentrate on after the early game is fairy dust. Que 3 sets of gatherers, refiners, golem makers and watch them slap everyone into your late game. There is no other way to do this, it is a rigid system that requires fairy dust. Even your best guards will die and because you gain people equivilant to a person per day you cannot hope to keep up with the hordes of enemies with any casualty rate. This is not a complaint that you need to do certain things in order to win. This is a complaint that no matter where you set up your village and no matter what the terrain is like and no matter how many times you play it will be the same exact thing over and over. No different units. No different towers. No different maze walls. After your first blood moon its pump fairy dust into metal golems and ballista towers until your bored. There is a clear optimized build that cannot be changed and that means your replayability extends to your second village when you know the controls.

Oh wait theres that god mode element right? Shooting fireballs and bringing back people from the dead? Don't do it. The only thing I used my benevolent powers for was growing crops and spawning holy golems during the blood moon. But in all honesty this feature can be safely and completely ingnored in a successful game. Especially once you realize you can't break the stupid corrupted graveyards with a meteor because.... I don't know. Maybe the corrupted land forms some kind of shield generator into space. In which case I should build on it because my village gets plastered with earthquakes and flaming meteors twice a season while the enemies remain unscathed! It would make sense that as god i smite the enemies of my people right? Or maybe protect them from some calamity like an earthquake? Can i part the river or something? Nope you can use 2 flaming rocks on your own village to help defend against the 20 enemies raiding them. No thanks, I'll stick to making carrots grow, I don't think i'll make much of a difference anyway.

This review is already frightening in length, though much of it could have been overlooked had i not seen the game was released 4 years ago. What in the actual hell is in this game that requires 4 years? Braid took a year to make then the rest of the time was spent on artwork. If anyone reading this has attended a college class or short seminar for game development then you know the first thing they tell you is how hard it is to make it in the industry. The second is that if you want any hope of making a living off your game you have to make it something unique and put some of your own blood into its' creation. There is potential here, but given the time that has already gone into development and how much the game still looks like a horizontal slice I cannot recommend it.",False,1531270960,5,0,0.519038021564483643,0,334.0,334,76561198106020259
328080,89972852,"The game does a terrible job actually teaching you how to play; I went the entire first day without resources because it was never brought to my attention that I actually had to assign trees and stone to be cut, or if the tooltip had popped up telling me so, it was one of the ones that suddenly vanished from view before I got the chance to click on it.

And I figured, fine, I'll delete this save and give it another go.

You cannot delete a save. Once a village is created you can't delete it, or if you can, it again does a poor job communicating how to.

So I followed through, and got decimated because of the frankly punishing building limits. In order to even get food and water that your townspeople need you need to take up several building slots, and in order to have homes you need to take up more building slots, and before I realized it I had run out of building slots. I went to build ancillaries to increase my building cap, but I couldn't because you can only place buildings within a certain area away from other buildings, and I wedged myself between a mountain and a river, since I didn't realize that most buildings require large tracts of empty space to function.

It feels less like the game's self-proclaimed challenging difficulty comes from an increasingly difficult horde of scary monsters and more from the government-style bureaucratic red tape. The game does seem like it'd be fun if I stuck with it, but in the end I returned it; I have other games that I want to buy that likely won't frustrate me within the first hour.",False,1617922441,3,0,0.492307692766189575,0,81.0,81,76561198045118843
328080,89083243,"Some things you should probably be aware of before purchasing. It's locked at 60fps, you cannot change this in any way, it's core to the game and the game clock is tied to it so forget editing a config file. Developer said they'd change that later in development, but that was 3 years ago, and in the last year the dev hasn't been developing the game due to other life issues, so don't hold your breath.

You can't save the game. It has an autosave feature, and that's it, nothing else. At most you could save&exit, copy/paste your save game file, and restart the game if you want to have a backup...but man, what a hassle just to be able to save a game like normal, right?

People seem to like this game, so I guess there's something good to it. Maybe I'll find out. Thus far all I'm seeing is a game that's not living up to expectations on a basic level.",False,1616708634,1,0,0.447638481855392456,0,18.0,19,76561198035951038
328080,63640390,"This is more a comment to self, than a review to others. At the time of writing it has ""Very Positive"" rating on steam.

For myself, I wanted to understand whether I want to invest time to master ""very steep learning curve"" that the game boasts or not. I played a bit and I also read a lot of reviews, visited the discord and the game wiki and reddit.

My conclusion was to pass it up. Here is why:

* It seems that this is a game where you inevitably fail. The goal is to survive some predetermined number of years in a number of villages, however the corruption mechanics makes sure you cannot do that forever, and sooner or later your painstakingly created villages are lost. This is not bad per se, it's just I personally dislike this type of setup
* The ""steep learning curve"" is mostly because game does not tell you what does what. E.g. What buildings do what, etc, there are some disparate hint windows, that help, but they are not enough. There is no good game manual, no good wiki and no good in-game reference.
* Notification system does not let you easily locate where something happened
* Font is too small if you do not have perfect eyesight. You can scale HUD, but the default option is ""RECOMMENDED"" so I'm worried that if I scale it, the UI won't fit, or that it will leave less useful space on screen than required for the game to be playable. Have not tried changing the scale though, so this is just a guess.
* Something odd is going with the loading screen. It's displayed 1) when you start the executable 2) when you start new game 3) after you selected starting region 4) when you exit back to main menu (!!!). If you try to screenshot the game, somehow you end up with a screenshot of the loading screen (which may have happened quite awhile ago) instead of the current game position. It looks like the game keeps two screens up (loading screen and the ""real"" screen) and switching between them but it is not implemented quite properly.

All in all, I believe the game could be fun, but I have so many other games to try, so I'll pass this one up for now.",False,1581896581,1,0,0.450081825256347656,0,63.0,485,76561198025477286
328080,41693104,"I've looked through a lot of recent reviews talking about how this game is 'good already' or 'great or an early access'. But how long does a game get to call itself early access? It's been out for three and a half years and STILL feels unfinished. Crap tutorial, a lot of unexplained mechanics, AI isn't that smart. Music is ok though, and it can be pretty.

Bought on sale but still feels like I paid too much. Would not recommend.",False,1524715184,5,0,0.420271992683410645,0,32.0,32,76561198028651815
328080,86091609,"It is so beyond dumb that building a wall into the ocean causes new terrain to be built that monsters can walk around.  That mechanic alone makes me want to slap the developer.

The fact that every game ever lets you put a farm pretty much anywhere green and it'll do productive stuff, but this game demands you build it near ""raw food"" like that's a fucking thing ever.  ""Raw food?""  More like, your villagers are so fucking inept they can't manage to farm.  Mind you, we've done research to figure out if we can farm in Martian regolith, for when we try to colonize the Red Planet.  We can.

So that mechanic combined with the first makes me give this game a shit review.  Seems cool on the store-page; but the ""hard learning curve"" advertised in the tutorial is better described as ""the villagers starve themselves unless you use your magic stick to grow holy potatoes so some organizer asshole can wander around town forcibly shoving Subway sammiches down your villagers throats with extreme prejudice.""",False,1612639787,5,3,0.442832142114639282,0,164.0,3564,76561197996624399
328080,154665939,"I think something isn't working right - the ""tutorial"" consists of two entire tips. The first one tells me that the game has a very steep learning curve and that the tips are essential so don't turn them off. The second one tells me to build a camp. That's it. The first time I built the camp, it then popped up something about ""you already lost"" but I have no idea why. Restarted with a new profile to make sure I wouldn't miss anything and tried again but that's the entirety of the tutorial that I'm getting. This time I've managed to build the camp without losing but I've no idea what to do next, there's no more tips coming up (and they're definitely enabled), there's a chaotic ui and a lot of stuff going on but none of it makes a lot of sense. Ah well. I'm sure there's a fun game in there somewhere but it doesn't seem like it wants to show me where",False,1703803721,6,2,0.520623683929443359,0,32.0,32,76561198061801907
328080,100970547,"Feels unfinished. Dev got his money elsewhere, game is abandoned.",False,1634094308,6,0,0.441362172365188599,0,43.0,43,76561197980236289
328080,114907322,"Incredibly tedious micromanagement. If you're looking for a great game of this type, They Are Billions has the right idea. This one... not so much.

There is no reliable method to increase population. You're stuck hoping some Nomads show up, or waiting for births, otherwise you're forced to micromanage a too small populace to build, produce, refine, defend, etc while your people begin starving to death late in the very first day. 

After a few hours you get a total populace in the mid 20s, to spread across production, harvesting, and building... just so tedious. 

Add a reinforcement drop of a few villagers every day and this would be reasonably entertaining, as it is you're better off playing nearly any other Sim or just painting a wall and watching it dry",False,1651618922,3,0,0.553887546062469482,0,203.0,434,76561198025006366
328080,55634949,It simply isn't fun. Go play Rimworld instead.,False,1571270967,2,3,0.346118807792663574,0,54.0,54,76561198036167419
328080,59739854,"I want to first off start my saying I love the theme and idea of this game. Not totally familiar with the genre, I came in trying to learn something new. I was disappointed. Simply put, there's too many things going on off the bat and no clear directive win cons. I seriously want to enjoy this game, but I find with all the expansive options  immediately at the beginning of the game (without in-world reference or real tutorial) leave me with little to attach to. There's just too much going on to play in any casual way, even on peaceful mode.  This game seems to be for enfranchised players of the genre, looking for mechanics and game play they are already used to. Perhaps staggering the introduction to concepts and strategy might win you more new fans.",False,1576197711,0,0,0.432765394449234009,0,7.0,7,76561198260942640
328080,70012637,"Costs way too much. Maybe lower the price to 5$ and it would be OK. Maybe this is just opinion, but for me, Prison Architect was much better, and although costing a lot, was worth its price.",False,1590787703,0,1,0.434782594442367554,0,42.0,55,76561198807890175
328080,22904445,don lik et,False,1462928852,1,1,0.149783074855804443,4,2.0,18,76561198259550109
328080,43594381,"If you don't have the patience to figure out how things work when it's not obvious, I wouldn't recommend the game in the current state its in (as of July 17th, 2018). Placing a camp was a mystery and what I'd expect to work was wrong, so I went back to the tutorial video link within the game. It directed to an internet browser window that wouldn't load for me, so I gave up. I'll wait and see if the final game is better but the early access is just not for me.",False,1531868279,0,0,0.452961653470993042,0,11.0,11,76561198060778742
328080,150493087,"Sorry,

I just really didn't like the game. Even after 30 minutes, it felt raw and rather kind of meh experience all round. In all honesty, I just couldn't care less about it.",False,1700490799,3,0,0.383877098560333252,0,31.0,31,76561197978246593
328080,44879141,Game will not work for me and i dont know why it just will frecze on me and load then again frecze,False,1537646979,0,1,0.474030405282974243,0,141.0,141,76561198812159548
328080,90862804,"In a word. Boring. It can me more or less challenging depending on the difficulty you choose, but I can't imagine playing on nightmare or whatever it's called would really increase enjoyment. Everything happens at a snails pace and the game gives you nothing to do but stare at sprites wandering around.

Population growth seems to be the real limiter here. You have no real control over how fast you gain workers and that leaves you just sitting and waiting to do anything until you get some more migrants. I don't think I'll ever sink any sort of real time into this game the way I would with a game like Rimworld, I can only stare at pixels for so long.",False,1619301098,0,1,0.5,0,125.0,144,76561198007558399
328080,30109430,"This game was not necessarily for me, but it might be for you if you enjoy lording over the pixel like peoples of Rise to Ruin. Every night it seems as though the indomitable hordes get more powerful, more of my citizen are eaten or fall to their doom in a similar way. Building things and progressing is relatively straight forward, gathering power to cast powerful spells, sending the pixel plebs out to gather wood and stone for houses, and just generally attempting to survive.

I personally did not find the learning curve to be very steep; you create a continent, pick a starting place with its own bonuses and drawbacks, and then to go forth into the unknown. There are better titles out there that do a better job of God-like control, this felt a bit too tedious for my liking.

Oh well.",False,1487808038,6,0,0.495829731225967407,2,88.0,88,76561198007945909
328080,35956354,"Meh, very basic, looks good in the screenshots, the gameplay does not deliver though. Way too simple.",False,1508804922,4,0,0.38973274827003479,2,220.0,220,76561197971391643
328080,43165309,there is no building rotation function in the game.,False,1530297982,1,0,0.382406145334243774,0,183.0,183,76561198315197962
328080,54666342,"This game needs a complete UI overhaul. The mouse pointer doesn't even work on the main menu? And the game is 5 years old?

Fucking embarassing. 

And when you change the video options, it changes the size of the window somehow in the background? 

This is not acceptable in 2019 when the game entered early access in 2014.

On top of that, if you can make the game work, the graphics look like they are from 1984, not 2014. And I don't mean in style - there are tons of pixel-art style games out there that capture what this game is going for that actually look modern and clean. The pure top down perspective for the buildings makes them look super boring and identical to eachother.

Combine that with terrible tutorials and tips and you have a HORRIBLE experience for new players.

I have played a lot of these passion project games with tight communities, and this one is the epitome of the dev getting lost in stupid late game details, without investing time on BASIC SHIT like making the main menu work and writing a campaign / tutorial for new players.

No wonder this game is lying in obscurity despite it's high review rating.

Don't support lazy devs that leave their games in EA without fixing obvious and basic issues.",False,1566057929,1,1,0.413372457027435303,0,204.0,204,76561197966358311
328080,50023453,"This game has been in EA for longer than any other game in my library, its been half a decade. Every time i go back to it it's significantly different than before. I literally have no idea what this game is even about anymore. I don't care either.",False,1554689893,0,0,0.381119906902313232,0,11.0,44,76561198024472669
328080,89572075,I really like both building games and tower defense games so this one seemed like a sure win.  Sadly the tiny pixel graphics combined with far too many particle effects made this game impossible for me to even play.  Really a shame.,False,1617379320,0,0,0.476190477609634399,0,27.0,27,76561198040672198
328080,82604283,"I love the concept but I found the pixelation just too overwhelming visually and I couldn't play it. My eyes were hurting.
I'd recommend watching the promotional video a few times over and if you find it at all difficult to track, then it's probably not the game for you.",False,1608269532,0,0,0.462557494640350342,0,12.0,12,76561197997336646
328080,120296448,Relying on the AI to do what you want is too annoying.,False,1659991289,0,0,0.421836227178573608,0,107.0,107,76561198052188643
328080,75622147,"There's no tutorial-No way that I could find to control the villagers. So basically, it's like watching an ant farm.",False,1599522801,6,3,0.294391244649887085,0,39.0,39,76561198979669235
328080,61313879,man this game is annoying i dont have a clue whats going on i have so many questions i got this game cus i thought it would be one that i like but every thing that has to do with how the people work and how you manage them where all your materials get stored i dont got a fucking clue whats going on.  a steep learning curve yeah id say.  i dunno y u made a game that requires a phd to understand smh,False,1578175014,1,0,0.447737008333206177,0,30.0,59,76561198832719270
328080,29621350,"Tedious. It's nothing like Dwarf Fortress as it claims to be inspired upon. You cannot build freely. Buildings are preset, nothing creative at all. It is a low-budget version of Banished or a slow-paced tower defense. Not recommended at all.



In reply to @Versionbest:


The developer explained the limitations very well. I bought this game hoping it can be a roguelike type of village management like Dwarf Fortress, but it turned out to be more of a tower defense RTS at the current state. You build a village - attract monsters - defend and expand the village. That's about it.


I like that the player is sort of a god / guardian to the people. You can drag&drop villagers and critters around, and cast a limited selection of magic in the game. This reminds me of older games like Black & White. However, I feel the current game lacks an objective. I like that they changed the name to Rise to Ruins, which is literally the objective of RL games like Rimworld or Dwarf Fortress, but this game currently is pretty much just about expanding and defending a village. Every run of the game is pretty much the same so it gets boring quickly once you have tried all of the buildings.",False,1485928112,23,0,0.475230604410171509,4,195.0,195,76561198039506974
328080,89456784,"I tried to get into this game, but I really couldn't. It's too involved as the population need you to build everything, the God element is extremely limited by ""influence"" which even obstructs in sandbox mode, and the game's aesthetics makes it very difficult to play; the poor zoom, strange camera scroll, the tiny and blurry ""characters"", and the horrendous interface make it a painful, confusing, and disorientating experience.

By no means is it the worst and I can see why some may like it, but I really couldn't enjoy it. For me 5/10 maximum.",False,1617222544,0,0,0.5,0,123.0,123,76561198067198869
328080,123687606,"The graphics are horrid.

Its almost as if the target device is a small laptop or tablet with how intentionally low-res everything is. I play on a 55"" and the beginning camp is no smaller than a large dinner plate from your kitchen with no way to zoom out. 

I'm sure the game has its upsides, but this is by far the worse part of this one",False,1665506427,0,2,0.318202584981918335,1,17.0,17,76561198072495459
328080,31169884,"This game's place as an 'early access game' is very clear.  While I didn't experience any bugs, I didn't experience any fun either.  

There's no tutorial even if there are hints when you first start the game ... the view is either too close and you get blockiness galore or too far and you can't really see anything.  Buildings can't be rotated to fit into locations, you seemingly have to manually control (for a god?) whether or not people are working (so they don't get unhappy) ... and if you don't have a starting location near rocks, wood, food, and water, you're pretty much screwed (excluding most of the map for settlement; no means to use one resource to compensate for another, like exclusively using stone instead of wood, at a cost of time, to build structures).

While I'm sure to get the AI working must have been terribly difficult, it doesn't pass through to make the game enjoyable at this stage.",False,1492313928,1,0,0.352533072233200073,1,131.0,131,76561197982818767
328080,47231817,"steam recommended it for me, i bought it, i am way to stupid to understand the boatload of things i have to do. refund",False,1543669653,2,3,0.283455580472946167,0,14.0,14,76561198011021076
328080,45514335,Bad balancing. Even on traditional (easy) mode the monsters will wreck your face.,False,1540894931,1,4,0.404550731182098389,0,,890,76561198018725117
328080,202436657,"Content at the start is the same as later, just repeated over and over. Game consists of building a front line of torches and moving up, and doing this in every map with no real upgrades over time except to your ""God"" powers. Which mostly break up the actual fun gameplay because you cannot pause to manage your powers, so you end up just frantically trying to apply your power when you need it. UI is all over the place, like literally, why is every side covered in important widget? Why not consolidate? Silly. Villager AI is really bad, like some of the worst ever made, they will split building even when you give them priority. There's a ton of placeholder text like in the timeskip mechanic, and so on, for a ""full"" release. Dev has also pretty much abandoned the game due to ""life"" reasons and working on another game instead. There's almost no end game other than just conquering more of the same tiles with the same set pieces you have at the start. It is also needlessly difficult to the point of boredom, nothing more fun than random events like meteor showers or bodies that fall from the heavens that literally wipe you out ala Rimworld, but without any of the actual fun narrative. Speaking of boredom, the map is always the same, begging you to pick the optimal starting area, because the objective is to take over the map anyways, so why gimp yourself? I think this is a decent tech demo, but nothing more. Buy Rimworld instead if you want a colony sim or a decent TD. This game falls flat without the proper, timely updates required to breath life into this skeleton.",False,1755584592,4,0,0.429677516222000122,0,161.0,161,76561198002321084
328080,46719220,"Bought game on a whim because steam kept shoving it in my face, and I do enjoy these sorts of games.
Well.. it just doesn't work. at all.

Game fires up, i can get to the map, choose an area, place my camp tutorials load fine...
except i cant designate ANY resources. At all. I watched youtube guides, streams, even the dev stream on steam, i imitate /everything/ and my little pink 'sparkles' dont appear when I click or press the designate resource buttons. So i effectively can't assign my workers to do /anything/. I tried reinstalling, different profile, dooming world, different game modes. problem persists nonstop.

Couldnt even get a response from the dev to help troubleshoot. Refunding and downvoting :/",False,1543040763,0,0,0.453707367181777954,0,77.0,11146,76561197992274273
328080,30300890,"The architecture of this game feels cluknky and broken. While it has some interesting features, I'm not yet convinced it's achieving what it set out to achieve. So for now, I can't recommend it but will check back regularly to see if that view changes.",False,1488571294,5,1,0.375456839799880981,3,25.0,25,76561198190710127
328080,49950868,"It's a great game, it's got a lot of potential. The defence part is what annoys me the most. Every night, the game throws monsters at you. The towers feel like peashooters, the golems are somewhat suicidal and you can't micro-manage the guards, golems etc so you can't tell the guards to stand in one place for a defence or chase down the odd monster that runs past your towers. 

The food is annoying to do. The farms feel way too pathetic, they don't really produce a lot and considering you have limited build slots per main base tier, most of your build slots will be farms before you even make enough food to not starve to death. I feel like this game needs a lot more polishing.",False,1554392603,0,0,0.467260777950286865,0,295.0,323,76561198074195807
328080,47277342,"It's a cool game in many ways, but it's not for me.

Rise to Ruins is a complex city builder, that relies on constant resource juggling to be succesful.
You're constantly under pressure to meet the needs of your villagers, and fend off monsters at the same time. This is great, but in my experience you're still just waiting around, while being worried if your villagers are working fast enough. There is little you can do to speed up anything.
I wish there was more emphasis on map exploring to increase the risk-reward factor in stead of just following a build list untill you are playing tower defence.

if you can get past this, in my opinion, boring start, i'm sure the end game is vastly more interesting, but i dont wanna put up with the boring start for hours first.",False,1543852992,5,0,0.482672691345214844,0,111.0,111,76561198122566273
328080,85353496,This game is RUINED by its complicated gameplay.,False,1611618420,4,5,0.497005969285964966,0,22.0,22,76561198119297007
328080,84529967,"BAD. It is confusing as hell, the GUI is terrible and makes you squint your entire playtime, i went into the game knowing the learning curve was deep, but it doesnt give you a fucking good tutorial, no wonder it is so deep. it just tells you ""yeah so make this camp thing"" and then you just have to wing it. The game is not worth it at all unless you're willing to take the time to figure out every little thing for yourself",False,1610423271,3,3,0.398756057024002075,0,11.0,11,76561198313394049
328080,47393728,"You can't rotate buildings. I googled if it was possible 5 minutes into the game and the developper said there were no plans to make buildigns rotable ever, so I refunded lol.

I'm too OCD to play a city builder where you can't rotate rectangular and oddly shaped buildings.",False,1544288856,1,2,0.420057207345962524,1,58.0,58,76561198055088516
328080,91483077,"HOT garbage . 
No tutorial . 
Options are a mess . 
The UI is something from a pc game from 1776. 
Then the shit tells you to build stuff BACKWARDS . ( tower THEN ammo ) 
Touted as a difficult game but its hard due to poor game design . 
#Fuckthatshiet  #refunded",False,1620227403,1,0,0.30534026026725769,0,50.0,50,76561198026628070
328080,140595841,just no,False,1687582692,1,0,0.351172834634780884,0,202.0,204,76561199208114122
328080,141697315,"Abandonware (last update is an unstable update from a year ago), Unstable, Bad menus, Constantly flickers after losing focus (even in window borderless)...

If you can get it to work, and don't try to multi-task, it has okay game play. Nothing is really explained and you just have to figure it out (which is fine), but it isn't intuitive either. So you will spend time restarting a bunch at first until you figure out progression and game play. Which also is a PITA with this game (resetting the map I mean).",False,1688923316,9,1,0.497738033533096313,0,48.0,48,76561198008725362
328080,50453286,"Atrocious controls. Non intuitive gameplay. Unclear what I should do next. Uninstalled, refunded (@ ~$3).",False,1556889827,2,1,0.375177830457687378,0,11.0,11,76561198000366810
328080,75514169,"completely overwhelmed with the amount of information on screen, the hud is WAY to intrusive, it literally leaves you with  only the center of the screen visible to see what you are doing (which doesn't offer enough detail in a pixel art game like this) and there is no explicit tutorial to be able to understand what is going on with each tab. it is bad enough that it would be an issue for anyone but it is especially difficult for autistic people (like me) to deal with because this kind of design is not accessible. I will be keeping this game in the hopes that the issue of the hud is resolved because it does legitimately look like fun (at least it does in the trailers that don't feature the hud) but if the issue isn't resolved then I will be sincerely disappointed with my waste of money",False,1599353023,0,1,0.46170276403427124,0,6.0,6,76561198088206505
328080,171786162,This game makes little sense and is not fun to try to learn.,False,1723241344,5,0,0.427489012479782104,0,16.0,16,76561198043367667
328080,60062978,"Needs to be pausable (issue commands while paused) like RimWorld and They are Billions.
This makes it unplayable for me.  I want a decision based strategy game.

Its fine to have a no pause mode for those that like it, but having this be the only game mode is a horrible decision.",False,1576667684,26,0,0.52289426326751709,0,13.0,13,76561198030627471
328080,55697582,This game badly needs high resolution graphics - at least like Rimworld. Too bad there are no texture mods.,False,1571627841,0,0,0.342465758323669434,0,11.0,11,76561198087933619
328080,107831979,"The game is barebones and buggy. The dev has abandoned it after announcing ""funding secured"". In his latest post he announced he has enough to retire now but is working on another project.",False,1641959013,1,0,0.353480160236358643,4,291.0,291,76561198034761897
328080,51260060,"Just a handful of hours in and so far, so good.  I enjoy this kind of game and have played just about anything out there in this genre.... There is one mechanic I just can't seem to get past... trash.  It's a game breaker for me... micromanaging trash puts the ""un"" in ""fun.""  If the trash system is revamped/remove, I would gladly change this to a recommend without hesitation. 

-Game on.",False,1560704822,0,0,0.5,5,184.0,584,76561197961668106
328080,55634991,The game keeps crashing no matter what I do even when the dev was assisting me. I'm someone who has spent 15 years in I.T. and its not hard for me to trouble shoot issues but multiple different issues being resolved and then crashing with a new issue? I'll have to suggest passing. Its a shame because I really wanted to enjoy this game on stream too...,False,1571271451,0,1,0.384993255138397217,0,77.0,77,76561198048582504
328080,15811813,"[i]Edit (2/17): Review is quite outdated. A lot of dev work has happened. At this point, I have no intention of revisiting the game, but I did spend the time originally to play and review, so my review stands. Such can be a consequence of long development cycles, and releasing software early. [/i]

---


I *love* citybuilders and population managers. I think [i]Gnomoria[/i] and [i]Banished[/i] are two of my most played games on Steam with about 60 and 30 hours respectively. I put about 40 hours into [i]Dwarf Fortress[/i], and quite enjoyed it. While [i]RPC[/i] desperately wants to be like these titles, it is very far off - in a bad way.

[b]First thing everybody should know is that there is no below-ground mining.[/b] Your world consists of a small-ish 'asteroid' that is one layer of ground thick, floating in space. There are frequent areas of the map that are just 'holes' where you can see the space behind the one-layer thick ground. I am certain that this strange mechanism is a result of limited money/resources/programming ability (idk), and was not intended. [b]The allure of the games cited as inspiration (listed in first paragraph) was largely because you could take 'stuff' out of the ground and organize it above ground! When you take that away, I am significantly less interested.[/b]

[b]You cannot rotate buildings because it would take too much effort to redraw the images.[/b] I get it - prioritize developement, but this is something very basic that needs to be mentioned. It further hints at where this game is going. I would imagine these images could be done in a long weekend, am I right? I am not trying to be harsh, but potential buyers need to be aware of these things.

These are the main two issues I have but there are a myriad of others such as map and individual person custimazation that I will not go into fully.There are also very few buildings at this point. [b]Otherwise the music is quite good, and the artwork is pretty cool.[/b] This game probably was released on Early Access [i]a bit too early.[/i] I got it for half price, and am fine with it because I want to try any and all citybuilders/population managers. 

[b]To my Steam friends: if you haven't played [i]Gnomoria[/i] or [i]Banished[/i] yet, go for those![/b] If you are like me and have exhausted those, this *might* quench your thirst for a bit.

I don't believe any of the issues I put forth will be resolved (I mean its one guy working on this), but if they are, I will alter my review. Thanks for reading,

-Ryan",False,1431524723,38,3,0.567726731300354004,21,135.0,135,76561198040884867
328080,43557926,I've played rocks that were more fun than this game.,False,1531712020,0,4,0.417114078998565674,0,29.0,29,76561198002918999
328080,43462499,didnt feel it was new.,False,1531307736,0,0,0.235138893127441406,0,61.0,61,76561198030980450
328080,81141542,Kind of a difficult game to pick up.  Its ok.  I do like they try to give you free content and are expanding the game continually.,False,1606692920,0,0,0.454919695854187012,0,23.0,23,76561198402134003
328080,19280978,"keep your $5 there's one tower which i could never get to fire and a ton of lacking content, avoid unless the developer does something with the potential, because there's no realization yet!",False,1448522166,1,0,0.282275646924972534,1,115.0,830,76561198041993538
328080,31372417,"Very bare bone game. Not much to do. It basically seems monsters are just there to try to wipe you out before you manage to build everything possible.

Several very basic things are still unimplemented. I had lots of weapons for instance, but no way of recruiting soldiers or guards or make other workers pick up weapons.

I will check back in a year and see if it is better. For now, wait and see.",False,1493198944,11,0,0.522408068180084229,5,277.0,277,76561198073514597
328080,48663220,"Annoying.   Everything about this game is annoying.

""Yes"", I want to start a game....""Yes"", I want to start a game....""Yes"", I want to start a game....""Yes"", I want to start a game....

Looking at the map (pop-up window!  go away!)   Looking at settings (pop-up window! go away!)   ""xxx starved to death!"" go away.  Honestly every other game has a scrolling info window for that.

The graphics are damn ugly.  Looks like a very bad C64 game",False,1548925920,3,0,0.317249029874801636,0,62.0,62,76561197970685727
328080,68536909,"Incredibly frustrating. The game has numerous low-blows and annoyances that stunt what fun you can have.

Some examples:
Villagers can wall themselves off and die. There are no prompts that warn you of this, and even when they are dead, theres no zoom to feature that lets you see where they died.

The enemy uses a creep-like corruption mechanic, which is fine in and of itself, but fighting it means spamming torches everywhere to limit its spread. You have to build each one individually after the last has finished building, meaning its not a ""do once and forget"" task, its a frustrating ongoing process.

Said creep also goes under the water and through forests and mountains, which is incredibly frustrating on any map with water as the enemy will then happily build spawners on the water.

Its also not immediately obvious, as forests, water and hills don't change in response to being corrupted, only the ground does.

Random events can occur that can just end your village completely. A meteor storm on the middle of your town can set everything on fire and spawn flame enemies that will further wreck you.

The lack of ANY prompt or zoom to at all for events you want to know. Villagers starving/dehydrating? You wont know until they die. Your main keep being destroyed? It won't tell you even after its been razed. Meteor storm? You have to go find it yourself.

Furthermore, the lack of fidelity inherent with the art style means its REALLY hard to tell whats an enemy and whats an ally. Theres a tutorial prompt that tells you theres a ghost of a dead villager you can resurrect, but finding said ghost is nigh impossible as he looks like everyone else at a glance.

I REALLY want to like Rise to Ruins, but god it needs a major quality of life overhaul. The devs are apparently updating regularly, so I'd hold off on the off chance they make the game less inhospitable.",False,1588573714,7,0,0.565025210380554199,0,1226.0,2334,76561197995290794
328080,58847248,This game is boring. There isn't any gameplay eelements that comes even close to being Rimworld. This game is idle tycoon Townsmen kinda game. You can buy it and play for short time but there isn't any repleyability. I rate it 4/idle tycoon,False,1575179254,3,0,0.540941476821899414,0,603.0,1290,76561198252811220
328080,48120774,"I'll be honest, I can't recommend it.  That doesn't make it a bad game, there are obviously people that enjoy it.

The Good:
It gives the familiar satisfying feeling of building a base over time.

The overhead god's-eye view and spell system is reminiscent of games like Populous and Black and White, which I really enjoyed in years past.

The Bad:
The graphics are painful even for a pixel game.  That doesn't really bother me, but be warned.

The AI is god awful.  What really got me is you can't even get close to the enemy spawn zones, or your villagers will wander in and attack a some structure for no real reason.  At which point they die instantly.  There isn't currently a system for setting up allowable and forbid-able zones, so when this starts to happen you're pretty much hosed.  It just sucks, and isn't fun.

The ""bloodmoon"" is a random mechanic that destroys bases outright unless you pepper turrets through them.  The people that are ok with the mechanic have a very specific playstyle: hunker down and turtle.  They will claim bloodmoons are easy to deal with, and they're right... if you only want to play that way.  Again, the developer seems to have a singular vision for what the game is and how it should be played, and if that very specific thing isn't what you're after then tough.  

Painfully repetitive.  There are only four necessary resources: crystals, wood, stone, food.  Water exists but isn't really needed, as you can build wells anywhere they're just slightly slower.  After a couple games you'll realize every map has a handful of spots with all of them, and you settle there.  After that the building, the AI, everything is the same unless you choose to try and play differently.  There isn't anything to adapt to.

There is no real endgame, or goal to reach.  It's tower defense, with the illusion of base building.  Every night the waves get a little harder, and you have expanded your towers to meet the threat.  You can't go out to counter the threat: the game makes it seem like that's a possibility but it's an illusion.   At some point, the difficulty will scale past you and your base will die BY DESIGN.  It's not a skill thing, it's a ""the developer literally doesn't want the game to be 'winnable'"" thing.  This was the final nail in the coffin for me.  It's not like dwarf fortress or basically any Paradox published game where there isn't a win condition, that doesn't bother me.  It's predetermined you will lose, in a definite way.  The whole point of the game is to get the turn counter to the highest number you can manage before you start over (playing exactly the same way as before).

Last Word:
If the negatives I’ve listed don’t bother you, go for it.  The game is only a few bucks, I don’t regret spending the money.  I just wouldn’t put my recommendation behind it to a friend.  It has some serious flaws.  The part that irked me is that it’s sold like a base-building game… but it isn’t.  Not really.  It’s a tower defense game with a largely irrelevant base-building time waster between waves.",False,1546693387,52,2,0.701384484767913818,0,1265.0,1265,76561198006907452
328080,99889193,"It's not a bad game, but it lack polishing. It's fun to play at first but starts getting boring fast. First map is fun, but i don't feel playing more maps. I tried to push it, with hopes that it would get interesting but sadly i can't recommend it.",False,1632497302,2,0,0.472529053688049316,0,1081.0,10324,76561198076205586
328080,91256857,"I don't recommend this game yet. The art is gorgeous, the music is amazing and the tower defence with sim game is a brilliant idea but when i play it i always have the feeling that something is missing. Try it if it looks appealing to you but i would rather wait for more updates.",False,1619909980,0,0,0.5,0,1571.0,1571,76561198045317719
328080,61022219,Not intresting enought needs workshop compatablity to be mod able to feel fun. Way too much grind after your first 3 bases,False,1577835516,1,0,0.46503138542175293,0,1601.0,2112,76561198147252052
328080,29892175,The difficulty curve for monsters are ridiculous!!,False,1486965185,6,0,0.496747314929962158,3,780.0,5204,76561198012336784
328080,79178624,"Tedious as hell to play, influence drops down to almost nothing at the worst times and npc's are always lost and confused.",False,1605235671,0,1,0.5,0,400.0,479,76561198129817336
328080,45561410,"This game is not fun due to the following points:
1. no real save games, you can begin from the start if you f*ck up. It only saves when you return to main screen or quit the game.
2. The game speed is extremely slow. Combined with the previous point it demotivates beyond any desire to replay the game. (Speed up feature is ""experimental"")
3. The building list and priority is not working. If you change the priority to the top, other buildings are still being built
4. DIsmantling something can't be ""paused"". In the middle of the night, your villagers still go outside no matter what to get this 1 wood from a fire place ""building"". If you zero your builders, villagers still go outside.

I do hope it will be improved. Then I can update my rating.",False,1541077262,0,0,0.5,0,887.0,1008,76561197968525802
328080,48660106,"Look its an ok game but I expected a lot more in all honesty.

Been watching it over the years, but not really closely, just acknowledging its there and seeing it has been continually updated etc. I like this genre a lot.

The issue is I just found it very simplistic and not very much imo in terms of progression, at least nothing to keep me playing really.

I am totally open to being wrong here so please correct me if so, there just doesn't seem to be very much to the game building wise. The buildings you get at the beginning are it. Nothing to unlock, no research, just have the prerequisite material and you can get said building. This was a massive dissapointment to me and it seems that building isn't really the core of the game.

In fact nothing really is. It kind of has elements of everything, without really going into depth in any of them.

You upgrade buildings almost like a clicker game, you just click the button, workers deliver resources, the building has better numbers.

This is part of the core gameplay which is each night being attacked by enemies of increasing strength.

I played for a few hours and like after this there was no mystery or excitement left. You know whats going to happen, you know what you have to do. 

Sure maybe there is some form of decision making in terms of what order to build the buildings and then what to upgrade, but it just seems like you upgrade what you need at that time. Thats pretty much it as far as I could see.

What I think is really odd is how long this has been worked on. It came out five years ago. With the simplistic and attractive graphics style I was expecting an incredibly deep game with tons of mechanics and elements to it.

Its just a glorified tower defense game with the barest of bones 'village simulator' tacked on. To call it a village simulator is incredibly disingenuous.

The product info describes its goal as:

""The goal is to try to bridge the gap between the depth and complexity of traditional village simulators, the fun of godlikes and the simplicity of real-time strategy.""

This is again a misnomer.

This isn't bridging the gap in any stretch of the imagination. This is just a simplistic lite casual attempt at a tower defence game / village simulator its not a mid point between say dwarf fortress and say....

... I am stumped. I tried to find a village simulator this casual or simple and I couldn't at quick glance.

It is a no for me and a genuine question as someone who hasn't followed the development on what on earth this was like 5 years ago.

You can't even rotate buildings and I read the dev said something about how this is too big a job or too much of a problem for the game / engine.....",False,1548911060,29,2,0.590909719467163086,27,864.0,864,76561197977786334
328080,197479996,"I wish I could love this game. It's got tons of charm, unique machanics and an amazing artstyle. 

But after watching a single slime destroy 3 buildings without anyone lifting a finger and me not being able to do anything about it I realised I was fighting the unreadable UI and moronic pops to much to be having fun. 

The world is unforgiving and there is to little I can do about it. you cannot direct troops. Nor are they very enclined to engage the enemy. The spell will hit you own buildings before hitting an enemy. and even if they hit it's not much.

I''m on a 1440p ultrawide and the UI does not scale. Text is TINY. Never mind making out the icons.
Wich would be a minor incovenience if the information I could make out makes sence...
According to the statistics: 26 vilagers
while topleft clams 21 total population..
and 6 soldiers
and 1 child.
of which 18 are housed. 
in 38 available houses..
makes no sence to me...

 I'll come back when the UI can scale to readable and the pop AI gets fixed.",False,1750185668,16,4,0.631466984748840332,0,941.0,941,76561198019586541
328080,84861662,"It's just not that fun. At first it seems super interesting but after a few hours it's just so bland and boring and repetitive. 

The UI is seriously awful,  there is basically no tutorial or guide to help you (the tutorial is very lazy and unhelpful). 

Overall there is just nothing to do except die, unless you disable monsters, and then the game is fun for one play. 

There are so many other games that do this concept better, so unless you are on a really tight budget I would advise not buying this game.",False,1610902414,4,0,0.472207427024841309,2,559.0,559,76561197981667482
328080,72390760,"Hard to learn, but easy to master, Rise to Ruins lacks depth. Once you've actually figured out what all the buildings does, how the game actually works, and build a functional mage, there's nothing really to it, but waiting for your slowwww villagers upgrading buildings and micromanaging the blight by manually and painstakingly building lights with your god powers. The game has a bunch of rewards for long term play, surviving 63 days and conquering all the regions, but by 20 days in my first successful city, I was too uninterested to continue. There's something daunting about the games insistence you have to play it for hundreds hours to complete it, when it's so lacking in interesting decision making and things to learn. 26 hours of gameplay isn't too bad for a cheap indie game, but most of that was spent either in 'tutorial mode' or frustrated, waiting to get those long term goals.

Second, the game is the runt of it's litter. It makes me want to play it's better competitors. Play They are Billions, Mindustry, Frostpunk or Oxygen Not Included instead. If you've played all of these and are jonesing for a city builder, you can give this one a spin, but I'd recommend waiting a year or two, in hope it'll have more interesting content by then.",False,1594328226,29,2,0.698785185813903809,0,1587.0,1587,76561197993632442
328080,89536889,game is too janky to be fun. I had all but solved the spread of corruption but my villagers still suicided themselves into the enemy due to an uncancelleable demolition command on an essence pool that was too close to their base.,False,1617331792,0,1,0.5,0,1419.0,1419,76561198027874177
328080,88531563,"I've tried the game several times over its long development cycle, and my initial impression persists; all of the systems, none of the fun.

It looks so appealing at a glance, but the moment-to-moment gameplay feels somehow both aimless and grindy-as-all-hell.

No intuitive flow, no satisfying feedback, no sense of achievement, a cluttered UI full of options that will crash your economy with inadequate explanations of their functions, even after several visits. Extremely slow progression interspersed with sudden difficulty spikes/setbacks that feel hard to predict or estimate.

It's hard to call RtR a game. For as long as it has been around, it has simply felt like a disparate mass of RTS-ish/survivalish/managementish systems rattling together in a box. The apparent complexity appeals to my curiosity, but there's no satisfaction in the play.",False,1615897759,2,0,0.497925341129302979,0,728.0,728,76561197977957631
328080,56085835,"No rotating buildings ... 

its a pain in the ass building the perfect base "" some ppl actualy defend this ... """,False,1572571657,0,0,0.47826087474822998,0,851.0,1138,76561198004905928
328080,109910954,"As of right now, I wouldn't recommend this game, but that doesn't mean it's a bad game, in fact I liked it, a lot, but there are a few major features that are missing which can destroy you enjoyment of this game :
Abbandoning villages, this is a critical feature that is missing on the world map, as it doesn't exist, the only way to not have the village in a map and restart it is to wait for it to be destroyed, which takes ages as the enemies aren't fast about it, this is what killed my enjoyment of this game, losing a village was fine, but that there was no dooming the map in question was the problem
Villager AI, it's not half bad, don't get me wrong, but when they go to build a building, make so they only try to place ressources in the building and not on the outside, this is really annoying on bigger buildings like the camp and the marketplace where it may take a good part of the day to deliver the ressources because they are going back and fourth to deliver them
A proper tutorial, right now, it's only done via boxes that pop up from time to time, which can be a problem as some will only spawn when you build certain buildings, which means that you might never bother with a critical building

Last thing I do not like is the UI, it has a lot of info that is useful, but it's not exactly easy to use and learn, you sometimes search for a while for a single thing while for others there are pages which have so little in them it's a waste of space to not put them inside a better page for them (Looking at lights for example), there's also a lack of things in the magic page, though it's not much more that is needed

So, overall this game is good, but some features that are missing can ruin you enjoyment of it",False,1644483386,3,0,0.526938199996948242,0,1301.0,1301,76561198084298040
328080,59721611,"This game can be addicting fun, but for most part your lategame is

1. From time to time your villagers will decide to pick up resources from corrupted land. They die. 
Also, if they have a weapon- they start attacking graves. They die. 
15 villagers for no reason go into maze in the middle of the night to chat. They die. No jokes here, you can go from 140 to 97 villagers in one night EASY.

2. Fire elementals will wipe each tower you have in 3 seconds. Spawning ~50% of those bad asses is overkill. Throwing them into water/cullis is the most frustrating feature a game can have when there is 50 of them on the screen.

3. There is no point to upgrade your towers into elemental's at all. They consume energy and they will stop shoot in the middle on the night == you died. Elemental towers dont focus enemies that receive more damage from those elements, this way it is absolutely pointless and only makes your maze a beach walk.

4. crashes from time to time(getting fixed in updates, but sometimes you can loose 30min of gameplay for no reason)

UPDATE
After year fire elementals are still insane and game breaking with no reliable counterplay. AI got slightly better, skills rework, now its easier to help camp getting resources with spells. But fire elementals... Idk why there is no counterplay to that shit. Dropping 400 fire elementals into your 20 cullis's each night? Create 100 ice golems, that will not attack fire elementals? 
Tower defense btw.",False,1576169923,4,0,0.526193559169769287,0,1299.0,4592,76561198345777612
328080,53268733,Another game with potential that will never be achieved.,False,1562115601,0,0,0.5,0,1053.0,1515,76561197989486052
328080,64579107,"This is more of a meh rating for me. I enjoyed it well enough, but there isn't much depth or reason to keep coming back. It was fine for a weekend of something different, but you are better off with many other city builders imo.",False,1583468908,0,0,0.5,0,1672.0,1672,76561198017582108
328080,57077864,I think there might be a good game here but it's hidden behind an absolutely awful interface.,False,1573612597,0,0,0.5,0,379.0,656,76561197960722863
328080,50546692,I was a fool for not trusting people who said this game is a never-ending game.,False,1557343221,1,0,0.481822490692138672,0,572.0,595,76561198362088958
328080,85146711,"Its a really good game but I wouldn't recommend it at its current price. The content is generally too limited and there's a pretty clear optimal strategy on most maps which in my opinion takes away from the game as a whole. Overall, If its cheap on sale its great but otherwise don't bother.",False,1611326948,1,0,0.497925341129302979,0,1311.0,1313,76561198185225630
328080,107153275,No. Try Songs of Syx instead.,False,1641144182,6,1,0.443527489900588989,0,840.0,840,76561198054446303
328080,128801683,Not that fun. It's not really a tower defense anymore when some enemies can ignore most of your walls and towers.,False,1671379421,2,0,0.52702707052230835,0,805.0,805,76561198078689512
328080,211577518,"There's definitely [i]something[/i] here in the (albeit somewhat basic) mix of colony sim and tower defense, but the difficulty curve is so brutal, and the early game so staggeringly slow and boring, that the whole thing quickly becomes offputting. Like, I get it, survival is supposed to be fairly tough in this game, but there's only so many times I can repeat the exact same early game process of waiting over an hour for my population to increase to a workable level before it starts getting old.

5/10 -- Not irredeemably bad, but the whole ""tower defense with logistics"" concept has been done better elsewhere (even if not in quite the same way).",False,1764396917,1,0,0.519230782985687256,0,993.0,993,76561198013088993
328080,61729098,"very dumb AI, all builders will go to build one building when it is not even necessary (going maybe half map to do nothing), etc
Very bad when the whole game is about auto AI for resources, building, etc",False,1578814011,2,1,0.516574561595916748,0,1289.0,1413,76561198034225915
328080,63288767,"A sim where enemies always grow in strength, but you have a cap.
Set sail for fail mr. God!",False,1581352152,0,0,0.5,0,1641.0,1681,76561198027948597
328080,43471099,"This game has potential, but unfortunately its current state is pretty unplayable. Even at 3x speed, the game moves at a snail's pace. It's like playing one of those f2p base-building games where you have to pay money or wait 20 hours, only without the option to pay money. And 3x speed seems to give the game additional issues.

Plan to spend 8-12 hours watching 8-bit villagers get randomly confused, die of heat exhaustion, and generally just run from building to building, only with nothing to show for it by the end.

[Edit] Thanks to the developer's response, I plan to give the game another shot to see how many of these issues have been addressed. Thanks for taking the time to address my review, @Rayvolution",False,1531339684,1,1,0.502923965454101562,0,456.0,686,76561198009279521
328080,72197867,"I will be making a more detailed review later.

But this was the first time i played this game, it is nearly 3am and i just played this for 11 hours straight.
So yes, i basically instantly fell in love with this and literally played it till i got to tired to play.

So much charm.

Additional info after 40 hours.

So, i have to say i really love this game but i can not recommend it.

While the combo of city builder and Tower defense at the start is very interesting, ultimately these two elements just collide with one another to strongly.

Matter of fact is that i am personally more of a city builder then tower defense guy.
So what i want is to build a nice and somewhat naturally grown city and protect it with naturally seeming turrets and walls. 

However in Rise ti Ruins you NEED to adhere very strictly and very fast to the codes of tower defense that in the end makes the city building unbefitting.

The problem here becomes that you need the rather abstract strategies of Tower defense or the Corruption will just flood you with rather harshly balanced (at points i'd like to say unbalanced) enemies.

Worst offenders here are Fire Elementals that just a few off can simply ruin an entire base and end even your best equipped settlers lives within seconds.

Second offender is the corruption creep which seems to follow no solid rules but changes behavior as they see fit. The game alludes t the corruption trying to end you the more the more you build up so you'd need to manage and balance how you spread and grow in comparison to said corruption. 

But corruption seemingly cheats, starts in totally different corners of the map and seems to pick up speed when spreading if you come close to cutting it off.

This is a good game, with tons of charm. But the balancing is in my humble opinion, not off, but weighted in a way that personally just frustrates me and that prevents the building of defenses that remind the observer  of actual castles and such and instead favors abstract and unwieldy mazes only. Which is a shame.

I did really want to like it, after all i put 40 hours into it.

I DO recommend trying it if tower defense is THE thing and you#d like top see a new an fresh approach to it.

I would NOT recommend it if you were looking to build more naturally functioning and looking settlements protected in a way you would protect a middleage or fantasy city.",False,1594083150,0,0,0.5,0,717.0,2558,76561198027372201
328080,55794013,"Enemies are too aggressive if you want to expand (which you will), and the gameplay otherwise is sleepy.  A far cry from the old Settlers series it imitates.",False,1572071169,1,0,0.476190477609634399,0,1281.0,2798,76561197994380777
328080,160196268,"the developer describes this game as hard, but I'd say it's only because they've stacked the deck against you. it's impossible to keep your people fed because food on the map only grows during spring and the output of a fully upgraded farm feeds like 2 people. defense is a joke, building a curtain wall on the seaside doesn't count as a barrier because the land reclaim extends half a tile out so enemies just walk around it and there's ghost enemies that ignore all physical damage and float right over your walls - you only have 2 tower options that can do magic damage for these guys and they both suck relative to the towers that do physical damage. I guess if you want to invest hours building a doomed city simply because the devs decided that all maps must end in your death then buy this game. oh and no mod support either",False,1710003226,29,7,0.540644526481628418,0,1720.0,1831,76561198035561576
328080,45480094,"This is an unfinished (Oct. 2018) but ok little city-builder game with a promising ""world"" level added to the mix. On the basic city scale, the game doesn't do too much new in terms of mechanics, but has great style without doing anything too wrong either. In that sense it's a perfectly fun game, but if you're looking for a city-manager there are simply deeper and more polished options out there, with Banished and Rimworld both being vastly superior. That said, the hierarchical ""world"" level is where Rise to Ruins has a real chance to set itself apart from the pack. In its current state, your territories can send resources and people to neighboring regions in order to speed colonization- neat but nothing crazy innovative. If the developers push the game in a direction making world level interactions more compelling and interactive, they could really establish a niche for Rise to Ruins. I'm thinking world level events like big corruption battles that are easier or only possible if multiple territories team up to send golems/resources, but the possibilities are vast with the god mechanic as well.

In its current state, the game is not bad. I spent 20+ hours playing it until I got bored, which is pretty damn good for an early access game. That said, I'm giving this the thumbs down for two reasons: 1. negative comments are read more often and 2. there's no reason to play this right now, no matter if you're a fan of the genre or completely new to it. There are just much better options out there for similar price tags. Wait for full release, Rise to Ruins is promising but simply too derivative right now to warrant purchasing.",False,1540719892,21,3,0.543595850467681885,3,1444.0,1444,76561197995257330
328080,75618370,"I thought it had a lot of potential and certently a lot of work has been put into this game, but it's just an unbalanced mess. Your people will be starving to death even when you have food available, the game is really slow pace, the UI is messy and after you deal with a very  complex building tree (a lot of stuff to build), you'll see that most of it doesn't offer any new abilities.
I really wanted this game to be good, but it wasn't.",False,1599515952,15,2,0.552491545677185059,0,883.0,883,76561198257602951
328080,43450644,"Not an enjoyable game, got several hours into it, then blood moon.....total wipe and nothing seems to prevent it. Complete waste of time.",False,1531250170,0,1,0.388521790504455566,0,727.0,1251,76561198048412608
328080,84996657,Next big update should be the functioning npc update!  Looking forward to it!,False,1611089315,1,2,0.5,0,869.0,5681,76561198126466189
328080,34725481,"I've only played traditional or whatever the normal mode is. Overall it's a decent game that seems to tie together a lot of elements from other similar games, making an attempt at covering a lot of aspects from those games that I enjoy.

Issues thus far. Game is EA, so obviously there are going to be issues. The dev is super responsive, my problem is that from some of his responses, some changes haven't come even though he commented about them a year ago. For example, if you accidentally dismantle a building, there's no obvious way to stop this. Researching it shows a comment from the dev stating this function is planned for InDev 18, the game is now on InDev 28.

This really ties into another issue, it's a combination of the game having a small playerbase and the dev probably being indie, there's no updated wiki to look up the game in its current state. The wiki link on the game's official site gives you a WIP page. Trying to look up information on the game leads to posts that span years, making it unreliable on whether or not it's still relevant.

I also have a pretty big issue with the way your buildable area expands. Your walls cut off your ""sphere of influence"" and you can't build beyond your them. This forces you to tear down walls in order to release your ""SOI"" in order to build beyond it. This makes it a huge pain in the ass to expand. It's constant leapfrogging your sphere to expand and it gets rather repetitive.

As a final note, props to the dev for being super responsive. This however, leads to another con for me. The dev has indicated some game decisions that I don't really agree with.

For example, I'm in my second game on traditional, it took me some time figuring out how to get things going in my first attempt so I abandoned it after 20ish minutes to restart. My 2nd and current game started a bit hairy, but now I control like 40% of the map and it's just a slow grind at this point. I realize that I'm playing the easiest mode in probably an easy mapset, my issue is that I don't really feel like doing it all over again because of the time investment to build from the ground up again.

I know the dev has made responses as to speeding up the game, my problem is with his responses. The dev has indicated that he wants to add a spell to the game as a temporary buff to your villagers speed instead of just adding a game speed option. My problem with this is that a speed buff is pretty much irrelevant to the issue game speed, they're two entirely different things and the fact that the dev thought this was a response makes me doubt his decision making and the future of the game.

The lack of a game speed option is pretty much deterring me from wanting to try any other maps. Sure, it might be harder and the challenge might be a bit more interesting, but there's just too much sitting and waiting for your villagers to get anything done. Especially when you do get strong enough and start having to expand your base.

I'm 9.5 hours into the game and pretty much finished with it in my opinion. I got it on sale so I guess I got my money's worth, I'd recommend the game for a quick play, but for the type of game it is, that relies on replayability, I think it still needs a lot of work which might never come, so I can't really recommend it.",False,1504489628,6,0,0.467291086912155151,16,670.0,4083,76561197961411496
328080,43430407,couldnt farm enought food with farms... wayne what i do...,False,1531166884,0,2,0.425287365913391113,0,1240.0,1283,76561198023328060
328080,194582309,"the game is good but lacks of content

hoping they do something like allowing mod, because game like this without a mod is bland.",False,1746851156,8,1,0.499985814094543457,0,441.0,441,76561198432171921
328080,56904153,"I think I read in one review that Rise To Ruins is a ""Dwarf Fortress Lite and with pixel graphics."" After 14 hours of play, it would be a massive overstatement to call it that, and an insult to DF.

RtR is effectively a waiting game, disguised as a village manager with the undead pounding into you almost every night. There aren't many things to do - you start your village, you build it up the same cookie-cutter way, you try to defend or actively push against the undead. There's no hookup, no deeper challenge, no outlet for your creativy, like in DF.

I thought it could serve me well as a time-waster to play when listening to podcasts or watching streams, but it just gets too boring after half an hour.

I would not buy this game again, if given an opportunity.",False,1573372837,2,0,0.52173912525177002,0,884.0,884,76561197992976508
328080,43582074,"I made the mistake of getting up for a glass of water. when i returned i found my village destroyed completely. 4 times the monsters i had the preveous night combined with 5 straight minutes of meteors landing on my village. worse of all not only does the game autosave every few minutes with no ability to roll back but the message board cant be scrolled up so i cant learn anything from it. 11 hours gone in a five minute span, even as i write this meteors still fall killing the few remaining villagers while 42 monsters chase them. would not recommend.",False,1531822984,1,2,0.455791562795639038,0,540.0,675,76561197991419268
328080,71259062,"takes forever to do anything, you'll be waiting 40 minutes for the villagers to deliver the wood sitting in your lumberyard. what a waste of time.",False,1592979236,1,1,0.415858060121536255,0,854.0,854,76561197984951280
328080,54365246,"Good game, but IMO gets boring a little too quickly. It is eclipsed by other city builders like Stonehearth and Rimworld. Good to kill a few hours of time but thtats about it. I paid a buck for it on sale last go around so I am not terribly disappointed.",False,1564450815,3,0,0.526037693023681641,0,357.0,357,76561198029230907
328080,102503338,Why was the last update a statement saying there was slow progress but they secured funding. That's a weird update to leave off on for over a year.,False,1636489462,6,0,0.481515347957611084,0,362.0,362,76561198066981996
328080,62978121,"Cute game, but horribly unbalanced and feels unfinished. 
Some things are just aggravating, like path building which is so incredibly slow that in 18 hours or so, it didn't manage to complete the roads I drew. There was almost no progress visible, even though the material was there and the job was occupied.  
In my last try I also noticed bad behaviour. I had a water purifier next to a lake and had some tiles set to harvest. But instead of getting water from the lake within 5 tiles, the water guy went to walk over 50 tiles to steal water from my farm, which needs the water. I can't even imagine what else would go wrong in a crowded settlement.  
The UI doesn't really help. You get notified of deaths and destroyed building, but the game doesn't help you locate where this was. Someone asked the same in the forums and the dev said that you have to search the whole map since there is feature which focuses you on the event. Bad design.  

It is said that the game has a steep learning curve, but that's not really due to the game, but more due to the lack of a proper tutorial and good information of what buildings do and how they operate. Ingame tips pop up now and then, but most of the time you are left alone and have to figure it out yourself. Lots of tips come way to late and don't really axplain a lot.

I don't like the lack of direction and the lack of a goal. The game is just a sandbox. Also, I don't like the corruption mechanic.  
After playing one map and having seen all the buildings and mechanics I have no desire to play again. It is too tedious, growth is too slow and the game isn't rewarded. It also wants you to colonize dozens of other areas and I don't feel any motivation to play the same sandbox over and over just to get a different map.",False,1580848959,18,1,0.567033529281616211,0,1148.0,1148,76561197971490143
328080,159654845,"In a world slowly filling with colony sims this one is... Meh. Information and UI is kinda difficult to read, your pawns while having names are virtually personless, and while the gameplay loop is solid it feels lacking/slow. Go ahead and pick it up on sale if you want to dip your toes into the genre, but I can say I've played better.",False,1709349342,9,0,0.522058784961700439,0,604.0,604,76561198053756968
328080,139855499,boring grind with bad ai,False,1686429958,4,1,0.4943045973777771,0,1151.0,1840,76561198101069275
328080,199926075,"Has a number of interesting mechanics, and is worth a play for the curious, but lacks any real depth around the tech tree, and it feels like it lacks features that you'd expect to have included. An impressive achievement in some respects, also not quite what I wanted in the game.",False,1752660584,6,0,0.584919929504394531,0,926.0,926,76561197983670658
328080,128204402,"One more game I wish I could give a neutral review, since it always sucks to thumbs down an indie. 

I love Rise to Ruins, but it feels more like a prototype. The bones from which the game was meant to flourish with continual expansions and mods. The former are rare and far between, the latter do not really exist. The game might feature a workshop, but you'll see that there's no real content other than translations - I don't know if it just failed to catch on, or the game doesn't feature any sort of mod support to build mods to begin with, but the result is unfortunate regardless.  

As it stands right now, it offers an anemic lack of content, a shallow endgame experience, and nothing worth the repetition to say that at least the rest of the game stands by itself.",False,1670561673,1,0,0.466862529516220093,0,1076.0,1695,76561198000486817
328080,101952807,"This game isn't bad, just not quite my cup of tea. It's easy to like it, but it's also easy to dislike it.

You'll enjoy this game if you like mazing TD games with a little city-building on the side, and it rewards repeatedly mastering a rather modest, though well-polished, set of mechanics to perfect your skills. The depth comes not from complex mechanics or breadth of content, but from developing your own skill and understanding of the game.

And that's where my problem with the game comes from - I like games where the full progression takes a -long- time, like Dwarf Fortress or Rimworld (esp. modded). There isn't a lot of progression in this game - every tower only has about 4-5 levels of upgrades, same with most buildings, and once you max out on those, the game boils down to reinforcing your defenses, building more of the same stuff, and trying to survive the increasingly challenging waves of enemies.

Once you feel confident enough, you can branch out to a neighboring map to start the process all over again, so don't get attached to your settlement too much.

That didn't quite feel like what I want from a game, though I can easily understand how someone else would enjoy it. Make your purchase with that in mind.",False,1635677142,7,2,0.577752411365509033,0,589.0,589,76561198013465945
328080,38558557,"This could be an amazing td/rts but why do some developers still insist on using JRE? It's bloated, the garbage collection while revolutionary in 2002 is wonky at best and it handles memory usage in general, terribly because every interaction with the os is third hand.

The dev while I think he or she are/is awesome, pass this off as bloated AI but, after playing the game, I simply disagree. To qualify that statement just play Anno 1404 or even stronghold (a really old game) both of which were well ahead of their times' respectively in terms of graphics and AI, and the quality of the gaming experience are ones that still hold up today, despite their obvious vintage, and exhibit AI qualities I would consider to be far more rewarding and advanced than RtR. 

I have played the game and I do not think the AI justifies the overheads, this is not dwarf fortress, you are asking me for money to fund your hobby in advance.


Furthermore, it seems to be plagued with identical issues in terms of performance Mincraft was a decade ago. Notch knew the JRE was limited, do you?

To cut a long story short, there are many other great platforms to launch this game on, many of which are free and offer significantly better performance so people like me can focus on the gameplay rather than the flaws, please look at them and stop romanticising about JAVA. Use it for JSP or SQL, it's a bad platform for anything other than old school motorola games or server side scripting, please.

Otherwise, good game.

And let me re-iterate. This is no joke, Java is simply a bad platform to make games with. You simply have to examine how sub-optimally it handles memory usage and uses handshakes with the kernel rather than native injection.

Again, it's a great game on a bad platform.

Raybarg, to answer your question fully, I do think this game has potential, but the developers choices force me to give it a negative review. ""But why?"", you may say. Well. I can appreciate the dev has built the AI from the ground up and to be quite frank, that's ambitious. But nothing alters the fact the capability of JRE will consistently be significantly lower than the developers expectations. It's like an invisible barrier the game will never overcome.

To put that into perspective play Witcher 3 for ten minutes. How amazing does that game look and how interactive and real does the AI feel? Do you think that level of depth is achievable on Java? I can tell you the answer, an the answer is NO.

""But we are talking about AI"", you may argue. The developer has suggested the AI is more complex than the likes of Rimworld or Prison Architect but like I summarised, I simply disagree. The difference being Rimworld AI works beautifully, and triple speed doesn't stop a computer dead. I don't own an incapable computer and therefore I do not expect it to be brought to it's knees performing even the most rudimentary operations. But that is not because this is a BAD GAME, that is because the developer is using JAVA.

Why?

You are asking me questions because you feel hurt by the fact I made a negative review. Why aren't you asking the dev why he/she is using Java?",False,1513997600,26,4,0.432904481887817383,0,1024.0,3349,76561197999409210
328080,152928060,... What am I doing?.. I don't know.... Do I enjoy it?.. I'm not sure,False,1701787054,5,1,0.471240967512130737,0,437.0,437,76561198177994270
328080,207147949,"The game has so much potential and can be addicting, but the annoyances add up to offset alot of that from pure frustration. The only really viable way to make a defence is a maze, since A. even the strongest walls have only 400~ HP, B. The wall building AI are morons and will fail to build a multiple layer wall in one go, or build a single wall and end up outside the village, and even then take a year to build anything, C. This assumes the villagers aren't burning alive from fire despite spamming ice spells, fountains and wells to offset the summer heat, D. Even if you have perfectly functional villagers, they will walk through a fence when near an enemy, letting them in, even if you disabled said gate. Losing a town to this is awful. Also golems you summon will just walk off away from the front lines instead of dealing with the 15 headless outside. E. You have limited ammo meanwhile the enemy just spams non stop. 

The game has potential and in the first few days is super fun, but after that it's just painful.",False,1760937042,0,0,0.5,0,1296.0,1342,76561198081946784
328080,114582961,"The game is rigged, sooner or later you will lose no matter how well you prepare. The 'hook engagement' is shallow - once you stop playing this, there's little reason to come back.

Save your money for other ""inspired by"" games, such as Rimworld or just give Dwarf Fortress a try (it's free, a reasonable price!), because those are far better games.

Also heavily moderated forums/update messages so hard they can't even take a joke, permabanning for ""drive by trolling/spam"" whatever that means LMAO. Thanks for motivation for the review.",False,1651097007,3,2,0.382725238800048828,0,820.0,820,76561198019576130
328080,75673026,"It's fun... at first.

This game has a steep learning curve and it leaves a lot of questions for you to figure out on your own. It isn't very intuitive when it comes to understanding what you need to do to when there are problems. The UI is kind of clunky and difficult to work around, but I was able to fumble through it. After a few restarts, I thought that I had it figured out, but nope. Despite having farms with farmers , animals, chickens and a kitchen with cooks, my people start dropping like flies due to starvation. Is there a hunger strike programmed into the game or is it just that buggy? If it isn't the game then it would be nice to know what I'm supposed to do to force feed my citizens or why they chose to starve rather than eat the food that's right in front of their face. 

A game with such complexity needs an official manual. I found myself googling answers for the problems I was having and the steam forums are what turned up because many people were running into the same problems that I was having. Some solutions worked. Some didn't.

Maybe I'll give it another try sometime if the developer makes a play manual or wiki and fixes the AI. The sound and music are great, but being punished for no apparent reason after investing a few hours of game play isn't fun at all and that is why I cannot recommend this game. Currently, there seems to be more emphasis on ruining rather than rising. 

I see the developer likes to post negative reviews on twitter and then blame the player for not having fun in a condescending and bullying manner. Not very classy or professional Raymond. Also, 2+2=4 and that is a universally understood fact... because it is mathematics and not semantics or 1984 :) Good luck on your game and I hope you'll use the constructive criticism wisely instead of dismissing it",False,1599609628,2,0,0.488560885190963745,0,432.0,432,76561198099789303
328080,51687657,Not enjoyable,False,1561788019,0,0,0.5,0,352.0,352,76561197960782069
328080,50012209,"The game starts promising, but after about 10h you saw everything and it get's mostly boring. Stay with Gnomoria or Factorio if like this kind of game.",False,1554643925,3,0,0.289768099784851074,0,1338.0,1338,76561197979930586
328080,61767812,"It's boring to maintain, it's boring to understand, and It's boring to win. Currently I'm losing and I'm bored.",False,1578865162,0,0,0.5,0,341.0,341,76561197987816557
328080,83933329,"It is a slow, boring and ultimately pointless game. Usually I love sims, but this one is just... weird. You play and wait for fun to begin, but fun things never happen. Cannot say that it is a bad game, but it is not a good one either. It is playable, gameplay kinda works, could have been better. Kinda bland, I guess. Watch gameplay videos on youtube before buying and judge for yourself.",False,1609704761,11,0,0.549577414989471436,0,1351.0,4079,76561198035323538
328080,79075133,"It's samey, obtuse and forces you you play exactly the same way every time or else. Gave it a fair shot but it's not for me.",False,1605051487,2,0,0.520547926425933838,0,1319.0,1319,76561197979323657
328080,70274975,"Meh it's ok but kinda boring. I regret buying it. Ultimately it's a tower defense game where you sink a lot of time in gathering resources and micromanaging which needs improvement as it gets tedious fast. Not that exciting and if you like building and managing, rimworld is a far superior game.",False,1591259860,9,0,0.56399226188659668,0,886.0,886,76561197996247758
328080,48176645,"Interesting premise. Like a mix of the old Settlers games, with tower defense elements. Build a city, and at night enemies attack. 

Currently, it seems way too slow and I get bored quickly. If both the speed of the game is increased (even playing at the max 3x speed is slow) and the balance is shifted to be fast-paced and constantly expanding, it would be different. But currently their are only a few upgrade tiers for each building, most of which do very little. There are few viable defense options. I would say this is a wait- it has potential, but currently is not as engaging as it one day might be.",False,1546895673,0,0,0.5,0,474.0,603,76561198362067039
328080,169654877,"Combat is pure garbage.

Wish that wasn't the case, the rest of the game seems incredible.",False,1720760956,1,0,0.433436542749404907,0,516.0,520,76561198011728053
328080,41674724,"Not really for me. Maybe you're like me.

I like the city building parts. Not crazy about the tower defense parts. I really do not like how building a wall restricts your build space. It adds an element of gameplay that I like to call ""futz around with build order, place then remove structures, wish you could place a fire outside your wall after you built the wall, builders won't repair parts of your maze so it slowly degrades."" I'm sure some people think this is great, but I think it just makes building/maintaining defenses like you want tedious. It really sucks the fun right out.

edit:
Btw, this game has a good soundtrack.",False,1524632541,3,0,0.502870500087738037,0,610.0,1701,76561198012324927
328080,88539879,Game is bare-bones.  Please add interesting content.,False,1615908118,2,0,0.505988001823425293,0,504.0,504,76561198064143954
328080,145348195,"Rise to Ruins is an interesting game. It combines elements from different genres to make something more novel. It can be a bit boring and repetitive 10+ days in and doesn't seem to have long term goals like rimworld does to break up the monotony. That being said for 14 bucks it is not a bad purchase as you will likely play it for about 14 hours.

I have a hard to time recommending it however as some of the dialogue in game makes me somewhat worried for the authors mental health. Like describing humans as ""mating"" has a very large ick to it or the strangely sarcastic tone in the description of some of the sadder events can be fairly off putting and strikes me as immaturely facetious. I'm not sure if this is intentional or comes from a poor command of the english language. My hope is the latter.",False,1693435328,2,0,0.355379700660705566,0,655.0,655,76561198068839111
328080,73179230,"I can't honestly recommend this game. While others claim it has a ""high learning curve"" what is hard about the game is there isn't a way to directly address the problem you are facing. For example my dwellers can't get water because they need stone. You can highlight where the stone is but you can not click on a dweller to get stone directly. Here in lies the ""learning curve of the game"". I will continue to play personally because I love the graphics but game play is just awful.",False,1595539140,0,0,0.5,0,518.0,771,76561198042753152
328080,50467366,"The idea and the set of the game is good, but the lack of effective AI (of the villagers) gives it a thumb down. 
Looking forward to see future improvement.",False,1556953206,2,0,0.515418469905853271,0,550.0,550,76561198361275325
328080,55849286,"From the description: ""Rise to Ruins is at heart a godlike village simulator, but it also throws in plenty of familiar game play mechanics from classic real-time strategy and resource management games like Black and White, Settlers, ActRaiser and many others.""

I really wish it played that way.

Although the game is indeed a hybrid of several different genres, its implementation of each one is weak.

The village building mechanic: slow and plodding. There's a ton of support structures required for your village, and each one need to be manned by at least one person. Because population growth is slow, nomads aren't frequent, and the speed only goes to 2x before showing you a scary ""hey this probably doesn't work"" message, growing your city is kind of a boring slog. 

And, since you can't build freely on the map (you're limited to an area around your initial camp, which expands as you build), there's very little variety in the way you approach building a village. There's a bootleg strategy of building a chain of bonfires at the edge of your territory, which extends buildable radius dramatically, but not only is that approach just as slow and boring as the regular one, it also takes up limited building slots, so it feels like a crappy workaround for a crappy system.

At first the mindless slog is tempered somewhat by the introduction of ""Corruption,"" a land-devouring plague. Its mysterious presence, and your slowly building influence meter, builds up anticipation for a Populous-style war: surely the idea is that I growth my village, and thus my influence, so I can use my divine powers to smite the corruption that plagues each region in the game, right?

Well, wrong.

The god system: weak and uninspired. You start off with several different spells in three different categories: loosely speaking you've got harmful spells, helpful spells, and neutral spells. Having said that, most spells are useless. Grab, which moves things around, seems the most interesting but has infrequent usage at best due to the resource drain. Labor Golem, a spell that summons a little stone helper to help move village resources, is invaluable due to the fact that you're always short-handed due to slow village growth (and not, say, any interesting gameplay mechanics).

The rest of the spells seem like they have promise but prove to be worthless. 

Motivate, a spell described as encouraging the regrowth of natural elements, caused an average of 3-4 trees to regrow -- that's nothing compared to your village's needs. 

Meteor, and some fire spell whose name I can't remember (Inferno?), aren't as exciting as they sound. Fires caused by Inferno go out almost immediately. Good luck trying to burn down a forest to keep the enemy from using those resources. In fact, it didn't destroy a single tree the last time I tried. _The fire spell, when cast on a forest, didn't cause a forest fire_.

To cap it all off, even if the spells were powerful and interesting to cast, the only place you'd want to bring down a rain of meteors on, the Corrupted lands, are off-limits to spell casting.

Instead, to deal with the encroaching threat, you...

...you play a tower defense game.

And not a very good one. Turrets have to be built like any other building, use up precious building slots, and have very little differences. There's 5-6 different physical tower types, but in ten hours I only found a use for 2 of them. The rest were of the ""like that other turret, except I use stone as ammo!"" variety.

The tower defense game has to exist, though, because there's no other way to deal with the Corruption. If you wall it off, they'll just attack your walls, so you need to make an awkward maze of walls and turrets to funnel the enemy though and kill them every night. Except that building the maze, and the turrets, is slow. And when night finally comes, its not even satisfying to watch plodding zombies turn into pincushions.

To sum it all up, much like this review none of the elements in the game really harmonize. The influence system is based on village population, but the spells that use influence are boring and neutered. The Corruption poses an omnipresent threat, but your villagers aren't meant to fight, and the golems you create aren't that interested in it either.

The whole goal of the game seems to be to slowly build-up a village and wait until you have enough villagers so you can colonize another region in the game, but why? The village building is boring. The spell system is boring. The Corruption is interesting, but you can't meaningfully interact with it, so it may as well be boring.

Maybe the game turns amazing during its 12th hour, but I only made it to 11.

In the end, thinking about what Rise to Ruins could have been feels more enjoyable than actually playing it.

NB: Although I did buy this game two years ago, I have not played any of the other iterations, having instead chosen to wait for the game to leave early access.",False,1572228668,2,0,0.545454561710357666,0,656.0,656,76561197960674634
328080,47963669,"Gonna have to give up on this game. Was very excited when I first picked it up, but overall the game is just a headache (not to mention the super tiny hud that can't seem to be increased).

I know it's supposed to be ""godlike"" but these villagers are just retarded. The priority list for buildings is mediocre at best. Too many times I've had a tower or something important past 90%, but it still ends up taking more than a day to finish, even when I have an ample amount of resources and builders on standby. I'd much rather be able to give villagers direct orders on what to do.

Resource management still confuses the shit out of me. I'll have two farms up and running with 4 farmers tending it, directly next to a water source and kitchen, yet I still have villagers starving to death because it's damn near impossible to supply enough food for anybody.

I've only heard about defensive issues with overpowered enemies around night 15/20 ish, but I rarely ever survive that far to begin with.

Overall, the game is just too complicated and complex, while still feeling like I have zero control over anything, and I'm forced to watch as my villagers go full retard. Thumbs down from me.",False,1546194117,6,3,0.50363236665725708,0,1006.0,1006,76561198044293868
328080,50245054,"I bought the game because it advertised itself as being inspired by village builders like Banished. 

Unfortunately, the game is also a 'supposed to lose' game. You have zero chance of winning. The dev clearly wants the game to be some sort of hybrid tower defence/city builder. But only if you design it so that the maze isn't too long, otherwise thet mobs will just Juggernaught straight through your walls or just wade through the water and get in through the back. How long is too long? Who knows! 

While many might enjoy the knowledge that you're going to miserably fail and have to start again, I do not and find it fairly disheartening and it prevents me from getting invested in the game.

Pros:
- Gameplay is very finely balanced and offers a lot of depth.
- Charming music and pixel art.
- Good Management systems.
- Lack of real bugs. 
- Workers don't just stand around and do nothing because of poor AI design. There's always an obvious and fixable reason for it.

Cons:
- Can't get attached or invested to your village.
- Dev gives the illusion of freedom in how you play, but in reality makes you play in a very specific way.
- Gameplay loop of build up, lose, get permanent perks, lose and restart is too monotonous. It's a rouge-lite with a lot of busy work and not enough of the action.",False,1555824909,209,17,0.737166345119476318,0,1568.0,2806,76561198009550689
328080,84403173,"Great game but dev, leave your politics out of the game!!",False,1610249496,11,9,0.338012069463729858,0,408.0,413,76561198180720255
328080,57447026,"It's not a bad game, but it could be a much better game.

At it's heart, it's a little town sim, which is cute enough on its own, but to make things a bit more interesting your town gets regularly attacked by monsters. These monsters follow ""tower defense"" logic where they don't attack walls and take the shortest route to anything else they can break, so your mission is to build a maze of some complexity, plop down some towers, and behind said maze nurture a society that can upgrade and maintain it.

This is a pretty great concept, but for some reason they thought you'd be up for playing the exact same game like 20-something times. Once you've gotten a self-sustaining society behind the maze, and figured out which towers are pointless(bow, phantom dart and any of the bullet ones, really. Why would I ever build a tower that couldn't shoot over walls?), you've won. So really the only challenge is whether you correctly guess the shortest route and defend that within the first few days, and then you've pretty much won.

Hell, half the citizens' basic needs, like social interaction, you don't even notice because just by existing they satisfy those. Things are automated enough that your only real active control of the world is where to put down buildings, but the AI automation isn't interesting enough to cough up any scenarios as a result(your villagers, for instance, have no personalities, specializations, etc. and only two monsters have abilities beyond ""walk towards thing, hit thing."").

It feels like an early access game that slipped through and got released early, because there's just a lack of content and depth.

Not to mention pretty goddamn lackluster tutorializing, it took me until my second year(in-game, not real-time) to figure out that what looked like a bit of UI fancy bordering under the available spells was actually a menu allowing access to more spells.

You can complete challenges to unlock stuff, but they're literally all just ""have a +% to do thing in game."" None of them change up the gameplay experience or open new options.

There are also some weird AI issues, like how you can organize all village constructor tasks in priorities... except for clearing terrain, which they'll always obsessively do first.

Even just some minor things, like being able to waypoint locations or patrol routes for your rangers and defensive golems would have added a bit of stuff to do. Why does the Medic even exist? I don't think I ever had a villager get injured outside of random weather events, but then they just self-bandaged or went to chill at home for a few seconds and were right as rain. You can't manually order villagers to slaughter livestock, so it's up to the vagaries of the AI whether an animal pen generates any food or not. You can't focus on acquiring iron or gold for gear/trading, respectively, since they're all just random drops from mining generic rock. Storage is completely boned, all storage is available in the same amounts, which means that for relatively rare things, like tools and weapons, you'll never need specialized storage because your stock buildings have enough spare storage for all of it. While for super-common things like rocks, wood and food, you'll always be starved for storage and the buildable storage buildings are almost a waste of your time because they don't give *enough* extra space.

Water seems like an afterthought of a feature, terrain-wise, since it's all hip-deep and wadable, being just a movement speed modifier, and you can effortlessly pave it over. So you can't, for instance, spice things up with stuff like a moat.

I can't really recommend this game, because it could be so much better, and it feels like the dev(s) just didn't want to bother going that last stretch.",False,1574121656,6,0,0.533913969993591309,0,898.0,898,76561197970406584
328080,74592333,"There some fun elements to the game, but there are also a lot of very frustrating, and down right ridiculous things in the game that will make it less and less fun the more you play.

For example, people dying from starvation when you have plenty of food in your storages. 
More so, people dying from starvation when there is plenty of food AND they are the farmers who are farming the food.
People getting thirsty despite water being right there (clean water). 
People leaving harvested food on the ground where they harvested it and not having any way to instruct them to go pick it up.
People dying off and the UI not always letting you know which job they had so you can replace them.

Just the general flow of progress seems very rollercoaster like too. Times when it flows smooth, and other times when it feels like it hits this unnecessary slowdown.

I also normally dont have an issue with pixel graphics... but these pixels look like they were then pixelated on top of being pixelated, making many things hard to even tell what they are.

Add that to the very poor tutorial and instructions for many things and you have a game that lacks a lot of intuitive design.

There are better options out there if you are willing to search the ""Rim"" of whats on steam....",False,1597890185,65,6,0.744693517684936523,0,863.0,863,76561197961109175
328080,47182770,Hard pass on this one - it's simply unbalanced and frustrating.,False,1543482488,3,0,0.366855859756469727,0,960.0,1863,76561197961499048
328080,144439039,"It does not load from into the map anymore. It just crashes. After looking, it seems the dev left the game more then a year ago. Sad to see the game with this potential not going further. I guess abandon-wear now. The latest update a year back and a unstable one.",False,1692305407,0,0,0.426640063524246216,3,489.0,1335,76561198058346979
328080,15824951,"Along time ago I reviewed this game as a glorified tower defense. Now going and playing it things seem a bit different. Now it takes 10x as long to get anything done, and when you finally do get a bunch of stuff built, your villagers just die of stupidity. At later stages it could very well still be a tower defense game, but I will never find out because I am not masochistic enough to dedicate that many hours to watching a bunch of idiot pixels wander around and die of heat exhaustion or other random uncontrollable conditions. The game does have potential, but as of now it is just a cluster of ideas in dire need of polish and direction. The next time i play this it will be when it is fully released.


Side note: The mechanics of panning the camera are horrendous. The game somehow manages to make your mouse feel like an analog stick from a ps2 controller when you try to scroll. Just let us drag the map, not have to select a center point to slide the map around with some weird acceleration. Basically a hassle just to look around the area.",False,1431611498,8,0,0.492215454578399658,2,955.0,1388,76561198050361620
328080,102781618,"-Review subject to change-
Rise to Ruins can be a very fun game for a day, once you realize the workshop is all language packs and the two villages you have are building in the same way however, it gets fairly repetitive fast. I like this game a lot don't get me wrong, it is however lacking in content at this moment and I did see the post by the dev about the update through his life but its been a year, I'm just letting you know that if you see this game and you go ""That looks like a game i'd like"" because you're into management and RTS you're totally right, you'll love it, for a day. Once more content is added it will become a favorite for now its a good outline of a great game that will hopefully become amazing.",False,1636908674,6,0,0.546800017356872559,0,1191.0,1285,76561198129137958
328080,65795271,"Seems to have received over $2.5 million in investment money and puts out 1 update in ~18 months.
Credit where credit is due, the developer is rather transparent when they decide to communicate.",False,1585154551,0,0,0.510075986385345459,0,607.0,609,76561198037329086
328080,97293839,"The fun bit is defending against the corruption and the enemies along with it. Its not difficult but its entertaining. What is awful is to get rid of corruption you have to chase it with light, while in nearly out grows your speed to build campfires and it has no problem traveling through forest and fucking ocean. You have to completely surround it in the beginning or have it not slip past and out grow your build speed. Its really annoying. There are allot of things that need fixing and just tweaking but it can be enjoyable.",False,1628602172,0,0,0.5,0,968.0,968,76561198273567416
328080,148103031,"Haven't played for 5 years, yet still getting numerous crashes on loading a village block. Dev says to turn off antivirus. Can't even rotate your buildings. What year is it?",False,1697150648,13,2,0.565177977085113525,0,607.0,607,76561197984707534
328080,107757142,seems to be unsupported today,False,1641853108,0,1,0.417870551347732544,0,1156.0,1194,76561198127937839
328080,54234000,"Good for an hour or two, but starts to feel shallow after a while.  Shocking graphics.",False,1563830634,0,0,0.480769246816635132,0,435.0,435,76561197998491893
328080,139336891,"Creo que tiene mucho potencial pero no en el estado que esta ahora, no tiene un tutorial que explique la mecanica del juego, solo algunos tips que te orientan.",False,1685563938,1,0,0.336174607276916504,0,651.0,1303,76561198072765444
328080,169616310,"Unfortunately can't recommend this game. As fun as a concept that this game is, the way the AI interacts with the world is a baffling choice. Not only will villagers constantly run off to punch an enemy structure causing it to spawn a dozen enemies, but they will not equip armor or weapons, nor are they the correct profession to be doing that in the first place. A shame that this game plays the way it does. The easiest solution would be to have allow areas to limit what groups can go where.",False,1720722135,7,0,0.545157730579376221,0,1699.0,1699,76561198153896627
328080,115383133,"The game is unfair and really slow, enjoy watching your settlers go die for no reasons. Monsters are always tougher but you can't scale to match them passed a given point",False,1652439428,1,1,0.481317877769470215,0,1212.0,1212,76561198011391446
328080,145690319,"I almost enjoyed this game. On the surface, it's an indie top down version of ""Black and White"", which for me is a homerun. It has elements of Dwarf Fortress, without the depth or absurdity. It has elements of Rimworld, without the same mod support or progression. It's all of these games in one, though with a requirement of perfection. The game can be mean just to be mean. It understands it has a steep learning curve, downright telling you that with a hint. However, part of this learning curve is understanding which parts of the game require your direction as compared to the natural volition of the humans themselves. Case in point, half my colony starved to death early on. I thought aloud, ""Why? There is a carrot patch right there! You have chickens. You have all of these animals nearby."" Even when faced with near death, they wouldn't budge or respond in a way without me hand holding their pathing. It was my fault, as I hadn't realized I had to select those patches of land to tell them to eat. It was my fault for not constructing the corresponding buildings to get them to slaughter the nearby herd. None of this was explained to me. And this is the problem. The game is essentially iron man mode out the box. You can't load earlier saves to fix what becomes an obvious issue once understood. Factoring in the relentless onslaught of enemies by Autumn, and the game railroads you to a certain speed and development despite the various natural disasters and consistent chaos you have to battle through. It's fun to grow and figure out the mechanics, but it's brutal to get it right.

There are obvious problems as well, such as villagers getting stuck on the wrong side of a wall after building. You can't rotate your buildings, which is problematic due to the amount of space allotted to build. If you lose your town center you're effectively screwed, as your building population may require a Keep (much larger town center) to rebuild broken defenses. The enemies are smart enough to scout and find a singular block as an entrance to break into your camp and wreak havoc. However, your own villagers are too afraid to mount any sort of reaction without proper assignment. It makes would could be a fun and interesting learning curve downright tedious and painful to figure out and optimize. If you lose your whole town, you  restart from the very beginning. 

This ultimately makes the game a horde survival base building sim. It's interesting, and I think parts of it are wonderful. It's just not the game I was expecting, and I don't have the patience or time to slog through poorly optimized AI and non-obvious progression. It's commendable, and I hope it continues to improve and develop with time. I would prefer a ""slower"" more mature game where the village grows to communicate and respond to other towns rather than it evolve into an endless defense against waves of goons.",False,1693885335,1,0,0.5,0,352.0,352,76561198042216927
328080,85362026,rise to mid,False,1611632855,0,0,0.5,0,851.0,2748,76561198193469991
328080,173249119,"It's rimworld, for people who hate agency and depth.",False,1724520349,7,0,0.464552998542785645,0,437.0,437,76561198051201212
328080,81652592,"Progression of the game is extremely slow. Morning comes, you queue up the (small number of) buildings you want to be built, and then you wait for 20 minutes for it to be done, or for dusk & monsters to come. Nothing meanigful to do in the meantime. You can try to min/max by spending magic on resources, or help the builders by moving the resources for them, but this an extremely boring grind, so surely this is not the intention?
Also very much not a fan of having to split 20 villagers among 14 acivities (jobs) there are to be done. There's an extremely strong constraint on the number of people avaliable, with no good means of getting new ones, and it doesn't seem to provide challenge, rather it provides a headache with reassigning people once the ballista bolts are done and the person is doing nothing =(",False,1607168349,1,0,0.5,0,469.0,469,76561197996730059
328080,142506993,"It's not fun to play. There's too many limitations, in where you can build things and how much. You can upgrade your main camp and another building to unlock the option to build more buildings. I don't find this game to be very visually appealing. I get eight bit graphics are a thing, but can't we use more than five pixels for each object? The food system seems to be overly complicated, and I can't tell if I'm going to generate enough to feed everyone. It always seems like the population is spread very thin across all the buildings and there's no way to tell if everyone is pulling their weight. I'll be upfront and say I don't enjoy tower defence games or games where I need to micromanage things. I'd prefer the people to be self sufficient.",False,1689915365,4,1,0.454887211322784424,0,712.0,712,76561197994509680
328080,47301315,"i palyed happily until about my 12th hour, then the number of monsters actualy quadrupled and everything and everyone died.   IN EASY MODE. peaceful has no challange, and i bet the other, harder, gamemodes are yu spawn in a hoard with one health.     

                      i request 6 dolllars back extra for my time, and the harm this has caused to my family.",False,1543976497,0,5,0.312465846538543701,0,888.0,1163,76561198145746124
328080,26381417,"It's mostly a tower defense game now with nothing on the front page suggesting it to be. If you like tower defense games, you might like this. I hate tower defense games and felt mislead.


I edited my review. When I 1st played, it was a tower defense game. Coming back after some time, it actually feels like a city builder this time.

Edit again:  Game unfinished and abandoned",False,1478126952,0,1,0.457393467426300049,6,1068.0,32881,76561198036713503
328080,121492448,"I don't understand this game. I really gave it a try. The developers are right, it has a very steep learning curve. I don't have time to figure out why I can't feed my people or get them water. That's not a feature, that's a bad design. This game requires way too much micromanaging of your people. It is a good idea for a game, but to have it be so difficult RUINS the game. The developers Rose to Ruin their own game.",False,1661893170,9,0,0.56587064266204834,0,358.0,358,76561197965986699
328080,143244904,Abandonware.,False,1690957234,7,3,0.421859025955200195,0,480.0,540,76561198196669689
328080,44057883,"I played the game for a long session but now it won't start. I get the intro, then the screen goes black and the game goes away. I can't recomend a game that doesn't work.",False,1533955324,0,0,0.5,1,421.0,695,76561197999214616
328080,54942047,eh,False,1567471700,0,0,0.5,0,829.0,829,76561198142829880
328080,75842378,game  crashes way to much......way to much.,False,1599905616,0,0,0.5,0,645.0,666,76561198157476380
328080,113485984,"I didn't really get into the game. I enjoyed the challenge of overcoming the basic needs of survival (food, water, basic ressources, shelter, some walls and defenses) but from there it's either scale up and survive dozen of days (which will take hours even at high speed) or start over with a settlement in an other area.

It's a well made game with more content than my crude summary alludes to but I don't see myself coming back to it any time.",False,1649352875,0,0,0.47826087474822998,0,457.0,457,76561198068982092
328080,177276097,"The game feels unfinished.  I played a single map and more or less hit a stalemate with the enemy forces.  I feel like I explored most of the game content and as it turns out, a lot of it is irrelevant and the real strategy is about putting down lights as these stop the enemy territory expanding.  It doesn't really seem like you can beat them though either.
It's not clear what the other maps are about or how they relate to the first one as it seems like you could/would just continue playing indefinitely on one map.  I think it took me two different installs to get to this amount of hours which probably says quite a lot

It didn't do it for me unfortunately and I got bored (twice!).  It's a shame as there are some interesting ideas in here and what is there is fairly polished, I'm just not sure it makes much sense",False,1729266810,14,0,0.61064380407333374,0,790.0,790,76561198048076881
328080,45525168,"This game contains a lot of gameplay elements that I like, however the graphical style makes it unplayable for me.

I cannot tell anything apart at a glance. I cannot tell who are the monsters, and who are my villagers. I cannot tell what a building is by looking at it. I cannot tell a dog from a rat, a dear, a bear, or any other animal. If I zoom in it gets worse since the pixel art is so poor all you see is squares. The only way to figure out what anything is for me is to click every single pixel on the map continuously to the point that the game becomes a pixel clicker.

If these were just entries on a spread sheet the game would be easier to play. And, this is not about being pixel art. I play plenty of pixel art games. The scale, and level of detail on this one is just not working for me.

I know plenty of people enjoy the game, and play it fine. This is a warning for others like me that may be challenged by VERY small graphics with poor pixel art. (scaling does not help as i mentioned the zoom makes it worse)",False,1540932394,0,0,0.459363967180252075,0,427.0,427,76561197998445123
328080,47222257,"I have to give this a thumbs down because it has the foundational ethos of games like Cookie Clicker: Play (for a long time) until it's impossible to make any more progress (you die/lose), get some permanent rewards, and start over again with the new bonuses to see how far you get next time. Rinse, repeat.",False,1543630613,0,0,0.390239179134368896,0,1318.0,1318,76561197964564485
328080,78096216,"very hard game, takes a few hours to even make your village survive (the dudes are quite dumb sometimes). A good challenge but ill never complete it. If i can do 1 level ill be happy",False,1603575397,1,2,0.215051755309104919,0,613.0,1281,76561198028210104
328080,55745660,"A rather tedious and boring game that will give you a headache very soon because of all the tiny graphical interface elements. There are many other serious shortcomings to this game as well, and it's quite buggy. It's not an absolute sack of shit, but it's the kind of game you just stop playing after 30 minutes because it has so many awful design decisions.",False,1571930872,3,0,0.455493539571762085,0,652.0,823,76561197987845491
328080,43803997,"It's fun for about 6 hours, then you realize that the grind is real and there are no more objectives. This game needs objectives to survive.",False,1532811616,2,0,0.47935640811920166,0,633.0,792,76561198030848288
328080,173193622,Since the new update I have to use a lower reolution on the game to not crash when launching the world map.,False,1724491306,0,1,0.451977401971817017,0,697.0,720,76561198902208124
328080,54882380,"gonna smack this game with a fat downvote, feel like people are too forgiving.

This game is a god-game, so I understand the need to make sure you have no direct control over things.

But even black & white allowed control over armies and stuff. imagine how frustrating that'd be. Plus they could always say (for rp sake) you have a general who commands guys. Not such a crazy leap ay?

kinda frustrating to have a good amount of guards higher level than the enemies by a decent stretch but they either A) flee or B) be blind as shit.

some way of assigning a patrol, or having a general would make that element sooo much better. But atm, this game seems to be literally about setting up a shitload of towers because your town militia is too thick to realise their mate ""George Takei"" is being burned down with his wife and kids. (how dare you not make him homosexual :@)

If you're cool with tower defense then sure, I just wish it was more obvious, have to google a fair amount of things too, which I've never been a fan of even though it doesn't take long, it just feels lame. Don't bother googling a rotate feature as it's just sass from devs as if it's unreasonable to ask for something like that.

Also not as fun to replay as other games, takes a few days to get going, space is harder to obtain requiring more thought as you cant simply rotate buildings.

6/10 annoying dying to shit you should've been made aware of.",False,1567161155,2,0,0.371572345495223999,0,510.0,855,76561198003003197
328080,39695258,"Edit: Somewhere during Early Access I gave up. Then I noticed with worry that the developer wants to make a game where you cannot conquer the corruption. Or is very hard. And I do not have so much patience anymore as I written below, to start and restart so many time a game which I played before, during Early Access.

The UI was improved but not enough. I would like to just be able to start playing and being able to find all game mechanics.
---

A challenging base management game.
I am the kind of person who starts hard and restarts the game until it finds the solution - the correct path to build and upgrade, optimizing based on the previous experience. This game made me restart many times.
The music is great! It is one of the few games which I support for music too!
And the developer cares about the opinion of players. He encourages us follow his twitter account where we can give feedback, he explains in detail decisions which are important, he answers to comments... basically you can feel that he cares about his game and the game is not between him and the players but we are on the same side.",False,1517182962,0,1,0.579630196094512939,0,1413.0,1804,76561198053561874
328080,89206411,"I wanted to like the game.  The interface is unintuitive.  I couldn't even figure out how to load a saved game.  I know, i know.  I'm a moron, right?  Could be, but I got annoyed enough to be done with it.",False,1616875722,5,0,0.5,0,378.0,378,76561198008376208
328080,121940515,"Tl:dr;
Great premise, but execution is annoying af tetris-like or geometry exam that will make you cringe for all sorts of reasons. Watch streams first and then think twice before buying. Read on to find why.

Update:
Played a bit longer and Corruption mechanics is ridiculous. It's more like cancer that just keeps on spawning new enemies, instantly, constantly, scaling up. 
Also walls block village range - meaning that if you build two lines of walls, the outer one is no longer considered to be ""in the village"" and does not get repaired when damaged. Such B$. 

Review: 5/10, so badly missing some basic elements. -1 after fighting corruption, so 4/10.

Graphics: 6/10
+ pixels
+ nice light play and pixelated effects
- VERY weird camera angle - buildings and terrain are seen top-down, but toons walk around seen at an angle - gives a bad case of dissonance, as if toons walked angled at 45 degrees towards the ground?

Sound: 5/10 
+ some nice effects
- very repeatable effects
- missing some atmospheric ambient, like waves, etc
- unable to play own music, sountrack is atrocious

Gameplay: 4/10
+ base building survival
+ plenty of buildings to build
+ tower defense
+ monsters?!

Ok, so far this is acceptable experience, but here is where it gets really, really ugly.
- No tactical pause. Nothing, really? Can't the deity slow down time or accelerate it's own perception of it to make it look like a tactical pause?
- Loot Chests with description like ""Loot box in single player game?!"". Inside the game. Breaks immersion AF and is utterly annoying
- non-random campaign maps, world, nothing - every map plays identical
- some weird color scheme that make it hard to figure out ranges or what is actually selected on some maps (orange range of building vs orange ground, green selection circles always on around the toons vs green grass etc)
- aforementioned dissonance between angles of toons vs buildings. It does not go away, it intensifies with more toons
- crowded menu with many small numbers, hard to figure out actions as some are very unintuitive 
- - for example there is no drag and move the map with right click, some actions require multiple extras like saving game config - pressing enter does not do that
- many tiny percentages adding here and there but there is no overview with the list of these and explanation  of what they actually do in game and how they work. What does +5.0% globally to farming do? Is it per map, per world? Do these stack? And WHAT exactly does it do?!
- unable to build decorative terrain, like pavement tiles. Sounds like a minor inconvenience, but wait! There is moar!

So finally, there is the major breaking point of this game. The one that will make all OCD base builders cringe and ragequit. 
As you know, making a perfectly arranged base is what a lot of target audience of such games always aims at.

Not here. Not in this game. Every building is of different size. And they have an extra square around them left for the road. And no, you cannot overlap that square from two different buildings.
And buildings CANNOT BE ROTATED because of reasons.
Dev answer: too much work, would add too much art - yeah, like, everybody knows today sprites can be rotated by the code, you don't need to add 4x as much art. In fact rotating just from N-S to W-E once, would help to alleviate the problem just a bit...

But no. Too lazy.
So you end up with a base that will look like a failed Tetris level with plenty of empty 1x1 or 2x4 squares that you can fill with nothing but some flimsy towers that consume energy. And roads are build one by one. 
Thats right. Every square of wall or road has to be placed manually. More incredibly, every square of wall has to be dismantled manually, if you decide to change the layout.

The amount of extra clicks this game has and inability to make a clear, neat base layout is mindbogling and cringe AF. I've restarted world few times just to re-start base building, until giving up. I've decided to just tear it down later and rebuild (because, of course, you cannot move buildings from one place to another, you have to tear it down and rebuild).

Oof.
I've expected much more from this game, but apparently devs failed to understand the target audience for such titles. And people have been asking for building rotation for years now. So... no.
The two do not align, which may explain why this game failed to attract bigger crowd despite the underlying mechanics being solid and interesting. Honestly, such a pity. With some extra QoL and a fan service for OCD base building players (hint: majority of people playing such games) this could be much better title.",False,1662660775,5,0,0.490635067224502563,2,1133.0,5709,76561197996972957
328080,34600090,"I mentioned in the review that the game crashed for me and the dev contacted me (see comments) within an hour or so. I know indie devs fear negative reviews like the plague, but it's still nice to get instant help. But seeing that the game was released into EA in october 2014, it kinda left me with a feeling that the dev is more concerned about the negative reviews than finishing the game. Now I just bought the game and haven't been observing the pace of the development, so I might be completely off with that (and I hope I am). I also took a quick glance at the steam forums and it seemed like the dev was actually active there too (which is surprisingly rare).


Thoughts about the actual gameplay after 10 hours:

+The pace of the game seems good. Doesn't require reflexes like a RTS would, but also doesn't make you just sit and wait too much.
+In general it shows potential and implies that it has depth and replay value.
+For the most part the UI is clear and easy to use.

+-The lack of in-game tutorial. There is a button for ""Watch a tutorial video"" and the game gives you some general tips along the way, but they help very little.

-The game offers too little information about things like how many buidlings you need to have in order to have your town survive (farms for food, wells or rain catchers for water etc).
-The time for pixel graphics has come and gone. It actually gets extremely blurry if you zoom in even a little bit (why does it even allow you to do this?).
-The villagers' AI is sometimes bugged and not knowing what their priority is in performing different tasks takes a lot of the fun out of the game.
-Some of the buttons on the UI (assigning villagers to different buildings for example) are WAY too small, considering the next point.
-The mouse pointer moves like it's on a rubber band. The delay ain't that bad, but just enough that it actually gets really annoying to try and aim at some of the smaller buttons.

It's these last two points that made my review negative. Feels like something that wouldn't bother a normal person, but some of the buttons are really small and the rubber banding mouse ain't helping.

And in case anyone gets to read this before the fanboys downvote this into oblivion (as they do to all negative reviews): I'm not saying not to buy it. But I am suggesting to keep an eye on the development for a while before doing so.",False,1504077780,5,0,0.475461363792419434,18,646.0,646,76561198004017173
328080,124163342,"Interesting concept, I'm sure to some out there it'll be a huge time sink that will keep them going for days on end. But for me, I just grew bored of it very quickly. It's just not holding my interest. And the constant rebuilding of towers to defend myself is tedious.",False,1666364682,2,0,0.475270897150039673,0,928.0,928,76561198032698727
328080,68400264,"After about 8 hours I think I've seen all the game has to offer. There's very limited tech to work through, it goes Makeshift -> Basic -> Established, and if it's a turret it gets an elemental upgrade.
Honestly, it's not that hard to figure out if you've played Rimworld or any other game in the genre.

Really, once you set up your defences it's almost impossible to lose and then you're left with nothing to do but stare at your fortifications.

Like others have mentioned the villager AI is kind of brutal and inefficient

The music is fantastic though

EDIT

This game still hasn't been updated since last year, which is a shame because I think there's a lot to expand on.",False,1588382480,7,0,0.507946610450744629,0,655.0,655,76561198010332585
328080,55895221,"This game suffers from two significant defects which make it not-fun:

(1) It is difficult to tell whether you are winning or losing, there is a lack of status indicators.
For example, if monsters get inside your village it is somewhat difficult to notice as the villagers or golems tend to deal with it on their own. It is difficult to tell how strong or weak your defenses are or if your village has a good or bad economy. It seems the main mechanic for determining overall progress is the global corruption score which is just a bar indicator that doesn't seem to easily correspond to anything related to game-play that I can identify. There are long periods of time where after getting your town established you can just let the game run without doing anything and basically wait for something to happen. Sit and wait is not fun. Other reviews complain about sudden jumps in difficulty but I suspect this is mostly because it is hard to determine your current status. This is both boring and frustrating.

(2) It is difficult to find good information on any of the buildings or game mechanics.
Does a static tower shoot through curtain walls? (No). Why do golems wander so far and patrol where they do? How does courier or migration work? Even basic functions like locating how to designate an area to dig a hole is non-intuitive hidden in a separate sub-menu. For some reason ""walls"" are not listed under the ""defense"" category but lightning rods are. How much food does a fully upgraded farm generate? The hidden pathing mechanics of the monsters including spectres and fire elementals which have un-announce mechanics specific to them. It is difficult to design a tower defense if there is a general lack of information about the towers, defenses, and monsters.",False,1572409949,47,0,0.652510404586791992,0,952.0,952,76561198028655071
328080,189264105,dead game never finished or updated.,False,1741007802,13,1,0.481947511434555054,0,670.0,670,76561197979971346
328080,56753051,"Fun for about ten hours, after that it feels very repetitive. The price is reasonable though.",False,1573213935,0,0,0.5,0,726.0,731,76561197979292390
328080,59761100,"A really insteresting idea that (at least for me) sadly does not work. It suffers from a problem all genre mixes suffer from: You have to be in the mood for / a fan of ALL involved genres, or it won't be fun.

I have moments where I really enjoy building a city and watch it grow. It's like watching an aquarium, and Rise to Ruins does it really well.
I have moments where I want to play a rogue-like, to face rising pressure and fear death at every corner.

Very, very rarely am I in the mood for both at the same time.

I really like the individual parts (townbuilding, miracles, tower defense), but I sadly do not like how they are brought together here. Which is a shame, because I really like those ingredients. But after having played one map, I don't see myself doing it all again on other maps.",False,1576237289,3,0,0.482730209827423096,0,586.0,586,76561198027886196
328080,81873433,"The game is not hard. Once you played a game in sandbox, you can get the grasp of what each building does. With that in mind then you can jump to an easy campaign.

Thats what I did and I had a great start. I could face the enemy, I could take terrain from them, and suddenly, the game got super tedious, so tedious that I decided to uninstall it and never play it again.

So what happened? The creep/corruption instead of spreading from a building (the same way as yours work), it just keeps spreading. And spreading. And spreading. You need to cut the map in half to avoid being surrounded by creep.

Whats the problem with the creep? It automatically spawns enemies, all the fucking time. You cut a ""branch"" of creep in half? No problem, both will be growing no matter how small the patch was. The creep goes below mountains, so you can't see it, and throught the water, and you can't see it either.

It's hard? No. Its tedious. You keep building buildings that let you build more buildings, and you spent all those new slots in tochers to cut the fucking creep, because it's a fucking cancer. A bit went off? Metastasis mutherf*cker. If the creep reaches an open space, it will start spawing enemies from there.

So instead of fighting the enemy, you end up fighting the creep spread. Oh, wow, so funny. A city building game where you end up expending your time terraforming the map so you can cut the creep in half for good.

I'll probably won't touch the game ever again unless the creep behaves like the Zerg creep in starcraft 2.",False,1607487914,14,0,0.554423868656158447,5,1301.0,1301,76561198001126415
328080,31644981,not recommended,False,1494332427,1,0,0.233766481280326843,2,698.0,731,76561198032161980
328080,65981567,"I'm no longer recommending this game in its current state.

Rise to Ruins has a very high level of potential that is stifled by some of the absolute worst design decisions I have ever seen in this industry. The game's development is very well executed, it's designs and systems leave an overwhelming amount to be desired. 

If you bought this game for any price, save yourself some trouble; when you boot the game up, click the red Exit button on the left. It's the same thing as playing the game, with the exception you didn't have to spend a day or two finding out that's just simply how you play Rise to Ruins.

Such a pity. Could've been an excellent game.",False,1585365668,0,0,0.5,0,627.0,5308,76561198118731417
328080,50484256,"I must say that Trash is not a system that has a good gaming experience, but it is acceptable. What is most unacceptable to me is that the user files of the previous version are no longer compatible. The accumulation of so long struggles has been ruined and can only be restarted. This is not an exciting news.",False,1557017966,0,0,0.5,0,1183.0,2245,76561198132516635
328080,48774676,"The game starts out great and the pricetag is not that high since the game is 50% off a lot of the time. 
But the game gets boring pretty fast. You start in 1 of many lands and to win you need to expand to each one of them, but... it's not like the maps are very diffent compared to that you have to build the same buildings and defences. I hoped the management of the city would reguire more but.... it just feel.... boring",False,1549372224,3,0,0.523239493370056152,0,362.0,667,76561198008491305
328080,75724269,"abandoned game, 2 updates since i bought the game (2020)",False,1599698719,0,0,0.5,0,1483.0,1616,76561198132372952
328080,33351903,"I decided to give it another try. The biggest issue - it is a mix of base/city builder and tower defense but building towers ( and other buildings but that doesn't matter that much) doesn't feel snappy - it always takes ages ages even when you have resources, assigned maximum  workers to builders slots and are building only few things at time. Workers are probably wasting time on building repairs. Extreme weather conditions like hail or meteor shower usually don't destroy anything but just waste time of builders.
Lacks basic QoL features - hard to say where all the workers are, zoom-out is limited, workers love to repair enemy roads if they are placed in corruption free ares. Worker death message disappear very slowly obscuring middle of screen but there is no option to jump to place where it happened. Same for announcement log - no way to visit the building that was completed/destroyed.
This is not a clicker but still a waiting game - wait for more resources, place building, repeat - you know the drill. And 3x speed slows down to x2 or less with 70+ villagers.
Adding trash to game was crazy idea and wall-e golems don't change that - the game tiles are very small and now we have 5 types of trash that looks like just some items/resources and litter every fragment of map.

---old version review below---
I like particle effects, storm spell and available tower/turret choice. And that is pretty much all that is good about it. 
After hour or two there isn't much to do other than placing another turret, shack or farm. Monsters aren't very agressive or dangerous, in 10 hours I lost only 20-30 villagers i 4-5 buildings (in Survival mode). Interface isn't great, the side menus: profession assigment and building selection are biggest offenders. I know building upgrades and limits are common in tower defence games but here they give me the ""mobile P2W"" vibe.
The game is still under active development so I hope it gets better in future, the idea looked great on paper.",False,1499455549,3,0,0.32664981484413147,1,440.0,3964,76561198047134587
328080,74881458,"Sadly, game turned into typical EA garbage:

1) Slow and repetitive gameplay
2) Random driven
3) Zero replayability
4) Too much micro
5) Stupid arbitrary limits, especially painful if you take in account light sources, that consume ""building slots"" and do nothing but making game somewhat playable without tuning your monitor gamma.
6) Hunger and thirst at same time, sadly, no vitamins and vegetables ""need"" added.
I believe that tracking 100500 different bars is definely most immersive part of gameplay.

7) All production buildings need mining building, just absurd, why not 10 building chained to make boards?
Also you need to manually assign people to buildings, there is no auto assign of any kind.

8) Walls and roads builded one cell at time, if you misclick, you will need to manually select each cell and cancel it, game ever throw warning and demand confirmation for this!

9) Unlike similar games, there are no any kind of automation, everything moved by ""people"", there are no conveyour belts or ever carts, people haul 3 wood per run and most building need 32 wood and 32 stone to build, making everything extra slow and boring.

10) Each building can be upgraded, manually, one at time, from menu...

11) No offensive combat, all you can do is sitting inside your walls and wait mobs to come.",False,1598350575,8,1,0.279912978410720825,0,606.0,606,76561197980619199
328080,48035809,"NIce idea but it not at all fleshed out yet. Too much down time between actual game play. Wait time is at times horrendous.
Would clearly advise to wait at the moment.",False,1546419974,2,0,0.504210174083709717,1,1257.0,2254,76561198030912451
328080,65121673,It's hard to recommend this game. Feels too low budget and just not fun.,False,1584323052,1,0,0.464788705110549927,0,848.0,848,76561198008369900
328080,44989774,"edit: since my last review, the dev has abandoned development of the game. It has been over a year since the last update. Because of this, I cannot recommend this game at this time. If the dev returns to the game, I will update this review and change my recommendation.

Early Access review (buid InDev31b):

Very strong The Settlers vibe with a god sim ala Populous pasted on top. I found it to be lacking the charm and depth of the games it is often compared to, and would not put it in the same class as games such as Rimworld and Dwarf Fortress. Hopefully it can earn that comparison once it comes out of Early Access.

I played it for an entire evening, and had fun, but I feel like I saw all that the game has to offer in that time.

Fortunately the lone dev is working very hard on the game and releasing meaty updates pretty regularly.

I look forward to what this game will one day be, but right now it is just an evening's fun/demo for $10. Buy it if you find the gameplay loop satisfying and want to support this hardworking dev.",False,1538169413,0,0,0.519230782985687256,0,601.0,917,76561198009990894
328080,107742088,"Abandoned game. What a shame.

Its also by far too user unfriendly, terrible way too big UI that feels like one big cluttery mess all that while essential buttons are missing like aborting your current run/settlement.

M E H

Its still a unique game and with more updates this would be my GOTY for years but sadly the developers aren't active anymore :c",False,1641835632,0,2,0.359709709882736206,0,1326.0,1326,76561198028817463
328080,66533453,"I would not recommend this game.
many of the reviews ive seen here sum it up pretty well: you are destined to lose and the core goal is to make said loss as drawnout and agonisingly slow as possible. the amount i played was on the easier difficulty and everytime i played it ended with one fizzle of corruption slipping past my line , spreading faster than i could possibly catch and contain it, only to afterward spam me down from all sides.",False,1585949574,2,0,0.497942358255386353,0,844.0,2525,76561198129651782
328080,69655522,"[b]A good slow paced builder, made infuriating by poor balance and no saving/loading.[/b] 

Some changes would have made this one of my favorite builder games but instead I am rage quitting. 12 hours of building reduced to nothing in 30 seconds. This would be easily remedied if I could load a previous save and try a different tactic, but there is no load from previous save option. I really don't see what this adds to the game. I understand creating tension but in a builder game that takes hours and hours, the only thing this accomplishes is me deciding this game is a waste of time.",False,1590227119,4,0,0.528571426868438721,0,857.0,922,76561198005720309
328080,61504699,"Seems like a fun idea with survival and city building and tower defense, but there doesn't seem to be a tutorial, and after eight hours of game play, I still can't figure out how to make a go of anything.  I have no idea what many of the buttons do or where enemies are going to come from or when and I can never make a defense by the time first wave arrives.  If I do, I have neglected food, water and shelter and my village dies of dehydration or starvation while safely inside their base...",False,1578455001,4,1,0.489108622074127197,0,483.0,483,76561198008932896
328080,101878478,"The game does not support a pause state during which you can examine things and consider your options, and the developer has flat-out refused to ever add it.

This artificial pressure is not essential to the experience that the rest of the game mechanics offer; I could easily enjoy this game without that pressure.  But the pressure ruins it for me.  The fact that the pressure is completely unnecessary except for the opinion of the developer is almost insulting.  Waste of an otherwise good game.",False,1635592810,15,3,0.558649241924285889,0,710.0,710,76561198031339941
328080,57536867,"I really really really wanted to like this game.  I love the Rimworld, Dwarf Fortress, ONI, etc type games, and I've always liked tower defense games, so I found the concept of this game quite intriguing.  And there is a lot of game here... lots of buildings and upgrades, interesting world map concept and global perks/xp, migrating people from your starting town outwards to start new towns... all this plus tower-defense style planning.  What's not to like?

Alas, it never really came together for me in a way that was actually fun.  You can tell there's a lot going on under the hood, but the UI is frustratingly opaque and uninformative; I frequently found myself unable to get the information I wanted, or unable to do anything with the information once I had it.  There's a ton of buttons, windows, menus, and lists, but there's no tech tree or tutorial to unlock them in a logical order.  So the initial experience is a little overwhelming, but I rapidly got to the point of knowing which buildings were important, which towers were needed, and what order to build things in, at which point... there was nothing to do.  I found myself just sitting there, watching the game flicker by at a fast speed, occasionally upgrading buildings/towers, and wondering what to do next.  There are no real goals, no obvious way to interact with the world, no significant advantage in expanding; nothing to really plan or strategize or think about.  Even bad things that lead to people dying can be mostly ignored, since your people are almost instantly replaced by nomads with no discernible penalty that I could detect (there probably is a penalty of some sort... but that gets back to the opaque UI).   I rapidly ran out of interesting decisions to make and ended up just marking time until I could migrate out more people to create a carbon copy of my village all over again.  Which after the first few times, really isn't very interesting or challenging anymore.

And a personal pet peeve.... dogs barking.  You eventually get dogs to join your village.  And they bark.  Non-stop.  Literally hours of a background sound track of bark bark bark bark bark bark bark bark bark bark bark bark.  With no way that I could find to turn off their barking or get rid of them, without also turning off the ""something important happened!"" type sounds.  This won't bother everyone, but for me it was the final straw.",False,1574264604,3,1,0.522361934185028076,0,639.0,639,76561197984865640
328080,47534387,"While I am not reccommending this game, it is mostly due to its standard price, which I think is highway robbery.  I picked this game up on sale for a couple of dollars, and have had a blast for nearly 20 hours.  That being said, if I had paid $10.99 for the game (current prices in maple syrup dollars), I'd feel pretty ripped off / let down.

Pros:
- Steep-ish learning curve.  Things arn't so insurmountable that you'll need a wiki, but there is enough going on that you will fail a few times figuring it all out.  Really embraces the ""loosing is fun"" mentality.
- Runs on a toaster (sort of...)
- Early gameplay is incredibly addictive.  I have felt like going for just ""one more day"" multiple sessions now.
- Scratches that ""Dwarf Fortress"" itch a little.  Though, this is more tower defence than it is DF.
- Lots of incentive to try again (rewards for ""god experience"" make the game easier, etc). 
- Once you actually figure out the intended build order, this game is actually quite chill / relaxing. 

Cons:
- ""Combat"" is shallow.  You exploit enemy pathing to succeed as long as possible.  The main stratedgy is to buld long winding paths to herd mobs near your towers.  Classic tower defence mechanics.  However, there is a limited set of resources to exploit (technically, just ""energy"", crystals, stone, and wood), and almost all the tower feels exactly the same as one another (simply with different firing rates).  You CAN build soldiers or golems, but it's mostly pointless as you can simply rely on the towers.
- Building Limits are your greatest enemy.  Until you figure out HOW the game demands you play, you're often fighting against the building limits.  My early games often hit a brick wall when I was told I could not build any more buildings without performing a Capital building upgrade (or building an expansion building).  There is a proper building path, and it leaves very little room for experimentation.
-  Due to the building limits, Food and Water become your second greatest foes.   Early on, before you realize the ""gotchas"", you'll doom your village simply by building a wooden gate (which counts as a building for some reason).  Again, once you realize the intended building path, things become trivial to manage.  However it completely sucks away any sort of creativity in playstyle (unlike DF).
- Yes, gates are considered buildings under the building limit.  No, the fences the gates are attached to are not part of the limit.  Yes, this is quite stupid.
- Your god powers feel... underwhelming.  I felt that the meteor, etc, were mostly useless.  I ended up using three pwoer consistently  my near 20 hours playing this game:  the growth spell, the labour golem spell, and most importantly the pick sh*t up spell (gotta find those mysterious keys!).  The other... 15ish spells?   Never bothered with them.  Sure, maybe they have some viability to mix up play, but those three spells carried my ass through 4 regions with ease.  I really feel these should be unlocked somehow, rathan given away at the start.
- The ""win"" condition is to settle in each biome of the map.  When you're starting out, this seems impossible - the blight comes so quickly!  My people are starving!  But then, after a few false starts, you figure out the intended play style, and fire off your first volley of settlers to the next region.  Perhaps you also ship off some starting cargo.   Bam, headstart.  You'll be up and running in no time, probably taking half the time to get to the same level of development.  Then you repeat this process, ad nausium, until you ""win"".  You can't ""win"" a region either.  The blight will slowly overtake the region map, forcing you to abandon it regardless.  There is barely a difference between regions (other than avaiable resources).  It becomes pretty dull once you hit the 15-20 hour mark IMO.

I know I spent quite a bit of time ragging on it, but I don't want you to think its a bad game.  I actually think it's pretty good!  It's just not worth $10.  I understand it is an indie product, and that its in early access, but it's not even as polished as the old single z-level version of Dwarf Fortress.  If you can get this for $5 or less, you'll have a great time, and get your fatass dirty dollars worth.  But for all that is holy, don't buy this at full price!",False,1544834829,0,0,0.5,0,1110.0,1383,76561197993516642
328080,58694458,"I've spent 10 hours with this game, but I feel like I somehow don't get it.",False,1575099900,0,1,0.447570323944091797,0,624.0,624,76561197987156904
328080,76129539,"Avoid this whatever it is. I am a good base builder, a good strategist, and can overcome steep learning curves. But in this game, I permanently feel like I don't know what I am doing, my people doesn't produce what I tell them to, random Meteor Showers and a stupid amount of unmanageable non-control. Pushing back the corruption is tedious and not satisfying, ...I could go on ranting, but I just hope you find a better, more consistent god game with clearer rules and more satisfaction.Follow my curator at https://store.steampowered.com/curator/28337205-Fair-Minded-Witness/",False,1600363136,0,0,0.37288135290145874,0,1360.0,1536,76561197980796094
328080,61880907,"I want to like this, but the combat is just awful. I have no problems playing games without direct command to soldiers, but the decision stack of golems and your rangers are somewhat asinine, ignoring slimes attacking your tower to wail at zombies far from your walls. This gets compounded with non-transparent resource processing especially food. You think having more than three max farms and animal buildings with 30 people is enough, but you will lose 60 people to starvation without you having more direct controls. This game pace is also too slow, my 26 hours consist of mostly 4-6 hours active and up to 20 letting it run while I sleep since it's that slow. 

The last straw is the disorganized sense of your village, no matter how grid-fetishist you are (which gets worse as your buildings are rarely uniform in size, and afaik there isnt rotate function). It's like watching bees losing their hive, you can't tell that your village is functioning at a glance. I have no problem with graphics or UI, but I derive no fun from just letting the system run as I do with other city builders from Pharaoh to Skylines and Banished. And they say Banished is unforgiving, at least they aren't that unfun.",False,1579084736,1,0,0.5,0,1571.0,1571,76561198209498701
328080,99142450,"simple game, the micromanagement a bit too much and quite repetitive",False,1631336502,1,0,0.5,0,464.0,552,76561198062527751
328080,62089490,"Normally I make fairly in-depth reviews, but I'm gonna skip that with this. There's a lot of fairly interesting design choices here and maybe a framework for a good game, but a city builder/sim this is not. This is a tower defense (despite what the game creator says) where you fight absurdly bloated HP monsters with very little actual strategy.

It's cool that there's a huge handcrafted island with different areas, but they all pretty much play the same.  There's mechanics to outfit your villagers with armor and weapons, but this is pointless as villagers barely fight and will instantly die later in the game.

The game, while not graphically ugly, makes it hard to identify what buildings are which without clicking on them. It feels like only the early game portion of this game was actually finished, and instead of introducing stronger towers, walls, golems, magic items or heroes, you just pick up enemies and drop them in instant death pits.",False,1579445133,6,1,0.536988675594329834,0,428.0,428,76561197994199732
328080,75841637,"Honestly, I like the concept of this game, as a colony game with spells, but there are too many negatives for me to recommend. 

This game is incredibly slow to play through.  Each day takes an hour, and your colonists take FOREVER to build and deliver resources.  If you queue up 5 buildings, it can take literal days for your colonists to deliver and construct them.  Priority setting on buildings seemed inconsistent at best regarding what order my colonists would construct things, causing them to finish things even slower it seemed.

Colonist AI is atrocious.  They will frequently wander close to the corruption and die because they wanted to pick up some items.  There's no way to set an area for them to not wander around in.  Other times they'll run up to an enemy that will kill them in a few hits (fire elementals).  You just have to know that this will happen in your playthrough, because the game doesn't let you control your colonists in any way to reliably save them from themselves.

Worker management is tedious and unhelpful.  When workers are idle, they don't do other tasks that need to be done.  If you assign workers to make ballista bolts until storage is full, once they finish they'll just sit there.  So now if you want to be efficient, you have to unassign them from the bowyer building and place them somewhere else, and then reassign them when you want more.  I can't believe more people don't complain about how confusing the slots system is for buildings.  For example, a single farmer will comfortably take care of 3-4 farms without idle time.  But if you build 3-4 farms, there's enough slots that you can assign like 12 farmers.  If you assign those 12 farmers, 10-11 of them will be completely idle as you really only should have assigned 1 or 2 farmers at most.  The game doesn't warn you that you have idle villagers either.  The ranger's outpost is another example of this problem.  If you want to have most of your workforce being idle, throw a bunch of people in there, because rangers are completely useless in this game.

Water carriers don't prioritize farms in this game.  I've had fountains full of water and my farms are dry.  You know why?  Because my guys assigned to water distribution are delivering water to houses that are already nearly full of water and in no danger of running low anytime soon.  

Most spells are garbage.  There's lightning, fire, magic missiles etc.  You can drop a useless meteor on some enemies and do a little damage.  But why should I use any of these when they're horribly inefficient and I can instead pick up and drop an enemy into a building that kills them in one hit.  Though that ends up being horribly tedious as well.  There's the grab spell, but you can't pick up more than 1 thing at a time.  You wanted to help build?  Then you have to tediously pick up and drop 1 resource at a time onto a building under construction, when they usually take 32 resources MINIMUM for the lowest tier.  And for some stupid reason, you're penalized if you're not quick about it.  If you hold onto a resource or an enemy for too long, your mana starts to drain, so you better be quick!  This game just loves to hurt your wrists.

On the other side, there are 3-4 incredibly OP spells.  Harvest is ridiculous, and will net you 100 wood/stone or more with every cast. Something that would take your colonists a literal day to chop/mine is now done in seconds.  You don't even need to build a mine or a tree harvester building with this spell.  Holy Potatoes and the regenerate land spell combined with harvest means you don't really need farms either, they're that OP.

Don't even bother trying to do animal husbandry.  The breed rate and butcher rate is so ridiculously slow that you might need 10 animal pens if you actually wanted to use them to feed your colony.  But again, you shouldn't even bother tbh.  Just use Holy Potatoes and get all the food you need.  Even if you don't use that spell, just eating raw vegetables from your farms works perfectly fine.

There's a general lack of information in the UI.  What's the difference between raw meat and cooked meat?  I couldn't tell you.  My colonists will eat both as far as I can tell.  Do the animals I keep in my animal pens and chicken farms eat my vegetables or are they grass eaters?  Beats me.  Are eggs and boiled eggs from my chicken farm any better for my colonists than raw vegetables?  I have no idea.  None of that is explained anywhere that I can tell.  

The lack of a tutorial when you start the game.  I think I understand the game clearly enough now, but honestly this game could have used a longer tutorial when first selecting an area and playing through it.  I see enough reviews that this is clearly an issue.

The tower/defensive balances in this game are not well balanced.  Golems are straight up better than defensive towers.  They're cheaper, mobile, don't require ammunition, don't require any sort of maze to build (which can be walked through by some enemies anyways), and can help you offensively if you build lights right up against the corruption.  Literally building mass golems is the best strategy I've come across.  There's also armor and weapons you can equip your colonists to fight with, and an outpost building you can use them to patrol with.  Why is this even in the game?  Colonists are so fragile in this game, you can't control them, and you generally need them doing other stuff that I can't fathom why the dev thought anybody would want to send them to the front-lines, especially when you can't readily replenish them.

There's also no way to technically be offensive against the corruption in this game.  You may happen to have some golems wander close enough to the corruption that they'll attack something and draw some aggro, but there's no way to specifically order your golems, or even colonists, to attack and clear out an area, which is quite sad.

Speaking of that, colonist spawn rates is another issue that slows this game down.  It's entirely random when you have nomads join you.  Apart from nomads, you can also gain population through childbirth and by buying workers to join your colony.  The problems?  Childbirth is as infrequent as nomads and quite often the children will not make it through childbirth.  Nothing you can do about that.  And you're lucky if you actually see more than 1 worker every 3-4 days (2-3 real life hours) for sale.  They're that infrequent.  Actually, because those workers show up at the merchant station, its actually beneficial to pick up your merchants and kill them so that more slots are available for workers to show up.  No penalty for doing that.  That's how ridiculous it is.  I can have an abundance of food, housing space, water, and defenses, and I'm still being bottlenecked in population by something completely out of my control.

The pause button doesn't let you scroll around the map, or view things.  It throws a screen in front of you so you can't see or interact with anything.  I just wanted to pause and take a look at a battle or plan out some building placement, but screw me I guess.

I really wanted to like this game, and the dev seems to care about his game and seems like a nice guy, but there are too many flaws and design and balance flaws that I have with this game to recommend it.",False,1599904407,2,0,0.522058844566345215,0,1026.0,1043,76561198044365226
328080,55745071,https://steamcommunity.com/id/berithjah/recommended/328080/  totally agree with this dude),False,1571928098,0,1,0.433090090751647949,0,1630.0,1630,76561198046937614
328080,142170270,"Take the money and run.
Game is abandonedware, It's not worth the pick up I bought it full price and I thought it had such promise, but just shows you this market of ""indie"" games, can have a lot of bad apples",False,1689473191,2,1,0.465924888849258423,0,477.0,477,76561198879635863
328080,44812194,"This game has the same game design problem, that Timber and Stone, Stonehearth and Don't Starve have. It's sandbox, but sandbox without interacting of game elements, without game mechanics intersection. In this case it becomes a build-an-alghoritm-to-pass-maps game. This game gives no space for your imagination. But after building this alghoritm, you will also face with time-killing mechanisms, like dumb villagers and slowness of their work.
I don't blame Raymond Doerr for creating such a game. He is moving trough largly unexplored game genre. And I'm sure, all he wanted to do was bringing something new in the world of games. For me, it's not a failed experiment, it's experiment with, sadly, negative result.

У этой игры есть та же геймдизайнерская проблема, что и у игр Timber and Stone, Stonehearth и Don't Starve. Это игра жанра Sandbox, но это Sandbox без взаимодействия игровых элементов, без пересечения игровых механик. Из-за этого она становится игрой типа построй-алгоритм-чтобы-пройти-карту. Эта игра не даёт пространства для твоего воображения. Но после построения этого алгоритма, ты также встретишься с механизмами, убивающими твоё время, такими как тупые жители и медлительность в их работе.
Я не виню Raymond Doerr в создании подобной игры. Он движется в сторону во многом неизведанного игрового жанра. И я уверен, всё, чего он хотел сделать - привнести что-то новое в мир игр. Для меня это не проваленный эксперимент, это эксперимент с, к сожалению, отрицательным результатом.",False,1537372193,27,3,0.506154060363769531,0,1330.0,1541,76561198090283130
328080,157061554,"Okay game but totally off the charts in terms of balance. Feels like an Early Access game. Developer has basically abandoned it to work on other projects (he even shamelessly says this in the ""Funding Secured"" update note). Avoid it.",False,1706465189,7,1,0.43320387601852417,1,483.0,483,76561198077750759
328080,50501862,"Never had a game take a $hit on me more then this game.  Being forced to create a maze like path for the monsters to walk through is tedious and not fun at all.  Being severely underpowered in all manners (spells, villagers, guards, towers)  is not fun.  Add in the tedious villager growth rate, bad farming mechanics and overpowered monsters that have an exponential growth rate that does not depend on resources available on the map and you end up with a pointless game since you are and will loose.

Add the fact that you are forced to not only live by the corruption spreading but pander to its whims is absolutely absurd.  You are not allow to stop and destroy the corruption but instead must allow it to grow and spread liking a rotting cancer lump.  How is this fun?  I would have instead liked to have your first village fight against and stop the spread of the blight in that area, while the rest of the map has it spread more making each new village more challenging to create and defend.  To not make it too easy formal villages can have a random chance for attacks and blight events.  This would give you are slow difficulty progress, unlike the nightmare we have now. 

The game is in need of some serious balance.  I would like to have control of units like an rts game.  Currently having the guards running around randomly unless to an outpost is ok, but when I want to use them for battle at a specific location they are all over the place.  

Since this is alpha I am sure small balance changes will come but until then purchase the game just for those curious enough to see how much the developer wants to you to loose.",False,1557090631,0,0,0.487697690725326538,0,840.0,6623,76561197976000465
328080,95304814,"Allow me to start this review off by saying that this is the first review I've written in perhaps 6 years. However, please do not consider this to be a bad thing, as I honestly believe this game has great potential. I'm leaving this review in the hopes that the developers see it and perhaps take my recommendations into consideration.

Rise to ruins appears to me as if it is a spiritual successor to Towns, an incomplete colony sim from 2012. You build a village, manage its villagers by assigning jobs, and building towers to defend the walls. It's fun, what can I say? However, I cannot recommend this game for many reasons in its current state. I will list them out below.

1.) First of all, there are grammar issues. A few missed commas and miss-capitalization here and there. Easily fixed I believe.

2.) Disaster Response: In this game, there is no way to respond to disasters at all. If anything happens to any of your villagers, their first reaction is to run scared. There is no way to prevent this. You can't change how villagers react to dangers, even if you equip them with a weapon (as far as I could tell). You also can't prioritize jobs (like chopping trees or mining stone or manufacturing items) nor can you issue direct orders to your villagers, so anytime there is a stay zombie, there is nothing you can do about it until someone suddenly decides they want to fight or the zombie wanders into the range of a turret.

3.) Balance issues: I believe there are many, many balance problems here. This will be the meatiest entry. First of all, there are wayyyy too many jobs and not enough villagers. I do not understand why the villager who smelts iron can't also smith the armour & weapons, at least at the beginning of the game? Why can't the villager who fetches water from the rain collector or water purifier also bottle the water? It makes no sense to me. My villages consistently grind to a halt as I wait for more hands to show up or be born so I can hire a new waymaker. This is also another thing, I think that the rate at which villagers multiply should be increased, as in a 6 hour game (where my main source of incoming villagers were nomads), I saw one birth and still had to wait for them to grow up. On top of this, limiting buildings (their number and positions) is more of an inconvenience than anything. In the same 6 hour game, I never got to construct a single building in regards to crystal collection. Disasters need to be scaled down. After reaching day 5, I had two meteor showers and one earthquake in one day, which completely destroyed my village.

All in all, I really like this game, like I said, I think it has great potential, it just needs to be worked on still. As is usual with these types of reviews, I will change my recommendation when these issues get fixed. Otherwise, great work so far!",False,1625720335,25,0,0.510426998138427734,4,694.0,694,76561198072364868
328080,12657178,"Edited on Jan 29 2015

So this game has been updated, and i've been asked to check the game out again since there is now more content, and this does TECHNICALLY qualify as an early version of the game, rather than simply being a tech demo as it originally was, dumped on steam with no warning that the game wasn't practically playable any more than starcraft 2 with only command centers and scv's would be.

But i'm not impressed. My problems with this game comes down to 

 - Terrible ""village management""
 - Sketchy bussiness practice, not necessarily malignant, but the dev is inexperienced and it shows
 - Lack of direction
 - There is no way to make interesting maps (All current ones are garbage)
 - Even at 10€ the game is heavily overpriced

I don't want to go into little bugs and irritants, although they are not in short supply, this is early access and these are expected, but the above problems aren't something you can fix with a little patch, they require major reworkings of the game or the way the development operates.

By far the biggest issue here is the way new villagers are aquired; the game borrows the double dumbass approach of towns where you will only reproduce if your people are happy AND your people will only be happy if they aren't doing anything. I really didn't want to add this sentence but if you look in the comments for this review it's obvious i'm going to get called on it if i don't so yes, technically you CAN aquire new citizens even at 0 happiness, but the odds of that happening are so abysmally low, i've played 4 games now and i've seen 1 new person appear at <25 happiness, so it doesn't matter.

This is made far worse by the game's approach to combat. I expect combat to change a lot as new features are planned for it, but it is still taking the approach of high volatility combat; you're going to lose people defending your home. Compare this to Towns and Dwarf Fortress; in towns you also have this stupid villager approach to population growth, but you're very unlikely to lose people in combat, so it doesn't completely shut down your village even if you're frequently in combat. Dwarf fortress has frequent, massive genocides with scores of dead characters, but population growth is tied to the value of all items your fort owns, and looting enemies gives you lots of weapons, armor and clothes of good value, so you typically get lots of new migrants coming in to refill the ranks of your military.

This game has you attacked about every 30 seconds right now, there is practically no breathing room, and it starts immediately. The game seems more like an RTS than a village sim, but with an extremely slow process of replenishing your forces. This could work in the same ways as custom maps for starcraft and warcraft have done, which was awesome, but when you can't expand your population you're just stuck, unable to do anything.

Tying happiness to idling is another total failure for the game, especially with the constant aggression. You basically turn the whole game into ballancing workload vs free time; too little workload and you won't be able to build the defenses, too much workload and you never get enough people. This could work as a component to the game, but it just becomes the sole focus, and all you end up doing is unassigning and reassigning people in a neverending circle of tedius micromanagement.

Speaking of tedius micromanagement, the villagers are terrible at carrying out tasks efficiently. If you order too many houses/defenses/farms (read: more than 2) they'll start building the first house, then when it's halfway done, they apparently switch to the next, with just a few people working on the first. The result is a collage of unfinished structures littering your town, and if you're building defenses while they're being attacked, the builders will drop their materials to fight, then carry them of to the wrong building, leaving a single unfinished tower for up to 20 minutes was the worst i had, with the little idiots running back to pick up their wood, then drop it as a zombie got close, run over to punch the zombie, then pick up the wood and haul it to another tower under construction. (I queued 4 towers, silly me)

This isn't really a big issue to work around, just don't queue up constructions, right? Sure, but this is more micromanagement on top of giving builders their mandatory vacation time, and on top of the next issue:

Villagers apparently gather resources from completely random places. This means if you're building something in one place and you assign them to gather wood/rocks nearby, they'll gather it there, but if you then build the next building somewhere else (Why would anyone want to keep their farms and defenses seperate...?) you have to unassign where to gather resources, or the idiots will run halfway across the map to chop down a tree, instead of the one assigned right next to them. 

All this combined means you don't spend your time organizing defenses, planning your town or anything you'd expect from this game, you're just babysitting these idiotic villagers; go chop here, don't chop there, don't be a builder, don't mine there, mine here, be a builder, don't be a farmer, etc. etc. and this is what the game is; it takes hours to build anything because of this nonsense, and you need to leave the game running without building anything to get new villagers.

The other major issue with this as a village sim is that there are no different resources; just food and construction materials. Wood and stone are just different colours; no buildings/tools/tech needed for extraction, take the same time, trees don't regrow, what's the point?

The game's bussiness practice also smells bad. The game was initially kickstarted successfully, and IMMEDIATELY after that it was dumped on early access, despite being nothing more than an abysmal tech demo; no combat, just farms and houses forever; 30 minutes and the game ran out of things to do. My problem with this is how eager the dev is for cash. Why wasn't the kickstarter enough to at least make a functional game before throwing it out here? He'll happily charge full price for a tech demo, and the ""game"" has even been on sale. I hate old sayings, but ""Don't sell the skin before shooting the bear"" seems apt for once.

The other problem the dev has is the game's lack of focus. This game is NOT on early access to get feedback, because there are so many features missing it's practically impossible to give any worthwhile feedback. What the dev seems to want is ideas for where to take his game, and early access is a terrible place for that. Maybe you want a village sim and this turns into an RTS? Well then, jokes on you. It's impossible to satisfy everyone, but you're still charging them for it. Like i wrote at first, the game has elements of an RTS and a village sim as the dev advertises both on the store page and here: http://retropixelcastles.com/index.php?/page/key_features.html but they don't work together. You can't have the volatility of an RTS combined with the slow growth of a village sim; one has to dominate. The game also touts this ""inevitable failure"" part, as if it has any benefit; If you're building a village you want to see it grow and expand; what's the point of that if the village doesn't matter and you're just playing for high score? I don't mind the ""see how long you can last"" thing, but its fun in an RTS, where you build things only because of their immediate value to your survival, not in a village sim. 

Apparently we're supposed to unlock stuff after we die, because grinding for necessary unlocks is everyone's favorite thing about videogames.

The game also claims to be ""unique"" which is nonsense; stronghold and majesty has done ""defend and grow village"" over a decade ago, and MUCH better. 

TL;DR: This is an RTS where all you can build is farms, houses and towers, and you can't control or replenish your units.",False,1414423683,162,7,0.580352604389190674,36,411.0,901,76561197999709326
328080,120965793,"This game is garbage! How is it getting good reviews?? The A.I. doesn't even listen to your priority orders.
Should be a free to play game at best.",False,1661037505,0,0,0.406753987073898315,0,340.0,340,76561198047801787
328080,207681184,"When the developer jumped back into the game updates, I was super excited! That excitement died down quickly as there were no further updates and the game feels very much like an unfinished concept. There is other games out there that feel more finished and fun to play. With no further updates incoming, I can safely say, move onto another game or try it on sale.",False,1761521489,9,0,0.624055325984954834,0,1068.0,1068,76561197968478223
328080,186608264,This game does not work.  I can't stress this enough.  If you go into skirmish it does not function the way it supposed to and you can't do anything.  I watched tutorials of how the game is supposed to work and this is clearly not it.  It just doesn't work.,False,1738076479,4,0,0.458563536405563354,0,558.0,558,76561198088426871
328080,120354531,the ai are really annoying and just dont listen to priority often plus they are scared off way too easily i guess thats supposed to force you to play the game the way the game wants you too along side a few other mechanics like corruption seemingly growing faster the closer you are to it or maybe its tied to how well you are doing either way its not very fun to fight against rimworld is better several times over and only double the price well worth it imo i really wish i could refund this game but i only realized what a pain in the ass the ai were well into my playtime unfortunately also you cant cancel dismantling,False,1660076746,2,0,0.511278212070465088,0,556.0,811,76561198189431326
328080,96039274,"The game looks nice. It's fun to watch tiny people running around. But the amount of content is very limited, and everything is way to slow even on fast forward. The screenshots looked promising, and I really wanted to love this game, but it's just boring, and I can't recommend it to anyone. I'm not refunding or anything, it was okay for two or three days, but I thought it would be so much more. And a game like this should be okay for weeks and months, really, not days.

Some details such as names of npcs and stuff suggest that the developing team is very small (idk if it's true, I don't want to research). I think some help is needed with text, balance and pacing. I'll try this game again later.",False,1626729456,0,0,0.448481768369674683,0,794.0,823,76561198065934699
328080,106398450,"Quite interesting game, but not updated for over 1,5 year! 
The developer probably abandoned the project sadly.",False,1640316254,20,2,0.507608294486999512,0,525.0,525,76561198134784552
328080,43783540,"[h1] Wait with buying until its fninished [/h1]

This game does alot of things right.
I personally find the graphic style very nice and fitting, the music is a bit slow and lacks catching track but is overall fitting aswell. The way your people and your little town work is really quite satisfying. The game can be hard and unforgiving but that is always the case with survival based roguelight games.
I find the game to be fun and kind of addicting.

The problem I have is that it is still very much work in progress.
There is no techtree in this game and there are really not all too many building. The game would benefit from somehing like a school or university to develop new technologies.
Also the devs could introduce heat as a function. This could work for making fire to stay warm or to light the fires for smithing. You could for example build a charcoal producing structure that turns wood into coal. 
There could be animals like cows, sheep but also horses.
A longer workchain in every aspect would help alot. For example from grain over a mill to a bakery.
There are many many things other games have already done that this could do also.
Nontheless it is still good for what it is.

The biggest bummer for me here really is stability.
The game crashes from time to time during startup. This is really no big deal apart from the fact that I lost my savegame 2 times when it tried to load the game and it crashed. I just lost 12 hours progress today.
I can't really bother to start again all over since I am fairly sure that this will hapen again and since the game consumes alot of time I do not want to risk it.

Conclusion:
A fun game that is still very unfinished and could be much more.
I do not regret putting my money into it but will stop playing for now. 
I can just advise you to wait a couple of months or a year.

If you can see over the early state of the game and you are frust resistant I can recommend this game.
The devs deserve support, that is for sure and I wiill give it a shot again at some point.",False,1532720131,0,1,0.476190477609634399,0,977.0,977,76561197983563283
328080,49306123,Meh. Gameplay is mediocre.  Love a lot of things about the game like graphics and incremental building - just wish it were fun.,False,1551493643,1,0,0.417388886213302612,0,466.0,466,76561198223850924
328080,91025898,"Quite fun, very similar to Dwarf Fortress and Rimworld, some similarities with Creeper World 2/3. Some aspects of the game are much more intuitive and less frustrating compared to those two though (like ""maintain"" amount orders being built in), well done with that. The graphics are a considerable amount better, definitely more consistent (or existent, lol).

On the negative sides:

* The building (upgrade) queue seems like too much micromanagement. If I don't bump every upgrade to the top at least once, then they never seem to get done in a reasonable amount of time. 

* Villagers seem to not like multitasking, so proper assignment is always tedious. If you ain't got nothing to bottle, why not give a helping hand to water masters? Seems like an artificial difficulty that just distracts from main gameplay.

* Builders are in general super inefficient and slow, the spells given are a relatively mandatory addition. Finished buildings in the same queue as upgrades/new ones does get very very cluttered at some point. A separate queue for repairing/restocking would be nice.

* There's also no way to lock gates, it's very annoying. 

The final and dealbreaker issue for me is that you can't win the game in any remotely hostile gamemode, the monsters at some point are only challenged by your finger. God walls? As strong as American homes. Because of this I probably won't bother playing the game for too long, knowing I'll lose (or lack anything to fight) makes it lose the charm.

UPDATE:
When you do manage to push corruption back until the point that you've basically defeated them, then before the last night their last tiles disappear you're in for an unfair surprise. The game ramps up the difficulty tenfold (not exaggerating) meaning basically no villager defenses are going to be sufficient. They're one-shotting the walls, your golems and do so en masse. 

I managed to cause a bottleneck with god walls (those also get destroyed in one hit if they block) and I could hold down lightning and the amount of dead enemies just refueled the bar for an entire night. Still more than enough enemies survived to destroy ten maxed-out crystal (and a few stone golem) spawners, three artillery towers and all the villagers.

All that while the previous night the enemies didn't leave their corner. I'd understand if it were a gradual ramp up, but that was cheating. Like Mario Kart's blue missile or Civilization's AIs being set to higher levels, but absolutely no practical tools against.

So not only are your villagers very unintelligent, the enemy gets to cheat.",False,1619560684,0,0,0.5,0,743.0,5071,76561198066263110
328080,56091364,Ultimately a shallow game with clunky mechanics and a difficult UI,False,1572576471,0,0,0.5,0,932.0,932,76561197969596858
328080,94245637,"too many weird job mechanics to keep track of, very slow gameplay.  maybe I don't get it but I have tried multiple times over the years to get something going and it doesn't go well regardless.",False,1624496790,1,0,0.494165688753128052,0,1069.0,1069,76561197963714868
328080,45262561,"There’s no goal given and no real way to actually win, the game actually gets more difficult if you attempt to bring the fight to the enemy instead of just sitting back and waiting for your own death.

Edit:

I should explain why I wrote this review when I did and why the mechanics of the game is great the problem is its developer doesn't understand this genre and it you don't play it his way ""don't play his game."" 

The developer told me personally on his discord the goal of the game is for you to fail. Not expand and have a community that can fight back the corruption no. “The point of the game is to see how long you get until you fail and die.”",False,1539508506,3,0,0.543630897998809814,0,1157.0,2568,76561197991392340
328080,194459690,They do not plant food even when you make 5 farms and water them and the food dose not grow fast and everyone just starves to death before the food is ready. so the food is system in this game is broken dont bother wasting your time.,False,1746693243,2,5,0.373142898082733154,0,681.0,708,76561198116016235
328080,28215024,"It has potential but seems very broken.  First play new villagers spawn once in awhile, second time none.  Slowly have people die, never enough to grow.  Oh and the tutorial video is for a completely different build of the game.",False,1481004265,4,0,0.469368964433670044,11,409.0,415,76561197965261421
328080,55692492,"Can't recommend - it's more frustrating than anything.

Villagers are really, REALLY stupid. They:
- don't care about building priorities most of the time
- randomly attack enemy graveyards spawning hordes of enemies that overrun you if you are not prepared
- ignore building resources next to a construction site - and will rather carry them over half the map to the village center for storage

Furthermore you don't get notified if anything bad happens. I had many buildings destroyed by a single trash slime or skeleton without noticing - and the villagers did not care.

Still - it looks like the developer worked hard on this. If it gets tweaked a bit here and there it could be a great game!",False,1571596930,3,0,0.516424357891082764,0,1384.0,1826,76561197960699417
328080,55734062,Dev abandoned the game,False,1571853366,1,0,0.528985500335693359,0,690.0,2008,76561198057829734
328080,43411996,"I think the most telling reason why this review is negative is the bit where the thing I enjoyed doing in the game most was clicking a button to upgrade my roads.

The game's ""learning curve"" mostly comes from the game lacking intuitiveness. Build a mining shack early on, 8 worker slots. Surely you'd need a lot of miners? Nope, until I had 60 people I had 1 miner. Fine and dandy. 4 slots per farm? You only need 1 farmer per building tops. Defense is easy, slap a winding maze entrance and whatever towers fit your fancy. Long as they get ammo, good enough.

In the end, the game just doesn't make you make important choices. They all seem fairly redundant once you stop wasting your workforce without realizing it. Without choices, or the interesting individuals that make colony games like rimworld work, it's just a monotonous time sink. I didn't hate my time playing this, I got my money's worth, but I would never suggest a friend get it after experiencing it.",False,1531093138,25,0,0.645653426647186279,0,928.0,928,76561197997986395
328080,183253928,Needlessly complex,False,1734758091,2,2,0.380979418754577637,0,886.0,894,76561198120181297
328080,55696286,"I would rather leave a mixed review than a ""no"". This game isn't awful, but I did not get into it.

It's kind of a base-builder, kind of a tower defense, and kind of a god-game. But it's not a particularly deep version of any of those three, and the elements never came together to make a game that was more than the sum of its parts. Random events just felt like random events, it never felt immersive. The pixellated graphics were hard to read sometimes. All my villagers were pretty much interchangeable. It was just a very ""meh"" experience.

Also my women villagers had names from real-world celebrities. Like I had a 'Jennifer Aniston' and a 'Nelly Furtado'. I'm guessing those are women the developer would like to bang. I'm fine with that kind of silliness in mods but it doesn't belong in your base game.",False,1571617416,0,3,0.420549184083938599,0,717.0,717,76561198002269490
328080,90985822,"Let me start off with this: I really, really, REALLY want to love this game. It has incredible concepts and aspects and I love almost every one of them. The one thing holding it back, however, is the control of your population. In my first four hours, I was completely unable to surpass 20 villagers on the Traditional (easy) mode. I had plenty of food, water, and shelter, but my villagers kept starving to death for absolutely no reason. Usually, for some reason, it's always the farmers who die first, leading to a village-wide blight that annihilates my population. I have restarted four times (which by the way, is a pain in the ass to do since you have to create an entirely new player in the main menu) and each game ends before summer because I have no visible way to make my villagers eat.

Like I said, I really want to love this game. If this wasn't an issue, this game would be damn-near flawless. This issue, for me at least, breaks the whole game, unfortunately. I don't know, maybe I'm just stupid and can't figure it out.",False,1619496275,0,0,0.476190477609634399,0,459.0,662,76561198101188105
328080,49806902,"Learning curve is steep, and punishing.
I don't get games that are design to ""MAKE YOU LOSE!!!! HAHA XDDDDDDDD"".
Would be alot more fun if there was more in game documentation and tutorials, with much easier line of difficulty progression.

4/10
Would only recommend to masochists and try hards.",False,1553783262,1,0,0.332194030284881592,0,894.0,894,76561198046577060
328080,88384578,"Has a consistent crash to desktop that happens between 30-120 minutes in. By the time i noted, it was too late for refund. 

Ignore this game.",False,1615668670,0,0,0.392745733261108398,0,691.0,691,76561197971425129
328080,43428497,"""STEEP LEARNING CURVE"" IS A HORRIBLE UNDERSTATEMENT. IT IS A SHEER CLIFF FACE, AND YOU ARE GIVEN A RUSTY FISHING HOOK TO CLIMB IT. 

THIS GAME CERTAINLY ACCOMPLISHED THE ""RETRO"" ASPECT THEY SO DESPERATELY CLAMBERED FOR, AS IN IT IS TERRIBLY EXPLAINED HOW TO WORK THIS VILE GUI SYSTEM. AND I RAISE THE DEAD IN MY SPARE TIME.

I WOULD SAY PURCHASE AT YOUR OWN RISK, AND WHILE IT IS ON SALE, IN CASE OF HAIR-PULLING RAGE AND FRUSTRATION.


*EDIT*

AFTER SPENDING MORE TIME RAISING MY LITTLE VILLAGE, OR ""CLIMBING THE CLIFF FACE WITH MY RUSTY HOOK"", I START TO REALIZE I TAKE ISSUES WITH MORE THAN JUST THE DIFFICULTY. 

STARTING OFF, I DON'T UNDERSTAND WHY BUILDERS AND MAINTAINERS ARE SEPERATE JOBS. IS IT NOT THE JOB OF THE BUILDER TO *RE-BUILD* DAMAGED STRUCTURES? WHY MUST I REMOVE DEDICATED BUILDERS AND THEN ASSIGN THEM TO MAINTAINERS TO JUST PATCH UP A HOLE IN MY BUILDING? 

THE SAME ALSO APPLIES TO WAY-MAKERS. WHY MUST I BUILD AND THEN DEDICATE A VALUABLE VILLAGERS TO THIS BUILDING JUST TO HAVE THE *ABILITY* TO DIG A HOLE AND PAVE DIRT ROADS?

NOW THAT I CONSIDER THIS MORE, WHY IS A BOTTLER OF A DIFFERENT OCCUPATION THAN A WATER MASTER? WOULD IT NOT BE THE JOB OF A WATER MASTER TO BOTTLE UP WATER TO GIVE TO VILLAGERS? 

I FEEL THERE ARE TOO MANY REDUNDANT JOBS TAKING UP TOO MUCH VALUABLE SPACE AND VILLAGERS. THIS SHOULD BE ADDRESSED, AS IT REALLY HAS NO BEARING OR ADDS NO DIFFICULTY TO THE MAIN PREMISE OF THE GAME. AND I FEEL THAT AS WELL AS THE ABOVE MENTIONED STEEP LEARNING CURVE MORE ADEQUATELY ATTESTS TO MY RATING.",False,1531160632,4,11,0.273109912872314453,2,850.0,850,76561198038700201
328080,47782030,"Boring and repetitive. After you finish one region, nothing to do...",False,1545667884,0,0,0.5,0,398.0,1685,76561197993249045
328080,70147873,Got bored... very bored,False,1591021358,0,0,0.449418604373931885,0,372.0,372,76561198901084947
328080,69188380,"As a veteran of this style of game, I can't really recommend this one. It's not terrible, and has some nice qualities, but there are too many issues of AI coding, balance, and game design that make it unredeemable. Many other negative reviewers have summed these up very succinctly, so read through those to get an idea if those sound game breaking to you. I would guess that a lot of the positive reviews from this game have not played many other similar games in the genre who do it much better.",False,1589564972,4,0,0.513960301876068115,0,1429.0,1892,76561197979918828
328080,50001366,"Flawed, but hopefully worth a recommendation sometime in the future.  You can find far better descriptions of basic gameplay elsewhere, so skipping to the complains.  First, difficulty.  Unless you utterly cheese things on Survival you will get wiped out by winter, day 16 or so.  For some reason I cannot fathom the monster count starts going up exponentially so you have dozens of monsters hitting you at the same time.  Possibly survivable if you happen to be skilled, but honestly fairly boring otherwise.  Yes you keep your ""god xp"", but getting a few % points here and there after losing again does not add much to replay value.  Desperately in need of a way to abandon a town beyond waiting for monsters to kill everyone or by sacrificing them yourself.  Traditional exists, but having a difficulty range of easy or ""u ded"" is only worth a few runs.

Magic feels rather hit and miss, a significant number of combat spells feel like you are hitting monsters with wet noodles.  Even dropping meteors on your own town feels anemic.  Expect an average skelly man to take two or three lightning bolts.

Town construction and range could use some work.  Bonfires are the cheap option for extending build range, but they are cut off by walls, which then means you should build them into your walls.  Because why not.",False,1554597806,0,0,0.5,3,1040.0,4365,76561197976606392
328080,182762183,"Good and fun game, abandoned unfortunately.",False,1734211517,5,1,0.432137221097946167,1,528.0,528,76561198008602228
328080,56176524,needs more work put into,False,1572629856,1,0,0.490809351205825806,0,877.0,1344,76561197980689583
328080,102623687,Game has good concept but is hamstrung by braindead AI and pretty mediocre payoff late game. Would be a lot more interesting if there were more ways to fight corrupted land but there's really only one way to go about it. Kind of kills replayability since although there are tons of different maps you pretty much have to approach them in the same way.,False,1636686296,3,0,0.476190477609634399,0,576.0,576,76561198039988135
328080,58938290,"Endearing, but ultimately too passive and scales poorly past the initial starting town size. 

The pressures placed on you by your town's growing needs/the steadily increasing monsters wandering towards you don't require the potential micromanagement of Rimworld, nor do you reach a population large enough to have to suss out causes of systemic problems like you would in a city builder. In fact watching a late game village it becomes apparent the AI doesn't really seem suited for anything but small compact towns. They'll retrieve a full load of resources, walk over and drop 1 unit at a work order, and then return the rest to another storage ancillary that had been running low, despite there being identical work orders immediately adjacent to the first. That's if they decide to even pick up a full load in the first place.

I did enjoy the aesthetic, plus there is the start of something interesting in the corrupted zone growing to mirror your town; but in the end it isn't interesting on either the tower defense side of things nor city sim side of things.",False,1575226587,2,0,0.473942995071411133,0,660.0,660,76561197993901497
328080,54936621,"I really wanted this game to be good, but it just didn't measure up to what it promised. though i enjoy tower defense games, dwarf fortress, and rimworld i found rise to ruins to be lacking.",False,1567443119,0,0,0.47826087474822998,0,443.0,3862,76561197998921080
328080,42391045,"At this point in time I feel like the game is very slow and I've spent a lot of time waiting for things.
Waiting for things to build, to upgrade, etc. 

I really want to love this game, it has so much potential and I will continue to return to it in hopes that it will be optimized to have a bit more enjoyable of a game experience. I couldn't make it to fall without getting very bored and I never died or even struggled in survival mode.",False,1527711210,0,0,0.476190477609634399,0,1511.0,2079,76561198055738443
328080,51066310,"What treeves3 and bufferunderpants and others wrote. It could have been a great city builder game, the devs continue to limit it to be a tower defense game.

After 8 hours of game and understanding that my efforts to defeat the chaos are useless, I gave up on this game, because losing is boring in this game, and you will always ""lose"" in this game.",False,1559756574,6,1,0.449661612510681152,0,471.0,687,76561198014157925
328080,162516167,always crashes,False,1712627008,0,0,0.453315436840057373,0,489.0,489,76561198081210449
328080,49217506,"Fun idea but poorly executed, game mechanics are completely unexplained which usually results in some simple thing destroying your entire village, wasting the last 10 hours of your life. Do not get unless you enjoy endless frustration",False,1551036113,0,0,0.440595567226409912,0,891.0,2124,76561198168743045
328080,44079052,"Even if you set a high priorty for a building, no one cares. They only build it when they feel like it. 
Your own people always run into the arms of your enemies ... and and and ...

There are so many reasons not liking this game but a lot of pepole already wrote something about it. 

What a waste of time. Ok, I mean there is one thing about the game I like. This game is not expansive and you can deinstall it everytime :)",False,1534023327,0,0,0.44514387845993042,0,1368.0,1368,76561198125724908
328080,97799173,"The premise is great, the vibe relaxing, the music beautiful, the choices & buildings abundant, the simulation programming - nailed down. So why I stopped playing? I feel it's due to a lack of interesting late progression. Your civilization becomes a chore to manage. Everything is the same, just more and dully ""upgraded"".

If you want to play it as an tower-defense on a continental scale, buy the game! You'll love it. Seeing a map of possible lands to conquer one by one is breathtaking. My expectations were more on the civilization-building side though.

I think that Kingdom: New Lands has the key to what could make Rise To Ruins shine. The Civilization series can also give some hints. In these games, in a late era of stone castles you no longer even think about basic needs, wooden shacks. IN Kingdom, your experienced peasants skill up to become knights in golden armour. In Rise To Ruins, with your empire sprawling, you still need to waste a population slot for a garbage collector. The *feel* of building from tents to cities just isn't there.",False,1629292082,10,0,0.580966174602508545,0,672.0,672,76561198039195012
328080,57121981,"I want to enjoy this game, the concept is pretty sound. Unfortunately a lot of your ability to micromanage situations is based on your god abilities. Most of which you cannot have readily available on the quick selection tabs to handle the various situations that arise. 

Your villagers seem random in their affinity to help out. Normally I see my villagers attacking nearby monsters, other times they simply run back and forth in the same small section of land until the monster kills them. 

The corruption is a neat concept, an enemy village that slowly spreads. Unfortunately this too you're not suppose to fight in any meaningful capacity, it seems to be there only to hinder your ability to expand. If you decide to try to fight back the corruption they begin to fight back in constant spawning groups. You can slowly manage this with an absurd number of towers, but it feels the only genuine way to combat this threat is immensely unsatisfying and without reward. 

The game is too random with it's meteor shower events, I don't mind losing when I have the ability to learn from my mistakes, but to lose simply to bad luck feels as if I'm robbed of my time rather then enjoying it. I had 2 back to back meteor shower showers that devastated a good portion of my production and then further cemented it by spawning several fire elementals that I could do little about with my limited god power pool having been drained by trying to mend my buildings. Population is also a meager struggle, which is again limited further whenever the game decides to kill off a number of your people due to random meteor showers.

There's a good game in here, but some design choices seem to take away from the fun to the point it's no longer enjoyable rather then add to it.",False,1573684055,0,0,0.5,0,838.0,1017,76561197970406277
328080,106641966,"They way I see it, this game is broken all the way around. Villagers don't do a damn thing unless you specifically tell them to.  They won't craft unless you place an order for an exact amount, they won't chop or mine unless you choose which trees and rocks they are allowed to gather from (which the game makes no attempt to explain) they won't even eat food or drink water unless you specifically tell them to which results in several villagers dying from starvation and lots of frustration. The longer you play a map the faster enemies spawn till you have enemies spawning rapidly all hours of the day and it becomes no longer possible to survive, and the villagers are really bad about resource distribution despite the building priority que (they will hoard all of it in the gathering buildings and won't distribute it)",False,1640591490,10,1,0.489742755889892578,0,361.0,3544,76561198116127011
328080,46508227,Horrible,False,1542946336,0,3,0.127606362104415894,0,654.0,654,76561197971429015
328080,113356267,"Still not polished. The pathfinding really just breaks my heart. Not a lot of info on what does what, and when you figure things out, it's still very quirky. It's still imbalanced and there are lots of gameplay features that are just not fun at all. Managing trash, extremely slow population growth, Spells and recharging is a serious chore, tower defense feature is a bit disappointing, rushing to stem the blight using torches, which contributes to the very limiting building cap, unable to gather attackers and give attack orders, very poor and dumb agile defense. This game would seriously need a lot of polish until it becomes a bit better for replayability. Think very janky Dawn of Man and They are Billions.",False,1649117381,1,0,0.451807230710983276,0,1183.0,2517,76561198053623490
328080,79314483,"I like the game a lot, but it is very niche and the tutorial doesn't explain all the subtleties of the game (something I think is a good thing, as it leaves the player to figure these out themselves. Which makes you feel smart). It is definitely not a game for everyone, but if you enjoy tower defense games, games like The Settlers and Dungeon Keeper it might be for you.",False,1605456648,1,0,0.5,0,449.0,1684,76561198028363530
328080,47321797,"The game is fine, a shame though that the dev is too close minded to consider adding convenient features like pause planning, rotating building and a resource loss/gain tracker.",False,1544085826,3,0,0.415810942649841309,0,614.0,614,76561198001174431
328080,61611353,"Its a colony sim... well made in that aspect. However, gameplay is too simplistic yet complicated. Mechanics are way too over the place and in a mess that it simply can't make the game feel whole. It becomes broken when defenses won't operate at late stages (Your villagers fleeing at full health, golems randomly aggrevating enemies for no reason) Food is just weird - You get plenty of food early on and suddenly your villagers are starving before you know it. Worst of all food production is just... farms consuming more food than it can generate. Game has a playstyle like other base building games, yes - you get to experience the unexpected, the fustration and devastation. Unlike that, this game offers little accomplishment but grinding again and again as you progress through lands. The progress system is so slow you'll probably move on to another game before you even get any significant benefits.

That's just survival. There's traditional which you might as well just find another game well suited for purely building massive bases.",False,1578640033,1,1,0.444597870111465454,0,1345.0,2102,76561198321949034
328080,83113560,"Huge amount of wasted potential. Tutorial isn't very helpful if it says ""I hope you did this thing you didn't know yet, as now you really need it"". Definately not a city builder. There's no goal or reward either, and nothing interesting enough to keep playing.",False,1608903308,1,0,0.405405402183532715,0,918.0,918,76561197970603855
328080,50743263,"Glad I bought this game on sale.  THe most cumbersome game simulation strategy game I have ever played.  I like the concept which made me interested.  Huge game play problems.  
I lie the fact its simple graphics, but many times I can't make out what the people are doing.  You don't have any real control of your folks so monsters can come in and cause havok especially during blood moon.  Popullation growth is slow along with game play.  Not for me!",False,1558392851,0,0,0.5,0,845.0,849,76561198061908784
328080,72977226,"This game is an odd one to review.  I found it meh, then okay, then loved it, and now am sick of it.  Quite a roller coaster ride.  It warns you of the steep learning curve - and this is certainly true.  The mechanics once mastered are solid with a reasonably complex supply chain system.  The enemy difficulty ramps up in a reasonable speed - but the tail end of the match becomes infuriatingly hard.  They have 10% left of their base?  Lets spawn 30x the units they had before to attack you and wipe your base off the map.  It really makes no sense.  Imma done with this one now...",False,1595207523,3,1,0.553105056285858154,0,940.0,940,76561197976179001
328080,186691390,"Thought this game was going to be awesome. I had really high hopes for this one. Yet it was another rush to 1.0, with promises of more fixes and content. Then the dev made it seem like they were making it even better. Then, nothing. Pushed to 1.0 and out if early access when it clearly needs to be fully realized. Buy only if you want an unfinished game.",False,1738173932,24,3,0.633051514625549316,0,1283.0,1283,76561197963749593
328080,150305895,So far the game seems to be a bit too slow paced.,False,1700258167,0,0,0.5,0,935.0,994,76561198107426924
328080,54383145,"Not my cup of tea. As god games go, it was rather lacking in several areas, especially progression and scaling. Difficulty does not scale to match your pace, or even at a constant rate regardless of your progress, it just jumps randomly. The same can be said of resource management. I'll have multiple farms feeding my colony with tons of extra supply, add one single villager, and have seven people starve to death that same day.

The game is likely just in need of some polish, so I'll check back after official release. I doubt, though, that I'll ever be able to get into it.",False,1564546499,6,0,0.552446901798248291,0,436.0,436,76561197999089714
328080,108065252,"It looks like a building game or 'colony sim', but it's really more of a hybrid RTS (or tower defense), which is fine enough. There's some fun to be had here, but it's a shame the game's systems are just wound way too tight. It seems quite difficult (as the repeated warnings of a 'learning curve' indicate), but then becomes manageable and even boring once you play the 'right' way. But it's quite inflexible, and being immured to specific strategies and build orders really saps out the fun. There's a huge campaign map, but playing them each in largely the same way is a daunting prospect, given how slow it is as well.",False,1642261697,28,2,0.621089637279510498,0,1488.0,1488,76561198124392286
328080,86379289,Fuck steam,False,1613022193,0,0,0.285448253154754639,0,451.0,462,76561198267455902
328080,184726863,"I really tried to like this game on Survival in its current state which is probably the last state. It is ""the way the game is meant to be played"", as the description says. Yet, as one of the streamers noted, ""the game requires a very strong attention to detail"". Moreover, it punishes you when you are not attentive.

Some players like unfair punishment, and this game may be for you if you are one of them. It has a good technical state for an indie game and has a lot of fun mechanics. I get a cursor problem in fullscreen, yet the game can be played in a window to mitigate that. There are pretty visual effects. The price is not steep.

It does not have saves. Bro, in 2024 even Dwarf Fortress has saves.  The game does have an emergency pause. This is not a pause I want for a strategy game. I want to carefully examine the situation without a rush. The game has a customly designed pixel font which is very small and hard to read. I consider all this as a form of punishment.

About gameplay.

Can you just spam your spells? No, the game punishes you with a constant drain of ""total faith"", and you have to help your villages to maintain it. There were a few other impressive actions you have to learn, I know they exist (based on my total faith), yet I have not discovered them yet. On the other side, you get a massive faith decrease when your villager dies.

Do you think you can get food flow from farms? No, farmers are only good at picking up the wild crops. You have to regrow the crops via magic. The information like this is quite hard to come by. People say, ""Just build 10 farms"". No, you cannot do that on Survival and get profit.

These two mechanics are the worst because even if you backup your savefile by copying it, you cannot win against constant resource drain. 

There are some other scenarios when a save backup would help. I sent your villagers to build something near the front line. They decide to attack a graveyard instead. A squad of elite enemy units teleports and destroys my villagers. My total faith is 200 after that, I cannot cast most spells, including the food spell. 

The guide says, ""to move enemy back build the wall, the line of catapults, the line of fire pits, repeat"". I believe this may work. The point is I'm not really interested in repeating this process 10 times to clean the map.

The description says, ""Survival has a steep learning curve"". No, it does not have a learning curve. You learn to reset the world after each mistake because mistakes are not recoverable. The guides on the game and YouTube walkthroughs are mediocre.

Probably if I have only game to play, I play and learn all its quirkiness and maybe even master it. But today I just switch to another game.",False,1735987243,13,3,0.552764296531677246,5,1471.0,1504,76561198084735849
328080,49079371,"This looks exactly like a game that I'd positively love.  Building, farming, towers, defense!

Alas it's imply not fun to play.  I've tried and tried to like it... but it's not enjoyable.

The current second most helpful positive review says it best:

""Do expect a feeling of despair and rage followed by a feeling of accomplishment.""

I didn't get the last feeling, but I did get a lot of despair and rage.  That's not what I'd like in a game.  Not to say the game is bad, but feeling good is generally why I play games.",False,1550521694,4,0,0.445014208555221558,0,921.0,921,76561198009005678
328080,54215932,"I was excited to play this game, but being cautious I waited until the end of the development cycle. Sadly, I didn't read enough reviews to see that most of the positive reviews are only one sentence long (and thus suspect). 

Why do I doubt the reviews?

1. The graphics never stop flickering on any graphics setting.
2. Basic controls are awkward, imprecise and essential short cut commands to delete structures or cancel orders are not explained anywhere and have to be experimented with to find (or looked up via an internet search).
3. Basic resource management is automated, but makes little sense. Most egregious example: raw food is the used both for planting and feeding your people; they will eat their ""seed"" food with no warning, making farms cease to produce food; once this occurs it is too late to fix since they will be starving and continuously eat everything they grow.
4. Game progress is very slow (and requires you to constantly alt-tab to look up controls), so by the time you figure out reasons 1 through 3, you won't have done anything in appreciable in game, but it will be too late to get a refund through steam.

I love simulation games, but am sad that I spent money on this one. I hope this helps others avoid the same frustration.",False,1563733709,5,0,0.514441728591918945,0,380.0,380,76561197993946014
328080,145116318,".

Edit:

Instead Devs put time into working on the Game, they rather lurk on their Shoppage and give everybody troll awards....gj",False,1693126850,3,1,0.289522230625152588,0,1481.0,2028,76561198100832504
328080,40460310,"Although this game is captivating for some time it sooner or later reaches a stage where you ask yourself ""What is the point of this?"". Without any real goal or challenges this sim is simply meaningless, even if it has a bunch of nice mechanics.",False,1519821322,7,0,0.440367281436920166,3,693.0,740,76561197968673476
328080,69546580,"very, very slow and boring",False,1590072398,0,0,0.5,0,832.0,832,76561198030767985
328080,43547700,"This game was NEARLY a perfect classic city builder game. 

.....however there is one glaring, painful,  and pointless game mechanic that makes this game terrible and unplayable, and that is the build range and build count. hands down, build range and build count has made city building in this game become a tedious and truly un fun experience. city building with heavily restrictive build rules does not make for a good time, nor does it allow you to trial and error your way to victory. 

on just about every occasion where I have wanted to build something in a specific location that works in my overall preplanned city arrangement and strategy, I find that the build range prevents me from doing so. the build range prevents you from having optimal placement for your buildings and making the city the way you want to..... unless of course you tediously build fires outwards to where you are trying to build. 

but there is yet another tedious additional game mechanic should you attempt this fire building workaround..... fires count as a building, and work against your build count. tiny useless range-expanding-only fires use up an entire build spot. so, to build where you want, you must use all of your build spots making fires, upgrade your town center to use more fires, continue building fires, finally place the building where you wanted in the first place, finish building it, then dismantle all of the fires to get your build spots back. the entire process of building where you actually want to build things is a painfully tedious mess that distracts you from the core and fun part of the game. 

I tried to keep playing this, i really did, but this mechanic just takes the creative abilities, and strategies of the player and shits on them. want to build your idea of a perfect and well defended city? sorry no can do, we’ve implemented arbitrary lines that you have to upgrade and spend most of your time building secondary expansion buildings to cross. you’re better off just making a block city in a tiny circle with no division of sectors. just build in a circle around your town center, because its a steep learning curve and building a city in a unique manner isn’t allowed here. 

this mechanic is game breaking and sucks the fun our of an otherwise perfect game. i love this game for what it could be, but not for what it is.",False,1531667815,2,1,0.479069024324417114,0,548.0,548,76561198077814261
328080,61310855,"The lack of a winning condition makes it feel rather futile. It would be nice to be able to secure a map and progress to the next one so it would have a sense of accomplishment. As it stand now, give it a pass.",False,1578171826,5,0,0.566951751708984375,0,1008.0,1044,76561198017536558
328080,106326082,"Buy rimworld instead
Plus the dev is an insufferable twat go look at his twitter 
hope he sees this x",False,1640225074,5,1,0.440670222043991089,0,450.0,450,76561198325889222
328080,117273664,"I tried to like it, but I couldn't after 7 hours.
It felt way too slow, even at maximum speed.  Honestly, it feels like the kind of game you could play and build for weeks at a time.  Very little happened in 7 hours.
The AI had weird priorities.  Builders would choose what to build first, even when I prioritize something else.
The pixel graphics could be cleaner.  No matter my zoom level I had a hard time telling a villager from a monster.",False,1655699299,12,2,0.526212155818939209,0,420.0,420,76561197975179723
328080,31733649,"Disappointing. The videos and previews of the game are VERY different from the current state of the game. It is no longer the brutal survival simulator that I saw on youtube and on steam. Monsters are very nonaggresive and doctile preferring to stay near their nests and wander around doing nothing. During night time very few monsters bother coming over to destroy my village. And the fights are definitely not as thrilling as the videos made them out to be. There's just one monster with crazy amounts of HP instead of multiple monsters with smaller amounts of HP. This change made the game very...bland. The tower defense aspect of the game isn't very exciting either. Due to the constant restraints of the ""building limit"" you have to keep upgrading your homebase in order to build more towers. And after you get ""permission"" from the ministry of labours your building sites are constantly blocked by tree ""stumps"". When you mine a resource like a tree or a rock for example they leave behind a little ""stump"" that blocks any construction on where the resource used to be. Now I think I understand why this was implimented. It was probably implemented to ""protect"" the player from over harvesting resources so that way they always have a ""stump"" to go back to for more wood, crystals, food etc. What I find troubling about this philosophy is that it is counter intuitive of the philosophy of the game. What I thought the game was about was SURVIVAL, not the forever sand box. The problem with this is two fold: one there already is a survival and sandbox modes so the over arching ""protection"" from the devs to prevent overharvesting goes beyond what the modes imply; players are being handheld in survival mode and it feels...boring. The second problem is that there is no ""end game"" for sandbox right now (neither for survival) so it doesn't matter.

Over all I thought this game was going to be breakneck difficulty like dwarffortress, but instead it was a hand-holding, carebear boredom. I like difficulty and I found none here. I was so bored I left my base to run for a couple of real life hours without me and when I came back it was just fine (except for a few people gone missing).

If you wanted a care-bear experience with mild tower defense you found the game. If you expected dwarffortress with some cool tower defense aspect to it, you won't find it here.",False,1494710196,14,0,0.546650111675262451,11,511.0,1284,76561197963650004
328080,45386388,Good in theory. Not so fun in practice.,False,1540182071,2,0,0.402193784713745117,0,606.0,606,76561198091738112
328080,87247397,"Don't bother. This game is extremely underdevelopped for a Dwarf Fortress: Fortress Mode tower defense with some god game features. This is just a hodge podge of underdevelopped features sprinkled from lots of different game genres, with underdevelopped AI. It is also apparently at the end of its lifecycle, as the single developper has multiple times explained away incredibly slow development for the making of another game.

Development may have started again, and it might be good one day, but I don't thnk so as the problem is with its game design rather than the features. Go play Rimworld with mods or Dwarf Fortress with a tileset and Dwarf Therapist instead. This game doesn't deserve your time at all, there is no complexity to sink your teeth into here, only frustration at a wierd mix between no useful micromanagement, and having to micromanage the individual ways you interact with the game so you don't fuck yourself over because of it's incredibly dumb AI. The game is made to be played in one way, and one way alone.

It's trying to be everything at one.... to be played in one way.

Edit after some extra playtime: Yep, still the same problems, no update for a year and a half now. I give up.
Edit after dev restarted: It's still the same. There's a few new features but it doesn't seem like the dev will be fixing any of the very core problems with this.
Mid 2023 update: It's a dead half-finished game. No update for over a year. I expected this. I will be avoiding the dev in the future.",False,1614023423,4,0,0.419340342283248901,0,2543.0,5031,76561198008966329
328080,119699745,dumbest unit ai an any of the games like this I've played,False,1659098985,1,0,0.471502572298049927,0,3122.0,3276,76561198141124135
328080,50478356,After playing this game enough times i can confidently say i have never felt like i was in control of morons untill i played this game. the ai is just stupid..,False,1556994412,0,0,0.5,0,4342.0,5117,76561198060095690
328080,91672898,"Gave it a few chances. Might in the future if it becomes more playable.

It's fun to get started and build and defend and upgrade and watch your people do different things.
The combat is alright for the first 4~ years on relaxed and the first 2~ on normal, but after that, it becomes a joke. You'll be trying to defend against things that can 1 shot your players, pets and golems enough to reach their goal: the buildings.
I was interested in the 'blessing' spell, but turns out that doesn't really matter much. It is fiddly trying to use blessing, the buff is lost if your guys migrate. eventually you can bless the entire village but I don't know if it's worth it.
Taking the entire map is not enjoyable in my opinion.

I have so many hours for two reasons...
I wanted to give it another chance a few times
Everything is slow, even on the fastest speed, in which it is difficult to 'pick' so I don't use fastest during combat time

I want to play it again but I know I will feel like shit when everything just goes kaput. Sure, bonuses roll over when you reset a world, but I don't actually enjoy that feature either.",False,1620511467,0,1,0.457516342401504517,0,17818.0,60145,76561198005217257
328080,165413356,"I had some fun playing the game but the fun was drained by the problems I had with it. I would describe the feeling more as ""draining patience awaiting for the fun to continue"".

The game is very difficult even on 1 difficulty lower than recommended.
Sometimes for some inexplicable reason when I entered a level and built farms, the farmers did nothing on the farms(like nothing was planted). I suspect this game has a mechanic where if you don't have carrots to plant you can't plant them(at least from what I observed).
If you pause the game the screen is covered by a dark pause screen so you can't pause and evaluate the situation(you can but you can't look at it).
Things take way too long to get done(especially building better roads), I played at max speed almost all the time.
Game mechanics and design aside, the thing that infuriated me most was the inability to type in a number for production limits or trade limits. If I wanted 50 planks to be in stock always, I would have to click fifty times on the + icon. Is it really so difficult to have an input box where I can type a number?",False,1715786515,7,0,0.536322593688964844,0,2487.0,2487,76561198164130485
328080,61347351,"The max ingame speed toggle is x3??? Became a waiting simulator :(

Edit: After Dev reply I tried x6 and x8 speed, but it did not seem to effectively increase sim speed by much :(",False,1578221830,0,0,0.467260777950286865,0,2363.0,2407,76561198803053504
328080,164873739,"okay game, pretty fun for a little bit.
Also just TWO updates in FIVE years, no communication at all, dev has abandoned the game once already and personally i will never touch another thing made by this person ever again, if i could i'd probably refund the game",False,1715120466,4,3,0.395773053169250488,0,5743.0,6207,76561198060639903
328080,89117462,"You'll often find yourself losing games because of incredibly frustrating situations like a lone Specter Child slowly destroying your Farm placed far in the back without you noticing due to the lack of any indicators. If you don't have the warnings window open, you genuinely won't know a structure is taking damage without directly looking at it, and the window will simply say ""a building is damaged"" without even pointing you to it. Later on in the game, when you've got nearly 100 villagers, you will also lose them to random fights for this very same reason. It's difficult to tell if a fight is even happening aside from the occasional combat sounds, and trying to keep track of nearly a 3-figure count of villagers on your own is a feat, to say the least. Also, you can't pause the construction of walls, meaning your Builders will always have it as a priority on their list, even if you don't want those Crylithium Curtain Walls built because your Crystal Harvestry got destroyed by a random Specter last night and you want to spend your remaining Crylithium on charging your Essence Collectors (you can't stop them, and they will spend all of your Crylithium on those walls and you will lose because your towers will have no charge)

As for the tower-defense aspect, it's just a matter of time before you discover that spamming Ice Golems and Ice Bolt towers is the only way to survive the later waves. You can't determine target priority on towers, and Ice is the damage type that no monster in the game resists, as well as dealing bonus damage to Fire Elementals. There isn't any strategy to placing towers beyond the basics (line them up behind walls and make a maze). A couple of towers, especially the Tumbler-based ones, are left in the dust thanks to the lack of a target priority system, while AoE spamming towers remain the most functional. And what do you know - there's an AoE Ice damage tower. Why would you use anything other than it and the Golems?

All in all, it's a fantastic concept, but the game spreads itself thin among its many interacting systems and fails to convey critical information when it should be immediately known. Its cracks will show the more you try to experiment, but even if you're fine with sticking to the meta, you'll still find yourself at the short end of the stick when you eventually fail to notice a lose condition the game doesn't do much to help you keep track of.",False,1616766356,12,2,0.527921557426452637,0,3408.0,3408,76561198022639258
328080,45332489,"Poorly designed, mindless, unwinnable cluster ****.

~ Lacks a crap load of basic tools and necessities. You select something to deconstruct? Sorry, you can't cancel it! Have fun losing from a misclick! Or how about the lack of a 'path map' showing if your Maze is too long, and Mobs will tear a hole in your wall? Nope. Gotta die horribly multiple times and 'guesstimate' that, as its fun losing due to lack of basic tools, right?! :D

~ The corruption mechanic is awful. Simply awful. You can't push it back, you can't slow down the spawn nor how crazy fast Monsters level up (While your towers, do not level at all), and inevitably will have the corruption pushing inside your base. Global Corruption sounds great on paper! But then you migrate, try to start, and have mobs meant for day 10, on day 1 - with no improved tools to fight them. Genius! But its okay. You can EXPLOIT your way past this, like the Dev has told us to do. Just exploit! that's how you beat the Corruption! >.>

~ Why build a nice town? Why build anything at all? Why setup a wonderful Maze? you have to abandon it by year 1, or risk being over run. So much fun! I love rebuilding the same thing again, and again, and again, and again... to achieve nothing.

~ The game has the possibility to be something great, but the Designer frankly, is an idiot who thinks 'exploitation and rage inducing events wasting 10+ hours of your life' is 'fun gameplay'. Oh, and yes I know difficulty. I play Dwarf Fortress, and thrive in undead evil biomes with the most deadly mechanics I can with great ease. Its great! know why? As you aren't against an unwinnable fight. Shocking, I know...

3/10.",False,1539914357,8,0,0.498641818761825562,0,3401.0,7148,76561197979827929
328080,55735502,"This game is disappointment after a while. 

If i could rate it, i would say good for what it is, but lacks so many things... 

Major cons:

No quality of life even after all this time, you need to stare at essence collectors late game to get mana back, dev was asked multiple time to automate this, but always refused. 

Pointless end game, you will always lose, enemies scale to insanity, imagine skeleton leveling up to the point where he can take 100 Batista shots... yeah.. very fun

YOU CAN CHEESE THE GAME SUPER EASY if you just build early on fire pits to push back corruption therefore winning any map, but if you wait, then it becomes impossible. What kind of fun is that?!

All in all VERY DISAPPOINTING AFTER INVESTING TIME IN THIS!! Would not recommend anymore, it is promising game but for what it is now its highly unjenoyable.",False,1571860084,1,0,0.5,0,1783.0,5279,76561198839925117
328080,145699912,"This is a mixed review:

The game's premise, mechanics, graphics, resource management, etc are all fantastic, and build the premise for a great game.

Unfortunately, as you get further into the game, is when the bugs become apparent, and you run into severe difficulty spikes.  For example, if you try to clear the corruption, you'll eventually get to the point having a building on a tile right next to corruption may not clear it (or clear it very slowly).  You'll also be able to handle almost everything the game throws at you, until suddenly the game decides to 4x the spawn rate and health of every enemy.  Maybe I'm playing the game wrong, and you're not supposed to push out?  Reading other reviews, I guess I'm supposed to migrate at some point, however it's difficult to know when, given the difficulty suddenly spiking beyond control.

Then comes the bugs.  Early game, you'll be able to build lots of things each day.  As your village grows, you get more builders, miners, etc, you begin to accomplish significantly less each day.  For example, even with plenty of resources, including resources nearby, top-tier roads, I'm still only able to build about 3 buildings per day.  Or I might have 20 waymakers (road builders), but no roads seem to be built for days on end.  Don't get me started on rations, I can't seem to get my cooks to make them ever.",False,1693906856,7,0,0.544623374938964844,0,3715.0,3753,76561197970310047
328080,169177705,"I really wish I could like this game.  I remember enjoying it a bit when I first bought it, then I stopped playing.  Life got in the way, I didn't have as much time.

This game punishes you harshly for lack of knowledge.  If you do not understand exactly how all the game mechanics function, you will lose.  There is very little chance of learning your way to victory on the fly.  The tutorial gives random tips that help, a little, but I find that I've already figured out the (very basic) information provided by the time they appear.

The UI is awful.  Selecting villagers is an exercise in complete randomness.  Alerts will tell you when something happens with a particular villager, but good luck figuring out where.  Same thing with monster attacks and buildings being destroyed: these are important things, but figuring out where they are happening so you can respond is down to luck.  You must know what buildings you have where at all times or you will spend valuable time searching for the problem.  There are many spells that could be useful, but often they are dependent on timing and with so few ready spell slots you often have to go searching through a list of meaningless icons to find what you need.

There's also the issue of countering attacks.  There is no clear in-game way to tell which towers are effective against which enemies.  You can deduce, over time, that bow towers aren't effective against skeletons, almost everything will target a specter but few things actually do damage, and fire elementals are both tanky and will light everything - people, buildings, everything - on fire and set you back for days at a time.  Fire elementals have no effective counter I've found: probably keeping a magic tower up long enough to do some expensive upgrades would kill them faster, but since they can burn everything they'd just wipe out the tower in response.

There is no good source of all this missing information that I've found.  Bits and pieces are in various places, but otherwise you're on your own.  It's an exercise in frustration.",False,1720298554,8,1,0.52664870023727417,0,3869.0,3869,76561198079867455
328080,114970771,"look at my hours, yes look at them.

does the game look good? yes
is it buggy? no
is the ui intuitive? yes
does the game have charm/character? absolutely

now why do i not recommend it?

because the game is unbalanced af, i keep getting told, UrE SaPoZeD tA lOzE, but its the way you lose that sucks, i love rimworld, and ive never ""won"" and still am never left with a bitter taste after i lose.

this game though, is a constant rush, CONSTANT, to contain corruption, and if you dont completely wipe out every pixel of it, you WILL lose, what happens is the monsters keep getting stronger and getting more health, until eventually a fully upgraded tower cant kill even one of the monsters.

nah not for me, and i dont recommend it, adn yes ive played so many hours, and will probably play even more in the hopes of this stuff being addressed, but i wont get my hopes up too much.",False,1651726261,131,10,0.798480570316314697,25,10354.0,11125,76561198040777244
328080,89496349,"Been playing games similar to this since the early 90s.  
This one had potential but falls short.
Often difficult to keep track of enemies in camp.
One hears sounds of fighting but need to search for monster in camp.
Game play is too slow and then is too fast.
REALLY needs save features common with nearly all games of this type.",False,1617284534,0,0,0.5,0,4709.0,4723,76561197970484722
328080,61773694,"I have followed this game since its infancy and watched as the developer has inched closer and closer to a 1.0-release. I have spent hours and hours on this game after its release and had loads of fun. Right now, however, Im sad to say that Im really disappointed and, frankly, fed up. Here is why:

My latest game was on the easiest difficulty following a strategy of cornering the corruption and building strong defences with mazes and towers, as one does. Countering most threats, curtain walls and ballista towers are the way to go, Ive found. I had made a good bit of progress (~30 days), funneling the baddies past a long line of upgraded towers and building up my town in parallell to the defenses. Once I got the ""It feels ominous""-message, I knew that the Blood moon-event was about to occur and so, with the corruption-meter less than 1/4 way filled, I prepared to do some serious blood-slime squashing. It was going just fine, when suddenly, the mobs start attacking the walls containing the corruption and punctures them. In a matter of minutes, 3/4 of the map is covered by the corruption and the map is basically lost. What the fork? I could have sworn I read that, as long as there is a ""reasonable"" way out of the walls, the mobs would not attack them. Does this suddenly just change once this blased event happens?

Dear developer, I wish to have a relaxing time with your game, playing the traditional mode against actual mobs (i.e. not the peaceful mode) without mucking about tailoring a specific config just for me (i.e. custom mode). How in the World does one do this if the core mechanic (i.e. tower defense, maze-wall construction) just gets thrown out the window once the blood moon randomly starts? If I want a challenge, I`ll go with the nightmare mode. I, for one, really dont. Feeling like I have utterly wasted my time on this, here are a couple of suggestions:

1. Rebalance the blood moon event.
2. Remove the blood moon event from the traditional game mode.
3. Add save / load functionality so you can at least roll back your game to a previous state if your World is blown to crap.

Thanks.",False,1578875356,1,0,0.5,0,7840.0,8199,76561198031484533
328080,68211860,"This game has potential, but right now it's infuriating. The developers seem really engaged with it, and they're working hard -- so I honestly believe this game has a future. Right now, it's not that fun for me. 

I have two major problems with this game as it currently stands.
1) The hyper small pixel art world makes it difficult to discern, at a glance, what is happening. You can't pause the game and scroll (even to target the exact right thing). Maybe this is an issue with my eyes, but I have lost towers because I couldn't see what was attacking them.  In the overlay, flashing red arrows seem to mean either combat or you have a golem there (which is not the same thing) so I find it very difficult to even figure out where combat is happening -- and again, you cant pause the game without locking the screen and prompting an overlay.

2) The workers don't path well, they don't coordinate loads efficiently, if their jobs are done (or they're confused) they don't seem to start working on nearby, accessible jobs. This doesn't become a major issue at the beginning, but managing larger cities is a terrible experience. Put this in the context of a game where you constantly have fight back a creep, where even if a small part of it (which is currently difficulty to see in water and impossible in mountains) gets by, it will spread like cancer (and is less-visible/invisible in some terrain) 

Now imagine trying to build lights to hold that cancer at bay. Really just trying to handle one part of it that you've chased across the maps. You're at building limit over lights. You've been dealing with this nonsense for hours just trying to stem the predictable path that the cancer is taking... but your workers refuse to respect your build prioirities. So you take to shutting down all other production, and still watching workers bring wood to a site only to watch other workers take it away, while you watch workers destined get assigned to it on the other side of the map, where they pick up a partial load of wood, while you watch the 5 workers adjacent to it wander aimlessly ignoring the pile of wood that you've placed directly adjacent to the (assigned TOP PRIORITY) firepit.  And you sit there, and the cancer just spreads. As a player, I stared at my incompetent builders and thought to myself -- yeah, I'm cool with you guys dying.  

I've heard the devs say that they can't improve pathing because it will tax the CPU too much. To this I say, simplify other systems and seek out more efficient code. The bad worker pathing/worker optimization needs to be addressed, probably above any other concern, in my mind. I may revisit this game in a few months, and maybe I will enjoy it more then. Until the worker pathing/labor system improves, and the whole UI/Graphics becomes easier to decipher, I cannot recommend this game.",False,1588124637,137,5,0.833329498767852783,7,2551.0,2551,76561197982853933
328080,44973840,No shit game,False,1538090028,0,1,0.287730425596237183,0,4857.0,6892,76561197970763652
328080,41724256,"Game is a simple god-sim citybuilder mixed with tower defence.

TL;DR: It does some things right and can possibly entertain you for a while, if you like the premise. At the moment I cannot recommend it, because of some issues.


Interface:
First and foremost, the interface is rather clunky to use and doesn't do a particularly great job utilising the screen space and presenting the information to you.

The icons for many of the ressources are almost or entirely identical to each other (with only a colour difference) it does a poor job of presenting the information you need to you.

Many of the building categories only contain a few buildings and some are overfilled or have sub-categories, making finding the building you want to place take that extra bit of time, that slowly gets a bit annoying.

The job assignment list is unsorted, which makes it surprisingly unhandy when you need to move people around. Each entry also takes up far too much space on the screen because of the way it is presented -- Every single job could easily be on screen at all time if this were redesigned.

It may just be me, but integrating a ""please give me a good steam review"" notice into the main menu seems a bit shady.

It also doesn't help that some of the less user-friendly (and sometimes frustrating) gui choices have been confirmed by the dev to be intended so as to force the player into playing the way the dev feels it should be played.


No pausing:
An important deal-breaker for me is that when you press pause, the game locks you out of it. Only thing you can do while paused is look at some statistics. The reason for this is, according to the dev, that you should feel like you are a part of the world, so if time isn't running, you should not be allowed to see the world.

To me it is simply an unnecessary restriction that makes the game less fun when you are not allowed to watch your city and the map around it while paused -- no need to be able to interact with anything, simply letting the player watch his creation while paused should always be a thing in citybuilding games.

This is a game where you build a town made up of a lot of buildings of varying sizes often in areas where space is at a premium -- buildings you aren't allowed to rotate to make them fit better. So taking your time to count tiles and figure out where things can fit can take a fair bit of time. Maybe your current city is doomed, so you need to figure out how to improve your city layout before starting a new game. Whatever the reason, a pause that simply lets you see the map and nothing else would change it from frustrating to fun.


Game world:
Right now there is a single world map for you to play on. The world map is made up of a lot of playable chunks that offer the actual game areas. This works as intended to give the player a good selection of maps with varying difficulty.

Sadly, the game does not let you reset a single world map piece, but rather forces you to either delete the entire world or keep playing with already played maps locked off. Locked off, because if you won, there is no need to return and if you lost, the map is impossible to reconquer since it has been overrun by enemies.

It would be a big improvement to be able to selectively cleanse specific of the playable maps. 


Gameplay - city management:
The gameplay is rather straightforward citybuilding and ressource management (food/water/population/housing) mixed with god mechanics where you can cast spells every now and again. It works pretty well, even if the economy could need a fair bit of balancing.

Spells don't always work as intended (and I am not talking about the intended mishaps), which can be frustrating. For example when you cast a spell that is supposed to regrow forests, food, and crystals in the immediate area, sometimes a lot of things regrow and sometimes next to nothing does. It makes the spells feel less like reliable god powers and more like a lottery, which makes you feel less like a god and more like a sky charlatan at times. Maybe this is intended.


Gameplay - city economy:
A lot of micromanagement is needed to make sure your economy is balanced correctly (like having enough ammo/food/water stockpiled. This is made into a bit of a problem by the game not telling you which items despawn and which don't. So if you overproduce items resulting in things being left on the ground, many of them will simply dissolve -- and some will not (or do so very slowly). No way to know which items can safely be left outside or for how long.

This could be alleviated by the default ""how many to keep producing"" setting for buildings being set to ""how many can fit into the storage space of the building itself"". That some items take up 1 storage amount per item and other items taking up 1 storage amount per 10 or 20 items makes it a bit of a chore to fiddle with at times.


Gameplay - combat:
Combat is a bit of a mess, which I think is intended. It would however be nice if you have slighlty better control.

Your non-combat villagers either run away or fight. It is a bit of a crapshoot whether or not they do one or the other and sometimes they alternate back and forth every second or run directly into groups of enemies when running from whatever they feel they need to run from. Would be nice if you could tell them to either attack or run away always, since the mix just about ensure that they die if they ever go near an enemy.

Your combat troops will walk around as they please, and you can not tell them to guard specific areas even if every single enemy follows the same path (with only ghosts being able to fly through walls). So often your guards will be miles away for no reason.

Your towers seem to fire on whatever they please (usually first thing to get within range) with no regard as to whether or not the thing it fires can do any damage (ghosts are nearly impervious to non-magic attacks, so if a ghost slowly drifts into range of your wall of non-magic towers before a group of zombies arrive then the zombies will get to chew on whatever they like. Magic towers use a somewhat limited ressource to attack, so at times you only want to use them when it is needed.

There may be a hidden priority to the targeting, and if so it isn't clear how or if it works.

Having the option to tell towers to prioritise certain targets over other or even to ignore some types would improve the tower defense portion of the game a lot. 


Gameplay - winning:
There is no way to win yet.

You can lose a map by getting overrun, which then makes it impossible for you to do anything on it, and you can ""win"" a map by cornering the enemy and getting the upper hand. But there is no way to get to a ""you win"" screen.

Whether or not this is a good thing is up to the player.


Graphics:
A lot of attention has gone into making the world seem alive and it shows. The art style is by no means beautiful but it works well enough and all the little animations and things like build stages for every building helps and makes you appreciate it after a few hours. The art for the buildings could be improved a lot if the differences were more distinct -- they all basically use the same building blocks. 

While all buildings have its own art, the difference between (for example) your mining facility and your lumber shack or a house is not immediately obvious, so if you want to click a specific building, you will often click around for a while until you find it. It should not be necessary to memorise the building layouts in order to recognise them. Some buildings are drawn much better and include a lot of things unique to that building, making them instantly recognisable.

All in all, the graphics could be improved but grow on you the longer you play.


Conclusion:
The game has a promise, but as it stands now it feels too rough around the edges for me to recommend.",False,1524865946,22,1,0.564187824726104736,20,4074.0,44185,76561197975634553
328080,68013782,"Not a balanced game.  There are better city builder survival out there.  The workers don't work on what you tell them too. your rangers/worriers are useless. towers are terrible.  and the learning curve is so step, I can't even get into one region on Traditional. Blood moons, earth quacks,  and ending @$$ F#$#@@. played the other half finished game from devs.  Not wroth it.  For the crap graphics you would expect a well thought out game.",False,1587841869,2,2,0.386473417282104492,0,2543.0,3222,76561198013390629
328080,59365867,"The games makes a lot of fun in the beginning, when you try to figure out the build order and stuff. But it becomes boring pretty easy, because even on the highest speed everything takes so long. In my opinion this game is not finished yet, it has bugs and it lacks balance.",False,1575660487,1,1,0.484271109104156494,0,3047.0,3937,76561197970357928
328080,49686821,"Overall I'd say the game can fun for a while, but it doesn't really deliver what it promises. Make sure you know what you're getting into before you buy.

It works as a relaxing town builder, with some danger to keep things interesting, but it advertises itself as a tower defense and doesn't work as one. You see the big mechanic in the game is corruption, which spreads moderately across the map and spawns enemies and contains buildings. If you refuse to surrender 11/12 of the map to the corruption and go on the offensive to box in the corruption, you can also 'win'. This is actually very fun and somewhat challenging until you succeed in trapping it in a corner, unable to finish it off due to permanent corruption tiles, the number depending on the day you're currently on. Then that's it, you've won. The game is now a sandbox city builder, a sort of purgatory you didn't sign up for as you wonder if you should just start a new game or wait to see if they ever spawn enough to grow a bit.

So ok, let's play it as the tower defense game it's meant to be played as. The developer clearly has a specific idea of how the game is meant to be played, sitting down and building a tower defense maze. Oh yeah, and if you do what the game intends and build a maze, **if it's too long of a maze the AI will just attack your walls** and bust through in a twisted gotcha. If you have too much surface area you'll get punished for it. You better have several mazes, but your maximum number of buildings is limited. A bit of a slap in the face there dev. Glad I don't follow your rules and rush the corruption, I feel sorry for people who just want to play the game normally. 

So if you play your own way you'll find the game unrewarding, and if you play the game the way the dev so clearly wants than he pulls the carpet out and kills ten hours of your work. Those tower defense mechanics might have been good enough to be fun, but even on the hardest difficulty the first 10 days are far too easy, and then it suddenly becomes far too hard the moment your first building breaks and the undead crash through the rest. Speaking of days though...

The game is split into segments of a day, with each day lasting a real-life hour. In campaign/worldmap mode, which you will play if like me you like progression, there are 36 maps. Currently the win condition is to survive 100 days on each map. This is not possible on any map unless you cheese the game or play easy. Finding the minimum playtime to win gives us 1 hour X 100 (number of cycles needed to win a map) X 36 total maps = 3600 hours. So don't bother trying to 'win' the world-map.

Play it if you like zoning out or building and are ok with being slapped around by the dev's 'gameplay decisions', or are good enough to cheese the game. Otherwise, pass.

Edit: Hey, it looks like there's a bit of a discussion now on why I don't recommend the game despite the time I put in. Some people have already described their own perspectives, but I'll share my main point. I did enjoy this game, but I do not recommend it because IMO it fails as a tower defense game and the city building  could be better.",False,1553227589,57,4,0.654619932174682617,14,6967.0,16020,76561198058157494
328080,77720012,"I tried. I really tried. It's a cool concept, and I like the general look of the game. But extremely poorly executed.
Everything is cool. Except the toon AI. It makes you want to stab your eyes out.

Example:
You have one building in progress on the west side of your base. Another on the east.
You have 5 builders and 10 organisers. And many lumberjacks and stone cutters.
The organisers supply the one building with some crystal which the other building does not need. It's higher priority than other buildings in progress.
So the builders ALL walk over to the building which now has some building material in a rush to progress the building by 5%. Only two make it and they quickly finish the 5%. Now ALL the builders are at or close to this building, but there's nothing more to do. So 3 turn around and head home, because the organisers have not supplied the other building with anything yet. 1 flirts with a random lumberjacks chick. 1 goes to sleep. One drinks some water. The other two are standing around having a good old chat.
Finally 2 minutes later a hero organiser somehow manages to deliver some wood to the other building while all the other organisers have just been supplying wood to the carpenters, or carrying wood around between your castle and various other storage buildings. Seemingly as the mood takes them.
By this time 1 building is eating food. 2 are in chats with some other toons. 1 starts to eventually make his way to the building. On the way he has a drink from a bottle. He eats something. Then he's confused for 2 minutes straight. And then oh dear. He notices you casting a spell close to him. He runs away in abject fear and awe.
2 other builders start making their way to the new building, but halfway there they start chatting. Then another champion of an organiser delivers some stone to the other building which happens to have a higher priority. So after they chat for a minute or so more. One eats a quick meal, and the other starts making his way there to progress another 5% on the building. 

If you're lucky he makes it there.

If the organisers could get their act together and just finish supplying one building at a time, and then building commences once all materials are supplied. That would be better.
Better yet. If builders could automatically distribute themselves among the highest priority buildings in progress and wait for material to arrive. That would be almost infinitely better.

But no. It's a god sim, that is also a toon walking, and time wasting simulator.
A warning that too many buildings are in progress? Really?
You can't even rotate buildings. Not that it matters. Whatever the buildings look like. An organiser that brings, say 4 wood to it, will walk around, and around it. Dropping off one wood at a time. It's like everything in the game is designed to make toons walk as much as possible, and waste as much time as possible.

Once you learn how to play the game, you are also thoroughly fed up. If you're lucky then yous till have your eyes.",False,1602961710,53,22,0.706495106220245361,0,9536.0,9536,76561198024344641
328080,60361715,"This is a tough review to write - because this is my favorite game of 2019, save one, and I still can't honestly recommend it in its current form. It has so much potential to be exactly the game I'm looking for - a version of Settlers that Ubisoft hasn't screwed up. But it's not there yet, in infuriating ways.

Pros:
- Good soundtrack,
- Game has a dark sense of humor regarding villager death,
- Even at night, during a rain storm, the environment is bright enough to see,
- The building UI is intuitive,
- The God-points system adds an interesting Rogue-like element,
- The learning curve is steep, but not too steep.

Cons:
- The villager AI is moronic,
- Pathing can get to be a real problem if corruption spreads in an inconvenient manner,
- Relying on Nomads and children aging to adulthood is great in theory, but you can quickly become completely overrun by monsters without enough population to defend yourself,
- Some of the perks from God-points rely on such random occurrences that their usefulness is greatly diminished,
- Tying influence (mana) to population can make surviving long enough to cast multiple spells impossible,
- Building priority doesn't mean anything useful,
- There's no way to tell individual villagers what to do,
- The game really, really either needs a ""no, I really mean it, build this right the hell now"" option, or a lightning bolt I can use to punish villagers for their stupidity,
- Dropping the game's difficulty makes the game way too easy,
- Peaceful is, quite possibly, the most boring experience I've ever come across,
- Some of the comedy/pop-culture names can get a bit... racisty.

So, no - I cannot recommend this game, at this time. But it's my favorite game that came out this year, and I suspect that I will probably spend many, many more hours beating my head against the wall that is the ridiculous AI. So, I guess if you're really masochistic, this game might be for you too.",False,1577070899,4,0,0.436850070953369141,1,2388.0,2845,76561198043707249
328080,145200295,"Tl;dr this game is a losing simulator. You will unavoidably lose. There is literally no way to win. This isn't a ""gid gud"" scenario, you will lose every time, by design.

I refrained from writing a review for this game because I didn't want to hinder its progress, just in case the dev wanted to change the direction of the game. It's very sad that I have to say no, but I will explain underneath the reasons why.

The game is really cool until you realize what the gameplay cycle is. I haven't played it in a while but I saw some comments and it seems it's still the same.

The game isn't difficult. It's impossible by design. I don't mind difficult games. But the whole formula of this game is so that you lose. Let me explain this:

1. The monsters never stop levelling up. Your buildings however have a max level. Therefore there will be a time (and it's not gonna take long) where the monsters overlevel your buildings (and keep on levelling up!). It doesn't even matter how many towers you build, after some time they will be so far ahead that you do 0 damage to them.

2. The corruption spreads, the more you play until it covers the entire map. The more it spreads, the more enemies get spawned. So that means you gotta fight it back right? No. If you fight it back, the game becomes more difficult. So you fight it back to make the game easier, but the game becomes harder instead. But even if you don't fight it back, you're in the way remember? Therefore once it reaches your city, then you are unavoidably fighting it back by simply existing lol. Therefore the game becomes even harder.

3. There is one way to win a map. To do nothing but head to the corruption immediately. When you remove it from the last tile, it won't spawn any monsters. This is more of an exploit than a design though, and if you do that it becomes clear why the dev didn't want you to win. Because that's it. Once you are able to play the game freely, there's nothing to it. Everything is geared towards protecting yourself from the monsters, and defending. So once you do that, the game has nothing else to offer. But read my previous points: the formula of the game is to make you lose. So there's no point in even defending then.

4. You can move your people nomadically to other tiles on the world map. Therefore you might assume that the point is defending and gather resources, move elsewhere, gather more resources, move elsewhere etc, until you're tough enough to start actually fighting the corruption. No. That would make the game cool actually. But that's not its point. Because remember, no matter how many resources you have, the enemies do not have a max level, therefore will always overpower you. Even if we imagined you have infinite resources, your towers at some point will do no damage.

5. TD element. The game initially had this, and it was great. Basically you were supposed to build a maze of towers. That's why there are also slow towers and stuff like that. The enemies would not attack walls unless they had no way of reaching your town. But after some update, the monsters would start attacking the walls anyway, therefore negating this completely. So in the end, you're stuck with towers that's counter-productive to build. Why have a slow tower, if you could build another elemental/arrow/ballista tower? There's no point.

6. God powers. Initially, they matter. But after a while, they are so weak that you are stuck with casting stuff like regenerating resources - mainly food. Also, charm, if I remember, you can take any enemy under your command. So to win, reach the corruption fast, then when a high level fire elemental is spawned, charm it. Do that until you remove the last tile. 

7. Upgrading God powers: So you can upgrade certain stuff by mainly doing stuff in the game. These are the ""goals"", and it can increase your max levels and stuff. Wonderful huh? Therefore, you can at some point overpower the enemies, right? No. We already talked about how enemies' levels are infinite. By finishing a goal, you will, like, upgarde the level of something by 1. Golems if I remember. One level doesn't mean much. The enemies by then will probably be 10 levels ahead already, if you're lucky.

8. The dev doesn't care about these problems. It's been posted time and time again that the game has no purpose, as it's designed so that you lose. Everyone says this. I went to the comments just now to see if anything changed, and I found a comment from 1 hour ago that says the game is unfair etc.

Look, I don't want an easy game, by no means. I'm happy with a challenge, even if I lose, because then I know more stuff so I can replay and be better. But this isn't a challenge. This is a losing simulator. Actually, what will happen is that you will replay and replay, and at some point you will realize my previous points and give up, because there is no way to win the game.

And just as you're thinking the dev is gonna take notice and do this game justice, they release it from Early Access without ""fixing"" anything. And I use quotes because I don't think the dev sees these as problems, I really think the dev wanted the game to be impossible. But I don't know why, this game could be cool. Please remember, and I'll say this again and again, your skill doesn't matter. This isn't a ""git gud"" scenario. You will lose every time because that's how the game is designed.

So anyway, yeah, my advice is to steer clear of this game unless for some reason you really want to lose.",False,1693232296,11,0,0.496690630912780762,0,4990.0,4990,76561198333621998
328080,207364965,"Unfortunately this is a game that died feeling unfinished. Theres very little variety in the enemy, and even more so in the defensive structures you can make. For a game that requires constant replays, the lack of variety can make the game easily become stale and feeling like a grind simulator instead.",False,1761199713,7,0,0.597766757011413574,0,6207.0,6207,76561198048322265
328080,114626612,"There may be a decent game in here but at this point it's a mess.  There's a meta that I kind of read a bit about, but meta play is kind of boring/annoying.  If you like sandbox games that have one ""right"" way to play, this probably has that.  As my one city in the world got larger and larger, the micromanaging got worse and worse.  I'd love to go start another town but not at the expense of the time I put into the first one.  I played it on Traditional, I just wanted to have a good, relaxing time with a slight challenge.  I have learned that trying to eliminate the enemy faction is like stamping on oil; it squirms out from under your shoe.  And now, before even having 2 cities in a supposed ""world"" to fill, the game runs so bogged down, I can't even imagine having a third city.",False,1651169899,18,2,0.621804118156433105,0,2371.0,2726,76561198017241715
328080,87356604,"Was always just an okay game at best, but the devs weird insistence on making the game harder across the board when it didn't really need to be by reducing drastically the amount of people you start with pushed me away a long time ago.

Had my decision pretty much cemented when he added trash, actual honest to god TRASH, as a mechanical feature of the village management part of the game. Now, on top of everything else you already have to tediously manage, you have to micro dealing with waste from work and general living of your people, which gets incredibly tedious in any mildly large village. And if you don't take care of the trash? Trash slimes will start showing up in your village. They'll attack people and break stuff. Great.

None of this is even touching on other parts I felt were poor or simply irritating. Like the god part of the game feeling pretty weak. Lots of other tedious mechanics the tutorial doesn't teach you, like bottlers and cooks. Season mechanics actively leading to the complete reduction or stoppage of food production. Being punished with floods of monsters because you're ""taking too much land from the corruption.""

Oh, also, if you have any vision problems, you're probably going to want to pass on this for that fact alone. Often made me have to get closer to my PC just to avoid eye pain.",False,1614179281,21,3,0.6345253586769104,0,6874.0,7012,76561198046714824
328080,38632565,"This game showed promise, to be a interesting city survival management game with god elements. I had 250 hours into the game before the developer put elements into the game that break what I thought the game was advertised as and intended to be. The updates have destroyed all possibility of future fun in the game for me, thus I cannot recommend it to anyone. 

The latest designs and apparently in future plans, the developer has made it clear he is uninterested in maintaining any sort of lore. Personally telling me that ""I never cared much about the lore"". Meanwhile without the lore holding it together, I find the game vastly lacking. It is a it is a weak city builder, a weak tower defense and a weak god game. I played it because I found the idea of surviving in an apocalyptic world where you are most likely to die to be an interesting premise.

From filling the game with knock off names, from popular culture (Star Trek, Game of Thrones, and Celebrities), even stealing Elder Scrolls 'Catjeet' (Khajiit). Having magical beings that can somehow manage to survive the hordes of zombies, while you 'god' fail to direct your village to survival.

In the end, I find that this is a amateur game from an amateur Designer. In some ways it shows promise, but the lack of direction or focus from the game developer has lead to a scattered game design, and concept. 

To add to the unprofessionalism of this developer he purposly posted my review to his fourms in order to get his fans to spam trolling comments on my reveiw, of which I deleted them.  Afterwhich he himself reviews saying how I am censoring my comments, while it is him and his fans who are trying to censor MY reveiw by harrasing me over leaving it up.

The truth is, yes I was active in his forums, yes there is more information on this topic there. However, my review stands alone without 'context' and I have a right to post a negative review without being attacked for writing a review stating that this is no longer the game I purchased or wanted.

Update 2/12/19- I have disabled comments because over a year later the fans of this game are still posting harassing comments and insisting that my removing of pure insults from my comment section is 'censoring' them... in their attempt to censor me. I have not had this game in my steam library nor been on their forums in that time and this game is but a distant memory I have no care to bring up again. Thank you for understanding.  Update 2/13... Now the same person insulting me on this review, has looked up my other reviews to continue insulting me. Therefor, I will no longer allow comments on ANY of my reviews.

Do yourself a favor and do not get involved the toxic community this game has.",False,1514141379,5,2,0.44779166579246521,3,14576.0,15581,76561198022002201
328080,178344847,"Fantastic game if you like RTS and tower defense. Unfortunately, the dev has abandoned it.

I bought the game years ago, when updates actually released still. I understand that life gets in the way of things. The development cycle would make for a good read if you have the time to dig it up. IIRC, he had cancer, went bankrupt, hit it big on stocks, promised a bunch, delivered half, and announced a new game that hasn't gone anywhere.

I recently picked up Rimworld and was immediately reminded of Rise to Ruins. I've easily blown past my time played and I have no signs of stopping. It's a shame that you can get significantly more mileage out of Rimworld, especially with the DLC and mods. Your run doesn't die in Rimworld just because time has dragged on long enough. You're not punished for maximizing your efficiency, barring the FPS drops a large settlement has. Development never made it far enough to maximize the unique mechanics offered, and the basics are better expressed by a game that did put in the work.

I absolutely believe this game could have been a hidden gem. It's only lacking enough development to chip it out of the stone it was left buried in.",False,1730668842,36,2,0.668601512908935547,0,1957.0,1957,76561198179626630
328080,83629798,"If you stay in a zone too long, they will start spamming and endless train of mobs, literally hundreds, and you will lose the zone. over fully upgraded 100 Golems, 30+ towers, solid defense walls and then billions flood in - unstoppable. It seems the title tells you what's going to happen. Rise... to... Ruins... Not recommending this one unless it's 99 cents.  The AI is really lame. There are resources right by a building, but they will still grab them from far away and then just before they get to the construction site, they will get scared and drop the resources but then someone picks those up and takes them back as a builder goes and gets a new pile and drops them again. It's pretty stupid. I can't get past that one thing.",False,1609396769,8,1,0.531856954097747803,0,3879.0,3894,76561198007661344
328080,168517255,"Random difficulty spikes, seams for no reason enemies gained 70 additional levels in the middle of the night. Random things appearing to reroute monsters to go through walls. And on top you are limited 200 corrupted tile clearing a day, makes it a time wasting grind.
Unoptimized hell later in the game even on lowest settings, constant corpse clear, million of particles.",False,1719683712,11,1,0.606980562210083008,0,14959.0,14981,76561198046969625
328080,139359889,Spend the $7 on a lighter to burn the other $6.,False,1685606969,2,2,0.294232457876205444,0,6067.0,6067,76561197964898237
328080,55869962,"Game is not polished well, Insta death by Fire elementals, sudden enemy strength rise, annoying concepts, unfair tactics.
Still it's decent game though, some annoying aspects of game ruins everything.",False,1572315816,1,0,0.481490105390548706,0,8355.0,20691,76561198077278019
328080,79686418,"It can be a frustrating as hell and sometimes fun game, but I truly feel that without a real way of FIGHTING (see not just defending forever) the corruption, which isn't helped by the fact your golems are suicidal and will just go at or close do whatever barrier of firepits you got up trying to keep the corruption at isolated somewhat, is tedious and boring as hell.  

I really want to enjoy the game, but once you got your economy going its literally a matter of upgrading your defenses (maybe make a maze like most) to deal with the ever increasing corruption armys while you slowly inch into their land with firepits to clear corruption and attack them with the only spell that reaches somewhat inside their territory, earthquake (such excitement sigh).  If they actually add some way of attacking or using your people/rangers/golems then I would probably enjoy it, but it looks like the dev isn't working on this anymore besides minor updates.  But if you just want to play to play a tower defense game, WITHOUT a tedious process, look elsewhere.",False,1606091520,1,0,0.5,0,5426.0,6524,76561197990242104
328080,58300280,"This was the only thing on the award list I'd actually played, so I have to use this for the review.

The game is... Ok, but I've run into enough problems with basic gameplay that I'd just rather not bother most of the time. Eventually just turned off enemies, slogged through to the end of the tech tree on peaceful, and now I'm done. Highpoint for me is the graphics, ironically enough.

I enjoyed some of my time, but was more annoyed in general with the games issues.

YYMV",False,1574890508,0,0,0.5,0,2042.0,2043,76561198030130252
328080,47959274,"The villager's movement is so stupid that they would even try to avoid corrupted land, but they will only try the shortest way which could be deadly, and only a little bit shorter. So I have to build some non-sense wall just to lengthen the route villager to prevent them to suicide.
Could you please allow the villager to avoid the corruption land? Or this game will be pretty suck..",False,1546183596,4,0,0.471319198608398438,1,3584.0,5014,76561198167791457
328080,193286613,"the game does not feel finished and its sad. it had great potential but it seems abandoned now.

i do not recommend getting this game in its current state",False,1745260995,7,1,0.515481948852539062,1,5513.0,5513,76561198022332906
328080,85059511,"I was really hoping that the dev would continue adding to the promising foundation that this game has but unfortunately that is not likely to happen.

In its current state building up your first village is an enjoyable experience and quite challenging, but once you get over that first hurdle and can spread to other tiles it becomes a major bore. The difficulty takes a sharp decline even on the hardest setting as you can easily get ahead of the corruption in new tiles by sending enough resources with your nomads. 

Positives:
•	Core village building feels great and watching your villages grow is rewarding.
•	Magic system is a great twist and allows for a more active role during tense situations.
•	Art style is simple but endearing.

Negatives:
•	Corruption (the enemy) is simplistic with limited enemy types.
•	Difficulty scaling is wonky due to an incomplete feeling “end game”.
•	Builder AI can be frustrating as they hold no priority and will all rush the same buildings together.

Ideally, I would have loved to see more enemy types start appearing as time goes on or as more tiles are colonised. Some sort of research tree mixed into the progression to complement an adapting enemy would make this a solid tower defence/colony sim.

*update 13/6/21*
It looks like the dev has made an announcement that development will continue, hopefully the game will receive some much needed love. As it stands my review is still valid for the current version as of this update.",False,1611186337,15,0,0.63570106029510498,0,3245.0,3396,76561198013563171
328080,62021425,"Absolutely love the game. One of my favorite to play on days where I just wanna chill out, build a city, and watch some TV. It has a small learning curve, but once you adjust to it, the game becomes very enjoyable. The only issue I really have is performance. As the game progresses, you will begin to notice the game slow down from about day 15. On one of my recent playthroughs, my village just made it past a year of survival, with my FPS lowing from 60+ easy, to roughly about 22-26, which worsens at night when the monsters become restless.

With particle count on minimal, my village alone while idle and nothing being built, during the day, and no essence collectors collecting large amounts of essence, would sit around a whopping 19,000 particles. Should I needed something to be done, such as building something or waiting out a disaster, I would need to literally zoom in on a empty area of land or the void so my game would return to a normal-ish speed to have said task complete.

The game is still great, as I am striving to build a village that will completely remove corruption from it, but until the fps issue is resolved with the massive amount of particles, I unfortunately won't be returning to play for a while.",False,1579341770,0,0,0.5,0,13912.0,15294,76561198062511085
328080,167335195,"Been trying to find a way to enjoy this game, but it just feels remarkably tedious no matter what I do. The trash mechanic being added is really annoying due to the insane amount of trash that builds up. There's way to much random stuff that happens which completely derails you for multiple days sometimes.

This game was awesome back when I  originally played this but it just lacked a reason to play beyond a couple years. Now, it's just tedious trying to deal with corruption and all the other issues at the same time. This feels like how Rise of Industry was a solid game but needed some tweaks. Instead of that, they added 2130 which simply made the game more tedious and still lacking the main features people had been asking for (AI that isn't terrible being the main one).

I wanna like it and I've kept trying to push through the tedium, but I might be at the end of my desire to keep playing.

Also, the way achievements work is just strange. Almost all of the achievements are things you can do right off the bat, yet you have to unlock achievements like they're talent points for whatever reason, in order to be able to even start working towards the next achievement.  It also doesn't take long for the performance to get bogged down quick. I've got a pretty old computer, but for such a simplistic game it seems nuts just how quickly it becomes frustratingly slow.

EDIT** This is about a year later and I decided to try the game again since I genuinely love the concept, but again I'm left frustrated by the AI being absolutely braindead. I learned a lot of new things, but it doesn't change the fact that the achievement system is just not well designed. Even if it wasn't for actual achievements and was for ""progression""; it doesn't function at all like it would in many other games. Usually you have a system like this in order to give the player new achievable goals based on the thing you recently unlocked. But since every single reward is a random buff through chests... which you have to stop playing in order to actually utilize, it feels really odd. You'll get so many achievements that branch to a thing you achieved 5 to 10 hours ago, leaving you wondering ""uh okay... I guess I just wait for this to eventually tick up and complete.""

I love city building, god mechanics and tower defence. I LOVE a lot of things about this game. I know it's made by one guy and I at least got a lot of hours out of this game. If you don't care about 100%ing games then I would recommend it for the simple fact that it's enjoyable for a solid 20 to 40 hours easily. The tedium will drain you more and more as you play though. Being unable to click your own buildings because of corpses and items all cluttered around every defence tower you've built, that alone becomes insanely aggravating pretty quickly. 

The good is that there are some really cool systems and concepts here. I love the golems, I love some of the cheeky, silly humour. There is a lot that leaves me wondering if it's mistranslated, as some phrases just don't make sense, but clearly so much love went into this. 

Using the concepts here and modifying a handful of things would have this being one of the ultimate strategy games to play. And I'm very impressed that one dude managed to pull this off. I hate giving thumbs down for projects like this, because I know just how hard it is to make a game, bust your ass to actually finish it, and then put it out there for everyone to judge, meanwhile most people have no clue what goes into a project like this. I really hope the review can be taken as constructive criticism and be used towards another project that's similar, with better progression and a more clear end-goal.",False,1718366893,6,0,0.570244014263153076,12,5556.0,5904,76561197977560009
328080,124897907,"If possible I would rate it ""wait and see"".

For me, the game is too ""slow"" from a balancing perspective. Everything in the game takes forever.  Don't let my in-game numbers confuse you. Nearly could define it as an idle game.

Which is a pity as it has a great concept and great potential.

----------------
After a response from the developer, I changed this review and removed the ""abandoned"" part.
I will come back and review again after the Update 2, which is under way.

-----------------
Edit April 2023: Now another 6 months passed without any further communication :(",False,1667505835,6,0,0.481295138597488403,0,3278.0,3397,76561198152627027
328080,92942843,"Normally I like this type of games. It's probably my favorite genre of games but this game is too annoying to be enjoyable. AI is terrible, your defenders and golems will literally walk past enemies attacking  your buildings because there's a random enemy idling on the other side of the village. Villagers will starve or otherwise die because they didn't feel like satisfying their needs and half the time won't do anything. Another frustrating thing is that you get no warnings when monsters are attacking your buildings unless they already destroy them, and even then, the message in the message log doesn't have hyperlinks or anything so you have to guess where they are attacking. There's no way to figure out what's wrong with your village, if you have too few farms or waterwells or anything. Or if there is, it's hidden somewhere within the terrible UI.",False,1622478828,14,1,0.609168767929077148,0,2520.0,2860,76561198003588861
328080,164039326,"I can't really recommend this game. Even on Traditional (the ""more relaxed"" aka easiest mode with combat) the difficulty is punishing and cleansing a map is tedious with a single optimal strategy. Which is too bad because it has some nice mechanics and systems.

Basically the way to win is to rush a chain of lights over to where the corruption spawns and encircle it with lights within the first 2-3 game days. Then contain spawns with a couple of bullet towers while you rush town growth to supporting a bunch of crystal golems. Once that's ready slowly light creep into the corruption area until it's all gone.

Enemy strength increases exponentially over time and with corruption size, so containing it ASAP is basically the only way to win.  Towers are useless beyond the first few in-game weeks and human military is too hard to replace so there's no real other options on offense either.

This is really too bad because there are fun systems of towers and walls and production and building and magic. Unfortunately none of them matter because you can't fool around if you don't want to eventually be overwhelmed by the corruption's power growth. 

I can't imagine peaceful mode is much fun since over half the buildings and systems are useless if there's no combat. Custom difficulty lets you tweak variables that can slow the enemy growth but that only gives you more time to execute the one viable strategy. Sadly there doesn't seem to be a way to make the game more flexible.",False,1714630589,6,0,0.493247032165527344,0,8913.0,8913,76561197992783558
328080,188491840,"Some interesting ideas, but ultimately it never comes close to reaching its potential. A lot of the mechanics feel (or are) half finished and the gameplay loop is deeply unsatisfying once you figure out how the systems work. Aside from being doomed to eventual failure, the game is built around long grinds to unlock upgrades and you spend tens of hours without using a lot of the game's mechanics. The Dev is also MIA and a lot of the early access promises were unrealized. If that weren't the case, I might hesitantly recommend it, but I can't at the moment.",False,1740228587,24,0,0.73666679859161377,0,2573.0,2573,76561198011362746
328080,50381000,"I have quite a bit of time in this game and honestly, don't buy it.

It's fun, but not very. It's a good time waster. The city builder aspect is weak. You have a priority system but your little villagers seem to view your priorities as more of a suggestion than instruction. Your towers are weak. The enemy pathfinding seems to arbitrarily decide what it figures the path of least resistance is.

You'll get to a point where you're good at the game, you've got it figured out but then one morning your villagers wake up and refuse to survive. They do something foolish and after a chain reaction, your settlement is destroyed for no real reason.

Buy any other city builder.",False,1556512354,1,0,0.501299679279327393,0,2645.0,2645,76561198036272952
328080,77400975,"I'd love to give this a positive review but uhm... I come back after like 2 years, all all 'sweet it's out of EA let's see if my investment paid off; get some of that end game content, atmosphere, and polish' and the thing they added... was... trash...??? ...???????? Literally it's just now you have to burn trash like who was thinking 'yes, good, this is the thing; the thing this god simulation needed - janitors.' 

It's super aesthetically jarring - why landfills, in your medeival-lookin sim? I forgot about all the trash-burning centres of old York, from all their plastic and cardboard refuse yeah what the fuck.

It also doesn't make any sense from a logical standpoint, even whilst suspending disbelief. Why do rocks turn into trash if they're on the ground too long? ""That rock's been sitting there for nearly a day now. It's starting to smell.""

This was a really big failure of imagination. You could probably make it less ridiculous by saying 'oh you know, the corruption, you know the corruption you're constantly fighting? It gets into the land and ruins anything not nailed down; the decay is a constant of life here and it has to be contained or destroyed."" and then a few sprite changes, a couple wispy black shaders, renaming burners to 'corruption destroyers' or w/e and you have yourself a cool system where you're defending your villagers from another vector of awful corrupt death instead of just picking up their garbage, and you still make resource management meaningful. Instead, we have trashcans, middle-ages style.",False,1602429781,5,0,0.484843164682388306,0,3255.0,3543,76561197998120599
328080,127772647,"Seems to go from either completely unchallenging to too challenging, there isnt much in the way of casual play where i dont have to do a lot of learning to just survive but still get some enjoyment from the game. If you switch it to the modes made for casual it is pretty boring. The missing inbetween isnt great.",False,1669997845,1,0,0.479865789413452148,0,3187.0,3187,76561198170683591
328080,138310274,"Well, this game is completely unfair",False,1684096573,3,0,0.332844346761703491,0,3264.0,3264,76561198015016562
328080,76520387,"the villager AI is so stupid that after 10 hours of  playing you start hating the game 
they starve if dont build kitchens and food stockpiles/water right next to their houses.
they try to grab resources right NEXT TO THE ENEMY BASE and you have to baby sit them and waste mana and time putting them back to base.
they try to repair or grab resources from fallen enemies right in the middle of your maze and you lose 10-15 people a night because they keep doing it.
and if a fire elemental as much as looks at their direction they just run around and die when there literal pools of water right next to them",False,1601015005,4,0,0.476282179355621338,0,5191.0,5191,76561198211270328
328080,97831537,"Tons of farms, animal pens, and chicken coops, yet villagers are still starving to death.",False,1629335536,0,1,0.355855792760848999,0,2273.0,3852,76561198040533816
328080,61810964,"This is a literal trash game. More than one hundred hours spent and I would not recommend. What went wrong? 

Let's start with the positives. The developer is very sympathetic and has produced technically impressive results for the one-man studio. The game has received a lot of attention and updates are still frequent. It is a game that I'd love to like. All the basic building blocks are solidly done.

Yet there is something wrong on a fundamental level.

Core design idea for the game was that you couldn't win it. You're meant to literally ""rise to ruins"", i.e. you are fighting to lose as effectively as you can. In some games, like Dwarf Fortress, losing can be fun. A spectacular failure from the player's side leads to a death spiral where the game ends.

But in RtR you don't have that much fun losing. You don't feel like you lost because you (or your virtual villagers) did something particularly stupid. 

Every day the night comes and with every night come increasingly stronger monsters. Recovering from failures is extremely difficult. You lose because you are meant to lose, you lose because somewhere along the line you did a sub-optimal design choice. Or you lose because you failed to micro a strong enemy that your defenses couldn't handle.

The idea of spending tens of hours on building a village to lose didn't sit too well with the players, so the developer grudgingly added the possibility for winning the map by eliminating corruption. You achieve this by turtling down, building campfires to blockade the corruption into a fraction of the map. And eventually pushing it back. 

Every day the enemy gets stronger. This is done by simply bloating the numbers. So you end up having a long game where the enemy soon has thousands of hitpoints on a single unit. Meanwhile, your defenses stop improving, and your villagers have a limited lifetime. Soon it reaches the point where the only effective way to remove a strong enemy is to manually pick it up and throw it into a magical furnace.

As the corruption strength grows, even a single tile of corruption will be able to spawn hundreds of enemies that all can wipe out your entire defenses if they get through. Combine this with the fact that corruption can live inside mountains, and enemies can spawn from inside of said mountains...

Talking about enemies getting through defenses, we have to talk about the trash in the game. One of the most idiotic additions to the game were the trash mechanics. Every industry in the game has a chance of producing trash. If left alone, trash spawns slime monsters.

So players have to build buildings to store and process the trash. Soon you have to dedicate a very sizeable population of your village for trash management: carrying trash from one place to another. Even though you have many different ways for disposing of trash, they all take a long time to process it. So in practice, you start having more and more trash piled up.
Now, if a single enemy manages to destroy a building (which in late game they can do in seconds), the destruction releases a torrent of trash that needs to be dealt with. Due to your trash starting to pile up, you find yourself frequently losing buildings to trash slimes. And eventually, a slime will destroy a junkyard.

So now imagine your village that you've painstakingly built and fought hard for, dying to a trash spiral. Once trash hits a certain number, there simply is no way to dispose of it fast enough. You might have a village of hundreds of villagers, yet they simply are not fast enough in rebuilding junkyards and hauling the trash.

You are playing a literal god who can throw meteors and summon earthquakes. Yet you have no way of getting rid of common garbage.

Even if we forgive trash mechanics and trash design with number bloat, there is one thing a town builder/tower defense game cannot be forgiven for. And unfortunately, RtR also fails on that front.

The defense part of the game is uninspired and not much fun. You can build various defensive towers that shoot at the enemy, buildings that spawn defensive unit and different types of walls. That is it. Most of the walls and tower types are not really usable, so your options are even more limited.

No environmental interactions are possible. You can drown a fire elemental by dropping it into the water, but you can't flood a maze. No Dwarf Fortress-like mechanical contraptions, no physical traps.

Enemies are the same kind of zombies, skeletons, ghosts and slimes. They just get more hitpoints. Every enemy is tiny and hard to see, especially with magic and other effects going on.

Frankly, the defense part of the game is a chore that you will soon be dreading. Since your defenses are ineffective, you are forced to personally micromanage the tiny enemies, picking them up and dropping them, or occasionally smiting them with your god powers. And every night this becomes more and more annoying. Just like the game itself.

So, in summary. An impressive effort that is ruined by poorly thought design choices. Unless future updates radically alter the core philosophy of the game, I really don't see the game being salvageable. Ask yourself if you like games where losing a slow and tedious death is mandatory before making your purchase.",False,1578946984,246,25,0.795812427997589111,21,7607.0,7607,76561198050586879
328080,201253515,"Game has gamebreaking bugs. Sooner or later your villagers will stop doing anything useful and die of starvation. Doesn't matter if you have luxury homes, farm, chicken coop and animal pen fully staffed as the only things on a map. Eventually they all die of starvation, even when I spawn magic potatoes in front of them.

The developer abandoned this game years ago, don't buy this.",False,1754100952,5,0,0.425084620714187622,0,2636.0,2636,76561197962518659
328080,73830414,Game was fun for a bit but after learning and building up a decent first city it lost it's magic. Lots of restrictions on building areas and you need to wall off the entire area of your village with special walls to stop ghosts which will get annoying fast. The mazing is alright but it takes a VERY LONG time to do anything and the AI for the villager jobs can be a bit problematic if you are trying to get too many things done at once. Too much micro and wasted jobs like maintenance that has some jobs only maintaining some building types while others will maintain them all etc. Its just over complicated with the job balance at a point and the god powers are lame. Better games that can give you the same if not better experience without the arcady mazing with towers....,False,1596657736,0,0,0.5,0,1905.0,2273,76561198134465903
328080,76093024,"mixed reaction. after playing a few games an learning the ropes I decided to push for the overall win ""survive one year in each area"" after surviving for 3 years in combined areas, outpacing corruption, closing it off so it can't spread, setting up defenses so  I don't have monsters coming into my village ever, pretty easy to do actually UNTIL, the game decides since corruption can't spread because your blocking it that it will appear in the middle of your main village, in a tiny spot that I didn't control, half a map away from any other corruption, and the corruption instantly starts to dissolve because MY territory is no more than 2 blocks away in any direction, on top of that 5 skeletons and 4 specters came out of like 4 squares of corruption. I could nvr catch the corruption then no matter what I did. Its like the game just decided I needed to lose 60-70 hours of play. my other bases failed because they were relying on the resources from my main base, my bases always have a shortage somewhere. so I reset my progress AND will probably nvr put that much effort into it again. like I said very mixed. I like the game but I'm not going to put in that much effort so the game can decide its time for me to start over",False,1600297102,4,2,0.543726265430450439,0,4964.0,5488,76561198010525092
328080,69115352,"I really want to like this game, but it has too many bizarre shortcomings to work for me. The clever art style, the overall ""goal"" and the hybrid RTS/city builder/tower defense should combine to be a ton of fun. However, this game is probably best described as a frustration simulator; a steep difficulty curve, a relentless enemy AI, and your greatest obstacle- arguably the worst pathing/friendly AI ever coded join forces to waste your time. Your best winning strategies means nothing, as your builders will disregard your build orders, obvious pathing routes, and will even starve to death rather than survive even when food is readily available. Priorities you the player set are flatly ignored. Builders wander into enemy territory to be slaughtered without reason at least once every scenario, losing more than 2 or so is debilitating to your economy, and you're quickly overrun. Your towers and defense systems target priority is laughable, and there is no means for the player to directly control any of this to fill the gulf in logic between what is happening and what the AI thinks it should be doing. I would compare it to another game, but I genuinely can't think of any game in any of the genres Rise to Ruins taps into that relies so heavily on micromanagement that then leaves it entirely to an AI that is, at it's very best, incompetent. Credit where it's due, Rise To Ruins is a beautiful looking game, and it's clear the developer(s) put a lot of heart into the final product- I don't feel this game is ""broken"" for lack of effort on their part. 

Granted you're the sort who doesn't mind having to restart your scenario every 2 hours or so because your villagers all decided to wander into harms way for no apparent reason (as there's only one save slot per map per difficulty, so no quicksaving!) then this game may just be your cup of tea. If you (like me) prefer a strategy game where you are actually in ""control"" and not just shouting suggestions at a dimwitted AI, then Rise to Ruins is best skipped over.",False,1589457536,1,0,0.474759817123413086,0,3862.0,4562,76561198085445368
328080,51247469,You will hate this game,False,1560642692,0,1,0.360847800970077515,0,1967.0,4184,76561198296322598
328080,56733605,"It's sad, but after many dozens of hours, I have to conclude that Rise of Ruins, in its current ""finished"" state, is just... not that fun to play.

For starters, it's poorly balanced. The tower defence elements spoken of in the game's description are essentially optional for the most part; far better is to use walls and towers only while you have no other option, then plonk a bunch of golem creation stations, upgrade them fully, make sure they have the more useful elements (cold is good because fire elementals are a massive pain; poison is crap because slimes and zombies resist it) and then go do whatever you feel like until you get really, really bored.

The golems go off to fight the enemy, some golems die, they get replaced from the golem combobulator structure, and your village and people are safe as long as your golem output exceeds your losses in battle.

Meanwhile, if you build a wall maze and a bunch of towers? Monsters will run past (or shoot over, i.e. fire elementals), smash up your buildings, and your starting bunch of builders will have to stop building up your infrastructure in order to fix the half-smashed buildings, lest they be fully ruined. Some villagers die.
If you want, you can get some villagers to act as ""rangers"" if you build a place for them, which mostly means they'll more often try to fight instead of running away from monsters. That can work pretty well against basic early-game enemies; not so much against fire elementals who have a powerful ranged attack, or spectres who resist physical damage. If you were thinking you could have your smith craft some magical bows or swords to even the odds, nope. Mundane weapon crafting only, and so much gear drops from killed monsters that I never feel the need to produce it, even if it wasn't mostly useless in the first place. So you make golems instead.

All of which is a shame, as the towers are pretty varied and interesting. They just don't work very well. You have to supply two types of ammunition depending on the tower type, and/or magical energy that requires you to build a sort of mana collector. Meanwhile, golems cost some energy too, but by the time you can upgrade the golem buildings, you'll be producing ""crylithium"", refined crystals that can be shoved in a mana collector to generate mana out of nowhere. Yeah, they call it influence or energy, I know, but really, it's mana.

So, the combat/strategy is not so much about adapting to situations or trying different models, as it is about doing the exact same thing every time. Not great for a game with a wide selection of large maps to its ""world""/campaign mode... the changes of scenery are nice, but happen pretty rarely unless you start off at the corner of three different environment types on the world map, and even then... an in-game year is maybe 40-ish days, and you have to survive for a year on each map to win the campaign, seemingly? Which doesn't sound so bad until you realize a day in this game takes what feels like an hour or more, in real time. There are options to increase the game speed, which helps a little, but not enough.

The forces of evil in this game are confusing, too. They start off roughly opposite wherever you start your own colony, on each map. Then they claim territory by ""corrupting"" it. But if you just leave them alone and let them claim, say, half the map? They don't even seem to bother you much. A few monsters will wander in to attack your place, but as long as you can get a chain of bonfires splitting your half of the map off from theirs (which isn't that difficult), you'll probably be fine. Apparently crowding the enemy into a corner will drive them into a more hostile mode, but from what I can recall, that didn't pose much difficulty either. So you have this peculiar situation where the living dead and the... cultists, or whatever, who for some reason have Borg names (Seven of Nine, and similar), and flame creatures that like to burn people alive, are all part of a weird ecosystem which you're supposed to view as some kind of natural balance? A neat idea on some levels, but in the end, your golems will stomp all over anything that tries to cross your bonfire line, and the whole thing ends up being a weird ancillary feature, even though it was added fairly recently IIRC.

Then there's the civilian economy. I used to enjoy this, but it too gets very repetitive once you've learned the ropes. Make sure you have enough people growing food, collecting, purifying and bottling water, and harvesting wood and stone and crystal and whatever else you need. Have one or two people making boards and cutting stone blocks. Balance the number of builders and porters (""organizers""). Build a clinic to reduce the chances of a miscarriage as your villagers procreate. Keep building enough housing to attract nomads, increasing your population. It's all more of a hassle than a joy, to be honest, and once you've got everything running smoothly, it's all just sort of... there. And you sit and wait for the days to slowly roll by behind your wall of shooty golems (or your wall of stone and towers if you want to be a rebel)... days and nights pass, seasons shift, and there's still not much to do beyond upgrading things gradually and maybe building more homes.

This is all at Survival difficulty, by the way... Nightmare may offer more of a challenge for those familiar with the gameplay, but the thing is, to switch to that, one would have to start a new world, and after playing most of a year on just one map, I'm just not up for that. Mind-numbing does not begin to describe it.

As a sort of god-like entity, you have various spells/miracles available to you. You can't use any of them on corrupted territory, but some have a wide area of effect and could be invoked on nearby uncorrupted ground, so there is that. I like being able to call down a thunder storm and maybe fry a few enemies, with the weather changing to rain as the primary effect. It's nice to have a spell that makes trees, crystals and wild-growing vegetables grow. The grabby hand spell lets you dump fire elementals in lakes, which is brilliant, but you'll mostly use it to pull rocks off mountains and maybe drop them on building sites when you don't have much workforce to go around... and then you have to recharge your mana, because the grab spell consumes some with each pickup, and drains it every second you're holding something. Mana comes from many sources, which is kind of neat, but gathering it soon becomes just another chore. In addition to the aforementioned and a few other nice options, there are also various less meaningful spells that mostly feel like filler, of little to no use even early on in the game. There's nothing remotely as cool as the spells in Populous 3, to use a classic example; no volcano, no seeking fire blast, no tornado, no land bridge/ramp spell.

What else? Well, marking resources and adjusting buildings' operational parameters is a chore. Managing your workforce is a chore. Migrating to a new region is a much bigger hassle than it was back in Early Access, when you could just whisk people up into stasis with a spell that is now gone, and then settle them anywhere you jolly well please; now you have to build a migration station, a courier station, set how many people to move to one of the adjacent regions, wait for them to gather, wait for them to leave, ship necessary goods along with them... I dunno, maybe someone thinks all that sounds fun. If so, this may be the game for you!

There is also a strange system of very gradually earned minor bonuses on the world map which begs the question, ""Is the game supposed to get easier and easier after the first map?"" What you really need is a bonus that makes the days pass faster. Better still, if all there is to this game is to build all the things (in the ""right"" order of course) and then wait ages for the victory clock to tick over... why play it at all?",False,1573182040,46,4,0.729944229125976562,3,8568.0,8568,76561198032415486
328080,50404359,"First of all, the dev really did a good job in creating this game. He deserves all the success that he gets.

Second, I invested so much emotion to this game that I was following mechanics changes, dev replies, helping people out on the forums etc.

Sadly I need to change my Positive review to a negative one. 200 hours in, figured out that this is not a fun game.No, I did not get tired of it, in fact, I wanted to play more. I still tried to power through but yeah, this is not a fun game.  It is not hard or difficult.  It is just not fun.

Also, I feel like you are forced to play how exactly the developer wants you to play. They are not giving you options or tools to play through the mechanics, they just want you to play how they wanted it to be played.

One example is storage, they removed an ability to ban resources because they felt it is no longer needed. This mechanic does not pose an exploit, or a bug, or even affects performance, but no, they just remove it because they felt it is no longer needed.

Overall, not a fun game.",False,1556638036,0,0,0.5,0,14993.0,14993,76561198071926221
328080,107827229,"Keep politics out of games please.
Dont need to hear your political opinions when my villagers die of starvation.
Thanks",False,1641951471,5,3,0.412261933088302612,3,3318.0,4664,76561198413390003
328080,45002627,"Whole concept is good and the game is rich and with many surprises, but it requires a huge amount of hours to master the game. When you have some skill it really  doesn't get more interesting and there is no winning sensation. You never know if you are going into the right direction, if there is any direction, and defeating the corruption doesn't really happen.
There is no possibility of winning, that specially makes the game pointless.",False,1538232018,2,0,0.451884925365447998,0,2036.0,2749,76561198059077915
328080,54024007,"Rise to Ruins is a fairly brutal village building god game, if played as intended. In fact its basically quite unfair, and the game pulls lots of tricks to ruin your village and any fun you're having building a village. There are thankfully modes of incremental difficulty for the less masochistic gamers, and the core difficulty curve can be learned in relative safety in a Traditional Mode. The issue is village AI is fairly dumb, and you have no control over them except in an obtuse sense. Villagers will walk into enemy land while ""wandering"" outside of the village, starve to death with a massive surplus of food, and generally bug out and not do their job even if you have set up everything to be as efficient as possible. And this is working as intended, apparently.

You build a little pixel village under threat from a spreading corruption that decays the land and spawns bad guys. You are a deity with a fairly comprehensive set of powers, both destructive, creative, healing, and utility in nature. You have no influence over land that is corrupted, so cannot attack it directly, and for the most part the corruption cannot be conquered or destroyed, only endured. The point of the game is to simply survive for as long as possible, through defenses and arming of your villagers and judicious use of magic. 

There is an overworld map, and each region on the overworld is a biome to survive in. The only primary victory condition is to survive a year in every region, which you have to spread to organically from each village you form via migrating villagers you select to leave for the new region.

And that is Rise to Ruins. You are a deity to a small group of people trying to simply survive an unstoppable, albeit partially containable, corruption. If you enjoy god games and village builders, and a have a taste for lite tower defense, this is a very fun and addicting game. Be warned, on Survival and higher difficulties it can be brutal, and even on Traditional difficulty a few too many mistakes and setbacks late into a village can doom it. There are many ""features"" to enemy AI that will essentially ignore established rules to circumvent your defenses, and added to this are ""random"" disasters like earthquakes and lighting storms that target your village. Pretend its just the corruptions angry god throwing its own spells at you if it helps justify it.",False,1562804559,1,0,0.5,0,3918.0,10352,76561198051902805
328080,50462462,Doesn't work on AMD GPU anymore.,False,1556926188,0,0,0.5,0,2137.0,2139,76561197998391358
328080,57806354,"I've played this game for 85 hours now. Do yourself a favour and don't bother. It is terrible. The only reason I've played for this long was in the vain (and ultimately naive hope) that it would improve. I based my expectations on other reviewers (many of whom i had held in high regard). Those reviewers praised this game. I really can't understand why. Rise to Ruins strikes me as a game that may have started out its development as a start up project for a Mobile Game. Even as a mobile game this would have fallen short. It has ""zero"" depth. The AI is shockingly bad. For a game that claims to be now emerging from early access it is terribly devoid of anything that makes a game actually a game. It is so so bad I really can't begin to try to express how much this is not worth the $18 price tag. Do yourself a favour - buy Rimworld. Don't buy this. It sucks and is boring and is stupidly simple. A huge waste of time, and a moderate waste of money (at least I didn't get stung for $40). If it was $1.99 I might say ""Try it out"". Calling it an actual computer game though, lol. Maybe if it was 1995.",False,1574653650,0,0,0.5,0,5117.0,5117,76561198359696432
328080,132023298,"Lacks polish. Game play is too slow without enabling developers tools to speed past 3x. 

You either lose over and over or cheese the enemy corruption day 1 to gain perks. Perks are SLOW to gain.

Animals will take up your house and you may discover they breed beyond your capacity in the building designed for them. Who cares if a cow has a house or not. They will kill villagers in mass by eating all the food an drinking all the water. Of course you didn't know that at first.

Or a meteor spawns a fire elemental and you forgot that was a thing. All enemies in this don't matter except fire elementals. Most towers don't matter because they exist with a ranged attack that fires over walls except the wall only two towers can fire over. And you just stick a crystal wall behind that if ghost are a problem.

Now that you have your perks you can try to actually beat the enemy hordes.

There are better tower defence games and better god sims. But if you afk and farm perks it is playable. Overall its a solid concept with what feels to be half implemented ideas that don't work together well in their current state.

You can be playing Dungeons 3 or Dwarf Fortress,",False,1675283568,17,1,0.5755729079246521,0,2215.0,3053,76561198041903633
328080,64441635,"Right now, I don't recommend it.

Most of the current features in the game feel like they are only HALF of the feature. Sandbox mode feels empty, Custom Mode is not so custom.
So many things missing.

Weird design decisions that either make no sense or are working hard against the player.

I don't mind the difficulties or that no matter what you do, you effectively are just creating a village to have it destroyed in the end. That is the premise of the game after all. The name of the game even says as much.

I'm just annoyed and pissed at the half arsed design of the game overall.

Love the graphics, no can't fault it here.

Here is a few things that could improve this game - And by their lack, made me uninstall this game for good:

* Custom mode and sandbox SHOULD BE MERGED!!!
Have a checkbox in custom mode that enables Sandbox features... Simple...
As is right now, Sandbox feels more like a tacked on half idea with little thought put into it.
Waste of time game mode more like.

* Custom mode lacks more fine control.
Again, half a feature, half an idea. Just tossed out to say ""Hey, see, we ARE making content for the game...""
Yeah, but it feels more like half an idea and half the effort.

* Villager AI is a joke: ""Let me just go and chop down this wood while 5 zombies are destroying my towncenter"" Like wot m8?
You got an axe, you even have a shield/armor, go slap a few skulls along with the 14 other villages and WORK TOGETHER...

* Editor does not have even basic help menu.
For the map maker, there isn't a small menu that gives hints as to what would cause the corruption to spawn, or offer other hints.
does not even have controls shown.
Again, tacked on idea, but only half of it.

There are more tiny things to talk about but those were the ones that made me really grit my teeth... these things ruined my fun.

I'll be back in 1 year to see how much have changed in this game, but considering the speed at which a patch or content release is done, i doubt much will have been done... Oh well...",False,1583218254,2,0,0.486896544694900513,0,1862.0,1862,76561198039545846
328080,57056272,"This is one of those games I want to like, but just cant.

The game says theres a steep learning curve, but there is no curve here. Its more dropping you off a cliff edge where youre left wondering if youre doing something wrong or its just a broken mechanic (and they are there).

The amount of times I have watched a village walk all the way out to my wall to drop off a plank for a road to be built only to have another villager walk all the way (road builder right behind) and then pick up the same plank and take it to another construction spot without me having made any priority changes is insane.
You cannot have a difficult game that requires optimization when seemingly the villagers are coded to work against you. Villagers die of dehydration while you have hundred of bottles of water in stock. Corruption creeps forward without you ever really being told what you can do about it.

Theres all these great little system in place here, but they feel unfinished and poorly implemented at times. It all leads me to the conclusion that this game was not ready to leave early access and hiding it all under a veil of ""its meant to be hard"" just isnt good enough.",False,1573580267,0,0,0.5,0,1970.0,1970,76561197987640661
328080,100480683,"I like the game, but it is sooo frustrating.  As far as I can tell you can't win.  You just survive.  Enemies get so strong if you take over too much of the map.  To a point where your defenses are useless and you lose the map.   Kind of a love hate feeling about the game.   going on my 3rd reset because I just lost again.

Edit.  I'm giving up.   I was beating map after map, until I don't.   They get so strong if you don't take them out fast.  Once they hit that point your defenses are useless and the map is lost forever.",False,1633321491,0,1,0.525316417217254639,0,7555.0,14358,76561198069244470
328080,24258429,"People still dying of thirst.

Fun game just wish they would fix this issue..",False,1468259345,0,0,0.5,0,9184.0,13607,76561198012249202
328080,44011840,"This game is a real delight and i know it is in Early Access so i will keep it short and sweet.

It's amazing to me that i did not know more about this genre, i love tower defence and i love RPGs and this almost seems like both. Its perfect in itself, its super challenging (easy games are a complete joke), its got great depth, great cohesion as a whole, but it lacks one thing. 

This game needs a goal. If the map was designed as such that you needed to defeat it then this game would be, in my eyes, perfect. Although i LOVED learning everything about it, it falls short on a true gaming experience. How do i defeat the corruption? How do i conquer the map?

 I am well aware it is in Early Access, just giving my two cents. Good luck developer!

Edit: game abandoned, such a shame.",False,1533784525,0,0,0.5,0,2008.0,2287,76561197976027532
328080,79769616,"Fighting against something that can't be stopped is not enjoyable for me. When I read that corruption tiles become ""permanent"" it felt like I have wasted my time. Not to mention the victory condition , you need to survive for a year in every region like yeah man I'm suuuuuuuure I am going to do that , I'd rather destroy the 2000+ colonies of Grox in Spore than do that. My suggestion is that some Nomads go in a ""suicide mission"" in the corruption and build some sort of purifier(that will purify ground around it regardless of ressistance) and they have to protect it for a certain amount of time or the purifier will explode and spread more corruption.",False,1606246802,9,1,0.544816434383392334,0,4235.0,5225,76561198143935621
328080,154567122,"People are complaining about trash. They are not exagerating. I bought this game before that feature was implemented and I might have given it a more positive review them. Let me describe how bad the issue is:

As soon as you chop down a tree and it drops wood, a timer starts. If it is not picked up and stored by then it will turn into wood waste. Bad, but still kinda salvagable because you can process it into material at a loss. Your fault after all, get more haulers. However, this is not where the cycle of trash ends. To process the wood waste into useful wood, you have to bring to a processor and have the trashmen process it into something useful. This takes a while and the wood waste continues to rot while stored on a trashpile or inside the processor. I REPEAT, THE WOOD WASTE CONTINUES TO ROT WHILE STORED PROPERLY. After it rots, it will turn into trash move from the wood waste stockpile to the trash stockpile inside the same building, but after a while the trash stockpile will get overfilled and the trash will be ejected outside the building. This causes issues because slimes will spawn and attack your people if it's not cleaned. This slows down the economy even further and causes more trash to accumulate. As far as I've seen the final stage of trash doesn't rot away into nothing but must be stored permanantly, effectively turning the game a WALL-E simulator. This happens not just with wood, but food, STONE, METAL, CRYSTALS and CRAFTED ITEMS as well. You can open a chest and thousands of gold worth of equipment will rot into trash before it can all be stored.

This is probably the worst issue I've had but there are a lot more.

I really wanted to like it, but honestly, rarely have I had such a feeling of [i]wasted[/i] time while playing a video game.",False,1703707240,67,2,0.782709658145904541,0,1825.0,1825,76561198066841037
328080,114242199,"The inability to grow enough that you aren't inevitably going to be surrounded by the blight is frustrating to say the least. Along with the fact that there aren't more interesting offensive options to push back the enemy requires you to play in a more boring defensive manner. I would love to be able to send my rangers or, even better some sort of paladin, in to push back the enemy when they encroach in ways I don't want them to outside of my territory. The fact that your territory is limited and you can't do much outside of it leads to a boring ""end game"" on each map.",False,1650570371,0,1,0.5,0,1872.0,1876,76561199077163560
328080,111953769,"I've played 2 profile, both end up data corrupt...",False,1646968893,2,2,0.470881640911102295,0,31443.0,39152,76561198027792452
328080,82769090,"you only have 20% of the map to play on 
rest 80% is for corruption as it moves below ground there is no way to really ""stop"" it 

overall bad game design is bad",False,1608480325,3,0,0.491986095905303955,0,3204.0,3204,76561197988323428
328080,161998566,"The achievement structure in this game is a mess. You have to unlock the achievements via branching paths, like a skill tree. Also, the random chance for the Blood Moon event (damaging meteors rain down all over the map and spawn blood slimes that attack the nearest building) and the Eclipse event (corruption enemies attack your base during the day, just like they do at night) seem glitched as I got 7 blood moons (the harder of the two) before I ever got my first eclipse. And I had to save scum to even get that eclipse to spawn in the first place! After roughly 80 hours of gameplay!

Buy this game for $7.50 or less and get your 5-20 hours of fun out of it then dip. This game is not worth getting 100% on. I'm just stupidly stubborn.",False,1712027903,3,2,0.486137449741363525,0,5384.0,5384,76561197960870725
328080,54078292,"Game is really decent, but i really hate the new trash system, it bogs the game down, instead of making things go smooth, devs decide to throw a sticks under your feet. Reward for surviving is small and you will be frustrated the whole time ""oh god hopefully there wont be another blood moon event""(This thing spawns enemies all around your town, so good luck with the stationary tower defense). Many people asked for a way to repel the decay, for some control over the fighting units, something reasonable ofc(I like to imagine a new building, something like palladins temple, where you can assign villagers, after some time they will be trained to paladins, and you will then be able to send small groups of palladins to attack the decay, you dont have to nescessary control them, let the ai do the thing, they may destroy some enemy spawners, cast some holy cleansing rites to clean some land of the decay and in the end eventually be overwhelmed, but it will push the decay a little back, make it a little weaker for a while and give you some breathing space), instead we got, as mentioned above, the stick a trash system, it takes away the always needed workers from important jobs to clean sht around. Hopefully the devs will listen in the future..... =/",False,1563042244,1,0,0.523809552192687988,0,1806.0,4060,76561198026348852
328080,108107056,"Ok Game. Played it in alpha and it got repetative quickly. Just re installed it to see what was new and lots of new stuff but really choppy and laggy. Tried adjusting the settings but still really choppy and tough to navigate. Lots of neat ideas and mechanics but a bit bulky and not streamlined. Wouldn't reccomend for casual gaming, I think you need to be pretty invested to both learning all the ins and outs and deal with the glitchy nature of the game.",False,1642302629,5,1,0.485986202955245972,1,6198.0,7847,76561197977576599
328080,48947628,"How to say this? I was having incredible fun until I encountered a new, recent, apparently purposefully implemented mechanic that utterly destroys the game. I wish I played it before this new mechanic as the game would have been perfect before it.

Basically, the game tells you that you can build a maze to protect your base and that monsters don't destroy walls, aka your typical ""tower defense"" game. Combined with being a village simulator, the fun is tremendous at first. All seems perfect whilst you're being hooked into the game, building up your maze, defenses, and base whilst racing against the clock of increasing zombie presence. What's not to love? That is until the game dumps a giant ""gotcha"" on you that ruins everything. Any player would think you can build your own maze and defense towers to protect your village exactly as described - this is how the game advertises itself after all. Not anymore thank to this new shitty mechanic I mentioned.

I realized the hard way that if enough monsters are present, or your maze is complicated enough (and eventually one of these two things must happen given the increasing difficulty in monster attacks) then the monsters will simply destroy your walls, ignoring your maze completely to destroy your village. This going completely against what you're taught in the beginning tooltip. Inevitably, your days-long deeply designed and beautiful maze will become utterly useless and pointless. 
All this happens even after you religiously follow the guidance from the tooltips that ""monsters must have a path to your base or else they will destroy  walls"". It doesn't matter if they have a path. Even if they do and you follow what you're taught from the tutorial religiously, the monsters will eventually decide to destroy your walls and ignore your maze anyway, taking you completely by surprise.

It would be fine being defeated if the monsters managed to make it through your maze, but if they can't get through it, they instead ignore it and simply ""win anyway"" by breaking your walls. This doesn't happen until the ultra-late game when you least expect it, and when you've finally designed a grand, but ultimately worthless and useless maze.

This new mechanic of zombies destroying walls apparently didn't use to exist. The developer thought it ""fun"" to add it. I'm not the only one to have complained about it. The only way I can sum up this game, is it's like eating a delicious looking chocolate cake that entices all your senses, only for you to realize that it was baked with salt instead of sugar once it melts in your mouth. 

And to think the developer purposefully implemented this mechanic to make the game ""more difficult"". How about just letting your players play the game to have fun with mechanics that they're taught to be aware of without an ultra late-game ""gotcha"" that completely defeats the entire purpose of playing in the first place?

Caveats: I realize building double, triple or even thicker layer walls supposedly mitigates this problem (but it doesn't prevent it). It's not a solution due to 2 reasons - 
1) Building a huge single tile thick Curtain Wall takes literally days in real life due to the inordinate resource requirements (every Curtain Wall block requires special refined stone as opposed to ordinary stone).  If you're building a complex maze, a single-tile thickness maze is already exhausting enough. Doubling or tripling the time required to increase wall thickness just to avoid this ""new mechanic"" whilst also fighting against increasing monster spawns is the very antithesis of what a game should be about.
2) Even if you did do the above, eventually as the monster spawn rates increase enough your walls will STILL be broken down anyway, no matter how many tiles thick they are. All you're doing is delaying how long it takes. Apparently if there are enough monsters, they will reach a threshold to break your walls. All you're doing by doublng, trippling, quadrippling etc. the thickness requirement is simply delaying the fact that the monsters can still break down the walls anyway if there are enough present, OR if your maze is too complex. And it's not as if the game can't handle complex mazes, as I said, this is an apparently recently implemented mechanic!

This game is a classic example of a fantastic idea, with a seemingly fantastic dev, completely ruined by over tampering and ""improvement"", like many games before it. I wish I could have played this game before this new mechanic. It would have been great fun building mazes to defend your base. A pity the game has taken a direction where this isn't what it wants to be anymore, and gives you no hint about that whilst you're playing. You will only realize your maze is worthless in the ultra-late game when you need it most and have finally finished building it.

TL;DR: A perfect game, utterly ruined for no reason due to dev over-tampering.",False,1549976036,12,2,0.478640645742416382,0,4711.0,5563,76561197970350359
328080,129524001,"A nice game, but you get screwed by workers AI a lot. 
""You have crystal energy processor near Crystalery? You have ton of crystals?  You want us to recharge energy to defend your base? Screw you, we not gonna do that. Instead we will go to another part of a map, do 1/100 of a task and then go to another side of the map to do 1/100 of another task.""

UPD: I've decided to give this game another chance. and... I have 9 farms and up to 10 15 workers for farms. in total 30+ vilagers. and everyone is starving to death in the summer... I don't understand this game.",False,1672240847,30,13,0.670398294925689697,0,2425.0,2832,76561198035464022
328080,54162301,"Loving the gameplay but it severely lacks content.

Took me a day to basically learn everything and be competent.
Once you established yourself and build a solid city, which mind you only takes a couple of hours, theres nothing else to do except restart in another map and everything there on is the exact same shit.

That speaks volumes on how much content there is in the game.

City building part is fun but in terms of things like events, mechanics, dynamic progression and so on theres hardly anything. By your third city, its ""been there, done that"". Mid game and especially end game suffers A LOT.

I like the gameplay but theres nothing to keep me going. Granted this is still in Early Access so its probably an extremely early alpha build, i hope so. Bought this game cos i heard good things and receive lots of recommendations for it. I have to say the game is overrated and am kinda disappointed. Game has potential but it needs is a crap ton of work.",False,1563455120,5,0,0.533660888671875,0,2041.0,2048,76561197966799301
328080,122161011,"Sadly this game has an inverted difficulty. The first map is the hardest and every map after that gets easier, since you can transfer ressources between maps (also you unlock more and more perks). The rest is just grind.  I wish this game had a proper difficulty or progression curve.

Other than that everything else about this  game is amazing, but the weird difficulty ruins it. If this game had attack waves that would get more and more difficult every map, it would work fine.",False,1663023732,3,1,0.488304108381271362,0,19369.0,19369,76561198012403435
328080,76743049,"You make a great little entrance to your base and watch the drones throw themselves to their doom as they're mowed down. You feel great about yourself and the success of your village. You start doing a few aesthetic improvements and focus on some QoL for your town. You smile at the progress you made. Then, it doesn't seem to happen until you're farther into a game (about 300 villagers it seems) and suddenly the specters realize they don't have to put up with your clever layout, so they smash through your walls right next to your maze and let in a million zombie children and fire elementals (which are the worst addition to a tower defense game) and bypass all your towers. You cry because the villagers are your babies and you go from a successful 350 villagers to ruins in one game night. 

6/10 but bet your buns I'm gonna keep playing it",False,1601347319,3,0,0.500703513622283936,0,3099.0,7168,76561198028214509
328080,176547893,"Good game sadly abandoned

Original Review:
This game is brutal, its hard, and merciless. The goal is to fail, but it is rewarding to see just how far one can get before doom. 

I think this game has a lot of potential. However the slow pace of the development might just be what will kill it.
I think this game could spark up once again if some effort was put on Performance and mods.
Create a high performant base, and let the community spark up some alternative gamemodes, buildings and maybe even entire game systems. 

As the game is now it is recommendable. But only to a very niece type of people who enjoys these types of games (Rimworld players) or other brutal sims. The game is enjoyable to pick up once a year for a week then let it cook some more, while playing other titles.

For 13,99 euro, this is a steal and the idea of a 1 usd/euro an hour is quickly reached here.",False,1728284977,0,0,0.562845766544342041,0,4660.0,4660,76561198164062891
328080,108063787,my god the developer is so up themselves it's actually a bit sickening reading the shit they post as 'news' on this game.,False,1642260406,3,0,0.348863929510116577,0,2258.0,2258,76561197970647978
328080,47827182,"-build city
-one group of your workers (usually builders) stop working
-city dies because nothing gets upgraded

Game also has really annoying mechanics, like needing to hunt round orbs to get chests and having to individually drag resources/magic flying all over the place and being annoying to hunt down.

Will likely be decent when these problems are fixed, unplayably boring atm",False,1545805448,1,0,0.475731909275054932,0,7250.0,26750,76561198006807083
328080,132432025,The game is fun but you can't save and restore.  I appreciate that in some respects but one night my computer shut down in the middle of a game.  I plugged it into the wall and went to bed and when I woke up it had resumed and I lost the region.  No way to restore to previous state just doesn't work for me these days - too damn busy with kids to be on top of it all the time.,False,1675878362,3,1,0.484960407018661499,0,33667.0,33677,76561198040958476
328080,50518037,"This game is so close to being fantastic, but I'm afraid the dev's vision of ""survive until you die"" stands in the way of what the game COULD be. Let me explain.

You start with a great little city builder! Yes, we can quibble about the oddities of farming/water resource management, etc., but it is tremendously satisfying to watch as your village grows and comes alive! Then, the monsters attack. Mostly at night. You transition to a tower defense game, constructing towers and golems to fight the enemy, weaving a maze of walls for the enemy to traverse, holding strong as your villagers cower and attempt to reinforce every defense while balancing seasonal survival needs. This is all very cool... until it's not. 

You WANT to send out a force to counter-attack the enemy base camps. The game isn't designed for that. You WANT to eradicate the threat from every sector of the World Map one by one. But again, that’s not what this game is about. The best you can do is... survive. For awhile. And then die. Yes, you can play on more peaceful settings, but you miss out on the tension which, early on, is really very good. But this game makes me long for more, like the days when I played the Majesty games where you could assemble a bunch of heroes, select a threat, and have them go trounce the enemy (or get trounced if not up to the task). If you play your cards right in Majesty, you can actually win! Here, in Rise to Ruins, you grow until your villagers are defeated, with goals like ""Survive 21 days!"" as your only incentive to keep going. But why keep going if the end is inevitable and the enemy is guaranteed victory every time?

All defense and no offense creates an artificial limit on what this game COULD be. The potential is there, but ultimately it's a bust for me. Sigh. Back on the shelf of my Steam Library, hoping someday a developer in inspired by the many great elements from this and builds something with a more expansive vision - one with a path to overcome the threat and Rise FROM the Ruins to fight back!",False,1557176691,86,1,0.872070610523223877,10,3559.0,4379,76561197972707987
328080,79506343,"Still no conquest mode. And there's now 113 dumbass achievements put in because Devin can't fathom nor figure out how to make the game fun in any meaningful capacity. If you like having your balls constantly stomped on by a sadistic asshole game, Go ahead, play this game. If you have a brain though, leave, immediately, and hope Devin Chat figures out how to grow one himself by the time the sequel rolls around.",False,1605791749,2,1,0.393759012222290039,1,3518.0,9991,76561198153936074
328080,89783839,"UPDATE: After several hundred hours of playing, and while in the middle of another play through, the game exited and deleted all progress. All of the chests that I had opened are gone. All bonuses are gone. 

Do Not Even Bother With This Game.",False,1617645874,0,0,0.5,0,7309.0,30748,76561198039423947
328080,106251694,"I was an early supporter of this game. I played it for a while some time ago and generally enjoyed it. I fired it up again, a bit excited that there seemed to be some updates. I found that I had to abandon my old profile and saves, and this wasn't a good start but I let it go and created a new profile. Now, before I am able to craft my first building the game crashes every time. Considering the game never crashed in the past this is very disheartening. I think the developer has moved on to a new game instead of improving this one.",False,1640117345,2,0,0.466177642345428467,0,3687.0,3712,76561198164842226
328080,107579274,"I used to love this game. It's broken and the developer has shown zero help for myself and others with the technical issue. It just crashes. I've read around forums, reinstalled, deleted all of my hard-worked saves and nothing fixes the game.",False,1641632992,10,1,0.506535470485687256,0,3248.0,3248,76561197976820257
328080,56524795,"A game that is brutal for all of the wrong reasons.

There is no in game tutorial or help files. There is nothing on their website beyond forums. You have to pause the game and Google to find how anything works.

You get messages/warnings about stuff going on but you can't click on them and go to the location. A monster is attacking a building but to find out which one you have to scroll across the whole screen to find it. A person is starving but there is no way to know where or who it is.

You can't tell the monsters from your people. The pixel art is too low quality to tell the vast majority of monsters from your people and there is nothing in the UI to help. If you hover over a monster it get's a red circle but this isn't always there. Monsters get lost in the art of the buildings and you aren't able to pick them out. Add to this if you cast a spell or a fire elemental sets something on fire and it's just a screen full of nonsense where you can't tell your people from the monsters.

The sourcing of materials is horrific. A piece of wood can be on the ground next to something that needs 1 piece of wood but the colonist will go across the map to get wood from where else. I built a wood storage area near where I was going to build other stuff, the settlers still went to the other side of the map to get stuff and ignored the storage. 

Pausing the game covers the screen and doesn't let you look for stuff. You know the stuff like who is hungry, what building is getting destroyed, and where or where could those monsters be.

They mention RimWorld on the store page, buy that instead of this. It's brutal and fun. Plus it has support for mods so if there is something that annoys you chances are someone has already fixed it.",False,1572915521,6,0,0.546593725681304932,0,2098.0,5272,76561198010052669
328080,61784061,"Villagers will ignore top priority build objectives for days even with all resources delivered

you can have 20 lumberjacks and stare at the forest edge and notice they will only cut one tree per day. Once you get past the initial build out phase villager AI just completely breaks and has since early versions, i dont know why this isn't fixed.",False,1578897051,4,1,0.528186261653900146,0,1796.0,1796,76561198008421732
328080,196578633,Game feels unfinished. It says there's a steep learning curve but really there's just no tutorial past the most basic mechanics. The villager simulation gets real dumb as you fill out more of a level. Villagers will trek all the way across the map to get or store resources instead of picking up and using resources near to the task you've set. Your supply lines end up 10x as long as they need to be no matter how clever you try to be with building placement. Maybe there are solutions to these problems but again there is no tutorial for that kind of stuff.,False,1749254510,5,2,0.524331390857696533,0,5993.0,5993,76561198070025874
328080,55708603,"EDIT: After about a week of not playing it, I decided to give it a few more hours to see if it can redeem itself

And now I think I've played enough to rewrite my previous wall-of-text review by condensing it into something much shorter.

Although you're expected to lose often (as intended), this game is very addictive; it is on the same level as Dwarf Fortress addictive. And just like Dwarf Fortress it ruins your life by stealing away the hours from you.

However, unlike Dwarf Fortress in which ""Losing is Fun"", in Rise to Ruins ""Losing is Depressing"". Or Frustrating, take your pick.

Both have really steep learning curves, both are fun to figure out the game mechanics. But no matter how many times I've lost a fortress in DF (which are always epic, and practically a reward by itself), I've never felt as dejected and teeth gnashingly angry as whenever I had to abandon a village in RtR.

The game hooks me in for hours but there is no carrot, only an endless supply of stick.

I can't refund the game, nor would I want to. Fair is fair, I played the game a lot and the dev deserves the money. But I wish I could just give away my copy of the game so I could not be tempted to play it again.

In a nutshell, I don't recommend this game for these two reasons:
1. It will ruin your life
2. There is no cake",False,1571694537,3,2,0.503865957260131836,2,4253.0,6132,76561198076901850
328080,76246707,"After 80 hours i can confidently say that I don't like the game. I do like what I wanted it to be. For now the grind for god powers/buffs (roguelite carrots on a stick) is too long (but can be somewhat rewarding). However, the core gameplay is the problem if playing on the survival difficulty or higher. It's basically come to finding a combination of chokepoints, golems, and towers to keep yourself afloat for 40ish days and then it becomes a race to click fast enough to drop stronger monsters into the nearest Cullis Gate and use mend on it for infinite survival. After a while its just a chore and if the game is meant to only be survived a specific amount of time, there were probably a lot more fun ways to have this happen in meaningful ways. As of right now the game feels repetitive in the worst sense and it took me about 40 hours before i saw it coming, hoping it wasn't true. Rush to contain the corruption to 1/4 the map, grab problems and throw them in cullis gates, build golems, send migrants to the next region, eventually die or click faster. The god combat powers outside of grab and mend are essentially useless after a certain point and frankly most of the powers are useless before then as well. Crystal Golems are OP until they aren't and towers are all pretty weak with little meaningful variety or ability to scale with the corruption. There is room for improvement but I don't think i'll be holding my breath. Good try. Hope the next project is better.",False,1600552286,0,0,0.5,0,4842.0,4842,76561197992114882
328080,32827382,"As someone who played this game for hundreds of hours, I enjoyed watching it grow and become more complex. The reality of the situation for the game today, though, is that the complex systems and ramping-up of the game require you to do things in a very specific way. It becomes a game of ""How long can you stick to this specific plan?"" rather than a game with multiple ways to succeed and move forward. You need to build a maze-like area for the tower defense portion, but if you make it too long, the monsters will just break down your fences anyways. So it's about learning what you can get away with, and then doing exactly that over and over again.
As much as it pains me to write this review, I can't recommend this for anyone new unless you're looking to figure out a complex gameplay path, memorize it, and stick to it.",False,1498505112,0,0,0.5,0,36672.0,37618,76561198078154124
328080,88090766,"Rise to Ruins is a cross between a city builder and tower defense game. You build a city during the day, and at night enemies attack you. You have to build towers and walls to kill the enemies before they enter your base and start wreaking havok.

In the campaign, the world map is divided into regions. You pick one region as your starting region, and build your first city there. To conquer that region, you need to survive there a year. Then you can send people and resources to other regions to begin again there. The catch: The game stage progresses for all regions at the same rate, so when you start that next region, you will almost immediately be assaulted by top-level troops. If you haven't sent enough people and supplies to get defenses built by the end of the day, you're screwed. But, you are limited on how much you can send to a region in one day, so the longer you take to send things, the more difficult the game gets. You can unlock bonuses to help you combat the difficulty, but the slow rate that the game runs at essentially guarantees that you would have to spend the next 30 years playing to win the game. Not really my idea of fun.

Besides this, my other biggest complaint is the garbage collection. As your people work, they generate garbage which has to be collected and stored or burned. This is a pain in the rear. Who in the world thought it was a good idea to introduce garbage collection (including Wall-E bots) in a medieval fantasy city builder? No thanks. 

Before the garbage collection mechanics were added, I would have given this game a thumbs-up for single-scenario play, just to see how long you could survive, ignoring the campaign altogether. Now, I have to give it a thumbs down overall.",False,1615225139,8,0,0.518894672393798828,0,4106.0,4685,76561197987350411
328080,54713654,"This game is getting a lot of consistent work and polish, and I appreciate it, but it still falls into a major category of frustrating that I can't seem to get over, and that is that villagers, that backbone of your economy are complete idiots.

Builder is the default worker position, where the job assignment for the villager is ""go get whatever is needed to build the building that is on the top of the builder priority list."" It's not extremely efficient role but it's very versatile and useful, especially at the beginning of the game. However, if you have built too many buildings, they just... stop functioning; they get stupid and stand around like brain-damaged penguins. in the meantime, your town gets overrun.

If I decide to add 30 building plans to my town, let me do that. Don't have the game punish me for ambitiously planning ahead of what my town is going to look like. The builders don't need to drop everything, they can just finish what they were doing and move onto the next thing when they are done.

""That's not how the game is played!""

That's how I'm playing the game. If it doesn't let me play that way, I'm gonna stop playing, and this review will stay red.

Edit: Years in, achievements have been added, and villagers are still brain-damaged penguins. I spend more time dragging single resources to buildings and dropping monsters into sacrifice pits than I do playing an actual game. It's not compelling gameplay. This is a simulator desperately in search of a game. It's sad too, because if the villagers weren't phenomenally stupid, this wouldn't feel like such a slog.

Edit 2: Alright, I finally gave in and bought Rimworld. HOLY hell. Talk about exactly what I was looking for.

I know that the purpose of this game is to be god and let your humans do the work, the problem is that your direct action in the game consists of dragging items to objects, one at a time. It's TEDIOUS AF. The gameplay on this BEGS for increased direct engagement. Rimworld admittedly, isn't perfect in this capacity, but the ability to draft your pawns and make them do ALMOST exactly what you want at any give time sets itself apart from this game. I'm sorry, but this discrepancy has been the difference between fun and not fun. Rimworld is tedious, but it's fun, RoR is tedious, and it's not fun.

What will fundamentally change this game for the better is a spell that automatically supply a building with materials. You click on the unfinished building's resource with the spell, and the tool simply grabs the closest resources required to finish the project and drags it to the building, spending mana based on distance of said resources. At the very least, allowing the grab spell to pick up stacks of material would probably suffice. In the long run, a holy golem might be more efficient, but when give the choices between efficiency and engagement, watch players choose the engagement every time. Right now, the spells are badly implemented, an entire array of options that have next to little practical utility, all drawing from a single resource that you use to tediously drag and drop materials.

No, I don't think I'll ever upvote this game, not unless spells are seriously re-imagined and empowered in a way that reflect gameplay agency for the player.",False,1566297887,38,4,0.557122647762298584,0,10605.0,10605,76561198044090675
328080,121335233,"Played through this game a few times and it isn't till you're several hours in that you might be unlucky enough to get game breaking bugs that put your colony into a death spiral. I.e.- settlers dying of dehydration just doing chores around the settlement when you have plenty of water, water purifiers, and water bottlers. Builder-settlers suicide themselves by randomly taking off and standing around in blight areas or picking fights with baddies when no order has been given in that area of the map. 

Always happens when I've cornered off the blight from expanding any further and have approximately 85 or more settlers in my community.",False,1661630222,12,2,0.602213501930236816,0,10615.0,10990,76561198047268004
328080,111899963,"Rise to Ruins had a lot of promise. However, the wonky AI, no win condition of any kind, unbalanced combat, and just plain lack of polish result in more frustration than enjoyment in all but the very early game. The lack of recent updates, promised features several [b][i]years[/i][/b] overdue, and the toxicity of the developer pushes this recommendation to a firm 'no'.


More information:
[olist]
[*][b]Wonky AI:[/b] Villagers just don't seem to want to survive. The game seems less about figuring out how to build a thriving colony and more about figuring out how to keep the villagers from killing themselves. Someone (I can't remember who or where) made the point that we shouldn't compare R2R to other village simulators which may have intelligent villager AI. They said R2R is its own game and dealing with the poor AI is part of the game. That is a valid and good point... but poor AI still makes for a frustrating time since we're required to micro-manage villagers to keep them alive instead of making use of the 'macro-manage' tools and commands the game provides us.
[*][b]No win condition:[/b] Rise to Ruins is a semi-open-ended 'survive as long as you can' style game. The player defenses are capped while the enemies continue to grow stronger and more numerous. Unless the player takes advantage of bugs, eventually (actually [i]very[/i] quickly) the enemies become so strong a single enemy can wipe out the entire colony, regardless of defenses. This forces the player to defend against increasing number of multiple colony-ending enemies each wave, eventually succumbing. This makes for very punishing, antagonistic, and depressing gameplay. Cue Voldemort, ""You will lose, everything."" vs benevolent Jedi master, ""Try not. Just win (even if it is [i]almost[/i] impossible)"". It changes the underlying 'feel' of the game, the subconscious reactions and decisions of both player and (I assume) developer become negative, ""I will lose. Everything I've worked for will be destroyed. T_T"" vs ""If I play perfectly I might win *[i]this* [/i]time.""
[*][b]Unbalanced combat: [/b]This is strongly tied with #2: Enemy difficulty is not consistent and can scale much faster and further than player defenses. Some enemies are strong enough that they're nearly impervious to automated defenses and can destroy walls and towers before players can react to them. I've found the only real response to these enemies is to manually pick them up one-at-a-time with god powers and drop them into a gate (which destroys them and damages the gate, the gate then needs to be repaired, repeat for other enemies, and hope you're quick enough to get them all before they destroy more of the colony than you can repair before the next wave).
[*][b]Just plain lack of polish:[/b] There are several areas of the game that could use very simple (yet incredibly impactful) 'quality-of-life' enhancements. Times when the player is left to sift through long lists or search the screen for a specific pixel which might be underneath something else, thus completely invisible.
[*][b]Lack of recent updates:[/b] The game's store page advertises ""Frequent 100% Free Content Patches!"" The last patch was a QoL/Bug fix patch in July 2020 (a little over 1.5 years ago) but the last content patch was ""The Magic Update"" in March of 2020 (2 years ago, this was also the first (and so far only) content patch since the game's release in Oct 2019, about 2.5 years ago). 1 content patch in 2.5 years is not exactly what I would call 'frequent'. The developer has posted several news posts indicating why this has occurred but has not updated the store page. Developer replies to posts about the lack of activity are contradictory and possibly toxic (see #7 below).
[*][b]Promised features several [i]*years*[/i][b] overdue:[/b] For example: Achievements were promised as early as 2015 and scheduled for 'sometime in 2017'. Now, March 2022, we're firmly within '5 years late'. As of the latest posts achievements are still 'coming soon': [url=https://discord.com/channels/326865360475127809/950528123898822656/951169808156729444]""After I finish the entire new faith system (nearly done I think) I'll have to startup work on the new achievements.""[/url] (March 9, 2022) or previously (January 19, 2022) [url=https://store.steampowered.com/news/app/328080?emclan=103582791436524758&emgid=3121557478192966379]""Reignite work on Rise to Ruins Update 2, adding achievements, a new goals/reward system, and a new essence generation/praying system.""[/url].
[*][b]Developer toxicity:[/b] The game's Steam storefront is full of appealing 'pro-player' language that doesn't seem to apply anymore. Language such as in the sections, ""Key Features -> Frequent 100% Free Content Patches!"", ""DRM Free"", and ""Free Content"". As mentioned in #5 above, developer responses to players questioning the lack of content updates has been at odds with this storefront language (it also seems to entirely ignore feature promises made, like Achievements (#6 above)): [url=https://steamcommunity.com/app/328080/discussions/0/3198115339541811251/#c3198115339543654859]""Rise to Ruins is a completed game. Any and all content you get (for free) is an added bonus. ... if development does in fact stop, that doesn't mean the game was abandoned. That means the game was completed and I've moved on. ... Having said all that: Development will resume when I'm ready, and you will get your free content updates post launch when you get them.""[/url]

The developer also appears to be cultivating a community where the following behavior is not only tolerated but is encouraged and actively conducted by the developer:
[list]
[*]Schoolyard bullying
[*]Ridiculing mental health issues
[*]Normalizing sexual harassment
[/list]

This might not bother most people. This type of behavior is becoming more and more prevalent in various communities so I think it may already be largely seen as acceptable. However, I believe it encourages an exclusionist community built on and perpetuating escalation normalization and is not something I want to support or be a part of.
[/olist]",False,1646889469,2,1,0.415633291006088257,5,3173.0,3173,76561198104144892
328080,59761470,"The reason I wouldn't recommend this game can be condensed into the following sentence: Rise to Ruins is not a game you win.

That's not to say it's especially difficult, or it has an unreasonable learning curve, or anything like that; it's that the game is literally not designed for you to ""win"" it; the devs have admitted as much in a post on the Steam forums.

The game's ""enemy"" (for lack of a better term) is ""The Blight"", which is this area of dark, diseased ground on each village map that spawns monsters. As time goes by in the village, the Blight spreads and spawns more monsters. You can hold the Blight at bay or even push it back by building structures next to it, but that doesn't weaken it; it actually makes it ""angry"" and causes it to spawn more monsters. The more time goes by, the stronger the Blight becomes. There is no way to weaken it, so, eventually, no matter how well you defend yourself, you will be overcome.

You may ask ""So what's the point of the game, then?"". Well, the point is to establish a village, set up defenses, grow the population, create harvesting, refining, and production chains, and then take all your excess people and resources and move them to a new village sector before you're overcome by the Blight. Once in the new village, rinse and repeat.

There is no stage at which you grow so powerful and well established that you dominate the land and destroy the Blight. Eventually, given enough time, the Blight will consume you, and you will lose.

There isn't even a ""passive"" win state like in a Tycoon sim wherein you've built up your city/business/factory/amusement park/whatever to its ultimate potential and can then kick back and admire it. The Blight and monsters are still there, and they will still reduce all you've built to rubble.

In essence, Rise of Ruins isn't about ""winning"", it's about ""accomplishing as much as possible before losing"".

I'm not averse to grinding at a challenging game until I've finally won it, and I have over 500 hours in XCOM: Long War to prove it, but if I literally can't win because the game wasn't designed to let you win, I don't see the point.",False,1576237819,111,7,0.706850349903106689,0,2890.0,2890,76561198039417136
328080,165560146,"Years on and it's still awful. Goodness knows I've tried putting up with it, but the villagers are dumber than the rocks they won't harvest no matter how hard you throw them at a cliff. I watched them complain about housing while I had six homes waiting to be built, missing logs, while I had over 150 units of the stuff stockpiled and gathering dust, with my builders just wandering around aimlessly.

For ten days.

Sometimes three farms produces enough food for twenty villagers, other times four doesn't produce enough for ten.

Villagers run away at the first sign of enemies, no matter how heavily armed and armored they are, which isn't the most helpful thing ever when they get outnumbered by slimes on day 2.

The AI, such as it is, seems to have two different settings: pretend to work, and gleefully do jack.

""Prepare to lose often!"" works with games like Dwarf Fortress, because in DF the game is legitimately difficult. In Rise to Ruin, losing happens because nobody does any freaking work, and slapping a ""game hurd tho!"" label on it doesn't excuse crap programming.

Give it a chance if you like, but be ready to spend a lot of time waiting for your dozen builders to decide they feel like repairing the damage done to that house a week ago, or boggle as to why your maintenance and repair guy is delivering iron ingots to the toolmaker instead of fixing the sixteen forty damaged buildings you built the damn Maintenance post specifically to get someone to fix the freaking things.

In practice, the game is utterly bloated. You need three or four buildings just to make one operational (magic turret? need an energy collector, which needs to be powered from another building, which needs...), and the workers in those buildings do whatever they feel like, which is usually 'nothing whatsoever'. Got three people working in the lumber mill making wooden boards? Well, that one guy there is bringing logs from the lumber shack to the village center while you've got four buildings waiting for boards. So fun! Not like you need those boards to repel the endless army of weak monsters that will utterly destroy everything in sight while everybody runs away, so you can avoid losing on day 2! LOSING IS FUN, DO YOU GET IT YET?

It could be an amazing game with some actual effort put in, but a Decision(tm) was made a long time ago, when the game changed its name, and it has seemingly been downhill from there. The coding is like the workers themselves: it does whatever it feels like doing, which is usually nothing. I promise this is true: exiting the game and restarting it once caused all the workers to suddenly realise that they had jobs to do, and that game almost went well... for a few minutes. Restarting hasn't worked since; I think the code found the 'Make things go' exploit and patched it out.",False,1715985792,19,4,0.526215910911560059,0,56911.0,56911,76561197961098939
328080,96380944,meh,False,1627265144,0,0,0.43448340892791748,0,4050.0,4050,76561198067345811
328080,169694976,"Just dropping in to say that I really love this game, but with the latest updates it crashes constantly. Because this game is beautifully finicky and has a Dark Souls level of punishment, having it crash and wiping out a bunch of carefully planned out strategies, it's become unplayable. Fingers crossed it gets some tender loving QA before the next update comes out!",False,1720800612,6,2,0.504364132881164551,0,43920.0,43920,76561198025830711
328080,73488960,"Tried several times to get into this game, but it's a game where you need to fail over and over to learn. I just don't have time for that anymore.

The mechanics are too opaque and everyone starves.",False,1596067024,2,2,0.477449476718902588,0,10689.0,10689,76561198009388650
328080,51540768,"I have over 40 hours played on this game. That said, i would not recommend this game on any basis to anyone. Even fans of the genre. This game's AI is broken on ""builders"" ect maybe more? i dont know i cant tell you. But when the AI is costing me a match/freshly laid town....I've wasted my time on this game. Countless matches i would wait for DAYS ingame time for my defensive structures to be completed. DAYS = 30 mins of time in 3x....then slowly i die because nothing is producing in the order i set. The Builders and such do as they please. It will cost you ALOT of time too...im offically done, heavily disappointed after spending money on this heap of dumpster garbage at full price.",False,1561770718,3,0,0.482465237379074097,0,2578.0,3249,76561198061534616
328080,35792464,"This game is boring as hell. You're basically going to sit watching villagers chop wood for hours and not be able to do anything else because you are unable to expand. 

The reason being is that your population will basically never grow. Villagers won't reproduce unless they're assigned to doing nothing. Plus, after you do make a baby, it takes about three game days for it to grow up and enter the labor force, which turns out is quite a long time. 

Every building requires a dedicated workforce. You start with 40 villagers, so fine. You will have enough free villagers to assign them to work in your first buildings—say, a lumber mill. But the more you build—which you will want to do because you're going to want a population that is well fed and watered and well armed—the more you get spread thin. So then if you lose a villager to fighting zombies, you may well have lost the only person that smelts ore for all you know or who makes arrows for the ballistae.

You also don't really get nomads adding to your population from the outside. As game events go, notifications of nomads in the area are few and far between. Plus, after day four or so, it's unlikely they'll even be able to make it to your base because there will be so many graveyards and monster spawns on the map that they'll probably be killed en route with nothing you can do about it.

Plus, there's a fairly ungenerous building cap that requires you to continually expand your city center before you can add more buildings. Meaning more waiting and boredom while you watch your dwindling number of villagers chop wood. Your villagers are also very dumb. They will go all the way across town to chop wood instead of chopping the wood you've assigned right next to them/the building you told them to build. Also, don't try and build more than one structure at a time because they are so addlebrained that they will start one structure, get halfway through completing it, then go to the next one and start it until it's halfway done, then go back to the first one. So, more waiting.


So bored. Do not recommend.",False,1508241090,18,1,0.49599754810333252,4,1734.0,1734,76561198219677185
328080,193387671,All my rangers are having sex at their houses. They don't even take animals. Most of the builders are masturbating at home.,False,1745383405,4,11,0.401330143213272095,0,1833.0,1833,76561198052006647
328080,26695959,Latest patch (2016-11-19)  put limit on number of buildings.,False,1479577330,8,0,0.377275794744491577,5,2871.0,4453,76561198007028888
328080,118989549,"Gosh - this is a hard one.  If you are looking for a great learning curve with a very shallow top, and a near infinite repetitiveness after the learning curve to 'win' the game, then you should definitely buy this game.  Else, if you value a more finished ending and point to building civilizations the try AoE or the Civ's for a deeper more rewarding game.   For the price and just for learning new game mechanics, this is the first 70% of a great game.",False,1658111785,1,0,0.5,0,2527.0,2527,76561197995591868
328080,57810077,"Games great up until the point you start getting high level monsters plowing through your mazes and defenses. Sure it's called Rise to Ruins but that can't be the end goal of this game? To play for a few hours only to have the AI kill you off. Masochist will love this game besides peaceful, sandbox and custom. 

 Here's my problem, you need buildings to create certain characters. The AI doesn't need any, just summons tier monsters to what the threat level is. So if you got corruption all but gone the AI can still summon monsters without graveyards or amount of claimed land. 

 See those mountains the corruption was next to? Yep Dwarven nightmares still in there and spawning mobs along the edges. That dense forest that hasn't been cleared, slender man and his gang are still in there. There's an ocean next to them, yep it spread out there as well. Oh that explains the level 40+ monsters that randomly Jesus their way out of the ocean. 

There are two paths to go in combating the corruption. Fire pit early and surround them. Or play the three above mentioned settings (peaceful, sandbox or custom). Fire pitting can fail and split the corruption into two lands that slowly eat the map. And playing on those three other settings is pointless unless your testing strats out.

In most games you are given tools to combat the AI. Here you get jack as the enemy scales in level and nothing you build will safe guard you from being one hit by 40+ leveled mobs. 

Yep title of game says it all, Rise to Ruins literally. 

Edit~Game is meant to be literal. Rise to Ruin, there is no fun in not winning.",False,1574662115,0,1,0.487804889678955078,0,5677.0,5677,76561198050767461
328080,45197499,"Want a game where you will spend plenty of time building a village that will at some point get destroyed? This is it. Feels exactly like pacman back in the days, impossible to defeat with an increassing difficulty as you go until your town is overrrun. I wouldn't have bothered if i knew the corruption can't be stopped and im playing on the easiest mode that has monsters. Dont recommend unless this is fixed. Not sure why there exist higher difficulties, i guess if you want to spend less time and lose faster.",False,1539132479,0,1,0.423010140657424927,0,2026.0,4717,76561198012973572
328080,61568519,"Quite nicely designed tower defence, but it is so slow it gets boring.
Nothing is happening on the first 15 hours on a new map, you just autistically build your village and defences on 3x speed, then you get maybe an hour of decent gameplay before your village is overrun.
The game lacks progression, you have a shit ton of maps but you don't have a goal except for a lazy ""survive for one year on each map"". One year is roughly 10 hours of gameplay, to ""beat"" the game you need to spend about 300 hours, the game gets boring long before you match the win condition. Instead of the steady progression we've got XP, perks, lootboxes and stuff - the best practices from the mobile gamedev to elevate repetitive gameplay and keep the player in the game longer, except it doesn't make sense here.

This is still an early access game that could have been much more, but instead decided to bail out somewhere in the middle of development.",False,1578570708,2,0,0.453212171792984009,0,2388.0,2399,76561198107570283
328080,145960030,"Nice and fun game with a lot of unfixed issues. Should be a good game, when finished.
Not recommended since it is sold as a finished game, which it is definitely not!",False,1694238543,2,0,0.478468894958496094,2,3934.0,9082,76561198069429548
328080,99870215,"The idea is good but the execution is not to my taste. I hope that the dev will improve it such that I can recommend it.
The UI is pretty clunky, finding roles on the left pane was a pain almost every time, selecting a house to build was similarly painful. There are some useful stats but there is a lot of missing polish there. 
The game mechanics were pretty fun but left something to be desired in many places. The corruption encroaches rapidly at times and the methods I found to deal with it were not fun and not interesting. Mostly involving summoned walls and outposts.
The game is supposed to be challenging and unforgiving and I suspect that it's inspired by the idea of *fun* in Dwarf Fortress. Rise to Ruins is not fun, in the DF sense, at all. The reason DF is fun when you loose, often without any fault of your own, is that each loss tells a story which can be quite complex and nuanced.
Losing in Rise to Ruins was not fun at all as it just felt like I didn't manage the town well enough and no interesting story was being told. The game also doesn't tell you how to lose. You are probably supposed to just leave the region and reset the whole world if you lose but the game doesn't tell you this and just says that you are loosing all your progress by resetting the world.
The game is unforgiving in the worst of ways. I made the mistake of not preventing some corruption from entering a relatively thin strip of rock and the next thing I know, a very hard to reach part of a mountain had been corrupted. It would have been no effort at all to prevent this from happening but after it happened, It was going to take many hours to clean the corruption out of there. So I had a very successful town with a strong defense system practically ruined by not knowing the precise mechanics of the game, I didn't realize corruption went through rocks. Unforgiving punishments can be good game design but harsh punishments for rules that aren't explained nor obvious is not. 

I also think the game needs to be proofread. There are many strange sounding sentences like ""Such a real shame."" when someone dies.

I realize that It's just made by one guy but that doesn't make the game better or worse, it just explains why it is how it is.",False,1632463431,6,1,0.560660362243652344,0,2540.0,4138,76561197977724415
328080,144813466,"(Edit 04/25/25)
Because Steam won't let you delete reviews completely, nor have a neutral review, this one will stay negative. Take my complaints with a grain of salt as I have no interest, nor obligation, to further play the game to see if it is better now.
___________________

Seeing how this is supposed to be a finished game and no longer in early access, I would not recommend this game. There is about half of a game here, but it falls very short in my opinion. I understand this is a one man developer game, but that has never been a good enough excuse when you are charging money for your game. If it were free, then sure, its a good game. But for $15 you will be disappointed. The UI is difficult to learn, the monsters are OP if you make a single mistake mid-late game, or a disaster suddenly cripples you. There is no room to recover once you start to fall. Population control is also always a problem as you never have enough people. I'm sure there are people out there who will min/max this game and call it easy, but the average player will encounter their first fire elementals and then turn the game off and never turn it on again.",False,1692735499,9,8,0.428602844476699829,0,6568.0,6568,76561198007200799
328080,169165137,"Early game is fun and interactive, late game is no fun at all.  Dumb villager AI, Particle GORE, Difficulty spikes (AKA BLOOD MOON), trash mechanic (seriously?).  Sandbox might be fun but that's not why we buy games like this, we buy them for the challenge, that of which this game has plenty at almost every turn.  Between the UI and scaling to the difficulty.  I tried hard to like this game but I just couldn't bring myself to enjoy it.  Uninstall and forget.",False,1720287930,0,1,0.454545468091964722,0,4677.0,8575,76561197987897220
328080,66329973,"Rise to Ruins 2 announcement before the first game's even finished, meaning, more than likely, that whatever's missing still [i]will[/i] remain missing and find itself behind a paywall in the sequel that's merely a glorified missing update for the original game that's already been paid for.
""New content added often"", so that was a fucking lie, 2025, last update - 2023.",False,1585736498,0,0,0.5,0,5683.0,9725,76561198982247086
328080,69628960,"My favorite part of this game is not being able to go to the location of the event in the log by clicking it, nor cycle through the locations for items in the Problem Panel!   Especially when you combine this with no mini-map! ...wait, ""favorite"" is the wrong word; what was it I meant to say instead? ...oh! Yeah! ""ruins the whole game"".",False,1590184228,0,1,0.5,0,13246.0,19909,76561197994612394
328080,195214984,It was great and showed a lot of promise. But no updates for almost 2 years now. Its abandoned.,False,1747664263,22,0,0.466926366090774536,2,2582.0,2582,76561198978156540
328080,148400515,"Whatever guy made Rise to Ruins, a game that could have been great but will be in the dollar bin forever:
You keep on tweaking it, while entirely avoiding *making it accessible.* You have to be a grognard willing to wade through details to gain entry... Which I am, so I did. But I've been lightly following it for years waiting for it to take off.
And what I think the real roadblock is, is that the programmer doesn't want anybody to win. At all costs.
In spite of patch notes, elementals are still OP. People won't run defense.
It's... OK, granted, you could go in to Sandbox mode... if ANYTHING IN THE SETTINGS WERE EXPLAINED ADEQUATELY AT ALL. We are presented with a screen full of sliders with no clear, concise description of what  they mean. It's a coin flip if sliding left increases or decreases.
And the cherry on top, which I forgot until today.
It is recommended that you cut your teeth on ""Traditional"" until you know some of the ropes then go to Survival, which is the HARRRD mode.
Until I am proven wrong, it is impossible to beat traditional.
I mean maybe this game has gotten as big as it can, being all pixelly and strategic... But I can't find an in to recommend it to anybody. It's as if any angle I could look at it from has some deliberate flaw to put people off from feeling accomplished or having fun.
And by fun I mean fun. Not what I have been experiencing, which I have come to realize is an angry drug-like call to pound it again. That's not fun. That's not what I want to do into my elder years, have a vendetta against a trash game.
...but it's almost NOT a trash game, it just needs a little tweaking, someone who values clarity of language to go over the settings text, and some means to let a player enjoy some measure of victory, at all.
(I used to enjoy just unlocking perks. The introduction of achievements to replace random quests for perks was intriguing... and now, once the achievements are done, there's nothing to do to adequately continue the roguelite portion of the experience. Just staring at an xp bar and a full inventory. I believe the effect is the reverse of what was intended. Who knows at this point.)
So I'm going to have to keep telling the friends, family, alumni that I'm bonkers for having this much playtime and not to buy it. Rise  to Ruins doesn't seem to want your money, your approval, your input, or your enjoyment. I'm just here trying to break open a wall with my face.",False,1697568384,2,1,0.434572666883468628,0,22990.0,27124,76561198002916673
328080,49711543,"No. No thanks. 
This isn't a ""failing is fun"" kind of game. 
This is a you will NEVER survive kind of game. 
You have one option. Pin the corruption in the first week. That's is. Don't do this? You will fail. 

You either make the game impossibly easy or just wait to get steam rolled no matter how much you level your town. 

I survived for so long the game was crashing. 100+ people. One night everything spawns at lv fking 29. Seriously? Waste of my time and money.

Don't get me started on the trash update. Shame to see this game go out to pasture.",False,1553336955,5,0,0.469480454921722412,0,3321.0,9161,76561197962954977
328080,85914276,"Unbalanced, terrible AI you cannot give order to, non-existent managenment tools, BS corruption system... I tried to like this game since alpha. I installed in to see the changes and I am so dissapointed. There are much better games than this. Cant wait the DF steam release.
After the last ""update"", same shit.",False,1612400824,3,0,0.481650352478027344,0,16633.0,24306,76561198123335348
328080,91643892,Slow paced. Still kinda fun.,False,1620478048,1,0,0.49253728985786438,0,6991.0,6991,76561197970304301
328080,146132017,"Gets very repetitive very fast, transitions from a city builder to tower defense by day 10 if you want to beat any map. 
Still very fun for first 15-20 hours or so, but when you start pushing back and walling up, monsters scale up and then its just a numbers game, who has more golems, charmed stronger monsters etc.. Then you send envoys to a new map and do it all over again...",False,1694459890,4,0,0.508513510227203369,0,2878.0,2878,76561198054259676
328080,127351469,"Tried it again after a hiatus.

Things I hate:
- No clear goal to beating the corruption.

- Lack of villagers for the majority of the game.

- Corruption monster spawns is just annoying in general. It can be defended against but the ""you must let the corruption control most of the map or you get wrecked"" is tarted.

- Lack of interesting buildings.

- More buildings than villagers.

- Dooky builder AI.


Things I like:
- Basically a glorified tower defense with the same enemies, same 2 or so towers cause the rest suck.

- It was a cheap purchase that gave me builders dopamine hits.",False,1669620649,0,1,0.39682537317276001,0,2083.0,6231,76561198138071775
328080,55882273,"Playing a god sim comes with certain expectations. That you won't have direct control over your subjects, that you can play around with awesome powers, that you'll be able to exact your will in morally questionable ways. Not much of said things can be find in Rise to Ruins. It's more of a village building simulator with a tower defense element to it. But it doesn't rely on creativity, you can build just about any combination of towers and expect it work. Same with your civil buildings, aside from housing and food, you can build anything in the order you desire. 
To a certain subset of players that could sound appealing and relaxing, but after playing one or two games there really isn't anything that would keep you playing for more. The gameplay loop isn't all that satisfying, unless you really like watching your city grow.
I also want to mention that certain mechanics and design decisions don't make much sense. All of the resources in the game are renewable except for stone, which can be quite annoying to get. Your destructive powers are almost useless and you can't use them to harass the corruption, which is like the only time you would want to use them. You have separate job listings for maintenance workers, builders, and road builders that really should be the same profession. 
I really-really wanted to like this game more than I did. And with the lackluster exit from early access program, I can't say that the game was something I recommend in the end.",False,1572361817,5,0,0.532810091972351074,0,2296.0,2296,76561198015135618
328080,50035411,"Honestly the game is good but even on Traditional, the game gets stupid hard. Even if you manage to cut off the corruption early on and build heavy defenses, you will still get overwhelmed. Even if you build towers and destroy the enemy spawn points, you still get overwhelmed. feels like the game cheats.",False,1554750057,0,0,0.5,0,3251.0,4718,76561198085880480
328080,146620153,"I think after 130 hours on multiple versions and community help from multiple members I can confidently say that this game is way too hard, not fun at all for me, and one mistake dooms hours of work. Enemies are scaled too difficult to make the experience enjoyable, and even after multiple guides and a thorough understanding of the game, I can make basically no progress, or what villages I do make are doomed from the start due to the game's goal being 'Survive for one year in each region' and allowing little past that. It's like a freeform tower defense, if the towers were useless and the defense was like a bunch of balanced toothpicks. I find myself coming back to try again often without success,,, Please add easier enemy options !!",False,1695169958,5,1,0.530611991882324219,2,7830.0,7830,76561198128790380
328080,161388891,"I got hit with back-to-back RNG (Blood Moon/Meteor Shower) which is fine, except that in the aftermath, I couldn't recover from the damage. This is only due to the fact that my villagers simply stopped working and following commands. My farmers stopped watering crops despite having tons of water. My builders also wouldn't stop building something even though I had set the building to lowest priority. My villagers were starving to death and refusing to build the farm which I had set to TOP priority, they chose to build a lumber camp instead.

It's a great concept and I was doing fine with the regular waves and the scaling, but two RNG events, coupled with the villagers who don't work or listen killed all interest I had in playing.",False,1711316803,11,2,0.531000316143035889,0,2343.0,2393,76561198021271332
328080,55335805,"After update Indev34. My food stock become 0 and my people start starving and die every a minute. WTF!?.  I'm already backup my profile folder and what doest it help?

Good bye RTR.

-----
And need to improve AI for builder / maintainer / etc....
Their logic very stupid. I don't understand why they not grab resources or build that near them first and sometimes they not finish it. Stuck at for 94% 1 days? assign to build 10 walls, success 9 but 1 fail, builder skip it?  Why?

(if dev not improve this, I may be make my own game like this with clever AI. lol. just kidding but I'm thinking)

-----
Update ... 
OK I found out that why some villagers are idle forever or some builders not continue to build some building anymore until I HAVE TO dismantal it!? and more alot weird  happen 
BECAUSE "" IT  IS DEFINITELY BUGS"" and why I'm hot head now?  
BECAUSE this game has only 1 real-time saved game.  

So I lost my many days of playing time (and need restart game alot) to know that I HAVE TO check NPC bug also some SIMPLE function does not exist in the game such as 
1. cancel accident dismantle building. (when you make mistake dismantal something  you cannot cancel it... WTF?)
2. sometimes (>30% of all my game time) builder not continue to work... ex. I have 26 builders and I queue my construct building only 5 queue. BUT they only deliver resources to build and it done.... yes, I wait for more than 1 day in game but the build progress is 0% and 26 builders are idle ? (WTF again?)

also please improve UX too, I like this game but these things very annoy me. I cannot give positive to this game until it all bug and UX/UI get fix.  

Thank you.

----------
Bad mechanic and AI logic. WTF  I like this game style but I hate this game mechanic. please improve and make easier UI too.  If improvement good I will change from negative to positive.
And it has alot of bugs. please fix like UI, stuck.",False,1569767034,2,0,0.476190477609634399,0,1928.0,16212,76561198086389558
328080,50403349,You need to use a binary serializer.,False,1556634438,4,0,0.474866330623626709,0,17872.0,29228,76561198134440890
328080,205452670,"Not Great, Not Bad but not Great. The tech tree feels random and dis-function. no real deep after 30  hours you figure out the mechanics enough it feels like a job.",False,1759123164,1,0,0.451733827590942383,0,1830.0,1830,76561198013400342
328080,116668943,The game could be good. But the game's stupid AI just makes the game annoying. Wish I could get back both the time and money I put into the game.,False,1654682180,1,0,0.476190477609634399,0,2552.0,5359,76561198007483228
328080,124693463,"Disappointed in the unmet expectations set by the dev..  He's completely MIA as far as any progression.  What is in the game as of yet isn't worth the time or money, in my (selfish?) opinion.. Had some promise of being a decent game.",False,1667177941,0,0,0.5,2,3125.0,3125,76561197996123578
328080,43799759,"Is kinda cool the first few hours, but quickly turns into a drag. About 30 hours of my playtime is idling and watching anime or some shit while I wait for more Nomads to appear, so I can assign them and then wait for more.

I don't know about the guy saying ""500 hours later and it still doesn't get old"" For me it got old after like 10 hours.
It's not an expensive game, so I don't regret buying it. I only ""lost"" once while playing on Survival difficulty, the second hardest and that was because I didn't have enough food, other than that the game has been a breeze difficulty-wise.

Buy it or don't buy it, it's a fun game for what it is but quickly turns into an idle game.
---
One thing I hope for are the addition of mages and all the magical goodness they could bring to the game, maybe a religion system, since you are pretty much a god for these little sprite people.
I don't know how you'd implement that, but currently the NPCs gets ""confused"" when they see you summon anything near them, perhaps if you do that enough they'd start worshipping you and then you'd have to choose what kind of deity you are, that could open up a different set of spells and whatnot..just throwing it out there.",False,1532795072,4,1,0.500078082084655762,0,2252.0,8833,76561198018707443
328080,108910128,"I tried. I did. Good concept, annoying gameplay. Fire elementals suck. Fire elementals that apparently can climb walls and burn through forests = deal breaker. I watched them walk (like it wasn't there) through stuff that would ""protect"" my base (including standing water in a couple places), then wipe out all my towers and golems with relative ease. This is my second playthrough attempt and probably my last. You can't rotate buildings, random crap gets in the way (like moats vs flowers), and you basically aren't meant to ""win."" Just die slowly. It's just not that fun after a while even once you get the hang of it.",False,1643329339,3,1,0.469473689794540405,0,2673.0,2673,76561198282324837
328080,88154970,"Ok, so, the game is moderately fun, and is an absolute time killer. However there are incredily annoying mechanics(villagers' priorities are set in weird ways, i.e. even if they're starving and are set to harvest food from the environment, they'll focus on their tasks(tending to farms) and die, even though they could survive). Plus the way corruption works sucks ass. If you try to corner it so that it doesn't spread across the entire goddamn area, with a single breach it'll consume half of the map in mere seconds. In the end you just feel like you're surrounded with no way of fighting back and taing more land for yourself. If you like being fucked over by the games you play, buy it. If not, spend your time on something more fun or productive",False,1615326343,2,0,0.5,0,9269.0,17598,76561198138103234
328080,197821067,everything is random and there is no AI... you just watch it literally there is no gameplay,False,1750538375,1,2,0.351577937602996826,0,2860.0,2860,76561198234522644
328080,60718918,"The AI is bullshit.

I build a fire near monsters... the npc comes, bring wood, place it and make 10 % completing the fire... then he run to the graveyard near by and hit it... 20 monsters come out, kill him and they run to my village...

you cant destroy the building (destroying or building... all the same) so a new npc comes do only 10 % of his job and then he hit the graveyard...

so you have a permanent attack who never stops and you loose all...

more incompetence you have never seen",False,1577500942,2,0,0.489095121622085571,0,2683.0,2683,76561197970361109
328080,153607400,"it's kinda boring honestly, the novelty wears out fast and after sinking a reasonable amount of hours into this, only to move to the next region and start again i wish i hadn't bothered. 

- You spend more time micromanaging crops because your farms and farmers are too shit to fend for themselves.
  (spamming motivate land over the same fields and forests for only 10/50 to grow at a time.)
 
- Crystal feeding the essence stores has been removed so gathering essence to power defences now means a dozen culis 
  gates and a tedious click and drag battle with tanky mobs. The new Prayer buildings are woefully under powered. 

- AI mapping is terrible so villagers hardly ever attend their duties, lack efficiency or they just straight up run into danger.
  (Towers drink mana & ammo but production/delivery is slow, rangers run straight into melee and are pretty much useless 
   in a fight and in general, most gathering units path find like ass.)  

- God powers only work in your own field and are about as practical as throwing confetti at your enemy. Most spells are 
   just plain redundant because they're too weak, detrimental due to AOE, or so specific to target, I cant kill the 20+ 3 pixel 
   high mobs evading or just shrugging off my divine piss sprinkles. 
   (why TF would anyone cast earthquake/meteor/comet, their only half powerful spells, over their own lands?) 

- And finally resource management, what the hell? You expect me to click several hundred times per resource so i can 
   allocate stock to be made/transported? Nah 

The game is too slow to progress and can be wiped out in a single night, i don't see the appeal of crushing your players spirits like that, especially with so little to show for it.",False,1702598281,25,2,0.622479259967803955,0,6093.0,6093,76561198251769750
328080,43676532,"Interesting Game with potential but can´t recommend due to wired gameplay design choice and bugs and clearly Beta.


Gameplay:
You pick a piece of land from a world map. Then you place your keep and drop some villagers and start collection ressources to build your town.
Most of the nights you are attacked by monsters and therefore have to build defenses.
The monsters spawn in a randomly placed piece of land labeld as corruption.
The wave of enemys get stronger and stronger and after 15 nights (the first year) you will loose due to massive power increase the monsters have.


Problems / bugs:
The game is not late game optimized. The longer the game runs and the bigger your town gets all the functions are breaking appart. Sometimes it takes a full morning just to build one building but you have 20 workers and full ressouces.

Building cheap bow towers is only for good for the first nights, because the more towers you have your AI will not be able to supply them with arrows. This is clearly a bug. I had 10 bow towers and two fully developed bowyers, they refuse to do anything.

Corruption spawns always the same amount of monsters regardless how big their town / area is. I attacked them early and nearly surrounded their spawn. I drove the corruption on the ground back. They only had one graveyard and 5 towers but they spawn the same amount like owning 20 graveyards.

You can not win on any map. You can not win against corruption. Neither by destroying their spawn nore by digging in and defending. Why? Because rebuilding the destroyed buildings takes too long. You just don´t have enough time to rebuild until the next night arrives. Maybe you manage to rebuild but next wave it stronger. You can´t win the arms race. Also if you dig in you will run out of stone and then you can not rebuild. So you must expend.
And destroying the spawn is impossible because building your town and reaching the spawn and building towers to defend just takes the first full year.

Once winter hits, it is game over.

Waymakers take way too long to build a path. Towers build a lot faster compared to a a stupid tile of path.

Ressource transport takes way too long if you base is far away from the building place.
(This is rediclious: You must expend to contain the corruption, but you can´t expend because your logistics fail, even with 25 workers running day and night).

In late game (day 15+) your golems just die so quickly to the enemy. The only golums that are useful are crystal golems because of their range attack. The wood and stone golems get eaten up.

No focus fire. In late game the enemy sends ""fire golems"" they will attack from range and burn your towers from save distance. You can not take them out by focus fire, because there is no focus fire. And your towers will always attack nearst target not ""Target with highest priority"". Even if your defense is able to hold of the wave these fire golems will kill some of your towers and you can´t rebuild in time.

You can´t attack corruption. During daytime i outnumber the enemy. I have 40 golems and turrets, during nighttime enemy sends 100 monsters. GG. Why can you not send your army of soldiers and golems to attack the corrution? Why do you even allow the monsters to build turrets? Monsters dont have to defend their base because you can´t even attack. LOL.

Game time with 1x is way toooo slow. I always run the game at 2x. Otherwise it takes ~12 hours to get to Day 15.



Improvements:
Fix the bugs above.
Fix the gameplay above.

Add logistics squad who just send ressouces from main base to small bases and do nothing else. So that you can create a stock pile clsoer to the frontline for faster building.
Add research so you can further improve your units, buildings and so on.


Hey dev! What is even the purpose of your game? Play until day 15 then transfer villagers to limbo. Then start new land tile and repeat? Your game makes no sense. ..",False,1532251407,3,1,0.487329661846160889,1,2179.0,2411,76561198020554800
328080,174505177,Honestly whenever I pick this game up to play it just annoys me. Way too clunky and terrible on my eyes.,False,1725782515,5,1,0.465836435556411743,0,2545.0,2545,76561198008389995
328080,85594714,The save system is horrible. If you make a mistake  be prepared to lose hours. Trying to remove something next to a building? Better make absolutely sure you don't misclick the building because there is no way to cancel the order. You can't even pause and look at the interface.,False,1611971366,2,0,0.494699656963348389,0,6343.0,11645,76561197994496863
328080,113442751,"Had like 160 villagers, all of them had house to live, always had 40+ raw vegetables, 10+ raw meat, several clucker coops and animal pens. But villagers are starving to death, and cooks never makes rations, fuck this shit.
I'm using holy potatoes, motivate land, storm, I'm selling and buying shit on market place, and yet from 160 villagers I am going to 120 from FUCKING STARVING.",False,1649271856,1,1,0.5,1,1805.0,6335,76561198035563308
328080,106525276,"Abandoned game, very basic and eventually becomes just a tower defense",False,1640468257,8,2,0.515915811061859131,0,1951.0,2352,76561198119120043
328080,54057870,jesus christ can we have the ability to actually determine priority or can we have the ability to control combat units or are the devs brain dead for this game as well and dont listen to feed back... o right creating a game isnt about making a satisfying product for the consumer to enjoy its about how much money you can make in early access and how much fun (or how much time spent) is had developing the game,False,1562953410,0,1,0.401215821504592896,0,2164.0,4380,76561198018547732
328080,119262531,Super dumb ai that never refill your defense tower and collectors.,False,1658500886,1,0,0.5,0,2623.0,3909,76561198385510564
328080,79226862,"I never really write reviews for games, but this one i just had to review. Overall, the game is really good. The graphics are fine, the playability is also really good, but what I absolutely hate about this game is the difficulty. Before I continue, Ive played and enjoyed difficult games before such as Dark Souls or Skyrim on Legendary, but this game is so difficult its basically unbeatable. 

Like the trailer for the game shows, this game is both a city builder and tower defense game, with the ultimate goal being to survive and wipe out the enemy (aka the corrupt) for good. You start out building basic stuff such as a water supply and food production. By day 3 youre working on defenses, ammo, maybe some storage. By day 10, the corrupt has spread to you front door, towers start to become useless and you start to rely 100% on golems. By day 15, youre blocked in, your golems start to become useless because the corrupt enemies are spawning dozens at a time at 3x the level of your golems, and towers start getting destroyed. Then finally, day 17 you are overwhelmed and the corrupt ends up winning, making the 5 or so hours of hard work wasted because you now have to restart from scratch on day 1.

To help put it into perspective, I have about 35 hours of gameplay trying different methods to stay alive longer, but everytime I end up losing around day 17 mostly because of an issue that needs to be fixed with graveyard spawns (they like to spawn outside of the corrupt sometimes and piss off your golems, killing all of your defenses in the process). This game is incredibly unrewarding and almost impossible to beat, and Steam wont refund me because Ive spent more than 2 hours on this game.",False,1605316658,1,0,0.479094088077545166,0,2233.0,5070,76561199057259794
328080,86334998,"This game... I dunno. It plays well, it's fun... but the mobs scale to infinity and your villagers and defenses don't. The premise seems to be to establish a village in each zone and then move on the next before the enemies scale so high that you get wiped out. There doesn't seem to be any way to stop the enemy from growing beyond any realistic way to hold back. And that doesn't suit my play style at all. I want to start a village and build it up to perfection before moving on. I had fun up until the moment the enemy hordes overwhelmed me and wiped me out, and after the 3rd time this happened I give up. This game isn't for me.",False,1612962873,168,3,0.85127490758895874,0,6679.0,6679,76561197997196175
328080,106839128,"Abandoned game.

Edit: November 30, 2025. No updates, game is still unfinished.",False,1640799838,7,0,0.446786165237426758,0,9691.0,9691,76561198026900326
328080,48163695,Spent 4 hours playing  a map only to lose becasue poor pathing. Time to shelf this till the bugs are worked out.,False,1546844253,1,0,0.474683523178100586,0,1944.0,3836,76561198007203847
328080,54977545,"Wonderful game. Despite the fact that it is early access, it has enough content to fill more hours than some 3xA games. 

The few cons until now are: - Laggy in mid/late game -> The AI takes to much core
                                             - It is a pixel game, people love building symmetrically, therefore I got to ask, where are the 
                                                measurement tools ? =)

7,5/10 would buy again

Edit: New content -> Really good. Sad part is, the game now is ""improved"" and unplayable with certain mechanics. E.g. Can't set up proper killboxes or maces, due to not being in range(your own walls seperate them from your base). I know you could set up fires within your walls, but then the specters will just flood you and rush all your towers.

Furthermore there is still content as certain towers, e.g. almost everyone except magic and ballista, which could be cool but are just crap. 

Cannot recommend the game anymore. It did not develope well enough.

2nd edit: Godperks is heavy RNG, means your playstyle IS affected by the godperks. Why dont just create a skilltree? Choose what perks you want to have. Balance it and it will be at least a 10x better game.",False,1567706757,0,0,0.5,0,3154.0,12644,76561198077939914
328080,150418930,"By far the largest problem, is there's so little feedback as to how your village is functioning, and getting your villagers to perform tasks is like herding cats to begin with.

The effective strategies are not particularly interesting and the ""magic spells"" component is underwhelming because of how expensive (and weak) they are. You won't be pulling off most of the magical visuals shown in the trailer, especially before you have already dominated the map.

Much is said of the difficulty in other reviews but it largely just comes from needing to understand the optimal build orders and how un-intuitive the systems are. Playing ""well"" once they are known, is rote.",False,1700390750,13,0,0.660235881805419922,0,1895.0,1895,76561197962046803
328080,59085980,"This game is infuriating, not because the game is hard, but because your villagers have the stupidest AI I have ever seen. Your builders will dive into enemy territory and get killed, but when your village is under attack they literally run around with their hands in the air. It has alot of promise and is a super fun concept, it needs some serious controls to let you have some sort of control over your own guys. It's like herding cats.",False,1575337521,0,0,0.5,0,3341.0,6354,76561198018836669
328080,207495100,For what it is I dont suggest buyin it. Would be great if the team was alive but they all got ran over or somethin idk.,False,1761341257,7,3,0.571602046489715576,0,2147.0,2147,76561198204522996
328080,53846525,"Game is a lot of fun at first. Problem is, like a few have already mentioned, there is no winning. If you are into playing a game where ultimately, you will lose, then give it a try. The mechanics are fun, with a few quirks that do get more annoying over time as well. No matter what you do, you CANNOT beat back the corruption. In fact, doing so, the game punishes you. Not doing so, the game also punishes you. Happy medium? Nope. Not a terrible game, but definitely not for everyone.",False,1562450188,0,0,0.5,0,2695.0,4032,76561198040612485
328080,38170354,"I love this game. At the start of development it seemed like a great way to look at an escalating defense game. Honestly just needed to work a bit more on late game and add more enemies, possibly change them or add some more elements to them. It is not fun worrying about if my people are getting their back scratched correctly. I am defending them from death on the other side of thin wall. At any moment an earthquake could take out everything these little people built, and I protect, away with the help of the hoards of monsters outside.

Pros: It is a difficult base building game where you have to defend against increasingly harder to kill enemies. There are specialized towers to help you with this that each have their purpose. You can build nearly anywhere and eventually create a happy nook of salvation until eventually time takes your kingdom into ruins. You have to care and provide for your people so they can survive and proliferate. There is a bit of a learning curve, but your bonuses carry over to the next run.

Cons: The direction the game is currently headed is not focusing on the death on the outside of your little shelter, it is currently focused on making the game a little bit of nitpicking and making sure your people get their back scratched the correct direction. The game is already difficult with the 100% random events that can end your run at any moment but you will have to worry about their trash, and toiletries. The first addition to this was the need for social interaction, this honestly makes sense in an apocalyptic scenario, some simple words go a long way. In reality you have to worry about little tidbits to survive such as those, but we don't have fire elementals, wraiths, or zombies attempting to tear down everything we love.

Simply put, this is a difficult game because your people will complain and let themselves die in a world where death is honestly next door.",False,1512796347,0,0,0.5,0,14364.0,17800,76561198019970295
328080,78494878,"Game could be fun, but unfortunately there are a lot of bugs and stuff that needs to be optimized and fixed. Developer has moved on to another game so if fixes will come, they will be slow. Tired of wasting my time with bad colonist AI.. prepare to be frustrated when you lose a lot.. not because you do anything wrong, but because the AI decides to just randomly attack stuff or build a wall one piece at a time in multiple areas. or.. lots of other random very annoying crap.

But, all that said.. its cheap.. so ya know.. do what ya want.",False,1604190390,14,1,0.574713230133056641,0,2763.0,2956,76561197970721896
328080,74682291,"No matter how hard I try the corruption scales too hard and at some point no matter how big you build your maze the damage cant keep up, there is nothing to build. things get tedious and fall apart. there is nothing I can do but watch hours of work disappear unable to do anything when all I had left was a little corrupted ground, no grave yards, no enemy buildIngs, but they spawn in such numbers and scaled health i cant stop them anymore or compete. im sick of this game. Alot of the new mechanics have made the game harder, I cant recommend this game its boring, the balance is terrible, the creator just makes more ways to punish us than improve mechanics and add in more towers/lvls for towers, it seems impossible to keep up anymore im so sick of it.
Your videos on the page are also not reflecting the current state of the game, if you do a 1x width maze when it gets congested mobs wIll just start destroying walls\

This game has good foundation and has potential to be good. I think late game is severly lacking and need alot of work",False,1598037381,0,0,0.5,0,9822.0,9822,76561198029348918
328080,24406637,"6/2/2022 - The game crashes every time I try to do something new, which I haven't tried before.  It's not only that, the game itself is just dead and boring and not fun.  Like all other pre-release crap games, this one promises a lot up front but fails to deliver on most of the things you thought would make the game fun.

Just go back to rimworld if you already have it.



7/19/2016 - They're still planning on adding new things to the game, like inventories.  So if this isn't updated by the time that's added disregard or remind me to update this review!!!


In it's current state I'd say yes the game is worth it.  For $10 you can go see a movie that you will enjoy for less time.  Having said that the game starts getting boring after you've built your crystillery.

Suggestions for dev (not sure if this is the best place):
- Chill out and take a step back from the crafting system and adding all that in.  You gotta work on some basics before forging ahead with the crafting system and additional rare resources.  Below are just a few problems that could easily be fixed:
- Make controlling the builders queue easier - i.e. allow us to reassign or side-track a worker to a specific task by right clicking on the target (a right click for a building being built will automatically assign them to work on it, etc, but only if they're already a builder or whatever task is associated with the object you clicked on).  This would save so many villagers, and give me more control to survive...  from there if it becomes too easy it would just be a matter of adjusting monster values I would think.
- Fix the worker pathing alrogithms because currently I cannot create a zig-zag fortress entryway of Tower Defense without my workers being unable to service my towers.  UPDATE**** this appears to be an unintentional side effect of walls not having any influence.  If you wall your structures (towers) into a tunnel before they are built your workers will forget about them because they fall outside of your zone of influence, which is dumb because obviously they ARE within your zone, but your walls are lifeless, zoneless blocks of zombie blocking goodness.  That was confusing.  I think I need to go see a therapist now.
- Allow workers to alter terrain in a more advanced town.  Getting sick of having to build around mud pits, bah!
- When you instruct a worker to DESTROY a resource... shouldn't that resource fall to the ground anyway instead of disappearing?

Big ideas:
- Expand the magic side of the game (how it's used, collected, saved, etc).   Allow for someone to differentiate a town to specialize in magic or non-magic.  Tired of waiting around for my influence bar to recharge just to get more essence to throw just a few more fireballs..",False,1468929191,1,0,0.525862038135528564,3,5199.0,22244,76561197960559290
328080,188324534,"It's OK, but it's not the most engaging city builder. There's just nothing really to do.

Tip for getting all the achievements: Go after them on sandbox mode. Many rely on rare random chance.",False,1740041934,3,0,0.5428314208984375,0,4560.0,4560,76561198055715710
328080,44457590,"Jan 2020
I can no longer recommend this developer after learning of his anti-free speech stance.

------------------------------------------------------------
Aug 2018

If you enjoy tower Defense games, Survival games, and God games, then you are in luck, this game is for you.  I happen to like those three I listed so needless to say, it has occupied many of my hours of free time.

The game takes a bit to learn and get to know how to approach the game, most likely you are going to doom/reset your world a couple times as you stumble upon mechanics that you hadn't learn about in the current/previous playthrough.  I believe this game at it's current state is well worth the money it costs, and with what I see planned, and what the dev is working on, I believe this game will become one of my top favs.

IF you require story, this game will dissappoint, because so far I haven't noticed a story, unless you extrapolate one from the abandoned structures you find in each map.  The AI can be frustrating at times, but that has gotten better so I am expecting it to satisfy my thought on ai eventually.

I have a lot of suggestions on things I'd love to see improved in the game, but I believe the Dev is probably already aware of these things and will add them eventually.

I give this game a 9.9/10, once it reaches release I will probably alter that score.",False,1535604862,0,0,0.5,0,12860.0,25078,76561197996472270
328080,61545667,"I understand this is a game you will not win and it is also a hard game, both of those I like. My issue with this game is that its feels more frustrating then fun due to some of the Janky mechanics mostly in the late game. 

Food- Some people seem to have no problem with this others its a nightmare. Even with 6 full farms full with workers I can never generate enough to make it in the winter with out spamming the growth spell on veg patchs and or have a mass starvation.

The Corruption- The AI for this seems off. Almost every other map I lose because the corrupt workers try to build a path thought my base. The AI will instead of going the other way around a forest or hill it will path find right into my front gates. So now for every monster a worker will also try to enter the kill box using up ammo and a target on a already strained defence. This honestly would not be a big deal if it was not for the unlimited numbers of workers that can spawn NIGHT AND DAY.

Energy- There is really no good way to generate the large amount need for the later days. I feel like this is a manufacture soft cap on the game. If the other two reasons don't get me this will. My towers just run out of jucie and that's it. I tried some things from the forums and even then it's pretty much just a uphill battle. I'm not a big fan of a game telling me when I need to lose appose to me losing on my own. 

Lastly I feel the game need a way to take lost areas, maybe build a mega monument that weakens corruption in the areas around you.

So after all that I will say I do not hate this game and I have much respect for the dev.  The game industry needs more people like this dev. This game has many good points and is with out a doubt a work of love but after I close the game I always walk away feeling like I had more of a frustrating experience then a really fun one.",False,1578524325,5,0,0.510891377925872803,0,4287.0,4287,76561197996695545
328080,148834405,"Game doesn't work! I've sunk a couple hundred hours into this game and then after an update it stopped working. I've spent hours trying multiple different ways to get this game to work but it freezes during the load startup screen every single time. All my other games work just fine, everything on my PC is up to date so the only other problem is that this is a broken game.",False,1698216715,1,0,0.433192700147628784,0,17224.0,17224,76561198157462534
328080,165962442,"I can't really recommend this game. It has some issues that probably won't ever get fixed.
The bad:
- Abandonment: The game is likely abandoned at this point. According to Steamdb, it had only three updates in the past three years: two bug fixes and the achievement update.
- Lack of Campaign and Poor Progression: The lack of a campaign and the fact that every building is unlocked from the start take away from the enjoyment of learning about the world and discovering new things. The only progression comes in the form of chests that you unlock with points earned during gameplay. These chests provide minor bonuses, such as one extra building slot, but most of them are percentage increases to stats. And they are all capped so you cannon end up having 1000 extra building slots.
- Unintuitive UI: The UI is not very user-friendly. It has large elements on all four sides of the screen, which are fixed in size and only scalable to a limited extent. On my 22-inch 1080p monitor, the text is too small. Scaling the UI makes the text bigger, but it also hides more of the screen. The game itself warns that changing the scale may cause visual issues, which is not a good sign. I've calculated that about ~24% of the screen is occupied by the UI at 1x scale.
- Missing Game Features:
  * If you accidentally start deleting a building, there is no way to stop it. Since dismantling isn't instant and villagers have to perform it, there should be an option to cancel the process.
  * You cannot rotate buildings. This is problematic as it limits the way you can design your town. Only rectangular buildings need both vertical and horizontal sprites; square ones can remain as they are.  I read on some posts that the artist would have to make new sprites for each build. I can understand that this would be time-consuming but it really messes with the game
- Lack of Clarity: The game is generally not very clear. The in-game tutorial only covers the basics. I often had to search online for answers, which led me to old posts, some as old as five years, where the developers provided responses. However, these answers might be outdated now.
- No Endgame: There is no endgame content. You just play a series of skirmish battles with the same buildings, fighting the same enemies on different maps. The goal of each map is to survive for one year. The difficulty settings seem to only increase the enemies' aggression.

The good:
- I like the music.
- The pixel art and particle effects are very nice.",False,1716548675,8,2,0.471491694450378418,0,1939.0,1939,76561198063681862
328080,30760175,"[h1] TL;DR       PRO-TERF GAME DEV, 4/10 GAMEPLAY, BUYER AWARENESS [/h1]


An okay game, honestly. Kinda mid. Got super hyped about it closer to the original release date (even suggested the gate and other items on the forum and DMs) and havent played in a long time, though. Havent felled compelled to pick it back up with any interest in years. Its got some neat sprites but the concept has been done to death.
Just came to mention that the dev supports JKR and thinks people who are against funding the hateful rhetoric are just ""chronically online"" and ""not gamers"", so you can choose how you may like to spend your money consciously aware of the beliefs the dev feels the need to voice in a debate in which they didnt need to involve themselves.",False,1490561178,0,0,0.5,0,14831.0,14831,76561198140544118
328080,50723288,"The only winning move is not to play.

It's a very addictive exercise in futility.  It's unwinnable and endless, which works for skill-based arcade games that you play for a few minutes, but it doesn't work for strategy games where there's only a few winning strategies.  The only ""winning"" condition is to survive in every region for a year, and there's no satisfaction to be had by doing so.

The worst part is that the game is meant to be like that.  I want those 99 hours of my life back.",False,1558282323,0,0,0.466993033885955811,0,5938.0,5938,76561198043864175
328080,54257207,"Yes I know this game clearly states it is a brutally hard game. I love this game, I do... But this game has one of the worst learning curves and very large trail and error pool. I feel like I can't get into this game no matter how a prioritize my building and resource management. For example: I will build a farm, well, one house, barracks, and the usual wood and stone buildings to start. I've played many times where I used towers and towers just don't work. When a land is fully corrupted after you only did one part of the map you have to reset your world. Don't get me wrong I love hardcore gaming but I don't love hardly being able to play the game because Summer and Winter are so hard to get through that I lose half my population and the other half gets killed off that night. I'll cue for wild food and they ignore the cue and starve.
Whats worse is this is on traditional mode. There's two higher modes than this. Sure they have a sandbox mode but I want the challenge. Just not such a huge climb that I can't even make it through half of a year.
If you like really punishing games and starting over a lot then its a great game. For me I don't recommend it as much as I want to like it. Maybe an easier mode in the future for those just starting the ropes or casual players.

(Edit) I just realized when you lose it says congratulations you've lost the region... Kind of an even more dick thing to do don't you think?",False,1563904785,0,1,0.480769246816635132,0,2130.0,2163,76561198080698498
328080,192121937,"Unfinished and ultimately pointless.

May be a good buy for someone who doesn't need any end goals and likes playing dozens of almost exactly the same, loooong game sessions. All buildings are unlocked upfront, no sense of progression at all.",False,1743932666,10,1,0.46562349796295166,0,3492.0,3492,76561198083019629
328080,49228032,"Dev abandoned the game.  I think it's pretty fun but the inability to pause so that you can get a sense of what's going on and what new stuff does is absolutely unforgivable.  Why on earth am I being made to learn about new buildings and mechanics strictly only when time is flowing in a game which is designed to be both difficult and to ramp up the longer you play?  No excuse.

Avoid",False,1551093691,0,0,0.5,0,6451.0,6451,76561197992289705
328080,144086415,"Initially a very fun game, but as you get more into the game you quickly find all the things not implemented such as basic warning that someone is attacking a building but you are told when it is destroyed.",False,1691928721,12,1,0.565737903118133545,0,2042.0,4737,76561197983520322
328080,143795143,"Good game, bad dev. 

The level of talking about the ""Steam Community"" and the people that play the game over X and other media plattforms is not nice. Get some therapy and overwrite development to someone else. You produce and release and you get money. The players owe you nothing else. nothing else... but you still insult them. Lol",False,1691690175,17,3,0.517929434776306152,0,9106.0,15166,76561197997365340
328080,90525476,"After several months i decided to give this game another chance and with that heres a new review on it:

Lets start with the positives:

The new holy potatoes and trees skill finally makes it possible to survive endless blight and all the nonsense this game can repeatedly throw on your settlement.

The god wall and tower lets you have defensive structures even if you are out of building slots.

The new crystal wall finally lets you have a fighting chance against specters, no more random specter wrecking town because it phased throught walls.

And thats pretty much all what changed since last year, the negatives stayed here with us to ""enjoy"".


Lets start with the minor annoyances:


The villager AI is still stupid as hell, you can observe Josh who is starving skip throught the entire town full of food to go home, sleep and die of starvation. They are still doing this full-stop everything nonsense whenever magic happens and the building priority is a wack.

The skeletons are still an overpowered enemy because the only way to stop them effectively is using rock tumbler towers which are the worst you can build ingame.

Phantom Dart towers are still a waste of resources and energy. Who needs a tower what deals 8-10 damage in a game where you fight swarms of 100-200hp enemies?

Building slots are still an issue where they dont feel like natural part of the game but more like another set of artifical difficulty made just to slow you down. I strongly recommend to mod it out if you want some fun.

Artifical difficulty wise the trash system is still something what was added for the sole purpose to get needless complexity ingame. It makes no sense and it just wastes away even more building slots.

Now for the major annoyances:

Theres no endgame, you cant beat the corruption at all. Even if you play to your best ability, its impossible to get corruption out of a region. You can make the most crafty, impossible to beat defense lines and such but you still cant win just turn the game from active management to idle play.


Several of the towers are too weak and their variety is not enough for a tower defense game, the fact that the enemy is even made in a way that you need to make short kill corridors otherwise they might decide to go around it is no fun at all. Your best strategy in all maps will be to find some natural borders and then make a corridor consisting of  3 lines (III) where the middle has static towers, the sides have the rest and thats it. No variation at all.


As the population numbers increase you will soon find out that the food ecomnomy is kind of busted. Water is easy to get but if you want them to eat normally you will need 1 farm per 20 villagers but there are lot of variables and nonsesnse here and if you are not spamming your motivate land on these farms you are going to need 2-3 farms per 20 villagers. My map has 162 villagers and i needed 8 established farms just so they dont start starving.

-----------------------------------------------------------------------------------------------------------------------------------

My best advice right now is to wait for sale if you want this game and start modding it as soon as possible because it wont gonna fix itself.",False,1618755948,0,0,0.5,0,1926.0,1994,76561198056394799
328080,43369286,"so i dont usually leave reviws, but this game is good but has some major flaws which ruins the game play, you spend days building up a grand village lots of defences you kill the mass with while they slowly get through your maze but never reaching the end. until the game decides to spawn a rock the mass cant walk through so the mass desides to destroy your walls then its game over.. its happened on me twice now so i wont be playing this game anymore but i had fun for a little while but i wouldnt reccomend playing it yet until the bugs are fixed",False,1530946474,1,0,0.455631554126739502,0,1974.0,17597,76561198042981331
328080,95596782,Game had good potential but is abandoned by the developer,False,1626090505,0,0,0.5,0,21610.0,21610,76561198127725247
328080,38952962,"Trash mechanics are just that. Trash.
Too much management on top of managing food, water, building materials, people, living space, building slots, space usage, defenses, and everything else.",False,1514845593,0,0,0.5,0,2205.0,2205,76561198045817598
328080,68923834,"worker AI so horrible, unplayable.",False,1589144916,0,0,0.450874835252761841,4,3871.0,4345,76561198062172398
328080,146021964,"New update has ruined game play, in a huge war at the moment, and slowly loosing all influence due to me having to pick up mobs and move them away, lost thousand  of it just from saving them, where the f is the logic in this, a god is saving your literal life, and you loose faith in seein the act? Literally something snatches 5 zombies chasing you and you loose faith in your god? What is the point of this update.",False,1694309305,4,0,0.540949404239654541,2,5138.0,5184,76561198316910002
328080,145334243,"It's 2023 and the game still lacks huge QoL basic concepts. I have a lot of hours into the game because I want this game to be fun, and it is for a while in the beginning and then you notice the game breaking issues and it ruins (no pun intended) the reason for playing.

You still cannot rotate buildings, they complained back in 2017/2018 this would take a lot of time to do because of the graphics work, well, it's been what, 5+ years now and it's still not done?

The scripting of the villagers is still not functioning properly, they do not follow priorities like they should. I had one laying on the ground for 10 real-time minutes, I finally had to pick him up and drop him to get his pathing to work again. 

This is just a small sample of the issues that are plaguing this game.",False,1693417815,33,5,0.529662489891052246,0,11781.0,11781,76561197985591446
328080,68707561,"-Very dumb AI, and you can't prioritize the kind of jobs a specific worker (like a maintainer for instance. Fixes roads instead of buildings when they are about to collapse) do
-Confusing graphics, sometimes too much is happening and you can't see, item icons are unrecognizable, when your city is becoming big enough, it gets slow on a beast of a pc (64 gig ram, 16 cores cpu)
-Stupid blood moon, seriously.
-gameplay isn't well though out with the fire pits/corruption stuff, just doesn't work in my opinion.
-No way to see where there is monsters in your village, or what building is getting attacked. you have TO HOVER YOUR MOUSE EVERYWHERE TO SEE WHICH CHARACTER HAS A RED CIRCLE AROUND THEM. Come on.
-So much time invested, but in the end, just plain frustrating.
-Kill it with fire.",False,1588819384,1,1,0.417658716440200806,0,9439.0,9439,76561198005330507
328080,198968489,"Great in concept, horribly balanced and unclear in purpose. It's a fun game, but unless you're following a guide AND get lucky with nomads showing up/etc, then prepare to reset the world many, many times. The rogue-lite aspects are great, but they're WAY too slow to accumulate to actually offer much unless, again, you're extremely lucky.

There's a great game hidden in here, but it's buried in absolute garbage balance and progression.

An RTS-like game that depends greatly on luck is not a fun experience.",False,1751669726,0,1,0.393981307744979858,0,9726.0,13632,76561197978614629
328080,55705026,"I actually really liked this game until just now. 

I really enjoyed experimenting with how to conquer as fast as possible one region with balanced economy. 
But then when I was about to win and destroy last corner covered with corruption. I sent 4 builders to build a Stone Wall so I could attack with long distance Ballista tower however they instead of building the wall attacked one of the last 2 Graveyards and one after other hit the Graveyard and with each hit there came small army of enemies = 4 hits = +/-25 monsters (Out of it was like 8 Fire Elementals and 5 Skeletons) = Which destroyed my entire defense with blink of an eye :/ 
Over 14 hours put into this region for what? Not being able to set priorities to Workers what to do when I give them specific work? Why do I select Workers as ""Builder"", ""Farmer"" when they still do what they want? 
There should be possibility to choose if I want Worker to fight or not - Not that they decide themselves (Some run away from threat, some march towards it). 

Until this moment I would give positive feedback, but if you choose in any scenario to build something close to an enemy structure, Builders just go attack that structure instead of building a building with highest set priority.

Also there is no way to ""Cancel"" dismantling an already build wall or wall with resources already on place (Or any structure). Only way how to destroy/dismantle something is that you take all the resources with your ""God power"", like... Why? Are my Workers that stupid that they don't know how to use a hammer and smash things to pieces? 

One last thing which is quite bothering is that if you select rock or tree to harvest, there is no way to cancel it after. So after you select harvest something, it will be harvested sooner or later. So if you decide to be more strategic in the future in the game, that you decide that ""Rock"" or ""Tree"" could be like a piece of wall, you can't because you never know when your Workers will decide to harvest it since you can't cancel that harvest... Eh, great...Also if you select too many trees to be harvested they randomly go harvest those trees all over the map instead of most closest place to the structure they are building... *facepalm*

I DON'T RECOMMEND THIS GAME:
 - If there will be priorities what Workers should prioritize (If fight or do their selected work first) and 
- ""Cancel"" button when you choose to dismantle things and 
- ""Removal button"" for already selected harvested areas.
After this I would recommend this game.",False,1571676164,3,1,0.490265488624572754,0,2401.0,2401,76561198133446435
328080,145905434,"Better set up your city PERFECTLY every time or you will lose.

Game is horribly unbalanced and the learning curve isn't just steep, it's vertical.

Props to the dev for doing so well on their own, but please make a better tutorial!",False,1694170579,0,0,0.5,0,3172.0,3172,76561198109874008
328080,47976750,"The good:
It's hard and challenging and has a lot of potential to be a great design game.  Lots of little perks that make for some interesting situations.  It's worth the price as you will get a lot of play time out of it.

The Bad:
Overall controls feel a bit off for me the building menu just doesn't feel quite right it scrolls by the page not by the item.  No hotkeys except for some minor(gathering, spells, build road, etc) stuff nothing like hotkeys for RTS games where I would do something like b - > t for building a tower.  No way to actually eliminate the enemy you will lose every time regardless of strategy or design this gets old quickly.  Everything feels very random (event wise) so even if you plan out a defense some random thing can happen and make you lose earlier than expected.  

The Ugly:
The controls and lack of any way to cement a region as claimed so you can expand is too offputing for me to enjoy this game for anything more than a casual see how long I can last kind of game.  The xp system is extremely grindy which doesn't add to the fun for me at all.  There is no fighting back(even if you maxed out your perks) just turtling up and being overrun.  I'm all for hard, but not impossible by design.  Maybe with some tweaks this could be much more enjoyable, but in it's current state I'm pretty much done with it at 35 hours.  12/30/18

Edit:  Played another 26 hours to see what changed if anything.  I seem to get a lot of lagg on a beefy system 64 gigs of RAM SSDs a 970 and a 1080 graphics card.... Tried numerous things to fix this nothing seems to work.  Still feels really grindy haven't lost my recent town - yet so maybe there were some balance tweaks doesn't feel nearly as bad as it did before.  It's pretty meh still hoping the dev will fix some of the previous issues, but it looks like that won't be happening.  Interface and lagg issues are the two main downsides as I see it right now.  It's java I can't really expect anything optimized.",False,1546231430,38,3,0.608075618743896484,0,2114.0,5756,76561197963892343
328080,69246205,"Can't recommend this game yet.  It certainly has potential, but it almost aggressively doesn't want you to like it.  It demands management of your resources, yet does not give you the tools to do that management.  For Example, if you're trying to keep animals for meat, you can build pens and your hunters can bring animals back.  Your cooks will only take animals from the pens if they are 75% full or higher.  Sounds reasonable?  

There are 3 kinds of animals that can be put in those pens, and you can not control which ones get put in.  They only breed more animals if they're the same species and you have male/female pairings.  So you could easily end up with a pen with 7 animals in it and none of them will breed, they'll just get fed their whole lives then die of old age.

That's just one example, there are many others.  It's a curious mix of demanding you to do micromanagement to do things that should be simple management toggles.

I'll check back in a while.",False,1589645986,2,0,0.495270520448684692,0,2064.0,2353,76561197966191778
328080,89547515,"Just kinda janky and grindy, doesn't have a strong sense of direction or goal. Hopefully when the game is complete it'll be better.",False,1617349523,0,0,0.5,0,1856.0,1856,76561198003230596
328080,68295092,this game is broken. if you defeat the corruption the threat continues to rise and a blood moon will eventually spawn enemies too strong to defeat and they will destroy everything you built over however many hours in a couple of minutes.,False,1588246815,6,1,0.433210074901580811,2,7638.0,8799,76561197977198034
328080,133605435,"Frustrating to play. Villager AI is suicidal, and will sprint directly into an enemy stronghold and kite an overwhelming swarm back to your village, repeatedly. Villagers will not defend themselves, so one enemy finding your base too early can destroy several buildings and massacre your villagers. And the game is agonizingly slow, so when a run ends it's usually hours of lost effort. The game feels almost intentionally designed to waste your time.",False,1677353292,5,0,0.483109444379806519,0,3167.0,3167,76561198002553823
328080,61273877,"It's a well-made game in overall, but I don't recommend because, after a while, it feels quite repetitive.
I have a hundred of hours played because I've been since half the game was made, and thus with every few updates I came back to see if things had improved. After it's ""stable release"" I finally gave it more hours and noticed it's really, plainly repetitive.

- after 1 or 2 cities you've already understood the ways and order to get everything going in almost every new city
- going to a different terrain doesn't change anything really, just shifts your strategy a bit and refreshes the city aesthetic (a bit, because the buildings don't change either)
- you don't unlock more advanced stuff throughout the game: everything is available from the first city. You only gain small benefits (""wow, I just got +3% of the speed of road construction, [i]such an improvement![/i])
- if you feel it's enough and you want to spice things up, you can increase the difficulty........ with a game reboot. Seriously? After days and days? Even when there's not much carry-on from city to city?
- some objectives are plainly crazy and virtually impossible to achieve; either because they're crazy hard, or because they don't make sense in the current world anymore - this should be checked and prevented by the game system
- the victory objective is really a joke. play for a long time in EVERY TERRAIN? SERIOUSLY?
- not to mention a lot of other small issues in game mechanics, lack of statistics and lack control that you can find in the game forums...

Bottom-line: nice to spend a couple of days playing and then leave it in the shelf, disappointed with ""having"" to abandon a game. You deserve more than this.",False,1578132871,1,0,0.467260777950286865,0,11556.0,11556,76561198035156553
328080,60049371,"Cool concept, but once you figure out the simple tricks it goes from impossible to trivially easy. Ultimately a very shallow game without any replayability.",False,1576638160,1,0,0.445657730102539062,0,3237.0,8454,76561197975845848
328080,110943366,"its a fun game and i do find myself coming back to it from time to time, but it feels like it was released in an incomplete state and it has its issues.

first issue is food.
you need meat and crops in order to make rations. when your village gets big, you need lots of rations in order to survive winter.
the problem is that you only get a limited number of animals on a map (to my knowledge, they do not respawn. i have never observed this) and the villager AI can be kind of extremely stupid when it comes to bringing them to enclosures and raising them.
i have had far too many villages die because there simply went any animals to get meat from, and everyone starved when winter came.

the second issue i have with this game is the enemies.
fire elementals are vastly overpowered and will 100% annihilate your towers every time no matter what.
they are unstoppable juggernauts with an OP ranged attack and the only thing you can do about them is to smite them with your god powers.
at least thats what you USED to do before god powers got a major nerf and now there isnt much you can do about them.

So a little update, the dev gets really rude and defensive when you ask about features he had promised to deliver before releasing v1, but never did.

This is half a game, the dev dosnt care and will probably do the same thing again with his next title.",False,1645769626,8,0,0.517090976238250732,0,10467.0,12372,76561198311631357
328080,55261494,Is your going to punish for over harvesting then I might as well pull the resources out my self not like the builders can keep up any way.,False,1569340302,0,0,0.442804425954818726,0,4331.0,5055,76561198127808903
328080,136942822,Been abandoned a year+ cant recommend.,False,1681882366,6,0,0.47749367356300354,0,3999.0,4053,76561197991153471
328080,167944546,just save your money and don't buy this abandoned game.,False,1719084621,4,0,0.504838824272155762,0,2292.0,2884,76561197995860013
328080,186304875,"I'm pretty sure the developer of this game enjoys the suffering of others. Basically, we have what appears to be on the surface a unique and interesting take on settlement survival with some wave/tower defense thrown in. However after trying and failing to keep one village alive for even 2 seasons, I have the absolute opinion that what this game really is, is a thinly veiled gacha game in which, even if you do everything right, build everything in the perfect order, place all the buildings in the perfect spots, you still will likely lose because A: you haven't suffered enough to open enough ""god experience"" chests to boost enough stats, and B: the 'random' events seem to absolutely favor causing you the most suffering possible. 

There's not nearly enough margin for the player to express any level of experimentation or creativity in building or defending. Basically, if you don't do everything just right - you doom yourself - often many days before you are even aware of it. Then you get to decide if you are going to spend the next hour slowly watching your village burn away because there's no possible recovery metric. The enemy just grows at a stupidly fast rate and you just die. That's it. That's the game. Personally, I'd rather go walk barefoot across a field of legos.",False,1737735866,10,4,0.502461433410644531,1,2314.0,2314,76561197971731154
328080,43517322,o cloud ainda nao funciona direito e voce fica perdendo saves...,False,1531544049,0,0,0.5,0,2215.0,5063,76561197984965512
328080,65757827,Lovely art and music but fundamentally broken gameplay concept (a game you cannot win). 85 hours in and uninstalled.,False,1585110330,2,0,0.5,0,5145.0,5145,76561198105460071
328080,110577155,"Rise to Ruins is a good colony sim with an absolutely stupid combat system slapped onto it. Getting resources is easy, but not so much so that building up a base is done instantly, you take several real life hours to build up your colony to the point where your people can survive comfortably... Except then the event where hostiles spawn inside your base happens and then it all goes to shit because you didn't fill your base with maximum upgrade towers.

The fact that even on the first day, the most basic enemy unit takes several shots from the most basic tower is a problem. Later on, a single unit can smash down that same tower solo. And they are never alone. The defenses in this game need to be stronger in the order of magnitudes. A tower that does 20-30 against a target that has 2000 health isn't exactly the most useful, so when you upgrade the tower four times and it does 30-40 damage but with lightning damage... Well, it's just as useless.

Now that 2000 health guy has 52 buddies who are all level 50 and your golems never survive to level 10, because you have no direct control over the golems, which will run out to get mowed down constantly. You cannot close off your base, if you wall your base off completely, hostiles will smash down your walls, with no preference as to how difficult it should be... Because they are level 50 and even the strongest walls smash in a few seconds to one of them.

I enjoyed this game, right up till it decided it was done with me playing it. I do not suggest getting it as is because it will take you a few days of your life to find out the game just doesn't like you.",False,1645294789,12,2,0.605412721633911133,0,2150.0,3053,76561198080784408
328080,30366035,"Post-release update: So many of the endearing qualities that made this game unique were eventually coded out and away. It's quite boring now, the inter-regional gameplay mechanics were removed (such as global corruption) and it's just a meh city manager at this point. It was dumbed down and with a bit of gameplay, you'll find you've basically figured it out and there is no difference day to day from here on out. It's more of a clicky game than a strategy game like it was.

I once said anything added was icing from here on out. Well, since most of the game was gutted only to have a few more buildings crop up and no real mid or late game, the cake was taken away.


----------------------------
EA review: Loving it!  In an era where everyone is rushing to put out ""click like a dummy"" games, RTR takes some effort.  That's a great thing.  The solo dev is awesome at addressing concerns and working with feedback from the community.  The game is pretty good on it's own now in EA, barring a few tweaks.  Anything else added is just icing.  If you are looking to be a zombie, point and click and ""win"", you won't find it.  If you are looking for a challenge and fun, you will find it and more here.  There are two modes however, peaceful - which is as it sounds - where you don't bother with mobs.  That is fun as a builder side, you just learn the creation and transport (which I recommend starting with anyway).  Then you have survival, where monsters come for you in the night, rustling your warriors and testing your boundaries... and it's fun!
~~~~~~~~~~~~~~~~~~~~~~~~~~~~~~~~~~~~~~~~
Update in December 2017: Still logging hours upon hours.  This game gets better and better as the wonderful dev continues to implement fixes, changes, balance, optimization, etc. - all getting the game to be more immersive than ever.

Since this review, the game depth has more than doubled.  Sounds hard to believe, but it's true!
`````````````````````````````````````````````````````````````````````
Update, April 2018:

Still logging massive hours, the game changes with awesome improvements regularly.  You can drop the game for a few months, come back and it's playability has expanded massively.  Proud to be a Patreon supporter for continued development.  This game felt more than enough months ago, at it's price point.  I'd happily pay double (in fact, with donations, I've paid more than 8x).  It's been a great timeline to watch the dev really listen, take feedback, tweak and improve.",False,1488857079,0,0,0.629630506038665771,0,21747.0,55416,76561198013855167
328080,129177743,"Missing a lot of QOL I'd like from a colony game.
No endgame? Just put up with BS the entire time
Even at 3x speed (which the game tells you not to use) I'm waiting way too long for any progress to occur",False,1671893121,7,1,0.532533943653106689,0,1744.0,1744,76561198066629137
328080,96521516,"If you like poorly designed games with bad balance, constantly losing any kind of progress, and pointless game process in general, go on.  To prove my point, day 2 fire elemental that cant be defeated by holy golem one shots my entire village. great game design, great balance.",False,1627484473,2,0,0.358403831720352173,0,4172.0,4943,76561198080843454
328080,47743032,"This game is intriguing and mildly entertaining for a while, but becomes tedious and boring pretty quickly. There is no goal in the game, the ""corruption"" that continues to grow will ultimately defeat you. You can only postpone that defeat, which makes playing ponintless.",False,1545567241,4,0,0.456793308258056641,0,1896.0,1981,76561198038431971
328080,89749330,"The game is fun, but unfortunately, my save file got corrupted after an update and all my 75h of progress are lost. I cannot recommend a game in which the creator(s) did not care for save files integrity.",False,1617602272,0,0,0.459666520357131958,0,4497.0,4497,76561198169489430
328080,99315683,done with this BS. If you want frustrated BS then buy it! I purchased when it first came out! The game was great! but now it sucks as you cannot defeat shit! everyone dies from starvation! no matter what you do! Do not spend your money as you will be frustrated as I am. I decided screw it I am uninstalling and getting a better game!,False,1631579870,3,1,0.406347364187240601,0,5391.0,8822,76561197972525785
328080,61390879,"100 hour review:

For a city builder the AI is weak. You can't control their behavior, schedule their work, restrict zones, lock gates, assign food or work policies, and can't control the villagers directly. Due to this the majority of the challenge mid to late game becomes preventing your villagers from constantly trying to wonder away from your village to pickup resources next to the enemy which is suicide. Workers can only build one thing at a time, if you have 100 units of wall sections and 100 builders you'd think it would be a quick job but no, they will ALL go towards one section and then in to a section thats furthest away.

The towers in this game are not balanced. Early game you can get by without them by picking up enemies and dropping them into a ""cullis"", its a building which instantly kills any thing thrown into it. Early game towers aren't necessary and late game they are pointless as mobs scale indefinitely and you don't.  When mobs scale to 15,000 health and 5x faster movement speed your tower that shoots for 30 when you first started the map is not going to do much. And one of the main utility towers called ""banish tower"", its projectile speed isn't even fast enough to catch the enemies passing next to it.

Strategy late game consists of 97% of you picking up enemies with 15,000 health(every single one of them and there are thousands of them each night) and dropping them into a cullis, because your 30-40 damage tower isn't going to get the job done. There are 5 type of enemies, 3 of which are susceptible to being permanently frozen, the other 2 types which are specters and fire elementals you would need to drop into a cullis and its not fun to do it few hundred times. The other 3% is remembering to recast your AOE freeze spell, don't do it too many times or your FPS will drop to single digits. Building a maze is optional, making the enemy funnel at a single point is sufficient for this strategy.

Colony sim... don't have anything negative to say about this part of the game..

So out of the 4 tags, tower defense, colony sim, city builder, & strategy only 1/4 passed.",False,1578272096,12,1,0.564623653888702393,0,5998.0,6764,76561197993278541
328080,53752999,"With no way to actually clear a zone of the corruption that spawns monsters I had a town of that i spent 20ish hours on (62 in game days) get wiped out in a single night. The monster population more than doubled my own villager population to the point where close to 500 monsters spawned in a single night. The monster spawn rates need some serious rebalancing along with some other tweeks like their health. After more than 20 hours i feel so defeated by something that i had ZERO control over.

I would still give the game a 6/10 as i does alot extremely well but needs some love that i firmly think will come with time. i will be coming back to the game but as it stands right now it needs a little work before i can recommend it to the masses.",False,1562393076,0,0,0.5,0,1748.0,5876,76561198216608857
328080,50419031,"I've tried this game a few times over the last 6 months since I've purchased it.

It has a great concept.   I like the idea.   However, it's just a total fail when it comes to implementation.   The root of the problem is the absolutely WONKY AI when it comes to your village people. (Y M C A)   Its been brought up and mentioned to the dev numerous times in the forum and the response is ""it works fine.""

Let me describe the scenario:

1) You have a water purifier near a lake.  You have water masters harvest from the pond and bring  it back to the water purifier.   Attempting to turn dirty buckets of water into clean water.   While they are doing that, the farmer decides his crops need water and go to the water purifier to steal the dirty water to water his crops.   The water master gets pissed, goes back to the farm and steals the water buckets back.   The farmer then goes to the water purifier and steals the dirty water again... Repeat for eternity.  So in the end, all your guys are doing is swapping materials back and forth between buildings.

Same thing with every other resource.  I've seen it happen to wood, stone, etc.

The more buildings you have, the more the problem rears its ugly head.  You have more buildings and more citizens fighting over the resources.  As the game proceeds and you have 30+ buildings, the economy starts to crawl, and you start to notice nothing is actually being built very fast.   You start using your ""hand of god"" and plucking trees and dumping them on buildings to create them faster...  You see citizens wandering around, but you are now getting less than 1 building built per day.  When the game first starts off, you can build 10 buildings in the first day without much trouble.

2) With the new trash update, it seems the trash men like to pick up the corruption's garbage.  They will leave my town, which is walled in, to pick up some garbage outside of town and get picked off from corruption towers, and what not.   While they are out there being attacked, it triggers your golems to come to the defense of the town because ""Buck Rodgers"" went to clean up outside of the walls.  They die... So now during the day you are constantly chugging away your magic/mana/essence reviving golems and now you have to micro manage the garbage men and keep picking them up with your ""hand of god"" and dumping them back into town.

All in all, the game is great for about the first 10 days on the map.  After that the system breaks down and you get a buggy mess of frustration.  For that reason I cannot recommend the game.  However, if we can get the dev to work on a few of these issues this game could really be a rockstar.",False,1556744464,54,8,0.806342899799346924,5,1958.0,2374,76561198012007191
328080,101836093,"A game with a great fundamental concepts, but unfinished endgame. Unfortunately hasn't been updated for over 1.5 years.",False,1635537030,57,4,0.720965385437011719,0,3885.0,6751,76561198054014666
328080,38924021,"Ugh.  No middle ground - up or down.  So down it is.

This isn't a game - it's a sim.  And it's not buggy.  It works, and pretty well at that.  If you're into sims with no goals or end game, then maybe this is for you!  Or maybe by the time you're reading this, there has been a game added to the mechanics.  If that happens, I'll come back and probably enjoy it.

Cons:

No docs.  How does water work?  I don't know.  And I've built successful villages.  How does food work?  Farms?  Is it better to have more or is it just the number of farmers that matter?  I don't know.  How good is upgrading a building?  No idea.

What is an ancient radiance pool?  Oh, I see from searching online that they're bad.  No docs.  Oh - there's a note from 2 years ago (2015) saying what they do and that they're probably going  away soon.  Still here.

There are different damage types.  Totally makes sense.  I know that skeletons don't burn.  Other than that, no idea.

So it's a good sim.  No crashes.  No bugs I can see.  

No docs.  No goals.  No... game.",False,1514780903,48,7,0.580985605716705322,16,1992.0,2974,76561198025008983
328080,76002649,"Do NOT buy this game. 

While the idea behind the game is good, and the gameplay is fun, this is clearly an unfinished game, with a developer that dissapeared for over a year because he won it big on the crypto market. The fact that he came back, posted 3-4 updates and dissapeared again without any info whatsoever is also not a good sign.",False,1600144802,0,0,0.5,0,4925.0,4925,76561198088651769
328080,112497743,"This game is exceptionally worthless. The price it must've cost to make is unfathomable considering the anemic, thoughtless approach to rts design. elements from the ground up seem to have been dreamt up in an hour and implemented in less time. overall i'd give this game a 1/10 based purely on how much time i've given to it and the emotional response i felt at the decidedly sudden end. this game feels empty, it drags on and keeps you desperate for some kind of progress. it takes the destruction of an entire forest to destroy even a small part of it. Which sounds like logic until you see how that feature was implemented. 

Frankly, i just spent the last 6 hours screaming and playing and ranting against this game. I had a functional village that was completely destroyed by a single enemy, no warning or alerts of any descriptive kind, who simply walked up to all of my ancillaries and destroyed them. utterly crippling my empire and forcing a restart due to the severity of the damage. again, no clear warning or situational indicator. Simply lost in the constant flurry of consistently flashing lights. This is due to the size (and effort) of my village (and presumably everyone elses eventually, really i wasn't that far in yet maybe 6 hours). Running down every stupid decision made during this game's development is easy but describing the ennui it left me with is difficult. There's almost no positive feeling i can associate with this game. so many solid ideas, genuinely good ideas, implemented in ways that feel utterly hollow. as a starving man, this feeling of emptiness is torture. so frankly, it can die. i'm glad it's abandonware. it deserves to be left to rot.",False,1647724377,2,4,0.370545774698257446,0,2118.0,2118,76561198079915638
328080,139968806,Can't finish even one map. Exercise in futility. I just didn't figure it out.,False,1686609173,1,1,0.488920658826828003,0,2968.0,2968,76561197988116066
328080,159492518,"You have to lose to progress to a point where you could win.
Laggy when your people and the monsters grow in numbers.
Apart from that it's a fun blend of city building and tower defence.

Sadly my save broke the second time with all progress lost.
Please get a system in place where you keep a previous save until the current passes a sanity-check,",False,1709151912,3,0,0.495471090078353882,0,8592.0,10905,76561197967574695
328080,56106574,"This a toss up of a game.  Ui could be a hell of better.  From a tradional stand point monster start attacking day 1 I have never gotten good start of the game.  Clucky UI for building is bad.  Most likely me do stupid UI and choice devoper made not letting out build in pause mode.  

Personal cann't play the to long do crap UI I have tried but it fights what you want to do.",False,1572591049,0,0,0.5,0,1872.0,1872,76561197960967170
328080,46946676,"I'm a long time fan of tower defense, real time strategy, and some offshoots like Rimworld.  This game is intriguing and mildly entertaining for a while, but becomes tedious and boring pretty quickly.  The goal appears to be to exploit the programmed monster pathing so you can survive for at least a year, just so you can do it all over again in a new region.  There is not an enemy to defeat, just a ""corruption"" that continues to grow until you are ultimately defeated.  It would be better if there were a competing colony that you could attack.   I do think there are some positive things to build on here.  The gameplay is smooth and I do like how there is a limited universe of buildings, resources and crafted items (so there is not a big learning curve).",False,1543162518,74,3,0.672253549098968506,0,2095.0,10809,76561198113243319
328080,137549019,"-borderless window mode doesn't work correctly
-sometimes, (painful) on lower difficulties, removing the dark creates an enemy for each tile of dark being removed. those despawn after some time but when that happens, you can have hundreds of enemies in your first night after the dark spawning, which basically kills your colony guaranteed.",False,1682858367,0,0,0.440779626369476318,0,2195.0,2856,76561198009233893
328080,48780564,I didn't find it particularly engrossing or enjoyable.  Management alerts are hard to spot and I know the graphics aren't supposed to be much of a seller on this one but the only thing I thought was any good was the music and sound effects.,False,1549388386,0,0,0.5,0,3304.0,3333,76561197973834592
328080,187442897,.,False,1738998343,0,0,0.3494282066822052,0,6454.0,6671,76561198302996069
