appid,recommendationid,review_text,voted_up,timestamp_created,votes_up,votes_funny,weighted_vote_score,comment_count,playtime_at_review_minutes,playtime_forever_minutes,steamid
633080,147140429,"Pew Pew, much fun",True,1695834210,0,0,0.5,0,92,112,76561197997833948
633080,148319077,"It's a little bumpy. Very borderland-esque. I have hopes for it. The foundation is there, and I think with time the devs can take it somewhere. The writing and story is interesting so props there. I love the theory with memories and time, it's much better then the usual take we get with time travel. Also love the fan art wall. That's just nice.

But yeah, certain gripes. Combat gets stale because of a lack of variety. If you go play borderlands you'll notice a major feature of their games is sheer variety on everything. Enemies, environments, weapons, skills, augments. Because the gameplay loop is repetitive, tricking the brain into thinking the same is new is the best method of retention. I know, limited scope. I just hope you keep that ideal as a goal.

But yes, the core is there. And it's good. You just need to build on it. Also I'm Australian, so I hope to see an oceanic server at some point.",True,1697431331,1,0,0.523809552192687988,0,79,79,76561198070412660
633080,147230313,"I can quickly tell from the first 30 mins I played that this game will have a lot of potential. Pretty much borderlands meets ETG. The game is set up IMO to be something with a ton of replayability  and future content drops. Gives off a deep rock galactic vibe as well, kill stuff, loot, upgrade, repeat. I am here for it, can’t wait to see this progress.",True,1695927908,2,0,0.486486464738845825,0,26,256,76561199226509555
633080,147058033,"For an early access title, this has more content and polish than most shipped AAA games.

It really is a unique take on the rogue-like RPG, mixing elements of all the best bits from Hades and Enter the Gungeon with the loot dopamine hits of Borderlands.

the sound design is also some of the best I have ever heard in the genre and the voice acting and cut scenes are phenomenal.

Combat is fast and fluid, the crafting / upgrade system is intuitive and easy to learn

The social hub is fun and you'll find lots of other players chilling and doing MMO-lite kinda stuff. 

And yes, while it does have a cash shop to grab extra cosmetics (but at the time of wring, still under construction), it is VERY back of the line and never pushed in your face.

The addition of an in-game real player art gallery, featuring stuff from DeviantArt & ArtStation is also super cool.

This is a cult classic in the making and has so far, blown me away.",True,1695732750,6,0,0.449200212955474854,0,252,877,76561198098680293
633080,147083887,From all the games this is one of them,True,1695765055,3,0,0.497942358255386353,0,22,22,76561197987588762
633080,147094820,"Amazing animation and art, fun characters and well developed story! Relic Hunters Legend has a lot of heart and a lot of fun to be had. Gameplay is fast and there's a lot of customization options. Definitely recommend!",True,1695766969,0,0,0.5,0,59,59,76561197972609002
633080,147045541,"Border-ablo, cool game tho. There are a few bugs and cons there and there but the game will be very good eventually. Game gonna be free when out of EA too then why not playin it?",True,1695709680,1,0,0.5,0,156,4387,76561198193841278
633080,173768612,"Half the price of Concord btw, Get this game instead, It's WAY better.",True,1724985971,14,0,0.576299130916595459,0,100,162,76561198964783649
633080,202159802,"TLDR: 100% worth getting if you like looter-shooters like Borderlands or Destiny, super fun solo but better with friends, play with controller for more intuitive controls, has cross-play, play free demo first if unsure, only issue I experienced was demo save didn’t transfer to full game

Played the demo for 3 hours, some with Raxxanterax during he’s stream. Be sure to check him out, especially if you love tacos. We were recking everything and had a ton of fun. Won the Heroic content upgrade pack during a giveaway on the stream. I was already going to buy the game before that but that definitely gave me a good reason to lol. 

The game is fantastic and fun solo or with others. Has a free demo and the option to turn on cross-play. The characters have their own style to them which makes each one stand out from the rest. 

Play the demo first since it’s free and play with a controller if able. I played with both and definitely felt like the controller button layout was better and more intuitive. The demo lets you go pretty far into the game so you can really feel it out. 

The only, and I mean ONLY downside to the game I had found (if you think it’s a big deal or not) once I got the game, I didn’t have my save from the demo. I may have messed something up or skipped something when the full game was starting up but I clicked download when on the character screen, which I assume would download my character from the server, and nothing downloaded. If it’s not a thing that’s available, it needs to be for those people that want it. If it is a thing, I missed something I guess.",True,1755235449,4,0,0.506562292575836182,0,78,936,76561198142795388
633080,147146609,gud,True,1695839979,1,0,0.5,0,308,641,76561198040404706
633080,147037561,"The cartoon style, writing, and voice acting may make many cringe, but there is some solid coop loot em' up action here.  I've followed this project for many years and it's very clear that this is a passion project that they've carefully been building up before they wanted to bring it fans.  Despite being Early Access it feels quite polished and I can tell it will provide a great value in terms of the amount of gameplay one could get for it's current price.

The gameplay itself feels very fluid and arcadey, somewhat reminding me of what the Behemoth did fusing arcade beat em' up with RPG elements. This time it's more of a shmup gameplay style and the RPG elements have been dialed up significantly.   You can customize your playstyle through a small roster of unlockable characters each with their own unique skill trees and abilities in addition to a randomized loot and unique legendary items and relics.

I'm still early in the game, but there appears to be a lot of gameplay here through story missions which should be noted are solo only in addition to a lot of side quest content and handfuls of repeatable missions for grinding new loot and experience.  Any mission not designated with the story label can be played cooperatively with friends or randoms.  Some endgame systems are also currently in place for those that hit the ceiling of currently available content too, I've yet to experience this however.

I do believe they intend this to go free to play someday, but as of now its unclear when this will happen or if plans have changed.  Currently there is nothing pay to win in the game and they said they intend to keep it this way too.  As of now I don't even think any microtransactions are available outside of a shop that is using a currency that can be earned in-game slowly.  I'm assuming this is the premium currency they intend to let players buy with cash eventually.

Overall I'd recommend it in its current state for anyone remotely intrigued, don't let the store page trailers make you close the page right way.

Update:  I thought I should update this as I've played more.  I wanted to note that I have definitely experienced some bugs and issues which have been frustrating.  I suppose this kind of stuff can be expected in early access, but keep this in mind as some issues have been frustrating and requiring me to restart the game to fix a problem.  Playing more I do also find it kind of annoying having to progress all the characters to raise your account level to unlock the level cap and earn more skill/attribute points.  I don't think players should feel pressured into playing more than one character, not just because the excessive grinding but because the different character playstyles won't resonate with everyone.  I'll still keep my positive review as I have enjoyed the game, but I am now thinking it might be worthwhile to let this one cook a bit longer for anyone on the fence.",True,1695694535,2,0,0.523809552192687988,0,313,1810,76561197977926723
633080,147070776,.....,True,1695748193,0,0,0.496724873781204224,0,99,699,76561198156575743
633080,147301250,HEAVILY UNDERRATED GAME PLS PLAY! BEST LOOTER SHOOTER! BETTER THAN DESTINY!! F2P!,True,1696014438,0,0,0.454545468091964722,0,248,776,76561199064719798
633080,147099584,very fun so far though the game always crashes once in a while i don't know why such as a black screen to get to the hub world and it crashing during a mission please fix this!,True,1695775077,0,0,0.5,0,188,854,76561198215698683
633080,147043248,"Played the first game as a kid and have been patiently waiting for this one to come out for a long time. And its great!!!

Its like top down borderlands with destiny's loot system and fn:stw style missions.

The weapons all feel great, even better than they did in the first game and they have so much more depth.
You get so much room to make unique builds and weapon combos with each character that you never feel the need to just dump all your skill points into one tree or only use one type of weapon.

For the price its definitely worth getting to play it early. Although, fair warning, the game is limited to North America East and Asia regions. That being said I'm from Australia and haven't really had any noticeable lag or input delay or anything like that so its not a crazy big deal but I can understand why that might be a deal breaker for some people.",True,1695704711,1,0,0.5,0,231,1007,76561198067219285
633080,147302315,"I like it, shooter with some rpg and loot stuff, fun art and a light hearted style.",True,1696015381,0,0,0.5,0,40,242,76561197982882308
633080,147125521,"10/10 would wait again

This game is a HUGE improvement from the first game. It's amazing",True,1695819158,5,0,0.537284016609191895,0,311,1753,76561198148125750
633080,147550376,Very epic,True,1696320049,0,0,0.5,0,165,165,76561198404130074
633080,147336118,"I am actually enjoying this game however, outside of story missions the game forces you to play with random people if you aren't in a premade full team. this really spoils my experience i enjoy playing these types of games alone but i cant, i'm playing with random people that are higher level; killing all the enemies, teleporting me around and ending the stages before I can open chests and all that it should just be an option to play this game online or at least make private games where you don't join a random lobby of 3 people halfway though the level. Otherwise this game has been pretty fun but i don't want to play it anymore unless they change this.

Edit: before the end of the day a dev responded And addressed the issue its good to know that the devs care about these things.",True,1696058372,1,0,0.5,0,101,177,76561198276020977
633080,147025518,"Great game!
Destiny and Disney had a child and this is it!",True,1695676840,7,0,0.510309278964996338,0,39,156,76561197992959785
633080,147358491,+1,True,1696082632,0,0,0.462046205997467041,0,276,2424,76561198071835881
633080,147075724,"I'm having a blast so far! Everything feels really tight together and it really shows: gameplay feels great, art direction is amazing, soundtrack is fire, characters are super cute and there's a fun lore behind it (with animated cutscenes!). You're definitely getting your money's worth!",True,1695754264,0,0,0.5,0,71,443,76561198017129246
633080,147051663,Fun looter shooter with friends. Cool comic style art. Worth the price.,True,1695722218,2,0,0.51327437162399292,0,307,5489,76561198183627565
633080,179035858,Incredibly good game. It has that saturday morning cartoon vibe with some Borderlands-like gameplay. I was having a great time throughout my time on it today.,True,1731638250,1,0,0.5,0,143,343,76561198124014836
633080,147014836,"6 years of waiting

Now I feel too old thinking how fast these 6 years passed",True,1695664473,137,12,0.823146164417266846,2,32,744,76561198068825078
633080,201748648,Good,True,1754712603,1,0,0.516129076480865479,0,172,237,76561197981904555
633080,147033191,"I like it, very good!",True,1695687688,2,0,0.53316950798034668,0,143,287,76561198015827285
633080,202407258,"Very fun little game, put in few hours already, tried a bit of demo and immediately bought the game. I enjoy it quite a lot, fun top-down  looter shooter.  Played it solo, it handles well, story is there as well for those who want it. Menus take a bit to get used to, otherwise fun game.",True,1755542521,1,0,0.506562292575836182,0,153,1739,76561198014994473
633080,147389474,"This game is incredibly fun and pretty! I am in love with the art style, super fun characters and cute story. 
I love the dynamic gameplay and cartoony designs, makes me feel like I'm inside a comic book taking part of the action.
The animations and voice acting make you feel like you're watching a cartoon show, so charming!
To me this is the perfect in between a cozy game and action game.",True,1696110609,1,0,0.509702980518341064,0,138,138,76561198174641799
633080,148828159,"Been following this game since they released the original Relic Hunters. Crazy ambitious. Definitely needs some fine tuning but the gameplay is extremely fun, artstyle is fantastic, and the music is so damn catchy.",True,1698204824,3,0,0.544679224491119385,0,272,573,76561198820160242
633080,170673255,"These mixed reviews are outdated, the game is fun

Twin-stick shooter Borderlands",True,1721874771,15,0,0.639997184276580811,0,200,200,76561198392276037
633080,147023417,What an incredible game! The animations are wonderful and the soundtrack complements the game very well! I'm loving spending my time with this game! A game that will please both those who like a good story and those who like good mechanics. I highly recommend it! :),True,1695674227,9,0,0.510309278964996338,0,189,519,76561198083444511
633080,202125008,"This is a very quick review based on my very brief game time.
Very fun game, been looking forward for its release and just managed to catch it in the 1.0 release.
Reminds me a lot of spiral knights but offline which is awesome!
I love the art-style and palette, especially the gun designs.
I wish the team all the best in their future projects.
Pontos extras por ser um jogo do Brasil!",True,1755193429,4,0,0.552238762378692627,0,100,175,76561198145405865
633080,147248741,Wow… What a great game.,True,1695951095,2,0,0.534695923328399658,0,204,1443,76561198046279264
633080,147105493,"totally had a blast playing this game, 10/10",True,1695785349,1,0,0.502617835998535156,0,218,249,76561198090386457
633080,166227448,good gaem,True,1716915420,3,0,0.486217796802520752,0,20,1242,76561198014119149
633080,147100654,"I added this game to my wishlist in June of 2018. Cant believe I finally get to play it in basically October 2023. After a half decade of waiting, was it worth it?

Yeah, I'd say so. It's been pretty fun. Arcadey Looter shooter with co-op multiplayer is a good time. Right now I've only played for 30 minutes or so, so Ive barely scratched the surface of what I can do in this game but its promising for sure. Value to price for sure makes it worth it. Definitely going to be able to sink some hours into this one.",True,1695776841,0,0,0.5,1,36,178,76561198051597133
633080,147406619,Very fun and addictive. I've been playing since alpha and I can't get enough of this. Cheers from Brazil!,True,1696133831,1,0,0.5,0,178,3650,76561197976596737
633080,147032391,finally!!!!!,True,1695686443,1,0,0.510309278964996338,0,156,3132,76561199074427793
633080,147014961,"Thank you very much for adding offline mode. Now please fix this ""error301"" and this game will become even better.
Update: Ok, you fix this error301. Now offline mode doesn't start because my connection isn't stable. 
Connection. For Offline mode.",True,1695664609,0,0,0.326344430446624756,4,15,23,76561198110780843
633080,202251186,"If you like loot, twin stick shooters. Give this a try. You can tell they put love into this game.",True,1755352164,3,0,0.506562292575836182,0,187,234,76561198066525765
633080,147026639,It's a fun twin stick shooter with cooperative play.   The game is similar to vampire hunters and brotato.   Collecting loot and leveling up is fun.,True,1695678521,1,0,0.474683523178100586,0,46,806,76561198005634206
633080,202576162,"Surprisingly deep and very fun looter shooter, highly recommend!",True,1755773289,1,0,0.5,0,50,1325,76561198031498564
633080,147180413,"YeahLevelUp's review for Relic Hunters Legend

• I've waited around 2+ years for this game to finally be able to buy the ZAPPING game.

• I played the demo around the middle of 2023 and I really liked the gun play.

• The only thing I missed, that somewhat bothers me is that random twitch drops that were release through out the years while the game wasn't available to buy on steam. I hope they rerun twitch drops. 

• The game plays very well. I'm on windows 11 if this helps anybody.

• For early access i've encountered small minor bugs that normally never get in the way of having a ton of fun shooting those ducks / turtles / enemies. Mostly main menu bugs that resesting the game fixes the bug(s), only encountered that bug after afking and coming back like 3 to 8 hours later?

• The co-op game play is very interesting theirs combos like player 1 is the primer and player 2 is the finisher, witch is very fun to pool off with friends or with randoms.

• The story is good I give it a 8/10. Clean and goofy story.

To the game makers of this game I say to you, ""Finally thank you for releasing this game!""",True,1695874359,2,0,0.525862038135528564,0,184,11407,76561198860841731
633080,158693376,"Altough im torn on recommending this product to anyone at its current state, it has alot of potential.",True,1708318055,8,0,0.57178187370300293,0,233,12829,76561198053259156
633080,147084283,"Edit: there have been some updates and I want to give them faith, but there's still a lot of jank.

I do not recommend it, -RIGHT NOW-

I had made a previous review where I was full of joy of this cute indie finally coming out,
but after 2 months or so, there hasn't been any big patches and hotfixes came in really low numbers.
I'll be more than happy to change this review to positive once the game becomes more polished and/or releases on 1.0.
Even though the core gameplay is an adorable and charming looter shooter lite, perfect to be played with seasoned players who want to decompress or newbies that want to just have fun; at this moment the amount of bugs and lack of updates makes me wanna wait for a more refined, proper experience that I'm sure the developers will deliver sooner or later.

Also: making the single player story being playable single player only, considering the coop nature of the game, is a bit weird.
I did enjoy it, but I can see how a lot of people would see that as a turn off.",True,1695765634,0,0,0.5,0,30,3348,76561198144589472
633080,147027051,"I waited along time for this Game. Feels unreal it finally hit EA, feels great to play and has a bright future ahead. Keep it up the good Work. ^^",True,1695679086,2,0,0.5,0,173,1007,76561199121698268
633080,169073372,"Top-down Borderlands.

The beginning may put a lot of people off. Lots of dialogue and text but the gameplay is pretty decent. There is an option to skip the unfun stuff now so there's that. Playing solo is also fairly balanced. With more updates and content this can become pretty good.",True,1720199552,1,0,0.460964769124984741,0,21,307,76561198002545469
633080,147104285,"It's been years since I wishlisted this game and I am glad to finally be able to play it. It was worth the wait. Stop reading the review section and go buy it already, it's beautiful!

PS: As of right now, you need to be connected to the internet to play. I hope they add an offline mode in the future.
PS2: Works like a charm on Linux using Proton Experimental!",True,1695783290,0,0,0.5,0,47,494,76561198071391667
633080,147028289,"You can tell this game was made with love, can't wait to sink toms of hours in!",True,1695680764,2,0,0.5,0,149,6633,76561198036550901
633080,147083013,"So, I decided to give it a quick try and suddenly it's dark outside and my entire afternoon is gone.

I was quite excited after seeing a few gameplays and their social media channels, but even in an unbiased opinion, the game is great! 

The gameplay is engaging - controls are quick to learn and every new skill feels like a satisfying enhancement to the original playstyle (I still have to unlock other characters, but what I've seen has given me enough to understand this).

The art style is gorgeous! It's cute, cheery, and interesting in equal amounts.

The cast of characters, the world, the playable hunters - they're interesting, colorful, bubbly even. 

I was surprised to see that I was playing with multiple people in some times, but it was a pleasant experience. Lots of mayhem and fun, and a lot of variety in objectives makes the game feel fresh.

I'll admit this is not usually the kind of game I play, but it feels pleasant and welcoming in every aspect - and I recommend it with flying colors!

(Whomever is reading this: there are a few things under development - the game has released in EA. However, devs are super friendly and transparent about everything. it's safe to say that things will be great in the future updates - and they're already pretty fun and interesting! Would recommend!)",True,1695763662,0,0,0.5,0,152,409,76561197971942682
633080,147054523,"ive waited for this game for 4 years, now instead of making a serious review, ill just say im gay cuz no one will read this",True,1695727429,6,5,0.505060911178588867,0,114,204,76561198327612768
633080,202545678,"I just started this game and i can already tell that this is a hidden gem in the looter-shooter genre. Its borderlands top-down !
im only 2 hours in and i can see that there is alot of content in this game. 
if you like loot plz try it.

I will update after i played more,...",True,1755724626,1,0,0.5,0,111,769,76561197993686134
633080,147385399,Eh could use some fixes here and there but overall it's a solid game.,True,1696106244,0,0,0.455985903739929199,0,155,1432,76561199073987304
633080,147643262,"A great game with a fantastic art style, very fun gunplay, and a lot of the pros of looter shooter games without some of the cons that come with the genre. Snappy missions make it easy to dip in and out of, and it's fun to play both casually and for extended periods.

Some things I really like, in no particular order:

-The ability to store items without being near your storage
-The ability to pause during singleplayer missions (still WAY too rare in online games)
-Some rarer items being upgraded by doing certain things, like defeating enemies of a certain type
-The hub area has a regularly updated gallery full of fanart from the Discord
-Devs are communicative, even in response to negative criticism. They recently patched it so that you could private your parties to avoid players forcing the level to continue before you got your items
-A PMD style personality quiz at the start, I'm always a sucker for those
-The art style is an awesome blend of 2D and 3D that feels really nice. Animations are also very zesty
-Cosmetics earned by playing the game
-Special boss enemies with unique drops

Absolutely worth checking out, I highly recommend it and am excited to see where it goes next!",True,1696449628,0,0,0.5,0,204,217,76561198067112780
633080,147144014,"Really fun looter shooter with a Borderlands skill tree, a nice aesthetic, and good music. The game feels mostly complete, so I can't wait to see what future updates bring!",True,1695837669,1,0,0.5,0,288,533,76561197994020145
633080,147164969,Destiny + Borderlands + nostalgia idk its good come play,True,1695855002,0,0,0.5,0,126,540,76561198079423002
633080,205505150,"If you add my demo playtime, I've probably played for about 5 hours so far. This is less a review and more so giving the devs recognition because they deserve a way better rating than ""mixed"".

I've loved the Relic Hunters universe for over a decade now. Relic Hunters Zero was one of the first Steam games I played after finally converting from console gamer to PC gamer. The gameplay and general vibe of Zero drew me in, and when Relic Hunters Legend was first announced, I was super excited.

I'm not sure what happened since it's been a couple years, but the closed beta didn't quite click with me. I never touched Legend again until I recently saw that it hit 1.0. I can confidently say whatever it was that didn't click with me back then is gone and replaced by a game I adore as much as the original. Thank you, Rogue Snail, for your dedication to making this game great!",True,1759186797,0,0,0.5,0,100,111,76561198232642480
633080,147153690,11 / 10 Amazing game :D,True,1695845529,1,1,0.442028999328613281,0,227,5053,76561198061583303
633080,147060707,"I was in middle school when i added this onto my wishlist, I am now in college. 

But for real the game is REALLY fun so far. Cute characters, fun and interesting story (so far). The Transfer enhancement ability makes upgrading weapons in a game where you're CONSTANTLY getting new weapons makes the game feel like its actually moving forward. Thats always my main concern with games likes this and they nailed it. 

The only gripe I have so far is just the unfortunate frequent crashes whenever I start the game. Once I get past the white screen and unending loading eventually the game is smooth sailing from there. 

At the end of the day I was a big fan of Relic Hunters Zero, and I never imagined the game being as big and intuitive as it is. ALSO MAKE PANZER A PLAYABLE CHARACTER!",True,1695736242,5,0,0.518469274044036865,0,169,330,76561198194004247
633080,147053169,"Been waiting six years for this.

Good, i like game.",True,1695724999,0,0,0.5,0,175,270,76561198120252884
633080,147038325,"Amazing game.
It's a breath of fresh air to see such an awesome shooter in a rich universe not afraid to be colorful and fun while telling a compelling story. The setting and the characters would feel right at home in a Cartoon Network classic or a indie comic book series. It's family friendly, but done right. 
The heart and soul just pours out in every detail of the game, and you can see all the love that was put into it, from the overall design to the lore. Great title. 
10/10 highly recommend.",True,1695695803,2,0,0.5,0,213,213,76561198089733623
633080,147056140,"Essentially a top down Borderlands, very fun so far.",True,1695729965,16,0,0.633912563323974609,0,185,267,76561197989379437
633080,147038721,"Warframe but in the style of a campy webcomic
Serves in a way, storytelling might not be for everyone but gameplay is nifty",True,1695696496,1,0,0.5,0,136,543,76561198143774290
633080,147032495,"Played the test run dated 26 September, 2023. and I can say there's an improvement with the FPS. 

Getting below 30fps before especially in game but now 60FPS-100FPS. 

EDIT:
Planning to play the game again this weekend and I can say there so much improvement based on patch notes and videos.

Thank you dev for not letting go the game.",True,1695686599,1,0,0.510309278964996338,0,262,270,76561198030496837
633080,161002292,Not bad,True,1710950035,2,0,0.470602601766586304,0,183,314,76561198370047027
633080,151591050,"Relic Hunters Legend é uma adição imperdível ao gênero de looter-shooter. A jogabilidade acelerada do jogo e a possibilidade de construir cada caçador para combinar com seu estilo de jogo, proporcionam uma diversão garantida. A opção de jogo cooperativo é algo que valorizei demais. Parabéns pelo ótimo trabalho equipe da Rogue Snail! Revolução!",True,1700836132,0,0,0.5,0,147,147,76561198000261890
633080,150768855,<3,True,1700613333,0,0,0.5,0,109,109,76561198160796809
633080,184035141,"Not too far along yet, but I'm having fun with the game and don't understand the mixed reviews at the moment. There is clearly lots of love put into it; graphics and art style are excellent, gameplay is fun and fluid, characters and story is charming, seems like plenty of content compared to lots of other EA games these days. Not gonna lie, I just feel kind of bad seeing the mixed reaction and low player count that this game has, because after trying it I can honestly say I'm having a good time and it deserves better. I'll definitely be playing it more, and I hope to see it do well in the future.",True,1735423957,1,0,0.5,1,202,292,76561198072798772
633080,190003488,"Really fun game. Lots of dialogue. I like the variety of weapons, trinkets, and gear.",True,1741766375,5,0,0.539309918880462646,0,185,1505,76561198830032466
633080,147232144,"Love the animations, the shooting, the looting.",True,1695929708,2,0,0.510309278964996338,0,164,164,76561198095840328
633080,175169887,Better than Concord™,True,1726575380,5,0,0.48903423547744751,3,48,84,76561198454131089
633080,200705269,"This game is amazing!

It remembers Destiny 2 a little bit in the sense that it is a looter shooter. You have an infinity of different weapons and equipments to farm and to combine, with RNG stats, to try to get the perfect build. You enter instances dungeons, solo, with friends or with random online players, and complete it for drops and quests. 

But this is not just copy of a stablished game. This is a top-down, assymetric, twin-stick shooter with a nice and challenging gameplay. Many different heroes, each one with their unique spells and skill tree. And the story, the art of this game is really unique and fun.

Great game, I'm in love with it and can't stop playing!",True,1753480606,7,1,0.540726304054260254,0,243,638,76561198801389592
633080,150962744,Great for playing with friends and family!,True,1700652631,0,0,0.5,0,11,11,76561198002602742
633080,147059309,"This game is online only, but if you've played Destiny for any extended period of time, you're pretty much playing that.
People are complaining about the game being online-only and that story missions aren't co-op; That's the game's style as a looter-shooter and you don't see people complaining that about Destiny, which is a looter-shooter. Destiny also doesn't allow co-op story missions, and people aren't complaining about that.
People also complain that it takes too long to unlock other characters, and I find it very silly to make a complaint like that when the game is trying to get you familiar with the way the first class works over that period of time, the different mission types, how Rebel Rank works and effects your experience while playing the game via level cap increases, etc. You're pretty much playing a grindy MMO; This game probably isn't for you if you can't handle a grind.
And for those of you experiencing glitches and bugs; The game literally just came out in early access after being in a closed testing phase. There's going to be problems.
You also don't have to pay to play this game, so just wait for it to fully release as a FREE TO PLAY game that has been polished up. You're buying into a EARLY ACCESS experience, and complaining about bugs instead of pressing F3 to send a bug report to help them fix it is silly.",True,1695734471,5,1,0.518469274044036865,0,124,4651,76561198034179985
633080,147081565,"Fun game, but i don't recommend it for coop with your friends.

Half the game is fulfilling story missions which can only be completed solo and are mandatory to progress further. I don't see a good reason why you couldn't make those coop as well since everything else works in coop just fine. It really puts a massive brake onto any fun coop-experience with friends this could have possibly been.",True,1695761571,1,0,0.523809552192687988,0,304,304,76561197993138232
633080,202427547,A cozy/inventive/fun looter shooter that is a blast with friends. Tons of variety and plenty of unlocks the more you play. So glad I decided to get this. Highly recommend!,True,1755568721,1,0,0.506562292575836182,0,281,416,76561198078185084
633080,147174729,Pretty fun and promising game with an amazing art style,True,1695866790,6,0,0.529836595058441162,0,137,216,76561197974138638
633080,201553376,Honestly I was gonna hold off until it was out of early access in a week to hop in. However it started looking better and better the longer I waited lol so I hopped right in. So far the game is great and scratches that incredibly specific looter shooter itch I've been craving since the announcement of BL4. It mildly sucks you can't play the story mode in coop but thats fine.,True,1754463596,7,0,0.529765486717224121,0,118,273,76561198268175247
633080,148245760,i like it very much,True,1697332326,0,0,0.498695462942123413,0,260,2228,76561198128107206
633080,147036932,"Been waiting for years, can say it's been worth the wait. tons of fun so far, i do wish however the menus werent so bright or we could have a darkmode feature at some point lol.",True,1695693598,1,0,0.47999998927116394,0,274,565,76561198866918401
633080,147096219,"I quite like this game. Top-down Borderlands, but made in a cooler and cuter art style.

The game is solid, has great gunplay and movement. What made me a bit iffy was the always online part, but seeing how it's a Gearbox-published game, I'm somehow not surprised by this. Would love to be able to play offline and progress at my own pace. Maybe this is an early access thing, so who knows.

Otherwise, it's worth for the asking price in my opinion [can't wait for the price to shoot up to $30 after release so I can come back and spit on Gearbox again]. 

7.8/10, would like to see expanded content and more unique features. The current gameplay situation does get repetitive shooting at the same things with the same mechanics.",True,1695769186,1,0,0.523809552192687988,0,88,494,76561198278756779
633080,147113998,I am a fan of looter shooters and I loved playing Relic Hunters Zero long ago. Fun game with great visuals,True,1695801919,0,0,0.5,0,191,1450,76561198254132065
633080,147339109,pew pew pew,True,1696062247,0,0,0.5,0,202,380,76561197994918540
633080,151343282,"This game is really fun but Its starts slowly coz its focused on story and characters, different of the previous game of the IP. Lovelly animation and dubbing,  the multi player addicts will need pacience to solve the history first and it will be greatly rewarded with equip, guns and characters!

Hightly recoomended!",True,1700752399,4,0,0.530039370059967041,0,78,220,76561198001296989
633080,147105514,"Fun game but there are these weird black dots flickering all over my screen whenever im in a mission and its kinda distracting, hopefully a fix for this soon if its not my laptop issue...",True,1695785393,8,1,0.58483964204788208,0,39,119,76561199013721355
633080,147070469,"The gameplay is similar to your average top down shooter. It plays with a satisfying punch, similar to that of Enter the Gungeon, but with the looter shooter elements of Destiny, or Borderlands. 

If that sounds appealing to you, this game is probably worth it. I feel personally, starved of fun multiplayer coop games, and this allows more buildcraft, similar to the borderlands skill trees, but with a streamlined feel. I appreciate the skills and the style, the aesthetic is not for everyone, but I would describe it as ""cozy"" and I really like it. The game does *nail* it's aesthetic, one that's a unique blend of cutesy and futuristic. I don't quite know how else to describe it. It's like if you ground up a Nickelodeon interstitial screen and modernized it. 

The guns feel very punchy, and the loot system seems like it will get better as you continue. But even after one mission you'll get a few neat weapons with various firing modes and elements. I appreciate it, and it's nice to see since a lot of looter shooters don't give you the fun stuff till the midgame. I hope to see more, and I'm sure I'll update this review as I continue playing the game. 

All in all, it's worth a shot! I hope this game eventually goes free to play, I thought it was going to be, but perhaps not? Either way, I am excited to see where this game goes.",True,1695747846,19,0,0.656752586364746094,0,102,365,76561198032788697
633080,147079452,"This game is absolutely worth the $10 (if your getting it on sale) the art style is awesome it reminded of Stephen Universe there’s even a fully animated section of the tutorial which looked like it could be a could be a full fledged cartoon that would come on Cartoon Network, now for the gameplay it feels right and responsive this game is not your ordinary twin stick shooter. A mixup between Borderlands & Destiny in awesome cartoon-like format if your a fan of either of those games give it a try I think you’ll love it",True,1695758881,0,0,0.5,0,60,60,76561198048819786
633080,203334000,"I backed this game on Kickstarter in the early stages of development, and it turned out to be worth every cent. It’s incredibly fun and polished.",True,1756748514,0,0,0.5,0,227,227,76561198098703393
633080,147020227,"Step 1: Shoot
Step 2: Loot
Step 3: ???
Step 4: PROFIT!",True,1695670363,5,0,0.510309278964996338,0,121,1032,76561197976044947
633080,190482601,Game good,True,1742239248,0,0,0.5,0,60,1050,76561198956653597
633080,147074793,"It's got a little jank here and there but it's a very solid top-down mission based multiplayer shooter. Satisfying sound effects, really vibe-y music. (Affordable, too!)
But PLEASE let us bind swapping weapons to the scroll wheel though, and maybe give us some camera smoothing to the Right-Click aim focusing and Movement abilities? The raw camera snapping kinda gives me a headache.",True,1695753136,0,0,0.5,0,158,542,76561198093353734
633080,147022701,So far its fun!,True,1695673394,7,0,0.505028307437896729,0,71,325,76561197989594540
633080,147247161,.,True,1695948747,0,0,0.476190477609634399,0,49,1010,76561199465850447
633080,147034829,Amazing! Very satisfying action and top notch voice acting and cutscenes (at least in pt-BR). Highly recommended!,True,1695690350,3,0,0.53316950798034668,0,58,552,76561197990223847
633080,147150825,"So far its fun, shooting feels good, loot feels good, difficulty is fair, will update when I have more time if it changes.

EDIT: Didn't change, for me.
The game is fun, the guns are fun, finding loot is fun BUT there isn't enough.

The game needs more love, more content/enemies, more areas, more loot.  Idk if it'll get that or not, so just wait and see.  

I still don't regret buying it, but it definitely feels a bit early.",True,1695843160,0,0,0.5,0,102,257,76561198100212612
633080,202188232,"For a game in the price range of Relic Hunters, it punches well above it's weight.
Don't be fooled by the cartoony appearance or simple looking gameplay, it's a very competent ARPG.
I wasn't expecting fully handcrafted levels full of secrets to collect.
Or character building on the level of Borderlands, with multiple ways to combine all 3 of the talent trees.
Or the sheer amount of Legendary items and Relics there are, even in only the 1st few hours of the game.
The multiplayer works perfectly and you can play your characters both online and offline, which is very nice. Especially for Steamdeck owners.
So far the only downside I have is that the UI makes my eyes bleed. If you have a HDR monitor or an OLED do not play this game in full screen, you will get blinded every time you open the inventory.

If you're after a looter shooter to kill time between now and Borderlands 4 or playing POE2 made you wish you were just playing a twin stick shooter instead, this is going to be the best $20 you've spent in a while.
That or if you have fond memories of Spiral Knights before it got turned into a dumpster fire.",True,1755271790,6,0,0.527746677398681641,0,266,1031,76561198057756988
633080,147135241,Saturday morning cartoon Destiny loops with a Borderlands vibe.,True,1695829030,2,0,0.510309278964996338,0,310,524,76561198027113691
633080,202121884,"So far an amazing game with lot of things and zero micro transactions for a looter shooter. It has some core game play mechanics borrowed of influenced by Borderlands and Destiny (defeat enemies, loot, grind and repeat), but it has its own charm and identity. Love to keep the devs continuing with support over the years (optimization, maybe Story DLC or Battle Pass optional - for cosmetics not for story or missions) instead of making a sequel.",True,1755190002,2,0,0.5,0,108,108,76561198241169810
633080,147058192,"Seems to be a promising game - good art and storyline, and a lot of content: finding and upgrading weapons, different characters to play, opt-in party play. 

It's been a really fun experience so far, highly recommended!",True,1695732933,11,0,0.601401329040527344,0,247,295,76561198050714233
633080,203217798,"Absolutely insane that I hadn't heard about this game until I saw a small YouTuber I follow playing it yesterday. This game is awesome. Super fun and fluid mechanics, loot that meaningfully changes how you play, offline and online play. I've only played a bit so far but it's crazy that this is from the same devs as Hellclock -- which is also great but honestly feels like it's gotten SO much more attention that this gem that's been out for much longer.

I really hope more people can find this game.

(I'm really glad I'm playing this after they introduced a dark mode for the UI, because the blinding white UI looks like it would hurt me lol.)",True,1756598001,0,0,0.5,0,115,241,76561197998648643
633080,147179706,"The wait is over! And honestly this game has been an absolute joy and I wish it and it's developers all the best! They truly care for this game and have been working very hard on it! 

Here is to the future of this wonderful game!

It's like Borderlands but Top-Down! A fun loot-shooter! Lots of action!",True,1695873412,1,0,0.5,0,270,1836,76561198390242434
633080,147243948,good game,True,1695944346,1,0,0.515570938587188721,0,223,324,76561198950878462
633080,168528787,"The game definitely has a bit of a slow start but It's a pretty complete package all things considered. Better be given it's been in the works for 10+ years. Once you get in the gameplay loop it's pretty solid. I'm still early enough in that most missions are maybe a touch too easy but I trust it ramps up Multiplayer lobbies are a bit sparse as well, but that's a playerbase thing or possibly an early game thing

The dialogue is corny in a charming way that obviously has passion to it. It's far from perfect but it definitely fills a niche as far as top-down online co-op twinstick shooters go (at least until we get Binding of Issac Online.) Considering the Summer sale has it for only 10$, I'd grab it at least to try if you played zero or even say, Borderlands 2.",True,1719692627,2,0,0.523809552192687988,0,136,176,76561198145138225
633080,147384696,"This game is honestly great, played it in Closed Beta, and now in Early Access the game is worth playing even if you have to spend a couple bucks to play Early Access. the multiplayer is really good and even solo the game is still enjoyable.",True,1696105553,0,0,0.5,0,102,154,76561198095927220
633080,147130437,smile,True,1695824291,1,0,0.510309278964996338,0,239,252,76561198263090372
633080,147058131,"Extremely poor connection. You keep losing connection even in the tutorial! And you lost all the progress without any auto-saving!
------------------------
Thanks to the kind help of B.W.S. Anyone has trouble in finishing tutorial in Asia server can try to switch to US server, maybe it could help. It worked for perfectly.

But secret market is still going black screen in US server and at this point you have to switch to Asia server..yeah it's a bit annoying, but devs saying they are working on this issue. And I will update this review later on.

Hope this can help you if you have connection issues too.
------------------------------------
Now the US server going black when entering secret market issue has been fixed and Asia server got a lower latency too. 

Thanks for the devs' listening to feedback and I decided to turn the negative view to the positive one .

I recommend this game because of all the willing-to-do efforts behind it.",True,1695732856,0,0,0.482265383005142212,7,38,458,76561198321587098
633080,160737818,gfdgjtghcvutgch,True,1710660022,0,0,0.476190477609634399,0,297,297,76561199290527689
633080,211505509,Good game,True,1764364936,0,0,0.5,0,8,8,76561198245376568
633080,147141533,good game,True,1695835255,2,0,0.518518567085266113,0,231,468,76561198309176284
633080,202552826,"Surprisingly more to offer here that first meets the eye!
Very generous demo.
Performance is great! (60FPS on Steam Deck).
Gameplay is fun!
ZERO Micro-transactions.
I've only unlocked 2 of the characters so far but the playstyle differences are definitely noticeable across characters so you can choose more of a melee focused character for example.
Sound effects are really nice. Really nice.
Early impressions on loot seems to be great so far!
General gameplay startup/loading times are good.
It's an mmo-like. Similar to Destiny where there's a main ""Hub"" for online players to run around in and public matchmaking that thankfully lets you instantly play and then others just join the mission when they click that map. It's an intuitive and elegant system imo.

Genuine 10/10 game.",True,1755734668,2,0,0.506562292575836182,0,117,525,76561199068513758
633080,147030307,It is indeed a good game.,True,1695683489,2,1,0.47455751895904541,0,159,494,76561198041966606
633080,148005213,i have fun this game and quality very nice  i trust devloper,True,1696988423,1,0,0.5,0,152,988,76561198240895974
633080,147057931,"This game offers smooth roguelike dungeon crawler gameplay that is unmatched. For an EA game I am pretty stoked. Looking forward to better controller support going forward is all. Controller doesnt allow you to interact, and when your try to remap the keys it crashes =(",True,1695732592,2,0,0.5,0,202,720,76561198123418041
633080,147055369,Fun.,True,1695728825,3,0,0.518469274044036865,0,303,1925,76561197963179525
633080,147017858,duck go poof,True,1695667664,2,1,0.496724873781204224,0,90,846,76561199195708091
633080,186656627,fun,True,1738133459,0,0,0.5,0,212,225,76561198247155290
633080,147032851,"Really fun game, the artstyle is great, the animation is also really really good, can't wait for the full release, is great to play with friends for some crazy gun chaos",True,1695687163,1,0,0.510309278964996338,0,173,173,76561198064561176
633080,147030186,"Extremely fun game, very smooth gameplay. Colorful with some great art, including the characters themselves and all the different levels. Simple and fairly easy to play but much more complex than it seems on the surface, in a good way. You can tell a lot of work and detail went into making this game. Definitely recommend it.",True,1695683343,2,0,0.510309278964996338,0,69,279,76561198065369259
633080,202891090,"For the sale price that it was, this is absolutely worth it. $20 is a bit steep, $10 would be ideal especially if you wanna get your buddies on it
But it's good. It's a solid looter shooter just wish there was people to play it with. 10/10",True,1756174391,7,0,0.536479592323303223,0,126,276,76561198012009261
633080,147507769,"All the dialogue I've heard so far has been is written and spoken in the horrible marvel-esque cadence, where just about everyone sounds like they're the snarky comedic relief character. The voice acting is fine for most characters, the one cut scene I got to the characters were responding to each other way too quickly which was a bit jarring. Anything game play wise is perfectly fine and serviceable",True,1696258742,1,1,0.520447909832000732,0,125,456,76561198209341581
633080,147975859,Best Kickstarter project I helped kickstart.,True,1696945901,0,0,0.5,0,214,283,76561197968385902
633080,157754851,RogueSnail is really good at doing bullet hell games.,True,1707277617,0,0,0.5,0,257,512,76561198119005986
633080,147014403,"The main creator of this game gave a huge middle finger to corporations when it came to NFTs in video games and the future of game design being at risk from corporate greed:

https://www.youtube.com/watch?v=GzTj60CWhQo

I do not care if this game is terrible, I will gladly support you Mark.

But - it really does help that this game is extremely fun and addicting, so thanks again Rogue Snail.",True,1695663991,102,4,0.721267402172088623,0,175,1444,76561198058185773
633080,202696748,"The demo for this game instantly hooked me. I have been looking for an APRG to scratch that itch, and this one delivered. The isometric aesthetic and art style are fantastic, and I'm glad to see dark mode being added to the menus. For the asking price, this game punches well above its weight, definitely worth checking out!",True,1755930182,5,0,0.563660085201263428,0,54,371,76561197993667036
633080,147084486,good,True,1695765913,0,0,0.5,0,248,1409,76561199217315960
633080,147357563,do we have asia reigon?,True,1696081808,0,0,0.5,0,76,80,76561198340467209
633080,147022864,A lot of fun so far! It’s exactly what I was expecting and is a charming looter shooter. Haven’t had any server or connection issues.,True,1695673602,7,0,0.505028307437896729,0,71,203,76561198024055238
633080,147082159,I'm in love with this game <3,True,1695762460,1,0,0.523809552192687988,0,115,211,76561198277964907
633080,147073146,"Relic Hunters Legend is a long-awaited continuation of Relic Hunters Zero. Relic Hunters Zero was already a great looter-shooter, and Legends adds a decent, lighthearted story (though I'm not very far into it yet), great voice acting, and art that is leagues better than Zero.  A little more than an hour into the game and I can already see that the eight years' wait was not in vain.

Only issue I've had is not knowing how to switch the game matchmaking to solo only (I only see public or private matchmaking). The few negative reviews are just about having poor connection to the game server or online requirements. A clearer explanation on how to switch to solo only matchmaking from the devs should clear this up.

Easily worth the current $10 sale price at the game's current state.",True,1695751136,0,0,0.5,0,107,151,76561198109739940
633080,147032957,after all these years its finally here,True,1695687341,1,0,0.510309278964996338,0,44,54,76561198194580510
633080,147240753,"I played some of this game in Betas aswell, It is suprisingly fun and engaging. If you are looking for a looter shooter experience, but with a fresh 2D take and some visual inspirations that are different from what you may be used to this is a great game to play!",True,1695939850,1,0,0.523809552192687988,0,122,122,76561198047490755
633080,196408659,Did I even play this game?,True,1749070378,1,0,0.492061585187911987,1,81,81,76561199005964798
633080,147121740,Destiny 2 if it was good,True,1695814690,3,0,0.480898886919021606,0,313,775,76561198159297574
633080,202488783,"Can already see that this game is an underrated gem !

If you like Borderlands and Top-Down Shooter, this is the perfect mix !",True,1755650715,1,0,0.506562292575836182,0,170,217,76561198098266391
633080,147100944,"Truly love this game, tho some server issues, believe the dev will fix it soon.",True,1695777420,5,0,0.541298389434814453,0,77,154,76561198188792930
633080,147931296,Pretty nice looter-shooter! It has bugs here and there (i hate You disconnection!) - but it's worth a try (it's not expensive).,True,1696867744,0,0,0.5,0,202,329,76561198032853811
633080,147043252,"only 4 hours in, pretty fun so far- may update review later",True,1695704717,2,0,0.523809552192687988,0,241,905,76561198094365132
633080,211494474,"A great looter-shooter with comedy, guns, and talking donkey people. The cast is quirky and every character is unique in their own way. Me and my brother played, and he is definitely a Comet (if ya know, ya know).",True,1764361227,0,0,0.5,0,350,411,76561199088979718
633080,147518488,"Games super fun so far. Only complaint so far is the large amount of story(solo) missions breaking up the fun if you're playing in a group. Once you unlock all the characters things get very interesting, can't wait to see where the game goes from here.",True,1696270280,0,0,0.5,0,861,1080,76561198145280308
633080,147919187,destiny 2 + rouge + warframe missons,True,1696851211,5,2,0.565217375755310059,0,1230,1650,76561198308409410
633080,147249254,Very fun game.,True,1695951814,2,1,0.513316869735717773,0,505,4184,76561198093349968
633080,158774224,i got this game yesterday,True,1708399490,1,1,0.452103555202484131,0,641,787,76561199146107777
633080,147124119,yes,True,1695817493,0,0,0.5,0,742,2045,76561198191841869
633080,168348413,a lot of fun worth the money,True,1719517632,1,0,0.5,0,683,783,76561198089475167
633080,151205191,"Pinkyy, ready to brawl! 😎",True,1700700866,0,0,0.5,0,1173,1206,76561198046445027
633080,147314604,New era with awesome visual experience brought by this game that makes this genre of game more interesting.,True,1696028964,0,0,0.5,0,724,2806,76561198348249060
633080,147346978,Big music guitar BAM,True,1696071120,0,0,0.5,0,1135,1391,76561198907968280
633080,176009304,"Very good game made by a great company that actually does seem to care about their players, very much so.",True,1727599771,1,0,0.5,0,816,840,76561198041668543
633080,151932453,:D,True,1700955923,0,1,0.5,0,620,620,76561198182073313
633080,202548903,"Honestly was very confused by the mixed review score when I snagged this game on sale. As a fan of looter shooters and someone that enjoys playing games on the go on my steam deck - This was such a blast to play. While the characters are pretty unique on their own, they really shine in a coop setting with friends all playing different characters.

The one thing I wish this game did was allow character selection early on for those that want to hop right into multiplayer but outside of that this was a hidden gem for me!",True,1755728867,2,0,0.506562292575836182,0,726,889,76561197982656398
633080,152351506,Fun game at a great price. Plenty of characters to choose from (takes a little bit to unlock them) and have unique skill trees and abilities which makes it fun. Game is a little dead but great with friends and has in game combos which adds some depth to the combat.,True,1701154701,0,0,0.5,0,789,789,76561197965469424
633080,147151475,"Best $10 I have ever spent on a video game. It scratches an itch without all the other unneeded BS that the games industry LOVES to offer on a gold platter for 6 times the price of this game. Lots of content to grind, decent diversity, I love the weapons and armor crafting, performs well and it's fun content to play with friends. 

My only complaints are the UI and not being able to do all of the missions with friends, although the system currently in place is tolerable, it's still annoying nonetheless. These complaints are minor and don't negate the experience to a negative point for me personally. 

If you're on the fence about this game, PULL THE TRIGGER, we need to support more games like this one.",True,1695843671,0,0,0.5,0,1249,2787,76561198067358012
633080,200889577,GOATED GAME!!!,True,1753675732,2,0,0.523809552192687988,0,966,3537,76561198091265172
633080,147751782,"I really love this game. Action RPG shooters are my jam, it does have its flaws but it's in Early Access for crissake. Play with friends if you're worried about people leaving the mission without you grabbing rewards. 
Game is super fun and has awesome potential. Devs are dedicated to fixing issues and responsive in Discord! Loving playing with friends.",True,1696613103,1,0,0.521276593208312988,0,931,1501,76561198116390070
633080,147152492,LOOTER SHOOTER FUN AND CHAOS,True,1695844532,0,0,0.5,0,321,2292,76561198054148876
633080,147265178,"2D Borderlands, I love it, 
fun arcade goodness
catchy OST
BUY IT
----
A little buggy  

Story quests are STILL Solo only, which is a real head scratcher decision,so i can only assume it exists because there might be issues with having multiplayer for story quests , perhaps issues with syncing cutscenes and such. ,just my theories.",True,1695975917,0,0,0.496724873781204224,0,837,2304,76561198058938853
633080,147105402,It's a fun looter with a ton of progression. I love it!,True,1695785194,0,0,0.5,0,660,848,76561198054285162
633080,147252304,"THIS GAME IS ADDICTING, RUN WHILE YOU CAN YOU FOOLS",True,1695956012,8,0,0.584940791130065918,0,468,2533,76561198051618545
633080,202716828,"Fun, re-playable,
Works well on Steam Deck...",True,1755956550,2,0,0.5,0,1091,1103,76561197975552388
633080,147213910,"The Game is a Looter Shooter with Destiny esque loot system, Borderlands type skill trees and a charming 2D look. Its really really good and has suprisingly a large amount of content for a game freshly released in Early Acess.",True,1695913460,11,0,0.588494300842285156,1,782,1320,76561198180126070
633080,147523818,"Relic Hunters is a good game at its core. Obviously this is in EA so expecting a ""finished game"" is definitively out of the question. The characters are cute, the music is great and the story... well it's a hit or miss, but I do like parts of it quite a bit.

I'm definitively hype to see the direction this game will take as it develops into a finished product. The groundwork they've made is solid, they only need to expand on it, fix issues as they show up and simply pour their soul and creativity into this. 

Should you buy into EA? Eeh, it really depends. But the pricetag is not that high, so if you're looking for a game you can enjoy leisurely and wish to support its development into (hopefully) something more, join the Relic Hunters!",True,1696276490,0,0,0.5,0,654,783,76561198027593021
633080,147048831,Game is goated.,True,1695716591,6,0,0.58357846736907959,0,412,616,76561198117605478
633080,155668176,"This game is amazing, for all of the downvoters on here please remember that it is in early access and the team has done a great job so far! We are all really excited to see what you all have in the future for updates! If you haven't yet please read their ""State of the Game"" post. I think the team is very professional and will fix any issues that people seem to be saying. I have yet to come by any issues. I have had a blast playing with a friend and hope that anyone who sees this decides to get the game. I think the thing that speaks volumes is the people who have downvoted this game have put in many hours of gameplay and enjoyed them all until they get to the end. You do realize the more people that invest in the game the more the team will have the ability to work on it right? Lets get the upvotes going! 

Keep up the great work dev team, I am loving the game and look forward to more updates!",True,1704861702,0,0,0.476190477609634399,0,596,809,76561198026461603
633080,208748748,surprisingly competent and slept on twin stick shooter/ARPG. UI/UX and sound design is top tier.,True,1762635360,1,0,0.523809552192687988,0,480,480,76561197975444328
633080,147084444,Top Down Borderlands Goes Brrr,True,1695765840,0,0,0.5,0,782,5233,76561198101175181
633080,176541216,"I didn't get this for a long time because the reviews sounded bad but I was bored and it turned out pretty good.  The only real issue I have is unclear information on some stuff.  If I look at a piece of gear I think it should be clear if its a main or offhand gun, on gear, what chars can equip the gear, cooldown of skills, etc.  That kind of thing could be more user friendly.",True,1728273455,1,0,0.5,0,1038,1192,76561198009670828
633080,147026909,Nice,True,1695678899,0,0,0.5,0,422,459,76561198231076804
633080,147608519,"Good game, nice replayability.
High ping doesn't matter in Solo-Play.

Bugs are scarce, some of them are gamebreaking though.",True,1696402897,1,0,0.515151500701904297,0,1006,1228,76561198051791710
633080,202398746,Very underrated. Truly a hidden gem of a game,True,1755533423,0,0,0.5,0,793,1394,76561198041701953
633080,147145340,"This game has scratched an itch for me I didn't know I needed. This is a bullet hell twin stick shooter, except its multiplayer with a lot of customization and unique play styles between each character.

Don't get me wrong, its simplistic in a lot of ways and made to be approachable by all ages, but the depth is there. 

This game rewards players for cooperation with a set up and detonation system, and yet allows you to reset your skill tree and move your enhancements over to another weapon for solo play without any cost. This game also has the potential to add more, and I hope this becomes the live service game I've been looking for. Please try it out, its worth it.",True,1695838918,1,0,0.5,0,679,1800,76561198071367956
633080,166734379,"A fun, isometric looter shooter that can be played both online and offline. Since offline was only recently introduced I have very limited experience with it, but the time I had in co-op (around 15hr) was both challenging and engaging. 

I enjoyed the gear and skill progression. Loot, while not overly complicated, did have enough affixes and stats to make creating specific builds possible. The Rebel Ranking system also helped guide story and character progression.

The aiming and camera movement took a small amount of time to get used, as I don't typically play top-down shooters, but it quickly became like second nature. Additionally, some people may be put off by the amount of story / cut scenes that occur. These can be skipped if that's not your thing.

I, personally, didn't encounter any gamebreaking bugs or crashing. The game also ran smoothly on my machine.

If you like top-down looter shooters, I'd think you'd have a fun time with this. I'm looking forward to sinking some time into the offline mode to see how it plays versus online.",True,1717596404,2,0,0.508928596973419189,0,931,1350,76561197969309525
633080,147646391,Better than destiny and I have been playing destiny since launch of D1,True,1696454024,0,0,0.5,0,840,1125,76561198107577601
633080,169584364,"im not sure why this has alot of negative reviews, im enjoying it.  its not the greatest game but its a fun game to just turn your brain off and grind a little.  its enjoyable, esp for the price on sale.",True,1720696686,4,0,0.490723878145217896,2,352,806,76561199056914767
633080,147095310,"Super fun, been looking forward to this since the beta, really fun and lots of things to do, not hard to figure out yet so many complex combos you can do, sure the game has its bugs, it in Early access so you should expect that, but still super fun.",True,1695767652,0,0,0.476190477609634399,0,493,1386,76561199161579206
633080,147633439,Fun fun,True,1696437921,0,0,0.5,0,699,1793,76561198066240486
633080,147387895,pretty decent,True,1696108840,0,0,0.5,0,847,1019,76561198170407186
633080,147647621,Good game. Full review coming...,True,1696455815,0,0,0.5,0,1129,1189,76561198163703468
633080,147028144,"[h3]It's been nearly 6 years since the Kickstarter campaign happened, but the game is finally here! Sort of...[/h3]

Relic Hunters Legend is a coop top-down looter shooter that currently features 5 characters that each have their own set of abilities and passives, with each being able to choose between a select list of equipment types along with a primary and secondary weapon with up to 4 players.
[b]Please note that the game requires an internet connection at all times.[/b]

Your main goal will be to uncover the story's secret through quests and some occasional cutscenes (especially the animated ones) that makes you feel like watching a cartoon, while trying to find the perfect gear to fit your characters and the guns you'll be using.
It feels fast and fun to play. If you're somebody that try to become the fastest man alive in video games, you'll be happy to hear that gear and skills can give you extra movement speed, reload speed, or just give you the extra punch you need to sweep an entire room full of enemies in a blink of a second. All while trying out all the different sparkles that may come out from your tools of destruction and making your characters look as fly as possible. A very simple concept, maybe too simple even...
You may find your journey ""too easy"", ""too hard"" or just right depending on your skill level and what the game may hand to you. As with every looter shooter, the game will make loot rain from the sky to the point where you might even find more items than you shot bullets every now and then.
Even for looter shooter standards however, the inventory is extremely clunky which makes getting items sometimes feel overwhelming and may cause you a headache while hovering over dozens of guns just to see if they have the stats you're looking for.

It's noteworthy that this is an Early Access game in every possible way. A sizable chunk of the content is still missing, the interface makes you feel like it just came out fresh from an alpha build and your adventure will be riddled with bugs, both in form of monsters and technical issues. It's also important to note that the game can become quite repetitive after some time.
[b]Despite being a coop game, you will encounter a lot of story mission that are weirdly designed with forced singleplayer.[/b]
In the dozens of hours spent in beta tests, I would sometimes wonder whether the game would be ready for a full release and if all the bugs will ever be fixed due to how broken the menus feel like. In my time in the Early Access build so far I've seen some fixed but a lot of them still remaining and really hope that Rogue Snail will be able to patch most of them, if not all.
For some people though, this might be enough to make them not try out the game just yet and reasonably so. This game is FAR from being perfect, but there's something very special about shooting bad guys in a (mostly) joyful world with an adorable cast of characters that will make you want to keep coming back.

Relic Hunters Legend feels like an unpolished gem.
If you are someone that might be easily irritated when encountering bugs, I would advise to wait for the full release of the game before playing (it will also launch as a F2P title).
However if after reading this review you are still interested by the game and willing to invest your time in this game, for 15€ (10€ with the current launch sale), this game may certainly entertain you long enough to make your purchase worth.

[b]TLDR for people that are too lazy to read through the full review:[/b]
[list] Pros:
[*]Fun and satisfying gameplay
[*]Cute art style and universe
[*]Simple to get in and addicted to
[*]A diverse list of equipment that makes you wonder why Starfield couldn't do better [/list]
[list] Cons:
[*]Can feel repetitive after some point
[*]A barely functional UI
[*]Lots of bugs
[*]No multiplayer support for story missions [/list]",True,1695680539,13,0,0.571001172065734863,0,575,5510,76561198045572105
633080,147326081,"This game has some very solid fundamentals and just oozes style and charisma! Just a great time, definitely recommend it!",True,1696044462,1,0,0.5,0,1105,1110,76561198026947947
633080,166378222,"(UPDATE: the Discord server helped me resolve the offline mode problems!)

Will update review as I work through the story",True,1717135271,1,0,0.508928596973419189,0,404,1703,76561198129650275
633080,163762907,"Amazing. Game. Sure haven't played that much yet. But this far it is just geat fn. Fun story, nice gameplay loop and nice variations to try out. I really really dont get these reviews.

Little tipp if you filter out reviews under an hour its very positive. And it sure feels that way.",True,1714299352,2,0,0.530201315879821777,0,440,1845,76561198157611072
633080,147362694,fun,True,1696086129,0,0,0.462046205997467041,0,1223,1908,76561198158700323
633080,150469082,Worth Every Penny.,True,1700449182,0,0,0.5,0,468,922,76561198033658410
633080,149570243,"Personally, I'm really enjoying it so far. 

It's a cartoony, cute and crazy top-down shooter with randomized loot. 

I've been waiting for this game for years, and it's not disappointing me.",True,1699169456,1,0,0.492374122142791748,0,455,455,76561198058609133
633080,147156793,Very fun game so far! Hoping for a satisfying endgame loop.,True,1695847938,0,0,0.5,0,434,3578,76561198101252036
633080,147408798,destiny 2 grind introduction for toddler,True,1696136911,6,3,0.596525132656097412,0,507,544,76561198206912123
633080,147102118,yeah its pretty good.,True,1695779430,1,0,0.52173912525177002,0,745,2683,76561198079487862
633080,202530572,"Updated Review after Crossplay issue: I would highly recommend this game and any others by this dev team. They actually stand behind their product. Issue was fixed within hours and was even reached out to to confirm the issue was resolved. Theres a reason I reached out to all my friends on xbox and pc to get this game.
Crossplay does take a code to join between platforms like a lot of crossplay games. 


Game itself is pretty amazing. I'd describe it as a top down looter shooter that has a little bit of borderlands feel as well as the one animal battle royale game in terms of art. Gameplay feels great and theres tons of content. I will add more to this review but too busy playing at the moment.",True,1755707651,1,0,0.506562292575836182,0,875,5681,76561198066363752
633080,147186674,fun game thats just about checking boxes and shooting ducks,True,1695883081,2,0,0.523809552192687988,0,668,1482,76561199082949616
633080,190518033,"Me and my twin put 8 hours in today, game feels good and loot is sick as shit. LOVE IT.",True,1742277223,2,0,0.502712488174438477,0,457,1187,76561198389387074
633080,148115864,cool game,True,1697174988,0,0,0.5,0,600,6855,76561198944662210
633080,147077306,"Great bullet hell with rpg skill upgrades as well as destiny style loot progression. Controls are great and very responsive.

I see only a few complaints of connections issues from peeps but i have yet to experience any.

The only critique so far is multiplayer doesnt really encourage socialization, like you complete a mission with strangers and at the end everyone drops out of party to go on to their own things. It is really easy to set up a party with your actual friends though, so is really easy to play together.",True,1695756228,0,0,0.5,0,693,1819,76561198028462707
633080,147197904,"Played in the first open beta, and now in the Early access. 
The game looks and plays even better than before. 
It's a nice looter and shooter, with various skills and playstyles. Fun to follow the story too",True,1695898516,7,0,0.554424464702606201,0,386,845,76561198040875210
633080,147757896,this is a game kinda,True,1696619961,0,0,0.464684009552001953,0,1205,5293,76561198250159006
633080,202185687,"Games good, play it",True,1755269355,3,0,0.493437647819519043,0,644,644,76561198110607981
633080,201176934,<3,True,1754007232,2,0,0.5,0,611,2037,76561198248293676
633080,147034611,"Developers' hearts are in the right place. Game is quite fun on top of that.
Definitely different from Relic Hunters Zero, so pick whichever suits your tastes. 
My playtime is a little inaccurate: I have an additional ~50 hours uncounted from the closed beta.",True,1695689969,3,0,0.53316950798034668,0,697,4757,76561198115183155
633080,147321894,Great game. Cartoon network style artwork.,True,1696038879,0,0,0.5,0,1172,5862,76561198044129020
633080,147264078,Its like Spiral Knights crossed with Destiny 2 and a bit of Borderlands.,True,1695974140,1,0,0.496724873781204224,0,436,763,76561198025374519
633080,175216187,"Very fun game! Love looter shooters and twin stick shooters, so this is a perfect combo for me!",True,1726629554,4,0,0.532062351703643799,0,927,5211,76561198139084097
633080,147137578,goated game,True,1695831358,1,0,0.510309278964996338,0,917,939,76561198988059524
633080,147026695,"Bought this via Kickstarter what feels like 100 years ago, been playing through alpha, closed beta, now open beta. Rogue Snail has done an awesome job polishing this game up!! Guns feel really responsive and fun to use, multiplayer aspect is really nice in that it's VERY drop in/drop out friendly, tons of love put into the story and so much more.

HIGHLY recommend if you enjoy loot shooters with randomly generated looted and/or isometric shooters. It's 100% been worth the wait! Story is well fleshed out and very detailed, updates are very regular, game has tons of potential. Looking forward to the day it fully launches!!!",True,1695678597,2,0,0.5,0,871,2875,76561197960320939
633080,147098082,"Initial grind can be tedious, lots of story missions u have to do solo. But otherwise fun, seems promising in combat",True,1695772358,0,0,0.5,0,343,443,76561198076528121
633080,156208264,I love this game. It's like mini Borderlands. Only thing its missing IMO is offline play!!,True,1705546185,0,0,0.494421899318695068,0,936,1472,76561198098148456
633080,202645168,"I'm gonna be honest here: at first i pirated it, i played it, i liked it, i looked onto the steam page because i saw there were currency items i automatically connect with free2play-mtx-hells. i saw that the devs prevented their game becoming predatory. i deleted my pirated copy and bought it, because i was convinced that my money will be going to the good guys who care about their game and what influence it has on the world. And i will recommend your game whenever i get the chance.

i normally wait for deep sales or bundles, because if the publisher or devs doesn't respect me, why should i pay full price? but this, just like Baldurs Gate 3 and Indies that are fairly priced i buy without even looking too hard at the cost. Because I am proud of you that you took a stand, it probably wasn't easy.",True,1755865065,7,0,0.571664214134216309,0,435,575,76561197971575998
633080,150739637,"its a rlly fun game, i love it",True,1700608137,2,0,0.49278673529624939,0,1127,1424,76561198033453974
633080,147187327,Had this on wishlist for a good while. And it was well worth the wait! The game is a blast to play if you like Looter-Shooters!,True,1695884059,0,0,0.5,0,659,2225,76561198018861359
633080,179244275,"I'm here to push this game higher in the review score. It's damn good.
The loots are fun and exciting to get. The leveling experience is great. The amount of content is really good (you can see it from the special mission tab on the map). The guns behavior are really different. The gameplay is fast paced and smooth. The skills are funny to use and build around them.
The grinding is fair.

It's a really great game",True,1731860308,1,0,0.5,0,432,682,76561198058511207
633080,147598893,"One of the best looter games ive played in some recent times. 9.45/10
Addictive.",True,1696384772,0,0,0.5,0,795,2016,76561198258759361
633080,151443880,I love everything about this game! Really hoping it takes off! SO MUCH FUN WITH FRIENDS!,True,1700782860,0,0,0.5,0,824,824,76561198819494698
633080,152380690,"this game has amazing potential, please keep updating",True,1701166119,2,0,0.495303541421890259,0,641,641,76561199189107364
633080,187184517,When she hunts on my relic till i legend,True,1738713259,0,1,0.5,0,991,991,76561198353706739
633080,201304899,"good game, has quality, dosnt feel cheap and overall i dont get the hate. sorry for the devs, clearly put a lot of work in it.",True,1754159620,1,0,0.5,0,362,848,76561197965244744
633080,147258394,banger,True,1695965256,2,0,0.492375880479812622,0,487,1196,76561198370506193
633080,147518114,lidl borderlands,True,1696269853,2,0,0.537856459617614746,0,772,806,76561198120104361
633080,148014393,gg,True,1697009120,0,0,0.5,0,564,1912,76561198062456501
633080,147385767,"Enjoyed relic hunters zero, and I waited and waited patiently for this game to be released. So far, not disappointed!",True,1696106593,0,0,0.5,0,391,1579,76561198410683105
633080,147692988,"Better ARPG than Diablo 4, not that that's saying much.",True,1696525351,0,0,0.5,0,316,1508,76561198020398624
633080,147537649,I go pew pew,True,1696297461,0,0,0.5,0,401,998,76561199164921201
633080,148945320,fun,True,1698364576,1,0,0.508928596973419189,0,1084,1105,76561198107436568
633080,147317474,yes Periodt.,True,1696032753,0,0,0.5,0,441,555,76561199317727525
633080,147041226,Best game ive ever played get it NOW!!!,True,1695700638,3,0,0.496732026338577271,0,509,15669,76561199012936942
633080,147019521,it good,True,1695669598,5,0,0.477081388235092163,0,643,2547,76561199122913770
633080,147198299,10/10,True,1695898977,3,0,0.52536618709564209,0,420,1678,76561199036270165
633080,207403198,"It looks like PBS' CyberChase but with Guns. I love the aesthetic. It looks like a much softer game than it is. It's a fun looter shooter that could probably use a faster difficulty ramp. The characters all feel fun and distinct, and now that they've fixed multiplayer it's an easy recommendation.",True,1761241632,0,0,0.5,0,525,1281,76561198001166047
633080,147097418,It's like Borderlands + a Catoon Network show,True,1695771221,0,1,0.5,0,338,8757,76561198058131719
633080,147475819,Buggy currently but very fun,True,1696209606,0,0,0.5,0,330,954,76561198118796078
633080,147072730,i accidentally ran off the edge like 200 times because my movement speed was too high,True,1695750574,0,0,0.5,0,711,3389,76561198138835106
633080,147041580,"I have played 50 hours of Relic Hunters Zero and enjoyed it a lot. Bought the founders' pack a few years ago and tried it a bit. Now that it's out in early access, I can say that it was a good purchase.",True,1695701331,7,0,0.554424464702606201,0,549,838,76561198350532478
633080,154417867,"The art style for this game is really cool and the story is decent. I think there's a lot of potential for the game if the devs are really invested in it. However, the game play gets stale kinda fast. First of all, the game is way too easy. You can make it slightly harder by turning off aim assist but the core gameplay doesn't really change that much and none of the mechanics feel that rewarding. Also like other people commented you can't do story missions with friends or other players so you're forced to play the majority of the game alone. Even leveling the gear and equipment doesn't make a huge impact on your gameplay or play style other than swapping out a gun. I think if the devs added more unique enemies and created more rewarding play styles this game would be a lot better. For the price point and early access, it is still worth giving a shot if you aren't looking for a super challenging game.",True,1703557171,0,0,0.5,0,431,431,76561198082578423
633080,147039961,"Fun and interesting looter shooter. 

Feels good to have something that's different and actually fun",True,1695698441,1,1,0.5,0,355,2778,76561198103612058
633080,147115099,Its really really fun and addicting. I like the cartoonist style as well,True,1695804210,0,0,0.5,0,471,1002,76561198068511465
633080,147530239,"Incredibly fun, tons to do, great music, fun graphics, decent story that works well enough, and all for only $15. Not much more to say definitely worth in my opinion.",True,1696285290,0,0,0.5,0,748,1123,76561199101141063
633080,147039860,Good stuff,True,1695698269,2,0,0.518518567085266113,0,371,1755,76561197998133070
633080,147108799,Very cool game ! its has alot of major bugs atm that can make the game unplayble...i will give it a bit more time for the Devs to iron out the major bugs.... if not this game will fail.....,True,1695791952,0,0,0.5,0,324,5164,76561197992451204
633080,158557386,"real fun, needs more players in early/mid game but otherwise tons of fun",True,1708199773,1,1,0.502338945865631104,0,779,797,76561197979994011
633080,160804771,"So, I came across Relic Hunters Legend when I did a search for top-down shooters on Steam and I'm SO GLAD it showed up in my search and that I decided to give it a chance! I'm about 6 hours into the game and can't put it down! The mix of cute vibrant art style, super fun and addictive gameplay/combat, endearing characters and story, weapon variety and depth are closer to perfection imo. Oh, and did I mention it's a looter shooter?? For the price tag it's a total steal and I recommend it to anyone who enjoys top-down and/or looter shooters. Oh, and lastly it runs like a dream on the Steam Deck, and I can't wait to see how awesome it looks on my Legion Go when it arrives this week.",True,1710715605,6,0,0.564643800258636475,0,598,1155,76561198872269685
633080,202630096,"I'd say it's underrated, but it's not even rated yet. A true looter shooter gem, with tons of content, smart, non-stressful grind; the kind you can sit down with for twenty minutes if you don't have time, and for 10 hour sessions, it will entertain you all the same, if you like the genre.",True,1755843486,2,0,0.5,0,1034,2073,76561198059477865
633080,147272653,"I didn't really want to write a review this early, but I want to try and do my part to keep reviews above 70%. It's a great foundation to a well-crafted ARPG. Anyway, here are my thoughts so far.

Getting a huge hit of 90's-2000's Cartoon Network nostalgia from the characters and story so far. Right around that Kid's Next Door vibe. 

The OST falls somewhere between Phantasy Star Online and Crosscode. Chill sci-fi with certified bangers where it matters. 

The gameplay and mechanics have been great so far, and without spoilers, the game just opened up for me to an exciting degree. I don't think I'll have to worry about running out of content for another 40 hours. I unlocked the character roster, and where I thought I would just play one character I liked all the way through, I was pulled in by great class design. I want to level every single one of them to max just to appreciate their kits. 

There is a valid concern regarding multi-player lobbies and one person being able to end the run before everyone is ready. I haven't experienced those kinds of players yet, but I'm sure that it's probably getting looked at with so much attention on it.

As for the ""Always Online"" complaints, you can turn off matchmaking and play alone. It requires you to relaunch the game after setting your preference to ""Private"". It's still online, but that's because this is going to be a Free to Play, Live Service ARPG. 

On the topic of Early Access, reporting bugs is extremely easy in game. Just hit F3, scroll to the issue, screenshot, and write a description. Instant delivery to the team. There are bugs, so if you're going to pay to play before the F2P release, please take some time to make the game better instead of complaining about them. Blood, sweat, and tears went into this project, and you can really feel that.",True,1695986540,3,0,0.520540833473205566,1,846,12149,76561198069604938
633080,147585604,"Game's really fun! Obviously it's the beta rn, so not everything is perfect. I've encountered a few annoying glitches, but the developers are really quick about getting on to them. With friends, it's a really great experience. Solo is also good and the story mode is nice to follow.",True,1696363553,0,0,0.5,0,774,1891,76561198403253386
633080,147018430,scrooge mcduck has became evil and now we must use industrial sabotage to defeat him and don't forget about the power of friendship ofc,True,1695668337,5,0,0.507595539093017578,0,784,2919,76561198131863668
633080,202207445,Good shoots! Really excited now that it's out of early access!,True,1755292140,2,0,0.5,0,1162,1297,76561197970379064
633080,147213128,Better than destiny 2 tbh,True,1695912834,31,6,0.681977391242980957,0,882,2103,76561198019206274
633080,175972910,Nice! Always online requirement has been removed. Also gameplay is pretty fun. Nice twin stick looter shooter.,True,1727551982,5,0,0.54703831672668457,0,406,1432,76561198051555089
633080,147126858,more fun then d4 xD,True,1695820566,2,0,0.486486464738845825,0,646,979,76561198020118174
633080,147387449,"This game is a well rounded generally fun game. Some folks complain about being forced to play all the various heroes which one does to get Rebel Ranks but you can to an extent primarily focus on one.

UPDATE: Game is still a blast!",True,1696108351,0,0,0.5,0,1244,10714,76561198024984365
633080,147474697,"im trans because of this game but other than that its really fun just has cost me a lot in surgeries and hormones and stuff but i think im happier because of it i only want to kill myself 98.9% of the time also i have cancer but that is unrelated and im gaining a lot of wieght which my doctor says is strange because its stomach cancer and i should be losing wieght., but my 12 yr old niece showed me a tiktok of someone who was in a toilet it was called scooby toilet or something it was good i liked it.",True,1696207885,0,4,0.397051453590393066,0,465,548,76561197998417104
633080,149164246,Add Local Co-op Plz.,True,1698623869,0,0,0.5,0,855,1158,76561199365460985
633080,147313295,"Can be a little repetitive, but the gameplay loop is pretty addicting. Kinda like a 2D Destiny 2/Borderlands

Has a few annoying bugs right now, but it's expected being 4 days into early access",True,1696027255,0,0,0.5,0,1205,2579,76561198119144434
633080,151254663,"So well crafted and you feel its a game made with love, what a great surprise this game was.",True,1700721938,0,0,0.5,0,491,500,76561197995237024
633080,148745623,"Cute, fun and actually refreshing! Really enjoying it and I hope this game goes far ♥",True,1698082921,0,0,0.5,0,1223,1483,76561198076857289
633080,147909481,"A game that can be described as a top down Borderlands Experience, 

The characters all play with different abilities and passive trees, you just need to unlock them all slowly (Or Paid DLC to Auto Unlock them)

It is a very enjoyable and simple game with a slow learning curve, just enjoy, shoot and collect all the pretty guns and gear that does unique traits!",True,1696829347,1,0,0.483602553606033325,0,1183,1185,76561197963282057
633080,201179355,"I nabbed the game for about £4 after having played a playtest last year and the demo for a bit and enjoying the game a fair bit. I specifically had been waiting a while however because I had been keeping up to date with the game news and opted to wait till things had calmed down before spending money 

Should mention I've not played another RH game so this is my first experience.

The game is charming and is pretty fun. There's nothing overly complex about it so it's easy to pick up and play. Overall I quite enjoy the game still and plan to sink quite a few hours into it and hopefully complete as much of it as I can considering how much the game rewards you for doing so, it gives you clear tasks and rewards for a lot of the games mechanics. 

I'm hoping it still gets more improvements and additions as seeing more characters, weapons and levels would never be turned down, but for now I'm happy waiting for the devs to work on what they need to and hope they continue to spend time on improving the game. 

A few things I'd like to personally see would be a bridge between the weapon ranges as there's a big jump from the tier 2 weapons at level 7 and tier 3 weapons at level 17, then tier 4(I think it goes up to tier 4?) at level 30, having something between would be nice but not necessary at all. Features like inventory sorting for the equipment would be nice as the UI feels a bit busy at times and isn't the nicest to navigate imo. A ""Claim all"" button for things like missions and feats would be nice too. A display to indicate the weapons firing mode (i.e Burst, Semi, Full-Auto) on the weapon card would be nice too (I'm pretty sure this isn't displayed anywhere?). Lastly, most of the characters are fun to play but I feel like if I had to comment on anything, Pinkyy feels a bit lackluster and strange as of right now as she lacks a lot of feedback and her kit doesn't feel very strong outside of how tanky she can be - but I'm only around level 10 with her so that could be why.

All in all - I enjoy the artstyle and music in particular, there's good vibes. The weapons and combat feel pretty fluid and there's good feedback for the most part but there's a bit to be desired. Progression isn't bad but levelling can certainly feel a bit slow and getting specific equipment with stats you want early on isn't super feasible, but scaling and difficulty doesn't feel bad. The story is a bit eh and feels a bit weak but personally I'm ok with that - there's plenty of other games I can play if I want a more engaging story.",True,1754010777,3,0,0.51754385232925415,0,603,2540,76561198106035237
633080,151930864,.,True,1700955126,0,0,0.46875,0,437,8011,76561198051052745
633080,156145169,"got this game via a friend
it's fun but a bit grindy, probably a bit too grindy for some
but if you have friends willing to play this game with you, definitely do that",True,1705460774,0,0,0.494421899318695068,0,328,551,76561198331180017
633080,207123926,"I had seen this game on Kickstarter a few years ago and backed it at the 1$ level but then forgot about it until it was officially released recently. Honestly this game is a delight to play. The core game loop is solid and the art style is lovely and unique. But the part that surprised me most so far is the story, which is quite well worked out and has some very touching moments. It's a real shame that there's not more players out there to do missions with together, but even purely as a single-player game this is well worth the price.",True,1760906093,0,0,0.5,0,1210,1965,76561197993659023
633080,147689125,"I personally had to go past the graphical style and the story, which you can thankfully skip for the most part, to really enjoy the core gameplay loop. It doesn't mean those former items are bad quality, on the contrary, just not my cup of tea.
The twin-stick looter shooter elements are working great, especially for an EA. Shooting and looting is satisfying, the game has variety in objectives without being overly complex, and most importantly it's fun moment to moment. I hope this game makes it!",True,1696521182,0,0,0.5,0,568,696,76561197980271776
633080,147785313,waited for a long time for this and i am more than pleased,True,1696662287,0,0,0.5,0,1198,10725,76561198150349518
633080,202343907,"Pleasant colorful looter shooter that is just as fun in SP as it is in MP. Levels are nice and bite-sized (from what I've seen so far). Writing for the atory/dialogue is charming; lighthearted, but with its emotional moments.

I almost skipped out on this due to the ""mixed"" overall reviews, and I'm glad I did not. Updates to the game have rendered most all of the negative reviews as irrelevant.",True,1755458769,5,0,0.56708681583404541,0,325,639,76561198000097981
633080,147028365,"2025 Update: 1.0 release (post Gearbox Publishing). Most of my issues have been fixed in one way or another by this point. Game was awesome then and is still now, really an underrated gem and especially at this price point. Judge this game on its own merits not misplaced expectations based on $60-$100 AAA games you typically play. It’s $20 ffs and you can tell a lot of work has been put into this game over the years.

Original EA review:
Seems to have a lot of content and polish for EA, some minor annoying bugs but nothing major so far. Ridiculously fun, hard to find these days for some reason. Plays like an isometric Borderlands. My biggest gripe is the gameplay is too deep for a child but the story is written for children. Who is this game for? I think the story should have been more mature to match the depth of gameplay.

Pros:

Controller IS supported
Steam deck works well no tweaks (might need a controller profile)
Lots of loot
Very polished gameplay
Beautiful visuals
Perfect music and sound effects
Nice voice acting
Many accessibility options (affects difficulty)
Fun first (unlike a game that rhymes with Peeablo 4)
Auto salvage filter
Account wide progression
Hair color options
Build depth
Characters can wear same gear at the same time

Cons:

Minor bugs
Gear does NOT show
Will have cosmetic micro transactions at launch
f2p at launch
A bit too much dialogue in the tutorial
Online only
Level requirements on gear
Specific characters required for story missions
No controller rumble
Poor storyline
Special movement abilities exclusive to 2 heroes (only they can reach special chests)

Wishlist:

Controller rumble
Skin color option for Seven (protagonist)
Steam Achievements
Removal of gear level requirements (I want to use stuff when I get it)
Click-to-move
Summoner/pet character

*Systems used: Steam Deck & Windows 11 Pro OS, AMD 7800X3D, AMD 7900 XTX, 32GB Ram",True,1695680864,4,0,0.547511279582977295,0,1253,1762,76561198050294689
633080,147893577,"Apesar dos Bugs,jogo muito divertido pra quem gosta desse tipo de jogo de Looter shooter,recomendo muitissimo,super divertido",True,1696800623,0,1,0.5,0,663,3772,76561198107351564
633080,148495422,"Very fun looter shooter, cool progression.",True,1697733354,0,0,0.5,0,812,2596,76561198436637604
633080,147027478,"Ill use the same, but reversed, gamer logic to counter them negative reviews.

This game has online. Thank you for the technology that allows me to play with my friends, thank goodness this isn't just an offline roguelike like all others.

1/1 Fantastic game.",True,1695679648,11,1,0.518891870975494385,0,446,827,76561198013546098
633080,147530754,The game in its current state is ok not amazing. I recommend it on a discount not at full price. It's eventually going to be f2p but they are charging for an early entry.  The forced story missions are kind of annoying as I'd rather just grind and do co op missions as often as possible but I get it. And not being able to unlock who you want is also a bit annoying. But the gunplay and ability mechanics along with the complimentary skill tree are very enjoyable imo.,True,1696286091,0,0,0.5,0,420,1128,76561198011302891
633080,148246903,"W game honestly, sucks u can't do co-op story mode but makes sense. 7.2/10",True,1697334112,0,1,0.498695462942123413,0,1262,1568,76561198102933108
633080,147120631,"Thumbs up for now, game is super fun if you like ARPGs, loot, etc, smooth controls, a bit of a shame that it's a ""live service"" but whatever. 

Maybe I'll review at a later date, but for now on release for $10/€10 it's a steal imho.

Still a great game, but development is going a bit slow.",True,1695813797,12,0,0.612217903137207031,0,559,2307,76561198026079690
633080,147114520,gud,True,1695803077,1,0,0.523809552192687988,0,562,1742,76561199077233576
633080,200616428,"Based on about eight hours with the demo (mostly played with my partner), the cutesy kiddie-punk stylings here kind of obscure a decently meaty mix of top-down shooter and looter-ARPG in a game space that really hasn't quite matured yet.  Its competitors pretty much all have some major failings, so if the failing here is style and a bit of jank (precision aiming needs to not be so camera spazzy), well, that's a heck of a lot better than poor action, a dead loot/upgrade system, or lame missions.  I can put up with style.  Seems to have quite a bit to offer, though it takes a while to unlock things (at least you can generally get a newly unlocked character right out of the bottom tier gear).

Has a pretty generous demo, aside from putting up with its fairly painful story bits and voicing that's like enthusiastic knives in the ears (sadly lacks a separate volume for voices).

The early access went through a lot, from the initial free-to-play online-only stand to the loss of their publisher and the current buy-to-play (no microtransactions) and fully offline capable (no servers required for co-op) version.  Pay attention to the current state of the game when reading old information, because there's a lot of old information, and the current state is actually pretty solid.",True,1753392114,13,0,0.609986841678619385,0,328,328,76561198231493012
633080,147322949,Pretty simple but fun.  Excited to see it develop.,True,1696040333,0,0,0.5,0,637,775,76561199216875458
633080,147656559,has gun,True,1696471256,1,0,0.523809552192687988,0,399,399,76561199197349595
633080,147700199,"Nostalgic. Brings back memories of when I played Relic Hunters Zero on my cheap laptop back in the day. Will support this in the foreseeable future, especially with how much fun I had playing for the few hours I've played so far. Will definitely drop in more hours. Enjoyable looter-shooter game, would recommend.",True,1696533538,0,0,0.5,0,540,572,76561198093328759
633080,189157763,"currently, the game is fun and enjoyable but it is way too easy. there is no punishment for dying so you can try as much as you want which is good in a way but it forces the player to just keep dying over and over again instead of getting stronger. and with the added fact that there is no timer, it doesnt convince the player to get stronger and get better loot to come back and beat it within a specified timeframe.

i really do like that there are different types of missions like payload and king of the hill, but its impossible to lose progress and since you can die as much as you want, so there is no tension or thrill or even risk when the progress bar is so close to filling up while you are at low hp since its impossible to lose.

i personally like skill trees since it gives a sense of personalization, strategy, and you can immediately feel the difference in strength once you unlock certain skills. but from what i see, the game's skill ""tree"" and even perk tree is so linear, it makes all the maxed out players have the exact same skills with no room for skill expression or any differentiation between any of them except maybe their gear.

as for the balance, im not sure if i got extremely lucky or just average but im only a few hours in and i have more than a couple of legendaries already. i know that legendaries are only the tip of the iceberg of minmaxing but getting these many legendaries this early on de-values the rarity, removing any prestige of getting one in the first place. but assuming that i did only get super lucky with the drops, the game would be too hard because of how many the enemies spawn even in the first few hours of the game (assuming there is a punishment to respawning and you could lose progress).

i do like that there are a couple of playable characters but i do hope that there will be more characters coming soon since a roster this small is going to get stale eventually.

so from my first impression of this game, its fun but way too easy and i hope they take their time to rebalance the game properly and fix other issues i havent come across yet since relic hunters zero was one of my childhood games and i do not wish to see their new game that i really look forward to turn to a shitshow. (and also because i paid for this game xd)",True,1740911864,1,0,0.5,2,314,1425,76561198171942386
633080,147640865,Fun but a little unstable at the present,True,1696446597,0,0,0.5,0,547,2728,76561198142627190
633080,205650809,"Looter shooter? ✅
Cartoon Network energy? ✅
Count me in!!",True,1759357532,0,0,0.5,0,1275,2584,76561198240824332
633080,152325744,fun,True,1701135427,0,0,0.5,0,10629,14288,76561198138715764
633080,147012310,"This is an entirely biased opinion from a kickstarter founder and a Relic Hunters fan since their first game in the franchise. 

These devs are just amazing. Not only are they transparent, they actually care about the players to the point where they make cosmetics a non-premium players only. 

It will be free to play on release but they actually don't prey on players like every other fucking f2p game out there and that's why I trust these devs. 

The gameplay is very well thought and fun, the characters and the story are interesting and with their own missions to know them better and all of it really just feels like being a kid again.

To us grownups we can feel a bit of cringe here and there due to the game being made for all ages and therefore the script being family friendly, but please. Just look at the trailers, get a feel of the game, if you enjoyed them, you will enjoy the story presented in the game. In any case, the game will be free to play after early access is over so feel free to check it out later but I personally have been waiting for this game to come out since 2017, holding off from exploring everything in the alpha and beta so I could properly savour it along everyone on the early access.

I wanted to pour all my feelings in this review rather than talk a lot about the game because I want people to know this is a game worth caring for. I'm no expert in the genre so I cannot nerd about mechanics, game design and stats like I usually do, but once again, this is definitely a game you should care about if you're into this kind of games.

EDIT: Due to Unity pricing thingy, I don't know if the game can survive being a free to play so it might not be f2p. If that's the case, I'm perfectly fine with it.",True,1695661550,101,5,0.775580823421478271,14,15708,16149,76561198128968057
633080,182199684,"Game's fuckin good
pretty solid looter shooter rpg game, bit jank here and there but thats early access for ya",True,1733616055,1,0,0.5,0,9943,10554,76561198452323932
633080,202127269,Great game if you like to grind. It has lots of character. Very different than what it started out as so keep that in mind when seeing old reviews.,True,1755195865,4,0,0.502464592456817627,0,3680,5323,76561198053790272
633080,147319776,"[h1]An Absolutely Wonderful Isometric Ode to Borderlands[/h1]

Relic Hunters Legend - potentially one of the better shooter looters of the year!  Before we delve into the details of what makes Relic Hunters a worth while pickup, let's talk about something I found to put off a few people to the game - include myself, initially.  The over theatrical intro videos!!  The art style is fun, but whew, these videos are something else.  While you may think that you'll soon be thrust into a world of psychedelic colors and endless monologues, you'll actually find a vibrant tile set of levels spread across four major areas (Trash Sea, Desert, Ice, and City) - and the colorization and art style is fun!! 

Ok - maybe it was just me that didn't care for the intro videos; so, let's dive into the core mechanics and what makes the game fun.

Gear progression is spot on.  With four tiers (gated by levels) of gear at varying qualities, there's plenty of gear hunting to be had.  An upgrade system applies to each piece, and a transfer system is in place to encourage you to upgrade and trade out gear as you find better loot.  

Level diversity is pretty good, from capture objectives, kill all enemies (with a boss at the end), escort, exploration, and others - you won't find issues with variety.  The game also has harder special missions, delves (dungeons with multiple bosses), and a raid system.

Online multiplayer is well integrated, and it's easy to drop into quick matches through the 'help other players' feature, but if you're feeling introverted for a while there's an option to toggle from public to private.

Price point - I mean... when the game launches, it'll be free to play; so, you can't really lose out on that.  For early access, while on the launch sale, it's an easy ~$10, and worth every penny!!

If you've made it this long, thank you... but just go buy the game.  It's funner than reading my reviews.",True,1696036028,1,0,0.523809552192687988,0,2319,6223,76561197977493619
633080,202410713,Mission based top-down Borderlands,True,1755546347,3,0,0.526051044464111328,0,14022,14089,76561198802261446
633080,149709960,"IT'S A PLAYABLE SATURDAY MORNING CARTOOOOOOON!!!

✅ Charming art style
✅ Wacky cast of characters
✅ Silly gadgets and contraptions of all kinds (packed with easter eggs)
✅ Light hearted humor
✅ Cute and goofy animal people (they got frogs!)
✅ An adorable mascot creature species that can (certainly) kill you

On my book, that should be enough to give it a shot. Ohhh, this ain't enough? All right, let's get to the specifics.

The core gameplay is simple and addicting, get your guns, shoot baddies, get better guns and shoot more baddies. You can carry two different guns at a time and each of their group types have different traits, some more noticeable, some less. While the more conventional types like pistols and rifles just do the basics, they also have shotguns that fire a volley at short range, machine guns that ramp up their fire rate while you keep the trigger and grenade launchers that have both the option to be fired in a straight path or in an arch to avoid terrain obstruction.

If that wasn't fun enough, each of the characters has an unique playstyle and a decent set of upgrades (and weapon affinities) that makes them significantly distinct. Speed is your game? Ace, the donkey-man, has it for ya, along the ability to play completely airborne if you are skilled enough in the micro play level. More of a grenadeer? Jimmy may be the one for you, with both innate grenades and the ability to deploy mines in the field, you can even throw a special gun in the mix and have a barrage of bombs as your standard gun shot. There's also Pinkyy as the melee expert and Seven as the master of frost. Ohh, there's also Raff [strike](but we don't talk about her for now....)[/strike]. Ohhh, and they have upgrades too!

The fairest comparison would be borderlands, where you get three skill trees to pick upgrades from, be it for offense, utility or endurance. Each point spent will grant a major unlock rate for the current tree and a minor for the other two, so if you spend all of your points in utility, you should gain access to middle skills in offense and endurance. Some of these upgrades are generic boosts such as getting more movement speed or health while others change your abilities properties, ranging from extra usage, to changing their damage type, to even giving them brand new properties like firing homing pellets when you dash. As long as you enjoy the base game, there should be at least a couple of builds you can enjoy.

What about game modes? It's all shoot and go right? WRONG! There's a fair selection of ways to engage with shooting. The traditional shoot 'em all and kill the big baddy, two variants of base defense, one sort of assassination type mode, horde survival (that can also be dealt as gun 'em all) and resource gathering. Some can be more fun the others but even the least fun ones are enough to spice it up (looking at ya Scavenge and Payload). 

Wow, then this should be an easy 10+++/10 game. Hold your donkeys cause we getting into the ""nastier"" side now...

Let's start with randomness. On the map side, that has been great. For gear and farming, not so. Aside for a specific type of equipment, everything you get has a set of additional effects from the gear slot it is attached to (certain effects are exclusive to weapons, while others are to ""accessories""). While that adds spice and fun, the amount of different effects you can get is quite large a a lot of them are undesirable at best. Damage resistance is likely the worst offender as it has 6 variants and lacks a challenge where investing on may prove useful. Can't think of a worse feeling than getting a brand new item with an amazing effect just to see that it has 2 lines of damage resistance in it, and low rolls on the better stats. It would be something minor if we had some sort of weekly challenge that focus on certain damages types to make these resistances relevant but that isn't the case at the moment. Can say it's more of an annoyance than a real deal breaker though.

By far, the weakest point in the game is how difficulty and gear value is balanced. If you have the appropriated gear tier and enhancements for the map, you shouldn't be able to lose mission in solo play unless you do your best to. The ""exceptions"" are delves and asteroid dungeon (ADN), which were designed for party play. I just got to the point I can solo any content in game (including ADN) without any cheese (aside one map and and maybe using the slightest cheese) with the minimum investment I could. If that was a gear optimization privilege case, or super cheese, it would be fine.

With all that said, this is still an early access build so it is expected to have issues both on techincal and balancing sides. It is for sure a game worth playing and keeping, even if you keep on the shelf until some things are addressed.

Even with these shortcomings, it is fun as heck.

[strike]And remember, it is always morally right to kick insta-clear Raffs from your party, specially if they use Help Others.[/strike]",True,1699371167,2,1,0.522507786750793457,1,14260,22020,76561198099273838
633080,147842174,"Relic Hunters Legends is like if the Destiny and Borderlands series had a Saturday morning cartoon child.

The game overall is a charming game filled with a mix of 2D with 3D environments/weapons, a very unique visual style. Each character are different and has their own special abilities to suit different playstyles from Tank, Support, DPS! The replayability for this game is quite massive as there are plenty of characters to level and even a mode that queues you up with players that need assistance through the story or mission (and also get rewarded special currency for it!)

As an Early Access game for the price of $10 (When it was discounted, normally $15) -- It is very well worth the price as there is so much content and story filled inside it to fulfill those needs. Story Quests, Multiple characters to play as, Hard Mode, Endgame content, and many more. It is a looter-shooter at heart with plenty of RPG elements such as leveling up characters, gearing up, and collecting a variety new/unique weapons. I personally can't wait to see this game grow more and more once the full version of the game launches.

With Early Access games comes many negatives of course, as there are plenty of glitches that happen in the game. For the hours that I have played, I've mainly ran into more visual glitches than anything entirely game-breaking worthy so it wasn't too much of an issue for me. Thankfully, the devs added a Bug Report button/system so players can assist the devs in finding out the glitches they can possibly fix!

I highly recommend Relic Hunters Legend if you are itching for a looter-shooter with a more laid back top-down style game.",True,1696734828,0,0,0.5,0,1540,1540,76561198043914256
633080,177528635,"I'm addicted to this game, hope more people try this gem",True,1729609918,8,0,0.586226463317871094,0,2965,2965,76561198272311787
633080,147994597,One of my favorite games ever. Lots of replay ability. So much fun with friends. The story is cute and wholesome and thoughtful :) Yes it has a lot of bugs but I know personally the devs are working hard day and night to make it the best game possible,True,1696969410,1,0,0.522507786750793457,0,9014,9495,76561198799258482
633080,207661188,"This is a fun game. It has an, IMO, excellent story that's deeper than you would imagine given the art style. Combat feels fast and the gun play feels very satisfying. This is a loot and character progression driven title, Think a diablo like ARPG. There are some pretty cool weapons that really change up the way you play your character however, the rest of the gear seems a bit lack luster by comparison, with most often just providing stats. 
  
  Relic Hunters Legend packs a ton of secrets and puzzles for you to find and overcome. The game will see you hunting down different pieces to build relics and some of these relics provide very interesting game play advantages. The game really doesn't hold your hand with these hunts, either, there is a vague clue given for each relic part and it's up to you to figure out where you need to go, that is VERY refreshing in the current state of video games.

  The combat feels very smooth, the controls can feel a bit slippery at first and there is no dedicated jump key, but once you get used to that you'll be flying around the screen zapping baddies with you arsenal of weapons and character skills. Each of the playable characters feels unique and fill their own niche with the best and most powerful hunter being being Seven (fight me? lol).

  The sound is good, it gets a little repetitive at times with the same background music playing during a lot of the stages, but it's not that bad. Enemy design is pretty good and there is a fairly large host of different enemies that all do different things. 

  Balance in the game seems a bit off, I mean difficulty balance. It seems as though the game is very focused on grouping up because when you go from story to hard, the enemies hit WAY harder and have a lot of health. You really have to have your gear upgraded, which is a MASSIVE grind guys. If you are looking for a mostly single-player game with a smooth difficulty curve and lower gear grind, keep these points in mind.

  Overall, this game is great. I would have loved to have an AI bot companion of some kind for the solo gamers like myself and a little less of a material and currency grind for the lower levels in the game, but can still easily recommend this one to twin-stick looter shooter fans.",True,1761503762,0,0,0.5,0,1982,1982,76561197999766345
633080,147614523,"This game is addictive and fun. waited for 4 years almost for it to come out and now that it has i'm completely obsessed. Shooting and looting feels fun, the missions don't overstay their welcome and it has enough character diversity that it has a play style for everyone. Not to mention it doesn't skimp on story. being able to play solo or with friends is cool. by far my favorite feature though is the help others queue system which not only functions as a sort of quick play option it allows you to get extra currency to buy stuff with every week so its actually rewarding. overall great game solid 8 to 9 outta 10 for me.",True,1696414024,0,0,0.5,0,1608,2058,76561198044849633
633080,147012796,"UPDATE UPDATE: This game keep getting better with each update please buy the game and support these awesome devs full release is finally in sight and if successful more future content.  

UPDATE: most negative reviews are about problems that have been fixed


my review:

This games great ive been a founder for years following this game.  the controls are really tight and responsive, the skills and characters are fun and varied.  It plays kind like a cross between borderlands and destiny but as a topdown shooter.  Give it a play support these guys so they can make more endgame content.  

review update:  They recently got canned from embracer group but theyre free now.  Please support these guys the need the money.  Wish they would add a donation button or something.",True,1695662154,28,0,0.590153396129608154,0,12992,14225,76561198008191385
633080,147542127,Game scratches the itch for a looter shooter. I'm shocked it's not a very positive review. My two rant is that the end game upgrade materials seem to be time-gated and I hate daily login quests..,True,1696304750,0,0,0.5,0,2938,12402,76561198025715094
633080,147685319,"Underrated. Most negative reviews are about the ""exit the level"" mechanics which are fixed by simply being in a private party, or people who played a few hours and never got to the endgame or don't understand looter shooters. 

If you like looter shooters, you'll love this. Story is fun and entertaining (coming from someone who always skips cutscenes, I enjoy these), loot grind is great, guns are unique functionally and visually, characters all play very differently, difficulty curve is nice and smooth (but you can control it if desired), QOL stuff is on point (auto-recycle low grade loot, etc)...I could go on.",True,1696516956,0,0,0.5,0,1515,2355,76561197993699824
633080,153974151,"Underneath the loot pinatas and fascist ducks pulses a story that is tragically all too familiar to many of us in these dark times.

[hr][/hr]
[list]
[*]Friendship
[*]Transhumanism
[*]Oppression
[*]Time Travel
[*]Forbidden Archaeology
[*]Anthropomorphic Luchadores
[*]...Sandwiches!
[/list]
Relic Hunters Legend explores these timeless themes across the cosmos, and dares to ask; [i]Who are we?[/i]

Do our actions define us? Or can history be reset by altering how we are remembered?

Can our future be saved, if instead of spending our lives picking enemies, we spend it making friends?

[hr][/hr]

For 6 years I've supported this game in any way I could because I believe in the dev team's desire to use the Relic Hunters universe as a force for good in the world. In all that time they've never betrayed that promise.

Fighting even through plague and brutal government persecution in their home country of Brazil, the devs are [i]still[/i] standing, and poised to deliver one of the most culturally significant games of our lifetime.

It's no exaggeration that the success of this game can spark much needed revolution, in not only the gaming world, but the real world as well, and it [i]needs your support[/i]!

Break the chains strangling the gaming industry (and earn cute hairstyles while you're at it) by joining Relic Hunters Legend Early Access today!",True,1703047997,1,0,0.460964769124984741,0,12652,12662,76561198048306670
633080,179004974,"**This is an Old rewiew of the game Dated Feb 26,2024 So some things could be changed**

👨🏽‍🎓 My Personal Thoughts On the Gameplay :-

-Very Addactive Game
* Starting the game with endgame gear was confusing at first but I gradually understood the role of every item, I missed the story mode of the game so I cant comment on that. I really liked the idea of giving every player their own character based on the personality, I got seven as my starting character and it just felt good to use. I cant say that I did not encounter bugs as i had multiple encounter with it.

* I highly recommend playing in coop with friends as it could be a good party game to just chill and play.

⚔ Graphics :- 

* I have low end pc so I thought that the game would might lag on my pc but it did not as it was smooth 30 fps, also while changing the resolution of the game it always reset whenever we open the game which made it a little annoying for me. I really liked the artwork and the boss designs I hope to see more character and unique bosses in future.

🎵 Music and SFX:-

* I think music really hit the spot for long gaming sessions as it made the game more fun, I am sure there are no voice actor for the different characters I think it would be a good thing if there was more personality to them by giving different voices.

💎 Treasure map system :-

* I think it would be good to talk about it after the hotfix as it changed many features. in my personal view that it made the game much more balanced then before as not every boss was dropping maps but it was not impossible to get. I mostly tested the maps between rare to legendary 1 and was very happy with the drop rates. I also liked they added a completion bonus as it not gives a purpose to finish that map for a reward.

👾 Glitches & Bugs :-

* The most annoying bug I encountered was my game kept crashing whenever I tried to join any social hub like the end island or secret market and almost made me quit.
* One more glitch i encountered was with the cartographer a when I reached rank 5 it made me reset to 0 in rank 4 which was weird.
* I also encountered chest not giving reward when joined in a coop of friends but I think it got fixed by the devs
*  When trying to open a chest it gave me a backend error which used my key but the chest didn't open.
* While using the 5 consume books to enhance the character  it only displayed book being consumed once and only showing the rest of the experience later after changing the characters.
* Infinite falling in a coop if u die near a edge and didn't let me get up.

👀 Suggestions :-

* Zooming of maps as it is very inconvenient to always go to menu to see the full map.
* Giving the boss a permanent health bar after encountering with it to know the health at all times even when there are small enemies 
* Adding colors to the map can make them easy to read. 

💻 My PC Specs :-

CPU: Intel Core 2 Duo E8400 @ 3.00 Ghz
GPU: AMD Radeon(TM) HD8490
RAM: 4 GB ram
Resolution: 1366 x 768",True,1731598037,0,0,0.5,0,1810,1810,76561199073138171
633080,147549723,Game is a bit buggy but Good,True,1696318818,0,0,0.5,0,2969,3811,76561198044243853
633080,193347680,"Edit: the compendium update pretty much fixed all my complaints about not having information about items! It's exactly what I imagined when I mentioned an in-game glossary / wiki.

Gameplay is fun and satisfying as I would expect after RH Zero, no complaints there and that is enough for a positive review considering it was the main reason I wanted to try it. Loot and upgrade systems are a bit overwhelming and confusing at times, a fleshed out wiki or more detailed info like an in-game glossary of items and monster drops would be hugely helpful. A lot of times I need a specific item or to kill a certain boss for a quest but don't know exactly where to go. Inventory management can be a pain, especially when switching between different characters who are unable to use certain items for seemingly arbitrary reasons. I find myself sticking to one character as much as possible due to this, when the game seems to want to encourage me to use all of them. Also, as a Panzer main in Zero I was disappointed that I didn't start with a flamethrower :( Overall tho the game has a lot of potential and I'm interested to see where it goes.",True,1745340807,4,0,0.536576449871063232,0,1696,4509,76561199486890794
633080,152778580,would play this over destiny 2 and TC division 2,True,1701583003,11,0,0.57064354419708252,0,2899,3847,76561198066608320
633080,201379936,"A looter shooter where i DONT have to bash my head against an awful mission 50 times for 1 piece out of 20 of an item for a build that will be obsolete in 2 patches, definitely worth a shot!",True,1754244531,0,0,0.476190477609634399,0,22517,24139,76561198090339519
633080,147031849,"After 6 years in development, those Ducans are finally going to get it >:) Happy Hunting!",True,1695685665,1,0,0.510309278964996338,0,6964,7183,76561198098816836
633080,148000324,literally so fun highly recommend,True,1696979009,0,0,0.5,0,1986,2949,76561199195026390
633080,184581470,"Quite an awesome game, where it has reached to better heights in comparison to when it first was released, much of the bugs, needed improvements and the worst downsides were fixed over time however it still needs a bit of time to solidify and patch up the minor negatives but nonetheless it is fun, enjoyable, addicting, laid back and to a degree respects your time if you're a casual player. Still a bit until the full release and we'll see how that will end up.",True,1735863227,2,0,0.5,0,21800,25394,76561198111480308
633080,147017018,"I love Relic Hunters Legend! 
You should try it. I bet you'll love it too!",True,1695666644,5,0,0.50703507661819458,0,1434,2081,76561197977289691
633080,147015828,"Relic Hunters Legend is made with a TON of love by a developer who truly cares about their game, the community around it and gaming as a whole. It's slick, stylish, charming and *absolutely* at least $10~15 worth of fun. The devs are regulars in the discord, frequently answering questions and responding to issues. Same goes for the community managers.

If you choose to support RHL in Early Access you will not regret it.",True,1695665548,32,0,0.638734102249145508,0,5380,6795,76561197966056040
633080,148000877,"I don't know what it is but this game is awesome. I have been on vacation from the beginning of this month and have not put this game down since. I have been grinding pretty much everyday, the game is that addicting. They take elements from big games like Borderlands and Destiny and mash it up in this cutesy style shoot em up 4 player co-op. Don't let all the negative reviews dissuade you from playing the game though. You have to understand that the game is in early access and there are a lot of bugs to hammer out but for a game that's early access, I've had minimal problems with the game. That's just expected in early games like this. The game has lots of potential and I know in time they will make this a game that everyone will love.",True,1696980097,1,0,0.5,2,6570,20358,76561198151261203
633080,147094888,"[h1] A charming game [/h1]

There's a lot I want to talk about with this game and I'm having trouble on where to start, so I'll just lead it off by saying this game is very pretty. From the color schemes, the designs, monologue, the characters, everything feels vibrant and alive. Like it has a purpose for being there. But it doesn't do it in a way that's too time consuming where you dread talking to npc's because they take up too much time. It's done in a way where you're in and out. Though, that's not what's really the point of this review. This is if you're having trouble deciding to get the game or not, and hopefully this will help. I will be going over what I think the ups/downsides are, as well as what I would like to see in the future.

[h2] Pros [/h2]

This game does a really good job at rewarding you for the time you've put in. Yes, I've only put in 4 hours, so who knows if that's how it will be when I get to 100, but so far, there are always things for you to get, upgrade, recycle, or work towards. No matter what YOU decide to do, it will go towards something, and I really like that. It makes it feel like less of a grind or chore. And they still do it even when I have almost two characters maxed out.

Gunplay is very fun and diverse, which isn't a surprise considering they went the Borderlands route with the whole guns and subclass for guns, I.e. Water/Fire/Nature/Magnetic etc  which allows for you to again, play how you want to play.

Abilities are very unique to each character, each having their own skill trees, as well as own cosmetics, making them feel more unique, even if there are a multitude of the same character being played. 

The story is honestly pretty captivating. I'm not saying its anything revolutionary, but considering most people are playing this for the co-op aspect, it's story is surprisingly really cool, and it's something I have been made to genuinely care for. 

Level design/content is pretty plentiful. Like honestly. Some people say that it feels like a loop, and to that I say welcome to the rogue-like genre lol. To me it doesn't feel like a loop, because of the constant different mission types you go on, like payload, defense, explore etc. Which is the other thing, some levels have ""explore"" on them, meaning they are meant to be replayed for more value than just getting all the chests and hidden treasures on the map. You fight enemies for more xp, on top of getting extra loot.

[h2] Cons [/h2]

Honestly, there isn't much to say here, other than the painfully obvious which is the servers/early access.
Yes, believe it or not, early access games are fully finished and will have rough spots. The biggest gripe you will hear from players are server stability, which for 90% of people, isn't an issue. So take with that what you will.

For me, my biggest personal complaint is the fact that there is FORCED multiplayer. This is a problem for multiple reasons. 1, obviously, you can not play solo, unless you're doing a story mission or by the grace of god no one joins your game. Two, even if you set your lobby to private, where it's invite only, (at least this happened for my friend and I) people were STILL able to join. Again, I don't really care, but it would be nice to just have some games where it's him and I. [b] (THIS LAST PART IS JUST A HUNCH AND NOT CONFIRMED, AS WELL AS A POTENTIAL UPSIDE!!) [/b] And the 3rd and final issue with this is scaling. Because the game basically forces you to have 4 people, the game doesn't scale to the lower numbers, because it's not really supposed to happen. So if you do have 2 people, somehow, you are going to be fighting people as if you had 4, because the game SHOULD be forcing players to join your non-full lobby. At least I think lol. And this is also an upside because it makes it more challenging, which for me is always more enjoyable.

[h2] Changes I would like [/h2]

Color palates. Especially for the pants. I have no clue why, but the color palates for all the pants are honestly horrendous. Like they basically aren't there. They just slightly change the color of your jordans.

Crystals. You can earn these through ranking up your rebel rank, but you'll soon realize, this just isn't enough to be able to actually spend it on anything you want. But it's okay since it's just cosmetic and there are other ways of getting cosmetics without paying money.

Map function. You can't zoom in or out, or move your map at all when you press ESC in a level, which is because it's already zoomed out pretty far, but I think it would be cool to have a feature where you could zoom in and move it around. 

Private. Lobbies. Let people play solo, or co-op, please don't force 4 people to always be on a level lol.

[h1] Final thoughts [/h1]
Just get the game lol. It's on sale for what, 10 bucks? Worst case scenario, you get 2 hours in and refund it. Trust me, 2 hours in and you'll know if this game is for you. If you like rogue-likes, and destiny or borderlands, and you don't have shitty internet, I don't see any reason why wouldn't like this game.


UPDATE: welp, they changed the entire game, ive seen SO many comapnies do this rececently IE wayfinder, void crew, and now this. So disregard my whole post lmao",True,1695767058,0,0,0.5,0,1443,1443,76561198200577282
633080,148239967,"With hundreds of hours in the game from 2017-current, this is the best form the game has been in and it continues on an upward trajectory.  The lead devs have been very active in both public discord and private conversations.  Through my interactions with them, I fully trust that they can move RHL from early access to full launch without straying from their mission and with Gearbox behind them as the publisher, I am not concerned about them wavering on their ethical monetization principles.

Gameplay is fun, builds are diverse, grind is relaxing.  That being said, if you aren't a fan of warframe or destiny-esque grinds, then skip this title.  Movement is snappy, the systems are simple enough to be broadly approachable, but deep enough to keep you coming back to further tailor your build.

Overall, would recommend -- if not now, then definitely on full release.",True,1697323470,1,0,0.5,0,4773,10019,76561198070698379
633080,147125001,"After waiting so many years, this game became something very special to me! It has all the magic i remember having as a kid playing video games! It doesn't cost much, and it has a full-packed story behind its Looter-Shooter Gameplay.",True,1695818571,2,0,0.51483464241027832,0,1938,3496,76561198117744144
633080,152456467,There should be a underrated awards because people are missing out the goat.,True,1701193064,2,0,0.495303541421890259,0,1435,1435,76561198077845740
633080,202441133,no idea what it was like pre 1.0 but as a paid title currently this is a very competent arpg/looter shooter,True,1755592642,1,0,0.5,0,1957,4728,76561198001921111
633080,147926319,"This feels like a great new start for the gaming industry. I have hope for these people, and their new lives. They shall learn of my project's existence, and put the Bankers in their place.

UPDATE (4/24/2024):
We are losing this war, we MUST push harder, faster, better, [b]STRONGER![/b] Come ON, RogueSnail, [b]YOU NEED TO DO![/b]

UPDATE (9/27/2024):
Well done lads, well done! I daresay the Bankers are quaking in their boots, what with all the hiding you and your friends have dispensed it - SLAP!",True,1696861958,0,0,0.5,1,2584,3007,76561199004897573
633080,148192758,big boom. big fun.,True,1697279744,0,0,0.5,0,2975,6466,76561199228382054
633080,147331253,"After a rough ride (starting as a F2P, losing a publisher, mostly switching to a paid single/multiplayer game), Relic Hunters has been released from EA. And it's almost great. Almost. It's held by a small number of design decisions ranging from annoying to catastrophic.

Pros:
The 6 characters feel pretty unique and most are fun to use. The skill trees are interesting enough that there are plausible routes to good build diversity, too.

Art style and direction is good.

The gunplay (you know, the main thing in the game) is actually good and fun. It's a looter shooter, and the looting and the shooting both have their high points. Weapons feel different, and definitely play into build variety.

The exploration missions are pretty great - it's fun to wander around, and most bosses feel different and have fun mechanics to interact with.

The animated movies are pretty good!

Cons:
It's a looter shooter with the single worst inventory management system I've ever seen. The small inventory is shared by every character. If one character equips a piece of gear, all have to carry it around. This is idiotic. There is a stash, but it's literally pointless.

The majority of the missions are not exploration. 80% of them are some version of ""keep the bad guys out of this small circle."" Sometimes the circle moves, sometimes you clear one circle and have to go to another. They all suck. It's a terrible mechanic, and it's literally most of what you do in the game.

Charge skills/jumping. Initially, these feel cool and fun to play with, but given that in almost every encounter enemies will be able to interrupt your skill charge up and your jump (making you fall straight down and waste the skill), these become annoying and a detriment, so you don't use them.

Falling off an edge - you take a little damage and you respawn pretty quick, but you keep a little momentum from when you fell. Meaning, sometimes you just keep respawning and falling over and over. It doesn't work well.

Grinding. The F2P bones of it are still obvious, and it's the bad parts of F2P. Did you love rep grinding in WoW Classic to get those items you need? No? Screw you, it's in here anyway. I hope you like territory control (*insert Xzibit meme*).

Mid - the plot and writing. It... exists.

TLDR; it's a pretty good game that's almost great. Almost. Except for some design decisions, some of which are fixable (enemy interrupts), some of which aren't (the F2P bones).",True,1696051774,0,1,0.5,0,6805,6805,76561198020581818
633080,147540132,cute and good,True,1696301488,0,0,0.5,0,2615,3845,76561198003722864
633080,209434973,"Do you guys like Destiny, Borderlands and cartoons? Well, this game blends them all into a colorful time-travelling loot-gathering duck-slaying twin-stick shooting extravaganza. 

Story:
The story follows ""Seven"", a silly little guy who finds himself thrust into a hopeless war against the mighty Ducan empire, which rules over the galaxy with its army of duckmen clones. Using his mysterious time-travelling powers, seven helps the local resistance (a goofy group of rebels called the Relic Hunters) while trying to recover his memories.

Gameplay and progression:
The game follows a level-based structure, in which there are various objective types such as payload, skirmish, capture points, defense, etc. Each level is about 5 to 10 min long, which makes the game highly playable in short bursts. The gunplay is fairly solid but simple, there are six characters from choose from, each with its own set of skills and builds, the game also encourages you to level them all up since level cap rises with your account level (rebel rank). The endgame follows a simple formula: ""NUMBER GO UP"", there are daily and weekly objectives which you must do to farm the mats for upgrading endgame gear, there are also factions to earn reputation with and a number of activities to choose from; treasure maps which are mini-sized dungeons for loot farming, special missions which are harder versions of story levels. There's also a mode which is specially tailored for multiplayer, which is a shame since as the time of writing there's little to no one playing (with a recent surge of players since the game was included in gamepass).

Itemization:
This game uses your classical aRPG itemization formula, items drop in a variety of rarities, tiers and with an specific number of stat affixes, all of which can be grinded for and modified, on top of that there's a gearscore system which governs difficulty, you can grind for that perfect roll or upgrade your gear to max, which is all fun and games, but sadly gun variety is not interesting enough. There are a ton of legendary weapons and gear, but I mostly used the first legendary gun I ever got and upgraded it from tier 1 to max and it overpowered most other drops I had by far. It's still fun to search for those synergies between gun/gear/character and theorycraft (since there's almost no info online).

Final thoughts: I never expected much from this game but the gameplay is solid, the story is simple but effective (you can see plot twists from two miles away but when they hit they go hard) and the gameplay loop is addictive. The only gripe I have is that nobody plays it, I would have loved to find more people to do the final challenges since it's impossible to solo them, but well.. This game rocks, absolutely deserves more attention.",True,1763338065,1,0,0.523809552192687988,0,3367,3367,76561198057324902
633080,173634921,"Really fun Twin-Stick shooter, even more fun with friends c:

I had my personal gripes with the game, but after the swap from gearbox to being self published I really enjoy the new path the game is taking.",True,1724858492,15,0,0.675687789916992188,0,1899,1933,76561198253306991
633080,202816029,it's better than i had thought a fun little bullet hell dungeon looter with a story mode and lots of side quests and goals to keep you playing. the power scaling can be rough if your not able to team up with someone later on,True,1756071321,2,0,0.5,0,3596,3631,76561198049207750
633080,147495357,"I got zero writing skill to display how good the game is but

the only thing I can tell is 

I bought this game 3 days ago and I played for 33 hours already.",True,1696242567,14,0,0.639134824275970459,0,1988,3590,76561198029775774
633080,147034514,"A creation embedded with heart and soul in every stitch of its conception. The people behind this title really care as deeply as they can for it, and it shows. I backed this game on kick-starter when I was freshly 16. I'm 22 now and its finally hit the public market via Early Access. I don't regret it one bit. Its been 6 years, only ever getting better and better.

A top down multiplayer shooter with a sense of community, and a fun identity. Similar in structure to how spiral knights (wow that's old) worked on a social level. Has a hub, and missions to do with your friends. As well as a trading system to barter and market to other players such as yourself.

Unique weapons and characters who work off the same foundation of game-play yet still feel fresh. There is someone for any and everybody to play. It has interactive dialogue, fully animated cut-scenes structured just like cartoons, and much more within its game-play to love.

I highly recommend this title to anyone and everyone. It has so much to give and there is so much more to come.

Good luck Rebels, and happy hunting.",True,1695689805,4,0,0.455364435911178589,2,6154,10106,76561198080708675
633080,147460297,Even in early access its a great game with many things to do,True,1696189533,2,0,0.53316950798034668,0,1850,3269,76561198307186401
633080,147524384,Honestly a fun looter shooter. There are a few bugs here and there with the game being early access but its nothing a soft reset wouldn't fix for me personally. Been playing non-stop since release and there's quite a few things to do to keep you engaged. The slight character customization is also a plus.,True,1696277176,0,0,0.5,0,4046,7519,76561199434758163
633080,148780451,"Relic Hunters Legend is like if Borderlands and Clash Crashers had at child and that child went on to have its own story with loot, story, time travel, Evil Space ducks, and guns with silly ammunition. Like the Snowballer an assault rifle with a snow globe mounted to the top side of it which fires snowballs that freeze people. Along with characters that have there own abilities that allow to to approach combat at a different kind of angle. 

Now I wont lie since it is in early access there are some things that need improving but the devs are always making changes for the better of the game. Plus you can trade gear with others. Like anything; weapons, shields, shoes, currency to unlock cosmetic goods. So if you like looter shooter mayhem its a fun game",True,1698147601,0,0,0.476190477609634399,0,5827,6905,76561198162872621
633080,147100177,"I have played this game since the alphas back in 2020 and the game only got better.

The game only gets better with the developers actually listen to the community and overall the gameplay is really fun and smooth.

I do recommend it in its current stage, it is a really good game and I have to thank every single person that helped to make such an amazing game.

Thank you so much Lucy for the key !!! Miss you !!!",True,1695776056,1,0,0.523809552192687988,1,1709,3734,76561198203868947
633080,148503755,"Fun top-down shooter game, reminds me of Enter the Gungeon with some Borderlands. Plenty of loot to collect and enemies to destroy. 

End-game progression is meh, it's gated by daily and weekly activities (you need special materials to improve your gear), which is like a part-time job. I'm not a huge fan of such things.

The enemies are so goofy-looking, they'll make you laugh as you shoot them in the face.
The weapons are so over-the-top, you'll have a blast trying them all out.
The game is so addictive, you'll lose hours playing it without even realizing it.

If you're looking for a fun top-down shooter, be sure to check this game out. You won't be disappointed!",True,1697743800,1,0,0.516129076480865479,0,8152,8171,76561197992274358
633080,176722440,"Fantastic top down shooting and looting.  It feels so satisfying to collect loads of items and level up my characters. Music is neat, art style is cool, and almost all the dialogue is voice acted (I'm hoping the full release brings 100% voice acted dialogue.)  It's just a lot of fun!

If you like shooting and looting and collecting, you'll love Relic Hunters.  I'm excited for the full release.",True,1728513137,1,0,0.5,0,4696,7665,76561198321838090
633080,147346302,Honestly the game is a lot of fun but I recommend waiting for the full release as the frequent crashes may ruin your experience of a genuinely good game.,True,1696070349,0,0,0.5,0,3464,12105,76561198256673478
633080,148237824,it pretty entertaining but very bugged atm,True,1697320664,0,0,0.5,0,2647,3131,76561199247710744
633080,147039492,"One of the best looter shooters since the borderlands franchise. cant wait to see this one grow into something greater. this game has a great art style, great loot, in depth character classes and lots of content. 10/10 cant recommend enough",True,1695697698,1,0,0.5,0,4702,4702,76561198288890092
633080,161175472,if you like a mix of destiny 2 and borderlands youll love this game,True,1711128751,2,0,0.508447885513305664,0,4594,15658,76561199022611870
633080,147271507,"A distinctive and reasonably compelling experience. Although it is not consistently challenging the gameplay loop remains fairly entertaining and presents a solid variety of features.


The combat system is relatively well-rounded and simple, but includes a tangible amount of room for strategy and player input. Unfortunately the threat of many early missions is quite low; and so while players can be tactical in the early stages they often do not need to be. The game does have multiple difficulty modes although how difficult they really are remains to be seen, as reaching such content takes a decent amount of investment.

There is a distinct amount of customization between the cosmetics, unlockable perks and gear bonuses that clearly outline how players can work towards creating unique builds as a long term goal. Between the story mode, regular missions, dungeons, faction tasks, higher difficulties and achievement unlocks the game presents a great variety of progression mechanics to juggle. There are a decent amount of unique areas, characters and enemies but it definitely does not stand out much beyond satisfying a baseline level of content variety.

Overall the presentation of this game feels effortful and well-rounded as well. The music, art and voice-acting all give it a polished vibe; although the selective absence of voice-acting is awkward. The story and writing is somewhat hit-or-miss. It does eventually build an okay plot with okay characters, but there are definitely moments of shallow or otherwise unsatisfying writing. In the same way there are moments where the writing particularly excels.

The story has a sparse but relatively clear agenda with regards to the lesson it's trying to teach, but it largely fails to do so in a very convincing or fluid manner. The moments where the writing attempts to implement a lesson are tactlessly obvious and put forward absurdly hyperbolic scenarios to make a point, which only make the developer's view look infantile. While elements of these lessons are reasonable at the deepest level, they are taken to such a zealous extreme that it makes the entire sentiment contemptible; if not outright insulting. According to the developers, [spoiler]if a plainly selfish and malicious person is trying to destroy your life and the lives of everyone you care about; mocking that person even a single time is extremely uncool and merits a personal crisis[/spoiler]. It's just ridiculously overblown, and thus incredibly unconstructive to anyone actually facing such problems in their life.


Although this experience is not particularly ground-breaking in its mechanics, the developers have clearly put a lot of work into giving the game a substantial amount of features and identity. The gameplay may not be especially engaging in terms of its difficulty at first but the story and progression mechanics help compensate. Hopefully the later difficulties present more of a daunting challenge as that is what the experience really lacks in its beginning. It certainly has quite a lot of playability given the price. 

If you're interested in finding more games like this I've probably reviewed quite a few on my curator page [url=https://store.steampowered.com/curator/38950844-Anoemalous/] here [/url].",True,1695985106,0,0,0.5,0,3482,3515,76561198171033130
633080,200800212,"fun, decently deep arpg with good build variety and content",True,1753580624,11,0,0.56829601526260376,0,22663,25085,76561198072580032
633080,147477378,"valid game, RIP to ur time past Rebel 10",True,1696212084,0,0,0.5,0,1835,5119,76561198406597738
633080,147022814,"A lighthearted top-down looter shooter.
Good for a game with the lads and all that.
No serious critique or anything just want to help this game have better reviews and see more people playing is all.",True,1695673541,6,0,0.5,0,1582,1751,76561198077258799
633080,147882263,It's Good!,True,1696787553,0,0,0.5,0,1908,1908,76561198017063239
633080,147029320,"A looter shooter thats heavy on the looting and shooting, is there any more i should say? Also very good developer team, loved the first of the series and its just been bangers since. If you want to, go ahead and support them now, but the game is going to be free on full release.",True,1695682364,2,0,0.510309278964996338,0,3677,3949,76561198060224191
633080,188282567,Funny Story,True,1739985986,1,0,0.5,0,9066,9297,76561198084884720
633080,147907281,Well worth the $15 for just the singleplayer campaign. Can't comment on multiplayer or endgame grind,True,1696824741,2,2,0.532947897911071777,0,1664,1896,76561198100440308
633080,150939219,"As someone who played Spiral Knights back in the day, Relic Hunters Legend takes me back to when times were simpler, and I'd grind that fiery underground fortress for endless loot every day so I could buy me that fancy new thing on the auction house.
Nostalgia trip aside, RHL, while still very buggy in Early Access, is easily a top pick for me. The satisfaction of chokeslamming ducks for loot is a passtime I never thought I'd need in life until now.",True,1700648214,0,0,0.5,0,7565,7798,76561198258273262
633080,203067738,This game is amazing and I implore people to play it.,True,1756410107,0,0,0.5,0,2890,5022,76561198136581079
633080,147869325,surprisingly fun,True,1696774602,0,0,0.5,0,1450,1558,76561199088041738
633080,147026834,Been following this game since 2018 and it's really fun! 4 player online co-op plus multiple playable characters with their own playstyles.,True,1695678796,1,0,0.5,0,2584,5946,76561198052650905
633080,147741672,"This game is buggy a lot, i will just get that out of the way. but this game is beautiful, the art style looks so cool, and this game is in early access, so most of these bugs can be excused. I am excited for the future with this game, lets just hope gearbox doesn't fuck it up. 8/10",True,1696601544,1,0,0.521276593208312988,0,4736,12244,76561199096640274
633080,149145682,"This is easily one of the funnest games I've played in years and it's refreshing to see a looter shooter which isn't also a rogue-lite. The developers seem committed to making the game friendly to players in terms of it not being pay-to-win and there is a feature already in place for allowing cosmetics to be bought with an in-game currency. Your mileage may vary when it comes to liking the story and characters, but the core gameplay seems solid and I have faith that much needed balancing, tweaking, and bug fixes will come with time. I'm looking forward to updates and trying out new characters as they are added.",True,1698603355,2,0,0.496724873781204224,0,4821,5762,76561198080692032
633080,204121828,"TL;DR 5/10, definitely a decent game that exists and worth trying. Too many small problems that stack up for prolonged gameplay.

Good for $5 or less. Mediocre for $20. UI design is terribad and you're spending just as much time in the loading screens and menus as you are in missions, unless it's an exploration level where I can actually play the game for more than 2 minutes.

Overall a cool art style and talent-system character looter shooter but nothing is going for it besides the cute art style. The story is silly but overall mediocre, and the pacing of the game itself is a slog. You're introduced to additional gear mechanics and stat systems comfortably so I'll give props there.

Ultimately the most fun I had was being in the game playing, not navigating console tier UI (Destiny inspiration is obvious), or the world map. And for a game that's meant to be co-op, it had barely anyone playing even during release for it to be enjoyable. Like Warframe you mostly existed while a higher level person slaughters the entire map while you just sit on the objective.

Unlike Warframe though, playing Solo is not anything special. And playing with others your level does start to interact with one another, but definitely not fast enough for it to be interesting. In Team Fortress 2 if I'm a medic, I'm changing the game minute 0. As a support in this game, I might as well just have been anything else as no one dies earlier on. No one really needs support until the game ramps up its stats and difficulty way too late for anyone to even experience it.",True,1757638542,3,0,0.560039043426513672,0,1442,1442,76561198018693240
633080,147121447,"I'm absolutely hooked and excited for the full release 
Game is going to be free on full release like the original game 
so excited for the future of this game",True,1695814366,0,0,0.5,0,1676,2403,76561198057716400
633080,147480711,"Buggy as hell, but still very fun and charming. Still in early access, so most of the bugs people are experiencing at the moment will be dealt with in time. The story is definitely targeted towards a younger audience, and could pass for something on Disney channel, but is still engaging and fun to read through and think about.

Also Raff is literally me",True,1696217338,0,0,0.5,0,2343,5525,76561198099650021
633080,209440023,"Good twin stick arpg if you are looking for co-op, 20 bucks is not bad! Also word from the wise, knock out quest and rebel rank to unlock endgame. Make sure you are enhancing your gear. Respec'ing is free!",True,1763344172,0,0,0.5,0,2515,6306,76561198164593351
633080,147724376,"Come for the cute donkeyman, stay for the abrupt and dark tonal shift at the end of Act 1",True,1696574225,0,0,0.5,0,2439,5709,76561197998487209
633080,147600109,"I freaking love this game. Reminds me of the OG Dungeon Rampage, but with a gun and epic story while also being 100% family friendly. Progress through missions, enjoy stories, all while having fun with friends (or if you don't have any, they also got discord, or random matchmaking)

Graphic wise its eye-candy. The grind is bearable, unless u want to be stupid strong (which is not required to progress, so u can just play casually). No competitions or anything, just collect and loot stuff and have fun!

Edit: the fun lasts for about 5 days; after that it's just grind tbh",True,1696386791,3,0,0.552058100700378418,0,2795,3401,76561199041514522
633080,162195539,"Good gameplay, (a good 100+ hours before gets a bit tedious), allthough i skipped all the story becuase i wan play not watch cutscenes.

Plays a lo tlike borderlands, HIGHLY reccomend after playing for 20? hours to go the discord to see the guides on how to actually get relics though",True,1712246827,7,1,0.589858293533325195,0,13301,25569,76561198036011725
633080,148049135,"Good game, I didn't expect the story to be good but it impressed me. It's the feeling when you watch cartoons after coming home from school with a nice grind",True,1697063461,0,0,0.5,0,1452,1471,76561198077264717
633080,150708245,"I have a flashing weak spot for looter shooters. They hit my critoris in just the right way. But it wasn’t until relic hunters legends that I realised theres practically no top down twin stick options that scratch the same itch that Destiny managed too back in it’s hayday.

I played the beta for legends a few months ago and I’ve been itching to tell you about it ever since. But I wanted to get a little further into this early access title before giving it my seal of approval just in case three hours into the campaign it tries to offer me NFTs or something.

Well fund the Taliban and call me a Clinton it turns out it’s actually pretty good.

For an early access title it sure feels finished to me. Shooting guns is finger licking good, the campaign feels all there and there’s enough to do every day to keep me entertained for a while.

So what have we got. A main hub area to trade with other players and test out weapons. A campaign. Various levelable relic hunters with stats and ults to level which all feel different. Instanced mission nodes. And Guns with more random buffs than a gay porno.

I particularly like the loadout screen which was lifted from Destiny, and you rely on a gear score to know whether or not a challenge is right for you. You can upgrade your favourite gear, and the games lets you know ahead of time to not be shy about upgrading parts your into, because you can always merge that gear into newly dropped stuff just fine.

It has drop in co-op and it isn’t rare to land into a public mission already underway. You can play solo just fine but it’s always sort of a relief to have random friendos helping you in a public match. Oh yeah there’s ingame chat and emotes too.

Levels have secondary goals of random resources sprinkled around and chests of extra loot tucked away as a reward for poking around.

Rogue Snail have managed to create a toit little product. I’ve heard about polishing turds before but they’ve managed to compress a turd into a diamond.

If you were wanting a new game to play with your 3 friends, or just something to turn your head off for as you get into the zone of dodge iframes and killing tons of dudes then you should probably check out relic hunters Legends.",True,1700603691,0,0,0.5,0,1559,1645,76561198011546867
633080,147541588,"⠙⣿⣷⣄⠀⠀⠀⠀⠀⠀⠀⠀⠀⠀⠀⠀⠀⠀⠀⠀⠀⠀⠀⠀⠀⠀⠀⠀⠀⠀⠀⠀⠀⠀⠀
⠀⠀⠀⠀⠀⠀⠀⠀⢺⣿⣿⡆⠀⠀⠀⠀⠀⠀⡀⠀⠀⠀⠀⠀⠀⠀⠀⠀⠀⠀⠀⠀⠀⠀⠀⠀⠀⠀⠀⠀⠀⠀
⠀⠀⠀⠀⠀⠀⠀⠀⢸⣿⣿⡇⠀⠀⠀⠀⠀⠀⣾⢡⠀⠀⠀⠀⠀⠀⠀⠀⠀⠀⠀⢢⡀⠀⠀⠀⠀⠀⠀⠀⠀⠀
⠀⠀⠀⠀⠀⠀⠀⠀⠈⣿⣿⣷⡦⠀⠀⠀⠀⢰⣿⣿⣷⠀⠀⠀⠀⠀⠀⠀⠀⠃⣠⣾⡇⠀⠀⠀⠀⠀⠀⠀⠀⠀
⠀⠀⠀⠀⠀⠀⠀⠀⠀⢻⣿⣿⣿⣆⠀⠀⠀⣾⣿⣿⣿⣷⠄⠀⠰⠤⣀⠀⠀⣴⣿⣿⡇⠀⠀⠀⠀⠀⠀⠀⠀⠀
⠀⠀⠀⠀⠀⠀⠀⠀⠃⢺⣿⣿⣿⣿⡄⠀⠀⣿⣿⢿⣿⣿⣦⣦⣦⣶⣼⣭⣼⣿⣿⣿⠇⠀⠀⠀⠀⠀⠀⠀⠀⠀
⠀⠀⠀⠀⠀⠀⠀⠀⠀⠈⢿⣿⣿⣿⣷⡆⠂⣿⣿⣞⣿⣿⣿⣿⣿⣿⣿⣿⣿⣿⣿⣿⡄⠀⠀⠀⠀⠀⠀⠀⠀⠀
⠀⠀⠀⠀⠀⠀⠀⠀⠀⠈⢙⣿⣿⣿⣿⣷⠸⣿⣿⣿⣿⣿⣿⠟⠻⣿⣿⣿⣿⡿⣿⣿⣷⠀⠀⠀⠀⠀⠀⠀⠀⠀
⠀⠀⠀⠀⠀⠀⠀⠀⠀⠀⠄⢿⣿⣿⣿⣿⡄⣿⣿⣿⣿⣿⣿⡀⢀⣿⣿⣿⣿⠀⢸⣿⣿⠅⠀⠀⠀⠀⠀⠀⠀⠀
⠀⠀⠀⠀⠀⠀⠀⠀⠀⠀⠀⠸⣿⣿⣿⣿⣇⣿⣿⣿⣿⣿⣿⣿⣿⣿⣿⣿⣿⣿⣿⣿⣿⠁⠀⠀⠀⠀⠀⠀⠀⠀
⠀⠀⠀⠀⠀⠀⠀⠀⠀⠀⠠⢐⣿⣿⣿⣿⣿⣿⣿⣿⣿⣿⣿⣿⣿⣿⣿⣿⣿⣿⣿⣿⡿⠀⠀⠀⠀⠀⠀⠀⠀⠀
⠀⠀⠀⠀⠀⠀⠀⠀⠀⣀⣤⣿⣿⣿⣿⣿⣿⣿⣿⣿⣿⣿⣿⣿⣿⣿⣿⣿⣿⣿⣿⠟⠁⠀⠀⠀⠀⠀⠀⠀⠀⠀
⠀⠀⠀⠀⠀⠀⠀⢀⣴⣾⣿⣿⣿⣿⣿⣿⣿⣿⣿⣿⣿⣿⣿⣿⣿⣿⣿⣿⣿⣿⣿⠀⠀⠀⠀⠀⠀⠀⠀⠀⠀⠀
⠀⠀⠀⠀⠀⡀⣠⣾⣾⣿⣿⣿⣿⣿⣿⣿⣿⣿⣿⣿⣿⣿⣿⣿⣿⣿⣿⣿⣿⣿⣿⡔⠀⠀⠀⠀⠀⠀⠀⠀⠀⠀
⠀⠀⠀⠀⠀⢁⣿⣿⣿⣿⣿⣿⣿⣿⣿⣿⣿⣿⣿⣿⣿⣿⣿⣿⣿⣿⣿⣿⣿⣿⣿⣿⣄⠀⠀⠀⠀⠀⠀⠀⠀⠀
⠀⠀⠀⠀⠠⢸⣿⣿⣿⣿⣿⣿⣿⣿⣿⣿⣿⣿⣿⣿⣿⣿⣿⣿⣿⣿⣿⣿⣿⣿⣿⣿⣿⣄⠀⠀⠀⠀⠀⠀⠀⠀
⠀⠀⠀⠀⣀⣶⣿⣿⣿⣿⣿⣿⣿⣿⣿⣿⣿⣿⣿⣿⣿⣿⣿⣿⣿⣿⣿⣿⣿⣿⣿⣿⣿⣿⡄⠀⠀⠀⠀⠀⠀⠀
⠀⠀⠀⠀⣻⣿⣿⣿⣿⣿⡟⠋⠙⣿⣿⣿⣿⣿⣿⣿⣿⣿⣿⣿⣿⣿⡿⠙⢿⣿⣿⣿⣿⣿⣿⣄⠀⠀⠀⠀⠀⠀
⠀⠀⠀⣿⣿⣿⣿⣿⡿⠋⠀⠀⠀⢿⣿⣿⣿⣿⣿⣿⠿⢿⡿⠛⠋⠁⠀⠀⠈⠻⣿⣿⣿⣿⣿⣿⣅⠀⠀⠀⠀⠀
⠀⠀⠀⣿⣿⣿⣿⡟⠃⠀⠀⠀⠀⢸⣿⣿⣿⣿⣿⣿⡄⠀⠀⠀⠀⠀⠀⠀⠀⠀⠙⢻⣿⣿⣿⣿⣿⣤⡀⠀⠀⠀
⠀⠜⢠⣿⣿⣿⣿⠀⠀⠀⠀⠀⠀⠀⢿⣿⣿⣿⣿⣿⣗⠀⠀⠀⠀⠀⠀⠀⠀⠀⠀⠀⢻⣿⣿⣿⣿⣿⣦⠄⣠⠀
⠠⢸⣿⣿⣿⣿⣿⠀⠀⠀⠀⠀⠀⠀⢸⣿⣿⣿⣿⣿⣿⢀⠀⠀⠀⠀⠀⠀⠀⠀⠀⠀⠀⠘⣿⣿⣿⣿⣿⣿⣿⣿
⠀⠛⣿⣿⣿⡿⠏⠀⠀⠀⠀⠀⠀⢳⣾⣿⣿⣿⣿⣿⣿⡶⠀⠀⠀⠀⠀⠀⠀⠀⠀⠀⠀⠀⠀⣿⣿⣿⣿⣿⣿⣿
⠀⢨⠀⠉⠉⠀⠀⠀⠀⠀⠀⠀⠀⠙⣿⣿⡿⡿⠿⠛⠙⠁⠀⠀⠀⠀⠀⠀⠀⠀⠀⠀⠀⠀⠀⠹⠏⠉⠻⠿⠟⠁
⠀⠀⠀⠀⠀⠀⠀⠀⠀⠀⠀⠀⠀⠀⠀⠈⠀⠀⠀⠀⠀⠀⠀⠀⠀⠀⠀⠀⠀⠀⠀⠀⠀⠀⠀⠀⠀⠀⠀⠀⠀⠀",True,1696303830,2,0,0.472593635320663452,0,1473,1837,76561198217019968
633080,150875172,is good for now,True,1700634816,0,0,0.5,0,4105,4107,76561198176278774
633080,147435678,"If Steam had a ""maybe"" then this would fit into that category.

The bugs in this game (at the time of review) can be INFURIATING to put up with. Like seriously.

But if you're one of the lucky ones that for some reason don't experience any of the really bad game-breaking bugs, this game is amazing, especially if you love the looter shooter genre.

Post-Gearbox edit:

We are so back.",True,1696168053,5,0,0.570719361305236816,0,5664,5695,76561198037343303
633080,174874765,"Great game with lots of content and build diversity. Balance isn't perfect yet, but pretty good for an EA game and all characters are perfectly playable in endgame at roughly the same level.
Game still has some quirks and bugs but nothing too serious or gamebreaking, just smaller things.

If you don't mind a little jank in an early access title I heavily recommend this, otherwise wait till release and enjoy it fully polished.",True,1726244497,10,0,0.541440427303314209,0,16023,20919,76561197975750090
633080,147158981,"This is like IF DESTINY & DIABLO HAD A BABY!!! I Rarely write reviews but this game deserves one. Music is epic & smooth, Combat is engaging & challenging, Content & Loot is plentiful & well thought out, Characters Skills & Perks are very interesting & well put together. You can skip all cut scenes, you can mark loot, match making & co op is Fast & dang near perfect. I'm very impressed for a Early Acess title",True,1695849429,1,0,0.508264482021331787,0,1769,3894,76561198984002331
633080,147026798,Is incredibly fun. Might update this review more later.,True,1695678749,2,0,0.510309278964996338,0,3522,4054,76561198417964195
633080,148296157,"I truly think this game is only fun after you've finished every main story mission, and unlocked every hunter. Story mode, and co-op missions should be kept entirely separate instead of weirdly mashed together. A lot of friends I've introduced to the game fell off fairly quick since playing together was the main goal; so having to have them go through 2+ hours of story without a taste of reward just feels wrong.

Additionally, in it's current state it's just absolutely ridden with hard-lock bugs, obvious graphical glitches and the works; sometimes requiring a hard restart to fix them and they're quite frequent at that (The Iron bug I'm looking at you). I can totally overlook this since it's so early into development. I just hope they get *ironed* out sooner than later.

So... why do I still recommend this game? It's got a super charming art style and admittedly super fun and addicting progression that really rewards anyone with a video game grindset.I've been following development for a long while now and I really hope to see it take off!",True,1697394907,8,0,0.589561164379119873,0,3949,6514,76561198184494097
633080,203051559,"I have been playing this game nonstop for a few days now. You can tell the devs understand gearing for a looter and they even follow the best parts of Diablo 3/PoE towards the end game in my opinion. Builds are extremely diverse and easy to grasp.

Works great on the steam deck with minor frame dips but in the end game there is a LOT going on. Easily can sink 100+ hours into this game and have more to do. Great with friends and the support team is super responsive in discord and email if a problem or bug arises. 

Seriously give this game a proper try. Nothing but a great time solo and with friends(Scaling is very good in coop).",True,1756393022,0,0,0.5,0,1963,4767,76561198175973965
633080,212043253,I really love this game and how it evolved over time !,True,1764525200,0,0,0.5,0,4211,5217,76561198167637032
633080,147023348,"Originally played their relic hunters zero, later learnt there was a sequel released. This game feel like if borderlands was a 3rd person game with more wild abilities, crazy weapon designs, and have a progression system outside of just ""defeat this group of mobs til i get the perfect roll"".",True,1695674152,5,0,0.510309278964996338,0,25455,25737,76561197962989552
633080,148149623,"Been playing since the betas, I love this game so much!
It has a fun campaign with cool characters.
The gameplay is fast and snappy and very rewarding!
There are lots of systems and game modes to keep you busy, but none of them are overly complicated or boiring.
There is no battle pass, or micro transactions. You can get everything by just playing the game.
There are character customisation for the six playable characters and a huuuuge number of possible builds for each of them.
The devs are also very quick to adress any problem you may have and they listen to the player's suggestions (like the dark mode they implemented a couple weeks ago)
This is the best game no one is talking about",True,1697220531,0,0,0.5,0,8902,10086,76561198060042282
633080,201454901,"Yea... this game is a solid gem. Highly recommend you get this game bro. Cultivating and turning each of the different characters into absolute war machines to save the planet is what this game brings. Each character plays completely different and they ALL have very unit abilities and skill-sets. Wacky and fun weapons and the community is also REALLY awesome to play with and hang around. If you're wondering if this game is worth it, i already have 162 hours and i'm definitely putting more hours into it. See you on the planet rebels!",True,1754335781,9,0,0.561736762523651123,0,9809,12750,76561198975595100
633080,151512205,very funny,True,1700820874,0,0,0.5,0,2451,2451,76561198317179333
633080,152076873,"A fun little twin-stick looty shooty game, with a story that honestly just reminds me of a Saturday morning cartoon.

I do wish there was less singleplayer-restricted content though, especially at the start.

EDIT: ayyyy full launch lets gooooo",True,1701017591,1,0,0.505613923072814941,0,2163,2253,76561198024967195
633080,169090800,"[Strike] After 200+ hours of gametime and reaching max gear score, I can say that Relic Hunters Legend is one of the most underrated looter shooters that I've played in years.
Story is really good imo (if you don't care about the story, you can just skip it and play the missions on their own), progression is also great (especially after the latest update that changed how the other hunters are unlocked, now by leveling up your rebel rank and getting rebel tokens), soundtrack is great, I enjoy the artstyle, and the devs are actually very transparent and communicative to the community.

[u] Do not listen to the reviews from launch, most of the issues listed in those have been since resolved and yea, there's also a offline mode now if you don't have a good internet connection (even tho it's more of a second save slot). [/u] 

Game is really good, would recommend even on full price.

8/10 [/strike]

[h1] 1.0 Review [/h1] 

This is a very personal game to me, it made me realise I was Trans because I related a lot to Raff, was there for when I was going through some bad moments in my life, etc. 

The game itself is fantastic, very addicting gameplay accompanied by amazing sound design and soundtrack, as in terms of story I really enjoyed throughout its 20/30 hours runtime even tho I feel like the ending is gonna be divisive although I liked it myself, but if you don't wanna play the story you still have 100+ hours of amazing content including endgame (trust me I have 480+ hours on this game).

However I do have some issues like the Story mode being solo only, the fact that there's no local co-op (please bring it back in a sequel or something), and also the issue with the menus being so bright that every time I open the game I feel like I get flash bang'd (please fix this). 

In conclusion, please play this game, Relic Hunters Legend not only is probably the best Looter Shooter I have played since probably Destiny 2 Witch Queen but also one of my favorite games of all time just for how much it shaped me. 
So thank you Rogue Snail for making such an amazing game. 

9/10",True,1720213805,6,0,0.55733567476272583,0,29038,29483,76561199132866589
633080,151288166,"[h3]Overall score: 9/10[/h3]

RHL is a top-down 3D looter-shooter. And it excels at it. The loots is diverse and meaningful, and combos well with a variety of playable characters, each with their own set of active skills and skill trees.

The world is genuinely 3D, despite the top-down style. It's really unique, I haven't seen another game do anything like it. You can hop over and onto cover, use high ground, fall into and jump over pits, there's a charter who can straight up fly. And it's all a view from above.

The loot is unique. You get a primary and secondary gun in a variety of classes (machine guns, pistols, snipers, shotguns, and more), a set of passive gear, which also has classes that certain characters can take advantage of, a potion for healing, and a relic. Relics are super cool - you need to go on a treasure hunt, solving puzzles and riddles to find the pieces to assemble them, then they level up alongside you to offer very powerful and possibly build defining effects. Loot also comes in a set of different rarities, which aren't just flat upgrades. Legendaries carry a unique effect, Sets reward you for equipping multiple items together, Exotics carry even more random stats than other items, Augmented offer a powerful bonus, but need to to unlock that bonus by completing a challenge, Uniques have fixed stats, but often have an effect even more powerful than a Legendary. There is no ""best tier"" - they all have a use.

Characters are all fun to play. They each have three skill trees, as well as a melee, utility, charge, and ultimate skill. It's nothing to write home about, but it just all works well. Also, the thematic design of them is all great, they each fit different playstyles, and there's a cosmetic system to alter how they look to a degree.

Art is great. It's colourful, but manages to stay clear. No issues with seeing anything because of all the skill effects, like with some other games.

Music is good. Not very memorable, but it works well.

Story is... probably not to everyone's taste. It involves time travel. I enjoyed it, but I can see not everyone doing so. It carries a humorous tone throughout most of it, but gets shocking serious at points. It involves lines like ""A child crying, running away as the parents are being erased by time."" There's a bit of tonal whiplash at points. It also ends kind of suddenly. It's clear the devs wanted to do more, but ran out of resources and had to wrap it up quickly. Overall, I'd say it's still good, but not without issues.

Overall, RHL is a great game. If you like the looting aspect of Borderlands, and don't mind that RHL isn't a FPS, you'll probably love this game. It's clearly made with love, and deserves far more attention than it's getting. Worth full price.

Also, as of writing this review, the score on Steam is ""Mixed"". The game had a fair number of bugs and other issues, but post-launch, it's all fixed up. So don't let the overall score dissuade you.",True,1700735698,0,0,0.5,0,9718,10558,76561198199714933
633080,148654958,"Very fun and addictive game. The ""kindness"" currency system is so effective for something so simple. Public lobbies are the nicest, most non-toxic public lobbies I've ever had the pleasure of playing in. It's a wonder more games don't implement a basic system like this to ensure positivity in their game. 

Well done devs!",True,1697961265,2,0,0.498695462942123413,0,3982,4720,76561198163484885
633080,148006367,"this game is my favorite to play right now. plays well on the deck, solo can get intense but with matchmaking you may not do much",True,1696990636,1,0,0.5,0,1294,3002,76561198831063892
633080,167121132,"boy there are very few players but the experience carries itself, if you can try to join friends or use helping others when you can. it would help fill out the surrounding social features.",True,1718064239,0,0,0.5,0,8532,14263,76561198054467346
633080,200669706,"Great game, awesome on Steam Deck.",True,1753448940,2,0,0.523809552192687988,0,1790,1799,76561198105788274
633080,147595359,Enter the Gungeon meets Borderlands with Saturday morning cartoon energy. Absolutely here for it.,True,1696378757,0,0,0.5,0,2402,9307,76561198010964930
633080,147902685,game is simply too fire,True,1696816001,1,0,0.488498002290725708,0,6320,9873,76561198138725386
633080,148135377,"Fun characters, fun artstyle, fun guns and build potentials. This game really checks a lot of boxes for me already and the devs are clearly hard at work to continue improving everything. The gamplay loop is already really great and addicting with many phenomenal QoL features for the genre. Excited for the future potential of this game.",True,1697207250,0,0,0.5,2,2052,6586,76561198835118386
633080,189314298,"i meant to recommend it earlier... its a fun game, and i think more people should play this",True,1741055897,3,0,0.511466860771179199,0,1637,1953,76561198375962111
633080,201656849,"I don’t know what's happening, but things are exploding and I’m vibing.",True,1754595080,3,2,0.516129076480865479,0,2010,6810,76561198074609922
633080,147701931,"Lidl looter shooter

UPDATE: Game was cool, but unfortunately I've encountered a bug that makes the game literally unplayable. I cannot use any of my character's abilities. I have tried every fix imaginable but nothing fixes it :( 

UPDATE 2: Yesterday's patch fixed the issue. Good job, devs. I am back to enjoying the game again :)",True,1696535810,0,0,0.544267177581787109,2,1320,2223,76561198296806175
633080,160953662,amazing must play,True,1710892264,2,0,0.498417109251022339,0,1536,1536,76561199428216081
633080,154322482,"Relic Hunters Legend is a severely underrated looter shooter that went through quite the journey. It was first intended to be a F2P online game, but halfway through early access Gearbox decided they would no longer publish it—which is a shame because they barely put any effort into marketing it to begin with. This then gave Rogue Snail two choices: either cancel the whole thing or convert what was already there into an offline single-player experience so that the game lives on.

Obviously, they chose the latter and although I'm sad that Mark Venturelli's original vision of an accessible F2P looter shooter didn't come to fruition (mostly because he had good intentions, not out of love for the business model), I think making it a single-player title was for the best. Despite some problems, from dubious design choices to bugs, RHL is a very competent looter shooter in its current form, full of heart and charm. You can tell this team loves this project and that they gave it their all.

While it doesn't live up to the likes of Borderlands 2, Warframe, or even Destiny 2 at its prime, Relic Hunters Legend is still a very fun ""Saturday morning cartoon"" game with an interesting story (that sadly ends a bit abruptly due to the whole thing with Gearbox and how that impacted funding), lovable characters, surprisingly deep build crafting, and all around fun gameplay.

The end of what we currently have does give me hope that there'll be a paid expansion of some sort and that Hell Clock (the roguelike they released shortly prior to RHL's 1.0 update) served to amass funding for that, as there's a lot of potential to continue the story while expanding the game's mechanics and character roster. 

Though it failed to find an audience during and after early access, I think it has the potential to garner a cult following in five to ten years. It won't be for everyone due to the overall juvenile tone (this was meant to be the Saturday morning cartoon of looter shooters, though I have to agree that it's a bit too childish considering the kind of stuff I know Venturelli watched growing up as we're about the same age), how convoluted some characters can be, and the the rather small pool of loot; but if it clicks for you, it might just become one of your favourite games.",True,1703450250,0,0,0.5,0,8338,8388,76561198080692382
633080,201221070,"its sort of like destiny and borderlands except much better than both. probably the best looter shooter game, although some good stat items are harder to get than mindbender so it can be abit grindy at times. theres also no alternate skills for the characters so it can feel more hero than looter at times.",True,1754064562,2,0,0.5,0,2890,11955,76561198065938375
633080,152184432,Relic hunters legends is a great game to play with friends I especially like the story and the characters. Combat feels really fun to take on monsters and bosses. The only criticism I would give its not being able to get the relics I need from killing a boss over 10 times and no relic drop. Overall I really enjoy the game cant wait to see the rest of the story and new areas.,True,1701065225,1,0,0.505613923072814941,0,2704,2739,76561198201217874
633080,147811325,Fun game if you're devoted to RNGesus. Classes are a bit unbalanced but I just got to 30 with all classes and haven't geared them all yet. Only gripe about this game is that it forces you to play/level all your classes to raise your account level (to raise your max class levels). Only reason I mentioned this is because I try to only play female characters like a lot of you.,True,1696694861,0,0,0.476190477609634399,0,4696,7385,76561197981763047
633080,147643919,Its a fun Grinding game,True,1696450453,1,0,0.506172835826873779,0,1663,2152,76561198241584256
633080,202101653,"Playing the demo a couple years back and watching this game develop from the sidelines, Rogue Snail ditching their old publisher (Gearbox Publishing) and scrapping their previous Free-to-Play/Live-Service model for a Community-First approach via embracing a Buy-To-Play model was the BEST DECISION this studio could have made for the health of the game- an exceptionally rare epiphany to be had by a Studio, in this day and age of gaming which is WHY they deserve your support!


Additional Reasons as-to Why Relic Hunters Legend is worth the asking price:

1. No Predatory Monetization
- Buy-To-Play Model: No microtransactions, battle passes, or pay-to-win mechanics.
- Cosmetics earned through gameplay: Fashion Credits are dropped by enemies and rewarded for missions—no real money needed.
- This respects your time and wallet by offering a complete experience upfront.

2. Deep Customization & Replayability
- Choose from 6 Hunters: each with unique abilities/playstyle and three separate skill trees to tailor your build, per Hunter. 
- Meaningful Gear Rolls: Getting ""Add an additional projectile while shooting"" and ""Weapon Burst Size + 1"" on a weapon (which enables burst fire) can turn your semi-auto pistol into a full-blown shotgun which feels wickedly gratifying! 
-Designed for loot-goblins and content-goblins: the game has a hefty amount of grind when it comes to re-rolling or upgrading your gear which'll keep you busy for a long while. I'm nearly 200 hours in (some of which is AFK (30-40 hrs)), and I'm ONLY roughly 66% of the way through the game, with 1 of the 3 End-game systems still untouched! (partially by choice).  
- Multiple End-game Systems to bounce yourself between: [spoiler] a set of rotating ""Special Missions"" from the campaign with juicy rewards and enhanced difficulty that refresh several times an hour, Path of Exile-styled ""Maps"" via ""Treasure Maps,"" and a Special Dungeon, with a unique twist!, that refreshes its rewards and bosses every 3 days. [/spoiler]
- In-game Loot-Filter: that you can tweak on the fly, tailored to your looting preferences

3. Offline & Online Flexibility
- Play offline solo or online co-op, the choice is yours. (no LAN support that I'm aware of though).

4. Vibrant/Engaging World & Family-Friendly
- Hand-crafted world that's beautiful to explore.
- The story follows a quirky cast of characters traveling the galaxy to uncover ancient relics, often with a light-hearted tone set for younger audiences that can still be easily enjoyed by adults.
- No gore, sexual themes, or cursing is present in-game.

 
Relic Hunter Legends is truly a hidden gem of a game that more then DESERVES a second chance and a skeptical/critical-thinking mind-set when looking at its ""mixed"" review status as Relic Hunter Legends is no longer the same game, completely changing monetization models in the process, that it was a few years back, plus the myriad of changes over those two years. Despite the time I've already sunk into the game, I have no intention of slowing down as there's still a lot of wood left for the fire to burn, best $15 twin-stick looter-shooter I've ever purchased.

Edit: Apparently, I cannot count above 5, because there are 6 total Relic Hunters!!!
Edit 2: Grammar and such",True,1755166970,56,0,0.815476775169372559,0,11685,14602,76561198028866765
633080,147602035,"The game is fantastic, offers a lot of playtime for such a small price. It's like a Borderlands style looter shooter with a Warframe style mastery system. It is early access so there are some bugs but the dev team is very active and on top of them. They are also active in the discord and listening to community feedback. Very promising game and deserves way more attention than it currently has. Definitely recommend picking it up.",True,1696390198,1,0,0.523809552192687988,0,5059,8884,76561198050533443
633080,147083071,i have fun playing it.,True,1695763751,1,0,0.523809552192687988,0,6700,11586,76561198119723948
633080,203365365,"This a very simple, fun-loving kind of game. It's lighthearted, fast-paced, and easy to pick up for short sessions, but also...stupidly addictive. The grind is very balanced and well planned out. There's a story, sort of, but this is the kind of game that encourages you to jump into the action and blaze away. It's cutesy, it's well designed, and it's got a lot of room to craft the kind of build/character you enjoy playing. My only gripe would be that the difficulty doesn't really scale. Once you've found that solid build and those high level synergies, you are going to breeze through even the hardest combats. Still, it's so much fun to trample your enemies that this isn't much of a drawback. Highly recommend.

Edit: If you played the mobile version of this game years ago (as I did) and you didn't care for it that much, this is not that game. The devs HUGELY expanded the content...and while some of the ideas/characters/silliness carries over from the mobile version, this version is vastly more fun and engaging.",True,1756786055,0,0,0.5,0,3933,4763,76561197971023767
633080,159022257,👍,True,1708656082,3,0,0.459706038236618042,0,1286,1286,76561198137349289
633080,147600740,idk how this game failed they fixed all the issues i had with it. please play this game with some friends if you get the chance.,True,1696387862,0,0,0.5,0,1477,1477,76561198968830516
633080,202200786,"I have been playing this game since its release in early access, and watched as these passionate Devs, turned an already amazing game, into a polished masterpiece!  This game has been so much fun from the start, I didn't even know what else they could do to improve on it but, they surprised us with so many functions and content with this beast, you can tell just how much they care about their creation.  This game is an EASY 10/10!!!!
A game to play with your friends, family, its got action, comedy, deep story, story arcs, EVERYTHING, it goes all over but, you get to choose where you go and all the fun that comes with it!  I wouldn't expect anything less from Devs with a Cartoon Network background, we are a very creative legacy!!!! Well done Rogue Snail!

applause = ""MANY MANY MANY PEOPLE CLAPPING""
print(""applause"")",True,1755284664,2,0,0.5,0,1430,3645,76561199547269076
633080,206737248,"This game is really fun and it is a shame there is no one playing it. Every lobby I've been in has been empty so far. 
Banger if you liked the SAS:Zombie Assault games from Ninja Kiwi. Specifically the 3rd one moreso. 

The gameplay loop is pretty samey after a while, but my god I had so much fun I beat the dang game 15H in and have just been hunting Relics.",True,1760472430,0,0,0.5,0,1746,2850,76561198379070014
633080,147923241,"i liked the game from the second i layed my eyes on it and it's really unfortunate to see all these negative reviews of the game about all the bugs of the game, I have to say 90% of the bugs everyone talked about are patched. didnt see a negative review talking about the game so ill talk about for a few second

I love  the story, and that's not an understatement. it's about time travel and corrupted government so if that's your shtick i'd recommend play the game for the story.

the gameplay is fucking awesome, like its a 2.5D looter shooter and the gunplay is amazing, there are a lot of legenderies weapons and builds to characters that makes the game feel different with every weapon u use and every character and stuff

pretty chill game",True,1696857921,1,0,0.490617156028747559,0,1709,2811,76561198344697218
633080,147870925,"For the price, you're getting a lot of bang for your buck.

Rogue Snail has been hard at work fixing, upgrading and adding to the game. If you're looking for a Destiny-like that doesn't take itself too seriously and isn't even remotely close to as expensive I highly recommend this game.

My biggest issue with it is still the Rebel Rank system which will make you do things you don't necessarily want to do in order to unlock more levels, attribute and skill points. It's by far my least favorite thing since I prefer playing my way rather than completing things on a checklist. 

More importantly the team is willing to take in feedback and listen to the community, I can't stress how important that is nowadays.",True,1696776142,0,0,0.483221471309661865,0,2280,6204,76561198027712488
633080,147473019,pretty good arpg twinstick shooter with lots of content already. 65 hours in and im still far from the level cap.,True,1696205376,0,0,0.5,0,3941,6855,76561197974798460
633080,183353608,"Pretty good game, Although there are still a few bugs here and there, I don't think the game really deserves the ""Mixed"" rating.

Game has really good story line, half of it voice acted even
Really good music and sound effects
Pretty good and casual gameplay loop
And an overall unique art style choice

Yes the game is pretty much ""Dead"" because of having maybe 3 to 9 players daily, but you can complete the entire game, and enjoy everything it has to offer without ever going online

There are a few personal issues I have with the game that others have mentioned

- Being forced to play Story missions on singleplayer is a big one.
- The game could really use an in game guide of where certain bosses spawn or where some materials are gathered from.
- On the weapon/equipment modding system, your current applied mod shoudn't use an space on the 3 options it gives you, and should instead be a ""cancel"" button at the bottom, otherwise getting the right mod you want gets tedious since after the first one you only get 2 options to choose from.

Besides that the game is pretty good at what it does, Yes it's very niche, but that doesn't make it a bad game",True,1734847908,8,0,0.587114930152893066,0,2219,2828,76561198243793894
633080,147598272,"Ok listen, this game is something i have been waiting forever, tons of loot, dungeons, super friendly community, different characters to build around and have fun, i highly reccomend it to anyone that enjoy looter shooters, its REALLY GOOD",True,1696383737,0,0,0.5,0,2470,6648,76561198014190655
633080,147174981,"makes me feel like im ten years old discovering Borderlands 2 again. this game has soul.

thank you so much.",True,1695867089,9,0,0.540611922740936279,0,1429,7097,76561198068616153
633080,147186256,I didn't like the concept of dictator Duck,True,1695882475,0,0,0.5,0,1312,6868,76561198379530197
633080,149106181,This will go so hard when it comes out of early access,True,1698564094,1,0,0.496724873781204224,0,5674,7940,76561198275583864
633080,202488556,incredible little silly little fun awesome silly game,True,1755650400,0,0,0.5,0,2283,2325,76561198148269278
633080,148110619,raff go brrrrr,True,1697164212,0,0,0.482758641242980957,0,3248,4422,76561198178658077
633080,169115204,"Cool on paper, but I almost wish it wasn't a looter-shooter.",True,1720240614,0,0,0.5,0,1830,1839,76561199033886748
633080,147033169,pretty good,True,1695687662,1,0,0.510309278964996338,0,8630,9115,76561198093124871
633080,147015569,"I've been following the game's development for many years as a Kickstarter now and have participated in many closed alpha and beta playtests. It really scratches the Lootshooter and ARPG itch just right. Great itemization, replayable content and neat graphics. Much love to the dev team and community managers!",True,1695665243,9,0,0.522917270660400391,0,2048,3585,76561198133435057
633080,147536869,Fun game,True,1696296189,0,0,0.5,0,1546,2618,76561198043317807
633080,202208276,Underrated gem in the looter shooter genre,True,1755293049,2,0,0.5,0,2115,3218,76561199297788029
633080,147604679,"I've only been playing this game for a while now but it’s got me hooked! The game-play is great so much loot and weapons to find. they took destiny 2 and borderlands together and it works really well. Also the story is excellent i am always looking forward to whats going to happen next. Love the devs work and i really hope this game has great success. 

1.0 just released and I’m super excited to finish the story in this epic adventure.",True,1696395092,0,0,0.5,0,2366,4029,76561198290248503
633080,147418385,Best Game I ever played better than warframe and destiny and wayfinder and the first decendents,True,1696149843,3,1,0.525864183902740479,0,2857,9717,76561198083426433
633080,149685709,"Solid story, great graphics, killer soundtrack, accessible gameplay, casual and difficult gameplay, good progression of content, there's really nothing bad to say about this gem, just get it already",True,1699327338,0,0,0.498695462942123413,0,2695,2737,76561199012170218
633080,147169113,"Its alpha so there is a bug here and there but holy moly this is a really fleshed out and and complete diablo-like game, its rly fun. play it",True,1695859926,0,0,0.5,0,1410,4961,76561198214463153
633080,200622703,"I've had the Kickstarter Mini OST as my alarm for quite a while now, this game really means a lot to me <3",True,1753396742,4,0,0.545378804206848145,0,2514,2516,76561198127437545
633080,161399463,"Borderlands meet Adventure Time :)
If you like Borderlands you'll love this",True,1711328204,3,3,0.529447793960571289,0,1309,1796,76561198109442336
633080,147652086,Better than diablo 4,True,1696463028,1,0,0.5,0,7884,8158,76561198388780415
633080,147586272,m,True,1696364388,0,0,0.5,0,2004,2950,76561198117052099
633080,191338600,I like it.,True,1743118241,3,0,0.472164511680603027,0,1680,1680,76561198039556235
633080,147704041,"Very loving community and development team. I love looter shooters and this one is definitely one of my favorites at the moment. It can be a little buggy and unbalanced at times, but that's understandable because the game has just released in early access. I'm very excited to see this game develop into the future :)",True,1696538520,1,0,0.523809552192687988,0,3986,9892,76561198168681392
633080,147619575,"for 10$ and 4 player co-op this game is ok and will get better depending on the devs and popularity. 

a couple of tips for beginners/midgame players so you don't have to suffer like I did.

you have a storage and a mass recycle. make sure to use it or else you will drown in trash gear you have no idea what is good or bad. ( and auto-recycle filters thank god )

rebel ranks matter do them when you can, 

when you level enough the game unlocks the 4 other hunters in the game so don't recycle your old lower level gear that you enhanced. you can use them on the whole cast.

they're all playable but if you're looking for what's broken atm music girl is op because she has insane aoe and shred armor with her keyblast shotgun

gear score is a huge deal, you get a ton of damage bonuses for example at 480 gear score you get 300% bonus damage, and at 510 you get 350%

there are 3 factions with dailies, hard mode exploration has a cool down for receiving tier 4 matierals.",True,1696421749,10,0,0.617067277431488037,0,3022,4787,76561197977016461
633080,147028865,"It's been a long road to 1.0. Years of work and passion, but we got here in the end. Fun, lighthearted gameplay with lots of depth and lots to do. Give it a go, you'll probably love it.",True,1695681633,0,0,0.465116292238235474,0,26423,29493,76561198101311955
633080,147872893,"easily one of the best looter shooters on the market rn, and a super refreshing break from the d2 content draught / tfd waiting line. super enjoyable, great gameplay, outstandingly comedic story that quickly steps into a field I was never expecting, also a great community so far! of course, it's not a *perfect* game... it does have its fair helping of bugs and glitches, but that's what Early Access is about in my opinion. the devs are super receptive to reports and feedback and have acted on stuff mere days after it was reported, which is more than I could ever expect from any other game of its genre.",True,1696778045,0,0,0.5,0,7861,8151,76561198318517376
633080,160727843,"All I wanted was to shoot some stuff online with my brother, but in the game there is soooooooooooooooo much pointless talking and such a long intro. Refunded",False,1710648560,12,1,0.533814668655395508,0,42,42,76561198069133132
633080,147097009,Not actually co-op with force single player missions.,False,1695770506,3,1,0.433054983615875244,0,23,23,76561198070591909
633080,147108393,"I have very mixed feelings about this one.

Starting with positives- the art style and general charm of the game is stellar. No complaints there- is a visually really cute game and the artists deserve praise for that.

But that's bout it for what I actively enjoyed in the brief time I took to check out the game. While the potential is most definitely there- the always online and immediate meandering the tutorial took at the start with its pacing immediately shut off enthusiasm. So did the subsequent starting loot- it failed to have a hook like other games (Borderlands, Enter the Gungeon, etc) have from the get go. The pea shooter like damage and super slow reloads made battles at the start feel sluggish and boring while the movement was the opposite. It felt like an immediate disconnect. Then with the forced multiplayer matches after with no clear singleplayer option to try- the visual clutter and all player models being the same made things difficult to parse on what was happening.

I'll most definitely come back for the full release when the game is free to play- but for now I think the game is better off with people who can get hooked with it from the start. TLDR; beginning had a mental disconnect with me the player having played other looters before.

(Edit: There is local play available according to developers.)",False,1695791107,3,0,0.477342367172241211,0,62,62,76561198297686887
633080,187601402,"It’s good and all but, there’s alot going on here that looks wrong.

The story is nice, even the characters, artstyle and stuff, but the gameplay is honestly not fun.

It’s been a year since I last played it, to be blunt I lost my interest quickly (If I’m correct I last played it since September 26). As my first purchase it’s not worth it.

The only problem I had is the gameplay and progression as I talked about earlier. Sure it’s good but it becomes repetitive quickly and I have a hard time progressing (last played, since then i havent touched this game so I don’t really know what’s going on as of now. Also why i don’t have the benefits from beta??? If my memory serves right, I did played 1st beta release and gameplay there wasn’t much issues).

Anyways that’s all I have to say here, feel free to correct me if I’m wrong.",False,1739151187,3,0,0.399097681045532227,0,174,174,76561199367843260
633080,147513577,"* Can not login. USA and Asia Servers give error
* Language strings everywhere. Something wrong with language file.",False,1696264922,0,0,0.5,0,12,16,76561198280125082
633080,147337563,"All of the menus are WHITE! WHITE MENUS! Who does that?!?!

Seemed like a cool concept maybe, don't know, was too busy being fucking blinded by the menus.",False,1696060301,1,0,0.40679505467414856,0,12,12,76561198264268272
633080,147134058,經常斷綫 任務重來...,False,1695827796,2,0,0.448302030563354492,0,59,74,76561198246445950
633080,147245836,letting other people decide when to end the mission sucks for new players - retards can't wati 10sec for people to let the open the chests after a mission,False,1695947060,44,2,0.658470988273620605,0,179,667,76561198387583645
633080,147193751,"Only played for about 40 minutes because I was disconnected 3 times during the tutorial......  Game requires you to be always online so I wouldn't call that a true solo player experience.  Sign selection is a tad strange, and I don't think you need a response when you answer a question determining your sign especially when all it does is insult and second guess you.",False,1695893072,10,2,0.488746166229248047,4,26,26,76561198002521527
633080,147167849,"WHY IS THIS A ONLINE GAME??
please offline mode",False,1695858369,12,1,0.509392142295837402,1,98,292,76561198038836171
633080,147063924,Mandatory multiplayer,False,1695740020,21,2,0.478113383054733276,0,54,54,76561198090728873
633080,147105775,"I'm normally a huge fan of looter-shooters, but this game missed the mark for me.

Combat feels fast and responsive enough for a top-down shooter, but the camera and visuals and can be difficult to follow. I frequently found myself confusing enemies with teammates because of the art style and jerky camera movements. Menus, talent trees, combat, controls, and the world map have a very simplified, almost mobile (Android/iOS) feel to them. Not necessarily a negative, but worth pointing out.

The forced multiplayer was the nail in the coffin for me. I'm glad other people enjoy it, but I'm not investing time in another game that has to be played with strangers if my friends aren't online. The game even forces you to wait on other players to join before starting some mission types, or puts you in a mission that's partially complete because another group is already halfway through the stage. In fact, my very first mission after unlocking the world map dropped me into someone else's group, so I would have to re-run the stage to know how it even starts.

Update: I've been informed by the developer that the forced multiplayer I experienced is a known bug. The Private option to play solo should be working, soon.",False,1695785908,13,1,0.480822294950485229,0,90,90,76561198084139705
633080,147124121,"I have played Relic Hunters Zero: Remix before which is a prequel to this game. Zero did a great job and made me a fan of top-down shooting games. However, after 6 years of waiting, there is an expectation gap while playing Legend.

The controls feel awkward. Players have to sprint to climb higher terrain, which often leads to frequent falls off cliffs. Additionally, the game contains a lot of empty space that serves no purpose, further worsening the control issues.

But I think the main reason I don't enjoy it is that the prequel is a single-player, pure top-down shooter, while this one leans more towards a multiplayer loot-shooter. The game style may differ significantly, and it simply isn't my type.",False,1695817498,4,0,0.468811661005020142,1,27,27,76561198085868990
633080,152117301,the game dose not load and I have to force stop it.,False,1701031716,6,3,0.501736462116241455,0,9,323,76561198371329426
633080,200757817,"Why on earth is this so childish?  I don't mean the graphics, either... cute graphics work in games.  But that's usually where the kid stuff stops.  But not in this game... it's so adolescent, it's not enjoyable.  

The vast majority of gamers who play games like this are adults.  If you look at games that this is clearly inspired by like Gungeon, those games had cute elements to them but they weren't made for children.

From the story, to the dialogue, to the characters themselves it's like sitting down as a full grown adult by yourself to watch old episodes of blues clues.  It's ridiculous, and I can't imagine how people enjoy that.  It's literally like watching a mediocre children's cartoon, and having to sit through all the characters talking and telling their children's humor jokes.

I get sitting with your kids to watch that stuff, but I cannot imagine why any adult would want to sit on their own time through a game like this that is so clearly out of touch with the age of its primary audience.

The achievement ""Good Morning, Time Traveler"" is awarded for completing the very first story mission.  5.8% of players have this achievement.  I guess I stuck around for the juvenile stuff longer than 94.2% of people did.

The gameplay is fine, it's actually decent enough if I'm honest.  That can't rescue the game from what it forces you to sit through and listen to, though.   If you can stomach the horrible 7 year old humor, characters, and conversations you may enjoy the game.  I cannot.",False,1753539272,12,4,0.306842535734176636,0,38,40,76561197996459351
633080,147167617,"This game is marked down everywhere online as ""an upcoming FREE-TO-PLAY looter-shooter""...

Everywhere, except the steam store... 

Wish I'd have known that before spending money to bugtest a free game.",False,1695858082,3,0,0.45580407977104187,0,138,138,76561198047000622
633080,147124837,"Fun and nice concept but it already feels stale and boring, just not my type of game. 
get 50 gearscore unlock new zone
get 100 gearscore unlock new zone to play

Kinda eh progression but i love the skill system it just does not feel rewarding to play",False,1695818346,2,0,0.411063671112060547,0,36,36,76561198044631162
633080,155638256,"Super bored by gameplay, no offline mode at all, forced story. This game is not what I thought it was. The previous version was decent, but this one is worse in every sense. Shame on you guys.",False,1704824348,47,0,0.657189786434173584,0,39,123,76561198056904250
633080,147015501,"Can't connect to both servers, infinite ""connecting"" message. But that shouldn't even be a problem. Why can't I play offline? No idea.",False,1695665173,30,5,0.38412851095199585,0,7,7,76561197984321435
633080,147191332,"Can't recommend this game at this time due to visual bugs I was experiencing however I hope this game improves enough to be worth coming back to when it releases (or earlier).

Also a massive waste of potential not adding splitscreen co-op and their enforcement of online play through what I've heard are dodgy servers.

Big L",False,1695889888,3,1,0.469582915306091309,0,36,36,76561198064322158
633080,203655267,"I tried to like this game, but good god i dont even know what im supposed to say about this game. I mean for starters why does every story nowadays feel like its written for children? I am so tired of dealing with these childish characters, annoying dialogue, and general immaturity when we dumb everything down. Within the first several missions i was exhausted listening to these people. Stop writing stories that are as lazy and barebones as this.

The combat is just meh. Abilities do not feel unique, nor are any of the abilities really fun to use on anyone. 
This game also has the problem of the missions being tedious and annoying. No variety or interesting mission choices, just survive or kill this target a few times. And endgame seems to just do this on repeat with higher difficulty and nothing that actually challenges or has large player engagement. 

But lets touch on the thing i despise more then anything. Stop. Locking. Story. to. A. Single. Character. This is annoying, lazy, and generally bad design. I do not want to have to be forced to play a certain character to progress. and yes plenty of people love to point out you dont NEED to progress the story in order to advance to other stuff. THEN WHY IS PROGRESSION SO HEAVILY TIED TO STORY AND SIDE STORIES??? Stop making excuses for awful design choices. 

And its just not fun. I tune out within the first several minutes of playing because the gameplay loop is just utterly boring.",False,1757123657,5,0,0.50216442346572876,0,180,180,76561198036852002
633080,147018943,"Game seems well organized, i finished the prologue and unlocked multiplayer, i must say that the intro prologue demotivated my friends to buy it right now and try it with me, i will have to play this patiently in solo at the moment till i find team mates to play with me.

But from the premises it seems well organized, also Joypad is implemented, i have an xbox360.

Will update this review soon.

UPDATE:
The game is definitely well organized, is scattered into many sections divided by levels/arenas  to unlock gradually, in each level there's automatic matchmaking so you'll hopefully find random team mates. The Secret Market is the hub where you can meet other random players if you wish.

I'm playing a few levels at the time at the moment, i'm not the type that sticks to a game to level up immediately, i still need to see better if the various levels/arenas, challenges and enemies are repetitive and i still have to meet a proper boss fight.

ULTERIOR UPDATE:
I'm not interested in playing this game anymore due to the mechanics...",False,1695668954,0,0,0.530910372734069824,0,57,240,76561198096530086
633080,147084068,"no eu servers, light mode flashbang ui and annoying characters",False,1695765314,3,3,0.503275096416473389,0,13,13,76561198086232102
633080,148194980,"The game is still way too early to even be on steam early access imo.

But if the Devs keep working on it (I hope they do and they have so far) it has a ton of potential",False,1697282453,8,1,0.519752323627471924,0,258,299,76561198089722348
633080,147887669,"The art is good. The story is a lot like kid cartoons. 
Gameplay is good initially but then feels repetitive after maybe 3 missions of the same enemies. 
Multiplayer seems essentially dead and I have yet to be matched with anyone.

When the game first came out, it was a blast but quickly the content ran out since this is an early access game. Hopefully the full release changes things drastically.",False,1696793360,0,0,0.5,0,399,573,76561198114332008
633080,202544130,"The core combat in this game feels great: The movement and shooting feels smooth, and the looting is rewarding.
However, I have some grips with the gameplay of this game:

• The UI is cumbersome and sometimes annoying. Why can't I change characters while in the hub town? Why is the item inventory not just another tab in the menu? Why can't I claim all feats (achievements) at once? etc.

• The exploration in this game is honestly not fun. Some chests are locked behind some characters' abilities (why am I forced to pick Ace?), and having to stop the stage's mission to search for resource nodes or chests feels counter-intuitive and, unfortunately, annoying. Some chests are too well-hidden for a looter shooter, especially for their feeble rewards.

• The games forces you to use different characters too much. In addition to exploration, I'm being forced to constantly change characters for story quests, side-quests, feats. I honestly hate this. Let me use the characters that I want, give me more liberty.

• As you level up you unlock skill and stat points to spend. In my opinion, stat increases are too meager and the skill tree feels a little unimpactful. This is a trend with games like Borderlands I feel we could've escaped, but alas it stays with Relic Hunters.

Overall, I expected this game to be one I could binge and spend hours in, but these cons unfortunately bothered me more than I hoped. You can tell some features were added on top of the base game to increase its longevity (which is a great thing!), but the execution damaged the cohesion and flow of the game in general.",False,1755722754,21,2,0.645013749599456787,0,638,1080,76561198056202839
633080,203801478,"It's a step down from the original game imo. Falls flat in depth and story, which the latter I feel they wanted to prioritize. Story is oddly melodramatic, and did not really grip me in early access version of game. Full release doesn't seem to change much at all from early access release. Controls also feel less satisfying than original, and abilities don't add enough to justify a skill tree. 

Inventory management is unsatisfying with mechanics that don't encourage trying new weapons in your loadout. For example, it costing a in-game currency to transfer levels every time you want to use a new weapon in loadout. It's an okay idea in that it lets you use better tuned gear later, but really is annoying when you want to experiment other similar leveled weapons or different weapon types. If I am transferring levels to a weapon that is the same level, it should not have a transfer fee. Or, in the main mart world, you are restricted from selling or recycling weapons despite having key shops and upgrades in this level. The place where tuning your build is most convenient. So you need to exit this level, ensure all hunters don't have a to be recycled gear equipped, and then go back to purchase gears (might I add blindly for hunters you are not actively playing in that level). It's little nuisances and decisions like this that add up into an experience that falls flat.

I love the art style and charm of this game, and new characters are fun! You can tell there was passion put into this project, and I don't want to take away from that. Really wish I liked this. And maybe if you're looking for a co-op diablo style game it could be fun for you. I just really think this style of game design has aged poorly, and not enough was done to make this formula work in Relic Hunters Legend.",False,1757257339,9,0,0.649772167205810547,0,790,790,76561198092281899
633080,165200118,"Huge fan of Relic Hunters Zero, and was excited for the release of this game, but ended up fairly disappointed, between how they handle community events, the balance/feel of the game, and story failing to immerse me. When/if the game becomes free to play, I'd recommend it, but in my opinion the quality is not high enough to put it above other top-down shooters, or looter-shooters.",False,1715500367,14,0,0.617351055145263672,0,492,492,76561198042264710
633080,150796738,"This is basically a more boring Warframe with more story/textboxes, more singleplayer-forced segments, and a lacking playerbase that's mostly just in endgame and nowhere else.

You're clearly meant to have other people at your gear level in the normal levels, but nobody's present, not even bots, and when players are there via helper queue, they're endgaming nukers with high gear levels who are gonna speednuke forth leaving nothing for you to shoot or do (optionally pressuring you because you're not keeping up with them)... Just like Warframe. Even the mission variety is basically Warframe's but slightly altered.

If you try to do it alone, you'll quickly notice how annoying getting swarmed is and how empty the levels really are, and, because there's 6 different damage types that are good in different ways against different things, you're seemingly expected to swap between Nature, Magnetic, and one of the other normal types against Health, but here's the catch: You only have two weapon slots and certain weapon types don't spawn with certain elements, so you have to make do with weapons you absolutely loathe in order to get through in the time you're meant to.

Oh, and of course, if you're a solo player, you NEED to build whichever character you're playing as as a dodging tank, otherwise the swarms will quickly decimate you... and that leads to grinding and farming to get dodge gear with affixes that complement your tank/dodge build. It likely gets a lot worse later, but it's already exacerbated when you play a character other than 7 who needs a different armor type and can't just use what another character has, oh no no, you're meant to grind like this is a phone-mmo, which it basically is. Grind not only for the gear, but also the enhancement mats, several times over because the game tells you you can just transfer the item level, but you can't do it to higher-rarity items, so you have to keep grinding with your green until you can finally upgrade your blue-or-above to a usable state.",False,1700618865,29,3,0.647732853889465332,0,642,832,76561198060845707
633080,148315750,"Wasn't this advertised as a co-op rpg? I've done maybe 20 minutes of co-op so far, everything is forced into solo instances. :/. Will update later if it opens up. Getting bored, just forcing ourselves to play through solo.
-
Ah..I can't get myself to play this anymore, all feels the same.",False,1697424523,20,0,0.624993264675140381,0,270,296,76561198006728527
633080,147278539,too much empty loop,False,1695993333,5,0,0.517944097518920898,0,725,1272,76561199194790823
633080,157379911,"I felt so disappointed, like I wanna love this game, it's just not enough yet. Needs more time in the oven to put it simply. The story also wasn't very enticing either, but the actual gameplay is fun for a bit and then gets repetitive so fast. overall just sad about it.
(update) as of now it has single digit player base, seriously this game died before it got to live which hurts cause I heard of the announcement since 2019. Looks like it's dead in the water",False,1706844109,30,0,0.644634842872619629,0,240,240,76561198320669766
633080,147172968,"I can't recommend this game right now, not when so many other games in the genre do it 10x better.  For one, it is not clearly stated on Steam that this game will be free eventually, so only spend money now if you cannot wait to play it.  The gameplay loop for the three hours I played was just shooting ducks then going back to the main hub to skip some more dialogue over and over.  The weapon variety is sad, there feels like no difference between common or exotic weapons.  Enemy variety?  You're either killing jello or ducks.  It's not a [i]bad[/i] game and it functions well, but it's just violently mediocre.",False,1695864551,29,1,0.538338899612426758,0,195,195,76561198019186093
633080,147045887,"Changing this to a thumbs down on March 16, 2024. The reason for this is because this game has very little content. It is mostly the same missions, on the same exact maps, but you need a higher ""gear score"", meaning grinding until you get said items. However, there are two critical issues here. One.... the higher gear score items often have worse affixes than the lesser one. But....

THE BIGGEST problem here is that your entire account is tied to a ""Rebel Rank"". This rank increases by completing quests in a huge, big, LONG journal of random things to do. So.... your max CHARACTER level is tied to your rank. If you aren't a high enough Rebel Rank, you are stuck at a level cap of 20.... and your best item can't be equipped until level 30. So how do you level up different characters? Doing the same exact boring, tired, grindy, mindless maps.... getting your gear score up, to then do more of the same. You get the point.

The grind isn't the problem, it being tedious as all hell with this forced multi character leveling bullshit is. 



""I'm going to turn this quest in and go to bed""

3 hours later. 

The gunplay is fun. The loot is meaningful. There is one mission type I dislike, that being a Vampire Survivors like ""survive for X amount of time mission"", but otherwise I highly recommend this game.",False,1695710357,0,0,0.442424595355987549,0,182,3052,76561198087029979
633080,147443944,"I've been enjoying it so far, but there are a few things that sort of break the flow of the game itself which I find to be a slight pain to overlook.

The biggest issue is the forced alone story missions. The game encourages you to play with others, but [u] very [/u] often forces your party to split up and handle their own missions, which is really bloody annoying and killing the game for my friends. Do one mission together, 2 more alone; over and over.

Second is how long it takes to unlock any of the characters, which my bothered my friends as we all are forced to play the starting class for 6 hours before getting to touch any other character, and even then, you still don't get to pick.

Third is the bugs. I've had 3 different crashes at seemingly random times for no apparently reason, and also had multiple missions just, decide not to load when they're finished, forcing me to repeat them. You can even use abilities when stuck on the black loading screen, which is odd.

Fifth is the enemy variance. The bosses are pretty interesting, but the enemies are boring as hell, the forced ""Kill X with Y element"" quests are a pain in the ass, especially if you already setup autogrinding to eat garbage items, as the ones they give you for the quest are destroyed immediately.

Sixth is how spread out the main town feels, the bounty vendors are placed waaaay outside of the town for no reason other than artificially inflating the size of the town to make it seem interesting, and all it does is add 20 extra seconds each way every time you want to do the quests.

Seventh is that you often find notification blips in your menus that can't be cleared and have bugged out, and won't be removed until you reboot the game, namely the cosmetics tab.
Having the Inventory also require you to hover the EXP books every single time to remove the blip is also a stupid decision design-wise.

Eighth is the sheer forgetability of the characters, story, and any of the world building. Everyone is just mashing and holding X to get through dozens of cutscenes and dialogue between every mission, and often during the mission.

Ninth is the fact that there is no option to stop other people from forcibly progressing the area. Needing to make verbal callouts ""Are you done here?"" while we make sure eveyrone is done exploring, or have claimed their level completion crates, and that other people can literally just stop you from exploring, gathering, or hell, even claiming your level rewards, is just absurd.

[strike]Tenth is that there is no way to track if you have the nodes and crates from the map you're on, you can only see what you can get before you enter a level, then you're blind. No completion options during the mission, no map outside of the minimap, just, run the same level half a dozen times and hope you got them all. [/strike] Developer made me aware of the map.

The gameplay itself is fun, as well as the synergies and levelling perks; but there is a lot wrong with this game that i simply can't recommend it yet until they iron out some of the annoyances that take away from the game. I'll still play a bit more of it, but I'm not sure how much yet.",False,1696175108,112,4,0.829298794269561768,2,416,416,76561198044989441
633080,147219763,"It has... potential to be great but it just doesn't click with me. The idea of Borderlands looter shooter with an Enter the Gungeon look and gameplay sounded awesome and then I tried it and was left kinda meh.

Pros:
- The art style is GORGEOUS and the colors are vibrant and pop with personality. The menus and UI are so well done, character designs (love Ace lol), the fluidity of the sprite animations is like watching jello bounce. A+ to the art team, you guys outdid yourselves!
- The music and sound effects are so well done. The music when doing the questions really got me into answering questions (weird I know) as well as the tiniest things like sound FX for button presses and clicking around, running, clanks and then the bigger stuff like gun bangs are *chefs kiss*. Team behind this also gets a A+, be proud of what you created!
- Firing guns feel good to shoot. I usually get that small *aww* when you connect your bullets (which are creatively designed btw) and knock down enemies.
- Moving around feels fluid. Well done here.
- Levels looks good, nice cartoon-y design and easy on the eyes. Also easy to navigate and get around.
- Like the different types of missions. Explore to just take your time and fight/loot. Skirmish to run and gun your way to the end. I forgot the names of the other ones but think arena style and defeat X thing before it reaches the base. There's more and that will keep it fresh for others.
- Like the option to trade with other players in the secret market.
- I dig the layout to pick which mission and area you can go to.
- You can upgrade guns and equipment (not all of them, just some) so you can hold on to it longer.
- Decent amount of storage on your character to not worry about space on every mission.
- A big plus is the ability to recycle (i.e. dismantle loot) to clear up space and get parts to use to upgrade your equipment.
- Can customize your character (limited but its there)
- There are other hunters to play as with their own traits to shake things up (you have to unlock them though)

While I'm sure there are other Pros im missing these are the ones that stand out, for me.

Cons:
- The main one is that I don't really feel engaged when I'm fighting most of the time which is very disappointing since all the pros I listed should have made this such a fun game and should make me want to play it even more. 
- The enemies fall so fast, even with starter guns, and you just... spam your gun until they all fall. The only fun time I have is when the big ducks come out and they last longer than 1-2 seconds or there's a group of 4+ Kami that give you some sort of challenge, other than that you just mow everyone down. 
- You NEED to play on a higher item level to have any engaging fights. Anything matching or lower is a cake walk once you get decent gear (grey items matching your level is enough, rare tiers melts enemies).
- Boss fights seem to be where the only real fun is, at least for me. They last longer and spawn some big dudes that actually elevate the fight.
- When you play in a group of 4 its a rush to get a shot in before your team mates demolish them so fast. It's not a case of 'alright, more team mates means a better chance at winning', its more 'oh man I better get ahead of my group so I can get a few shots in before they steal the kills/fun from me'
- They went with the Tabula Rasa route of loot for item level req (who remembers that game lol). Unless you find a rare tier item you don't get stronger gear until you reach another 3 levels i.e. Level required to equip new guns are spaced out like Level 1-4-7-10, etc. Same with armor, levels 1-3-6-9-12, etc. So you gather a bunch of same level gear you don't even bother to check cause you most likely got a rare tier item and/or upgraded one so high you're committed to it until the next tier level hits.
- With the amount of useless gear you pick up (which you will recycle anyways) why not just make them drop higher tier items and drop them less and instead drop parts to save you the recycle time and hassle.
- While it's a good thing you get a lot of guns to chose from with their own perks during gameplay I... can't the difference in the benefits since the action is so fast paced. 15% chance to proc a crit or %15 crit damage or 15% precision damage, it's just a jumbled mess on screen. I just grab whatever guns that the highest main number and just go to town and it works despite what it does and doesn't have. No need to make the 'best choice'.
- The perks of Impact, Fire, Water, Frag, etc. is neat and can add some sort of strategy but again once I grab a weapon that hits harder than the rest my strategy goes from 'use X gun for CC/tactics' to 'use strongest gun and kill using less bullets and faster' most of the time. Not useless by any means, just not as a high priority. This might be a nit pick for me.
- I'm... rarely in any danger of dying. I've only died once and that's when I played a high gear level and solo'd it while going crazy and being careless not spamming my dash to regen shield and forgetting to use potions. The rest of the time I don't think I got less than 300 HP and this is where I lose engagement with the game: No sense of danger. Unlike Enter the Gungeon I don't leave a fight saying 'yeah I survived and/or I won with no damage' I just kill them and say 'welp... next'.
- You get... infinite potions to heal and on top of that it's not JUST you heal X amount. It's you heal X amount... constantly over X amount of time and usually resets after 15 seconds (and you get perks to make it regen faster). The fear of getting hit takes a backseat in this game unless you force yourself into a level higher than suggested.
- You get real powerful... way too soon. Every skill point you use you get a powerup (up to 5... at level 5!!!) and while they are on cooldowns/charging you go from a green horn with a basic gun to Dragon Ball levels of firepower and zipping around and the screen just gets flooded with you and your team mates just spamming the field and its just chaos (not in a good way). From there you already feel like at end game after 2-3 hours of hitting Level 5 with how many things you can do coming from just one gun. This reeks of mobile game tactics, ramp up progress so quick.
- Because of how fast you get powerful with gear and skills by Level 6 you tend to over shadow players just 2-3 levels below you. I had to pull back on a few games just so my team mates could get a few shots in and they could have fun. - - -- Being Level 6 with all gear tier 1 (Most of it grey) and both guns rare high tier it feels like being 10+ level than you actually are. Enemies melt and with you abilities your shield take all the damage and your health is rarely hit and if so just hit F and you're good to go. 
- With all that said loot hunting gets less fun and all youre wanting to do is get the next 3 levels to get stronger gear or upgrade one youre gonna abandon soon after you max it out then the next tier gear will make it obsolete.
- The amount of grey gear you get is dumb, lower it by A LOT and again just drop parts instead.
- I've read that this game will be Free to Play so unless you cant wait to try it out then just wait. 

With all that said the desire to stay engage left very quickly (as you can tell by my 6.1 hours played) and it's making me want to play Borderlands 2 with a QoL mod instead. As much as I want a refund I'm gonna take this as a L and consider it a donation to the art and sound team cause this game is lovely to look at and my speakers loves this game. You guys rock and hopefully this game works out in the future or other projects you work on.

If you haven't already Enter the Gungeon (while having slower game play) is much more engaging and more rewarding to play, try it!

I'll be heading back to Deep Rock Galactic (worth every penny!) and hopefully make management happy (except for the bloody leaf lovers, gonna treat them to a salad). Rock and Stone!",False,1695918477,9,0,0.468827307224273682,0,366,366,76561198339480894
633080,147892989,"I am a player that plays the game for gameplay and enjoyment with friends, i always skip story because it does absolutely nothing for me. In this context:
[list]
[*] -Allow me to Disable story. -> Don't force it on me, please.  I do not care about it in the slightest, it's just a Press and hold X to progress simulator.
[*] - Game world feels dead
[*] - too many ""press and hold X"" instances. It breaks flow.
[*] -Why go to the secret market making us wait, walk, press and hold x to 'talk' to people? Just have a dialogue with the character from the quest menu like other less tedious game designs. Too much clutter!
[*] - If we have a 'transfer enhancement' to basically freely (with a fee of 100 currency) put the +10 from 1 item to another, why not have the enhancement on the Gear slot itself? -> less clutter.
[*] -Can't trade with friend i played 10+hours with because he didn't press and hold X enough (to progress in story)
[*] -Enemies just spawn out of nowhere. Why not make them airdrop in instead? more immersive and less dead. ""What about caves?"" a portal then.
[*] -Weapons lack description. For example 'The Grim Reaper' doesn't say it shoots homing projectiles
[/list]
Nice Sound design. It's alive and playful.

 [h3] Suggestion:  [/h3]
[list]
   [*] -Unless it's already in game somewhere ahead i've not reached yet (because story doesn't allow me, need to press and hold X more!)  a Survival/avalanche of enemy waves could be fun and intense with bosses spawning every X amount of enemies killed in x time to spawn next wave (less staged, more organic this way) Could be fun.
   [*] - Have bosses and enemies respawn in exploration. A 30 second timer could be fun, it skips having to re-match every time if you grinding for an item. Maybe multiply the boss spawn every time?
   [*] -If it needs to have story, incorporate it into the maps the player is going to play anyway. Why break flow and force it onto players as this separate thing outside of 'playing the game'. It seems like a cheap trick locking things behind story progression, you failed to incorporate it into the games flow and now we have to do gymnastics because of it? Making story mandatory does not make the player value it, quite the opposite actually. It prevented me and friends from playing Fortnite STW and the same is happening here now. Friend quit playing because he didn't wanna ""press and hold X"" to progress story, gain rebel rank to trade with me.

It's surprisingly not satisfying to play. It is very reminding of 'Save the World Fortnite'. Dead islands, different color schemes from 1 area to another. Same enemies different look. Tho they introduced new enemy types every now and then. But they too forced story on player and locked progression behind it.

 [strike] I can't think of the thing this game needs to make it 'pop off' for me.[/strike] [b] Mandatory story is definitely the biggest burden so far. [/b]
[h1] Actually: turn the map into 1 giant one we can freely traverse from 1 mission to another [/h1]
 and explore the world ourselves like in 'Exploration' mode. This would be the best for game flow! Leave and enter area again for bosses to have respawned! Put your story sequences there as non-mandatory dialogue or NPC encounters out in the wild. Never leave your party for solo missions.",False,1696799753,2,1,0.464977651834487915,0,658,995,76561198091547521
633080,202404322,"a game advertized for co-op..... but you cant play the story co-op
i enjoy the gameplay but let me play with friends",False,1755539289,28,0,0.670188665390014648,4,635,686,76561198965555216
633080,148974010,"If you want to make a game about a small, nearly hopeless resistance fighting against a genocidal fascist empire, don't make one of that empire's generals who has been shown to be directly responsible for the imprisonment, enslavement, and execution of multiple people capture the main characters, and then upon said character's escape have them apologize to HIM for having been ""no good doofuses"" for... teasing him?! WTF. just... why. This game is just utterly bizarre in the way it presents it's story in that it will be blunt and clear about the kind of horrible things that people go through when being targeted by a fascist regime and then treat the people responsible like a child who stole a cookie. It's like multiple people who never talked to each other wrote different parts of the storyline and dialogue except these kinds of things will happen in a matter of sentences, in the same story mission the game wants us to hear about people having family members dragged away to prison camps never to be seen again and feel bad for the people doing said dragging because... they wanted to look cool to their boss. It reads like some kind of joke designed to be in as sickeningly poor taste as theoretically possible to the point where I still have to just sit here wondering what the hells I just watched.

-Edit due to steam not letting me reply to comments on my own review for some reason-

So... even assuming that a high ranking general in a dystopian imperialist military never did any of those things off screen, some examples in game include but are not limited to:

Him lamenting that the rebels seem to come back after being wiped out ""Every time I think we've stamped out the last of you"",

Interrogating indigenous people to no avail before ordering armed soldiers to ""Just deal with them"" and ""make them spit out"" information who then advance on said indigenous people ominously before the screen fades to black,

Literally capturing two characters and sending them to a prison to be tortured for information, and then deciding to keep one of those characters for a little while so that he can force them to fight in an arena before he sends her there too,

Commanding soldiers to attack rebel characters with deadly weapons multiple times including one order to ""crush them into oblivion"",

It isn't ""extremism and judgement"" to point out how upsetting it is that a story presenting itself as anti-facist and supportive of victims of oppression then goes on to present people in positions of power within fascist organizations who commit atrocities as ""victims of the system as much as anyone else"" who it would be wrong to even mock.

It's even more upsetting for that to be met with one of the game's devs flat out denying that portions of their own game's story even exist in response to criticism.",False,1698410459,9,4,0.463735461235046387,5,1003,1003,76561198061915226
633080,148568075,"It's advertised as a 'co-op looter shooter' but it forces you to play solo so often that I can't recommend it as a co-op game.

Also, the amount of 'story' (I have no idea if it's good/bad, skipped it all) you have to sit through is boring. My 'x' key (skip cut scene/talking) is wearing out fast. Just let me loot and shoot ffs.",False,1697841980,5,0,0.471482843160629272,0,483,678,76561198020363558
633080,147464019,"a buggy mess that has such a major issue and they've yet to fix it. you cant click on the open button so you cant even play. 

support said to reinstall and verify integrity of files before starting but it didn't do anything.",False,1696193359,1,0,0.495412856340408325,0,301,366,76561198177761709
633080,202538471,"A generally neat game that is just not all that fun to be perfectly honest. The game is advertised as being playable solo, which might be technically true, but you always seem to wildly swing between ""gear not good enough, so everything becomes frustrating"" and ""gear score good enough, so everything becomes too easy"".

Besides that, I feel like the game is not very well balanced. Everything just feels like it takes just that little bit too much time: reload times, ability cooldowns, enemy time-to-kill. In general, the time you reload your weapons is longer than the time you shoot your weapon with, which does not feel all that great.",False,1755716394,4,0,0.520905911922454834,0,281,281,76561197971318738
633080,147197265,"I do enjoy the game play, and style of this game, but I cannot recommend it in its current state as I have been encountering a couple issues quite frequently, such as black screens after missions and frequent disconnects, the stability of the game seems to have degraded since I had previous played the open beta. When some patches release that fix these issues, I will update my review.

Update: The issues I previously had have mostly been fixed, but the more I have played, the more issues I have with the game, the progressions just feels slow and balancing your resources to level up the several characters that is practically required if you want to level up your 'rebel' rank, which is needed to raise the level cap for the characters, the game's player count has also declined rapidly which makes it hard to increase rank as you cannot 'help others' which is another requirement for rebel rank. You can do it if you have a friend to load into a game and then join them through the menu, but that shouldn't be required when you need to do it over 100 times. The drop rates for item rarity also feels skewed, I get many tier 4 equipment, while the game would not drop any higher grade tier 3 equipment. Tier 4 cannot be used until level 27 which is also gated by the rebel rank system.",False,1695897723,4,1,0.515450179576873779,0,375,1501,76561198063895318
633080,147454711,"not recommend for current game experience:
1. The leveling mechanism is not very smooth, and the transition between different stages is too long, which is very confusing. I dont even know why equipment at levels 1/7/17, there is no need to limit the growth of players with a stage-like setting.
2. In relation to the previous point, once the equipment upgrade materials enter the next stage, the materials from the previous stage become completely useless. An equipment material recycling mechanism should be created, such as exchanging low-level materials for experience books, to solve the leveling problems between different characters.
3. There are too many bugs, some levels are impossible to clear, and there are various black screens and crashes for no apparent reason.
4. The balance between characters is poor, where most people play DJ as he is way too op.
5. The design of the combo is completely superfluous, forcibly designing a gameplay similar to class, and should loosen the conditions for triggering a combo.

anyway it has potential to become a good game, looking forward to further upgrades.",False,1696184361,2,0,0.482896775007247925,0,750,808,76561198096463733
633080,154887390,not poggies,False,1704021333,0,2,0.476190477609634399,0,221,221,76561197978229364
633080,147914787,"No updates, boring game, waste of time.",False,1696841861,3,0,0.476371467113494873,0,6194,8454,76561198414962223
633080,148099439,"The game is fun until you realize how time gated it is to gear your other hunters, making end game pretty useless and not fun at all. Maybe it'll get better in the future if the game isn't dead by then.",False,1697145267,6,0,0.523079037666320801,0,4728,4728,76561198117620310
633080,162463733,cant play your game anymore because it keep returning me to the menu,False,1712557096,3,0,0.485145628452301025,0,3081,6758,76561198312306750
633080,147870041,"A lot of heart, a lot of bugs.

Put all the story stuff in a campaign mode; I can't play missions w/ my gf. We have to do story mode 60% of the time and it SUUUUUUUUUUUUUUUUUUUCKS. (The stories are real cute tho!)

Just playing for a few hours I bug reported 3-4 typoes. Nothing says 'this was developed by a lot of starry-eyed children' than silly stupid stuff like that. C'mon, be professional!",False,1696775306,1,0,0.5,0,2907,4585,76561197998120599
633080,147419745,its kinda boring,False,1696151419,2,0,0.481751799583435059,0,1324,2701,76561198373587613
633080,147808105,"The game is(maybe will be eventually)super FUN, but it's still just half baked.

Even for an early access, it feels more like an Alpha stage. 

The issues, disconnects, crashing even when just closing the game, enemies randomly hyper regenerating health and armor, random moments where you level up multiple times to the same level in the same mission just to finish it and see you didn't even level up at all. 
Zero tool tips, no information, and the community isn't of any help.
It's really hard to even say where to even begin on fixing it. 

Oh and the ""silence"" condition... Do you love being locked out of using your abilities for 30+ seconds at a time? Nope, no one finds that fun.

It's just... Not ready. 
Maybe one day when these endless and endless... And endless...... bugs and issues are hashed out. 

But it's just not worth it yet.",False,1696691656,2,0,0.476190477609634399,0,2453,3301,76561198076364443
633080,147307034,"This one had a lot of potential, but totally missed the mark. The dialogue/story is laughingly boring and the characters are just shallow. Drop rates are super unbalanced, Went to hard difficulty with the exact gear score recommendation and couldn't even kill the enemies. The enemy variety are just Duck or Grubs.",False,1696019976,8,0,0.554596006870269775,0,1282,1282,76561198087413344
633080,202554903,"Even after 1.0  release the game still crashes from time to time, it's fun when it doesn't crash though",False,1755737914,0,1,0.476190477609634399,0,6312,6555,76561198048454989
633080,176239484,"So initially I was positive. The game is good gameplay wise, it feels pretty good to play, the voice acting's nice, the art and gun designs are awesome. HOWEVER... with the full release of Act 3 (if you can even call it an Act) the story completely falls flat. Like I'm not kidding, this was one of the most disappointing end to a game story I've ever played. I was literally confused? I thought to myself that OK, maybe I'm missing something. So I progressed to hard difficulty, then expert, then I hit the end-endgame content (asteroid nemesis/maps) and there's still nothing. Act 3s ending was so bizarre it absolutely feels like it was rushed on top of it taking years to release - which is really unfortunate because I love these devs, you can tell a lot of soul was put into this. Ah well, it's not the worst thing ever. If you don't care too much about story then the gameplay's pretty fun.",False,1727897021,0,0,0.572058618068695068,0,3817,3817,76561198448202545
633080,189654933,"I've been trying, for 29 hours, to justify this spontaneous buy, but my, oh my, is it not worth it even at a reduced price.

My expectations were 'Borderlands in 2D', but instead, I got 'Destiny in 2D but worse' - the combat is basic and bare-minimum, the inventory management is clearly drawing inspiration from destiny, and is very unintuitive, leveling up is slow and dull, enemies are super spongey (killing one might take half a magazine) and the weapons themselves are bland, weak, and unexciting.

This is such a shame because the original Relic Hunters felt so much nicer, had no unnecessary progression, and allowed for modding which increased replayability. I was so excited for this game when it was announced, but now I'm just disappointed...",False,1741410736,53,2,0.680256843566894531,0,1741,1741,76561197997782129
633080,201361903,I'm glad it went buy-to-play. I'm sad it didn't fully shed its free-to-play design.,False,1754228429,6,0,0.462196767330169678,0,1924,7691,76561199382726763
633080,201074783,What probably broke this series and people don't notice (devs included) is that they moved away from pixelated artstyle into a comic/cartoon style.,False,1753888499,4,1,0.347639292478561401,0,1691,1691,76561198013887221
633080,148026539,"A cutesy Diablo-like with a lot of love and care, but very little content and staying power. Abysmal writing and the story can't be played in co-op.

And even if they fix all of the critical bugs that make the game borderline unplayable, it simply won't last as a F2P Game-as-a-Service with cosmetic monetization like envisioned. Too simplistic and repetitive, and the daily loop feels like a chore.",False,1697033044,3,0,0.453968077898025513,2,2385,2692,76561198053684592
633080,151331302,"Don't bother, dead game that only caters to end game players. Matchmaking is dead and thus a dead game. It's already preparing for end of life by making an offline mode. If you have friends, maybe, but again, there's better looter shooters on the market. 

Sad because this had potential.",False,1700749352,0,0,0.5,0,1986,1993,76561198104374512
633080,148415491,To say it's half-baked is an understatement.,False,1697593130,7,0,0.439465820789337158,0,4892,5456,76561198341374007
633080,147721275,"不是有角色太强，而是其他角色太弱！建议只加强角色，然后出更强的敌人，才是良性循环，才会好评如潮！
t's not that some characters are too strong, but that other characters are too weak! It is recommended to only increase the strength of the character and then create stronger enemies, which is a virtuous cycle and will receive high praise!",False,1696567948,1,1,0.507042229175567627,1,5391,12794,76561198367182984
633080,147258914,"In its current state I can't recommend this game and I really want to...

The graphics, music/sound and lore are excellent, the levelling system (aside from gear score) is great; However the game-play gets stale exceptionally fast because there just isn't enough variation in enemies or stages forcing it to become a rinse/repeat kind of process with the occasional forcing of doing levels again just to get your gear score up.

Giving the players the ability to forcibly end the level for everyone is plain silly especially if you haven't finished looting, it should only end for you when you step on the teleporter.

The ability to Combo with the use of various character abilities to Prime and then Detonate was not well thought out, especially if you're playing with the general public. More often than not they either don't use the skills required to set up the combo or the ability used to Prime outright kills the target making it impossible for you to use your skill to Detonate.

Edit 1:

They've fixed a bunch of the bugs and just generally annoying stuff like combos/ending missions but i'm getting more and more random crashes from unity which is a bit of a pain but meh it happens and i'm not too phased.

As I've progressed further into the game the balance between the characters is honestly a joke, Raff is hands down the GOAT and whenever one rocks up into your game that is a high level you'll basically sit on your ass and do nothing whilst they proceed to one shot the entire level without breaking a sweat. No amount of min/maxing will get any of the other characters even close because you can half ass a Raff build with little to no effort as long as you get the right items and lets be fair you really only need the Salty Galaxy Shake potion to start with and you're already destroying everything in sight :P

Edit 2:

There have been so many updates since my last edit but honestly in terms of game play not much has changed, its still the same game hence recommendation remaining a No.

The builds got a shakeup and are more viable on each character which removed Raff as the be all end all of characters, the Panzer character came out, we got more relics, treasure maps were added, they now let us play offline, we got more storage, combos got a sorely needed rework, the end game ADN content changed to a 3 day cycle vs a week, they added challenge mode which is just the same maps on a harder difficulty and we got the ability to upgrade weapons/gear and add stats to them. I'm sure there is probably a bunch of smaller things I can't actually remember or bother looking up and yet despite all of these changes I still personally feel that the review is correct.

I understand that people want me to change my review, mostly because of the time I've spent playing the game or because it's ""the top review"" but unless something big happens to make me want to change it i'm sorry to say its not going to happen.

I do constantly come back to the game and play it here and there in the hopes that something will make me change my mind but Rogue Snail just havent quite hit the nail on the head yet.",False,1695966055,85,2,0.726555347442626953,3,13671,14030,76561197992760821
633080,147814771,"Do NOT buy. 

In the game's current state, I would not recommend buying this game until they fix the critical bugs that prevent you from playing. I can't even stream the game on twitch anymore due to the recent update that completely broke the game entirely.  I will change my review if things get better but this company has had a few of the same bugs found in their prior games and I wanted to put my faith in them thinking they'd prioritize this game since it was one of their most anticipated games for several years. Screen crashing, co-op breaking errors, skill locked bugs that prevent you from playing the game entirely, the list goes on.

I am tired. 


Update 11/9/23: They fixed a few critical bugs but on average the game has less than 70 people online at a time and co-op is supposed to be what makes this game fun. In the harder difficulty modes sometimes you need co-op to progress but due to the lack of players, progressing can be extremely difficult. I still would not recommend this game.

And to the developer that responded, It's Relic Hunters Remix which I had to make a review years back as well cause your team can't code basic auto saving features without things disappearing and going completely silent when people made several forum complains about the issue.",False,1696698413,19,2,0.581590592861175537,0,3860,4459,76561198081567685
633080,147793475,"This game is good. 

But in the current state most of the time is unplayable or contributes to a ruined experience thanks to the amount of critical bugs it has. Some examples:
- Pressing the ultimate button while a boss cinematic (3 seconds introduction) is happening locks your player and camera. So you get stuck and the only thing you can do is exit the quest.
- Everytime you exit the game crashes and you lose progress.
- If you do an ability with Ace (late game character) you can no loger do abilities for the rest of the quest.
- A friend of mine got infinite points to upgrade his character when finishing a quest. So now he has everything unlocked at level 6 (you're suposed to pass level 50).
- When you enter a multiplayer quest, sometimes you die instantly because the spaceship is leaving (it's an animation).
- Drops not dropping when it should, so you finish a hard quest and get no legendary rewards.
- The skins I unlocked doesn't get saved sometimes and when I enter the game I have to re-equip all the cosmetics I unlocked.
- When re-entering the game after it crashes, you randomly have different items equipped.
- When entering a multiplayer lobby and a message saying ""Trying to sync with other players. Wait a few secs"" appears, it never syncs + you get no progress when finishing the multiplayer quest.

These are some of the highlights I encountered during my gameplay. Probably gonna play again if they solve most of them. It's an EA, but a too buggy EA. It's suposed to at least work or have some minor bugs that doesn't ruin your experience.",False,1696675139,5,0,0.477739840745925903,0,2398,4651,76561198068765737
633080,147475951,cant use any skills or potions.,False,1696209804,0,1,0.447356551885604858,0,1389,4500,76561198070307210
633080,148252857,"I've played the betas for this game after being recommended it by a friend. This game is really fun, but you should wait until it's COMPLETELY ready. I'd heard this game has been in the making for years and the amount of bugs that are being ran into, even for an early access YEARS after the development began has become tiresome. I never write reviews but I'm actually so upset because I really expected more. I feel like the Betas ran better than whatever is going on here. Abilities become unusable and you have to close the game and reboot it up, matchmaking issues when you want to play with friends, black screens on cutscenes that force you to close the game entirely, only for it to do a double crash and make you wait for the prompt to vanish just to open the game again. 

Again, this game is fun. These issues, with more pending, are not. Just wait.",False,1697343048,43,0,0.728699743747711182,1,1208,1208,76561198801506616
633080,205703455,"This has been a massive disapointment.
TLDR: the game wastes time by building artificial progression/grind walls. Unlike in other aRPGs you only need grind (not builds, or skill) and the grind is rarely rewarded.

I enjoyed the gameplay enough to recommend it initially.
I reached 1 grindwall, and overcame it in like 14 hours (had to push my self).

After that I was so lost in chasing checkbox objectives I failed to notice that this is just a grindfest that wastes 100+ hours and doesn't go anywhere. I was literally doing run-and-gun or sand-and-gun against 3 enemy factions for 100+ hours without ANYTHING changing.

By now I cleared the game twice, and the 2nd clear took some grind. Now the game's telling me to do it again AND upgrades cost more. Then (late in game) I got a quest to max all resistance stats on each characters. I never needed that stat and now I have to max it? It's not a challenge - it's just a waste of time.

This game has content for 20-30 hours and you have to only count hours 0-5 and 20-45 to make it all fun. There isn't enough gameplay variety to stretch this into 100+ hours that it tries to do. I don't know what the hell the leads were thinking, but I'm not doing the same crap for the 3rd time and I'm sure as hell not recommending this slop to anyone else.",False,1759421936,2,0,0.533641338348388672,0,6691,6691,76561198043268673
633080,186558074,"It was fun for a short while. A hearty rehashing of the mechanics of the previous game, with your typical garnish of gear-grinding and useless cosmetics. I wouldn't say the story is bad per se, just tedious and forgettable. The combat is fun and engaging, but the exploration for hidden loot can be maddening. Which is rendered mostly pointless once you're a high enough level and inevitably your ""teammates"" use maxed out Raffs to to speed-run steamroll the entire map and force you to leave while you're still trying to search for things you previously missed. I think this game would be much more fun without Raffs ridiculous movement and power buffs. Right near the end of the game, all the joy was quickly sapped by mindless teammates and forced drops into levels that were already halfway completed. It's a truly subjective experience to be sure. It's decent for what it is and has a lot of charm and polish, but I can't recommend it as an enjoyably well-rounded experience.",False,1738009460,3,0,0.535437464714050293,0,2689,2689,76561198281114574
633080,162351877,Destiny 2'd as if that were something to aspire to.,False,1712424897,10,2,0.502421259880065918,0,1005,1005,76561197999755705
