appid,recommendationid,review_text,voted_up,timestamp_created,votes_up,votes_funny,weighted_vote_score,comment_count,playtime_at_review_minutes,playtime_forever_minutes,steamid
1324350,193472028,its good game and but this game need optimization,True,1745493936,0,0,0.47413790225982666,0,21,34,76561199737082790
1324350,140052867,racing golf turbo,True,1686758078,1,0,0.406630039215087891,0,123,254,76561199198449525
1324350,163615896,7/10 good fun,True,1714133561,0,0,0.5,0,125,125,76561199473642293
1324350,120957466,"Almost Plays like Rocket League. I have not leveled up enough to get the specials.

I think if this game had a track builder it would be awesome. Nothing fancy. Just players get to select power ups or sand traps, ect. And the track lays them down (in a current map)

The Power Slide (from Rocket League) is not continous. It is like a quarter slide and stops so you can't really slide on the ground.

No 'side flips' like in Rocket League.

The hover mode is really cool though.

Not enough buttons on my controller after mappin RL settings.",True,1661025285,0,0,0.5,0,26,26,76561198050860804
1324350,141008207,got it for 34cents on kinguin 96% off! absolut worth it :ZAT_Correct:,True,1688166224,0,0,0.437711030244827271,0,90,704,76561198088011279
1324350,120130049,It's basically Rocket League where you HAVE TO chase the ball,True,1659737288,0,0,0.5,0,47,47,76561198024015232
1324350,154898116,Golf if it was good,True,1704031813,5,3,0.527182221412658691,0,15,55,76561198244593590
1324350,162439558,"Would be cool if the ball isn‘t aligned to the wall vut to the hole - and hitting a hole in a 30° angle shouldnt throw the ball vack in the same angle on at the same angle. Otherwise the game is pretty cool.

PS: Having the ball stay stay still in a 45°+ angle is weird haha",True,1712522173,0,0,0.5,0,144,246,76561198075508795
1324350,203578298,good just needs more players or to go free to play,True,1757052967,0,0,0.5,0,77,86,76561198164525755
1324350,120059548,I've only played it for a half hour but so far its a blast! The maps are really nice looking. Recommending it to my friends today!,True,1659632769,4,0,0.486125379800796509,0,27,27,76561198868445663
1324350,165670209,"game is pretty fun, but doesn't have that much players meaning i can't get the full experience i'd like to get from this game.

im positive the game will pick up and get a good amount of players.",True,1716123150,0,0,0.5,0,93,93,76561198239098590
1324350,162815614,"Comparisons of this game to Rocket League are inevitable but IMO a bit unfair - it's much more akin to something like Sonic Racing. But anyway, here's a lovely new game where you use a car to try to get a ball into a golf like hole by racing over fairly long circuits against human and CPU opposition. 

Like Rocket League, what seems a simple concept becomes actually quite intricate and deep once you fathom all the car control nuances and tricks. Easy to play but quite hard to master, and actually win. 

Similar to Rocket League your performance can be enhanced by pickups you earn mid-race and also rewards for achieveing certain goals, the latter of which are permanent and swappable at your bidding.

You can also be rewarded by a large range of cosmetic items which don't improve your performance at all but make you feel cooler, a bit like in Rocket League. 

Unlike Rocket League it's not so easy to find human players on the servers at the moment but that is getting better recently I see, so you'll probably have at least a couple of human players in an online game, with the rest filled by AI bots, who, unlike Rocket League do provide some challenge at first. Unlike Rocket League, there are 8 racers in a normal match. 

Playing on your own with no human competition is a bit reminiscent of Rocket League in that it might be useful practice at first but soon gets boring and is very unfulfilling. The game really relies on the competitive edge provided by other human players, in the same way that Rocket League does. 

I have to appreciate the graphics, mechanics and production values of the game, it's very nicely put together using a nice balance of cartoony graphics and physics while forcing you to feel immersed - Rocket League-like - in the coliseum of competitiveness. It definitely has that 'one more game' appeal that games like Rocket League offer, as long as you can find other players. 

So a big thumbs-up, good fun game. But as I said at the start, not really comparable to Rocket League, much more like Need for Speed Hot Pursuit.",True,1713036727,3,2,0.54356849193572998,5,91,104,76561197970611768
1324350,120057113,"I have played exactly one (1) multiplayer match at the time of writing this review. The parallels to Rocket League are obvious. I have great news: This does not play like a Rocket League clone, it does not feel like all it's trying to be is Rocket League. 

This game, somehow, feels like legitimately playing golf with a rocket car. Bunkers and rough actually slow your ball. The physics are weighty, the car has momentum that feels good. Controls felt great, the battle-racing aspect felt like a very comfortable and familiar backdrop to the core gameplay of just trying to get that ball in the hole. Instead of feeling like ""Wish I was Playing Rocket League"" this game feels distinct, fun, and unique.

Really looking forward to playing more, and strongly recommend giving this game a chance.",True,1659629590,11,0,0.591379463672637939,0,12,30,76561198066709937
1324350,137143743,Rocket League,True,1682209852,5,0,0.540565848350524902,0,16,16,76561197972089936
1324350,144879929,the controls makes my nails bleed. but i like the idea,True,1692823044,0,0,0.5,0,54,85,76561198442345479
1324350,120093729,"This is dangerous rocket league and golf are both rage-inducing as it is and sprinkle a little Mario Kart in there and you have yourself a game that will most likely cause you to break something. This game will end friendships 

Have not broken anything yet love the game so far. This is just the beginning can't wait to see what this game will become.",True,1659685258,1,0,0.5,0,25,53,76561197998154675
1324350,162222567,Really cool racing golfing game. Cant wait to have more time to get back into it.,True,1712273881,0,0,0.5,0,9,9,76561198316710728
1324350,126738258,"This game looks, smells, and sounds like Rocket League, but it's really its own beast and a ton of fun in its own way.

Aside from powerups you don't really interact with the other players so you really only have yourself to blame most of the time, which makes insanely fun to play with friends.

In a way I've had way more fun with TRG than I've ever had with RL, not because it's a better game but because it's an entirely different type of game.  RL is a sweaty competitive game, whereas TRG is a game where you can kick back with your buds, have a beer, and talk smack and laugh with your friends as you all struggle to sink the ball.

Powerups and cosmetics are mostly free to unlock, I think there is going to be some seasonal content, not sure if that will be paid, but it really feels like the ""good old days"" of RL before they sold out to Epic Games.",True,1669341667,0,0,0.5,0,46,69,76561197968326810
1324350,130950813,"This game is incredibly fun and the only thing I want to do is play it with a huge lobby of my friends, but sadly it's so expensive to ask each individual person to buy a game for $18 in order to fill up the lobby. If this game was able to go on sales that brought it under $10 USD, I'd be much more of a salesman for people to try the game. This game seems designed to have friends make other friends buy it (Like Terraria, Golf with your Friends, Among Us, etc) so the price point feels steep. 

Besides the pricing, as a non-Rocket League player I think the controls just feel super good and the maps are super fun to both look at and drive around in. The progression system for more powers didn't look grindy at all, seems like I could unlock everything I wanted within 10 hours of playing. The game is fresh enough as a golfing experience that it's fun to play when I'm sick of other party games involving it, and it satisfies my racing need with enough mario-kart variance that keeps me from getting overly competitive and salty. 

Check it out when it's on sale, or if you have the xbox game pass!",True,1673844696,0,0,0.5,0,69,69,76561198055074622
1324350,166116323,Really fun. I wish the aerial mechanics were more versatile like Rocket League. If they added air roll and directional air roll that would be swell. Also it would be fun if they added the option for ball collision in private matches,True,1716746874,2,0,0.523809552192687988,0,151,836,76561199191074998
1324350,120581025,Haven't played much but its very fun thus far.,True,1660428600,0,0,0.5,0,15,99,76561198047791738
1324350,140922015,"If you like Rocket League, Golf and Super Mario Kart you'll love this.. it's so much fun and easy to master. Me and my wife Love playing this game online with randoms and i am very excited to see what future updates will bring to this already great game.",True,1688065434,0,0,0.5,0,99,943,76561198000765663
1324350,120091564,"Zero microtransactions (so far), cross-platform, rocket league vibes. No cross party tho (yet)",True,1659681033,0,0,0.5,0,59,117,76561198042160185
1324350,141959070,I bought 15 copies of this game to give to all my friends for less than $10,True,1689219241,0,1,0.5,0,66,99,76561198089614158
1324350,142912605,6/10,True,1690486543,0,0,0.5,0,42,42,76561198068258511
1324350,162522131,"It is fun in its own way its like Rocket League with the car flying idea but different gamemode alltogether and it does not feel the same. They cant copy past the code to make the cars feel the same they are trying to figure it out but its been a while and it has gotten better but it is still clunky and cant do some things it needs to do to be good enough, maybe I havent learned the controls enough yet and it does exist but regardless its funny and fun to me. I have so many games, this wont be anywhere near my main games but its fun to play for a few minutes and do a few holes.",True,1712636755,0,0,0.5,0,15,15,76561198008099770
1324350,120052911,"Do you like golf? Do you like cars? Well perfect, this is the game for you. Bang balls into the hole the fastest to win.

Very fun game, saw it on TikTok and bought it on launch. Would recommend.

Side note: You can have white and black primary colors, + cool points",True,1659624202,7,0,0.515045464038848877,0,30,247,76561199020322924
1324350,121110753,"Fun game, yes it is a bit similar to Rocket League. However, the ball won't roll the same, the controls are not the same, etc. It'll take some getting used to, but its pretty damn fun. These short-burst competitive multiplayer games are like crack cocaine to me, and this one is no different",True,1661259911,0,0,0.5,0,167,470,76561197960672164
1324350,120060144,This game is 10/10. Don't be discouraged if you just start and suck a lot of us were in beta and started the same exact way. The game is 100% about accuracy and speed. The more you master it the funner it will be! This game also has a high skill ceiling and great online community!,True,1659633553,15,0,0.610696673393249512,0,49,379,76561198082810053
1324350,122843676,"Very fun game! I liked Rocket League but always found it so stressful when you get teammates who would disconnect or people would have smurf accounts and obliterate you in competitive. This takes the stress of other people out of similar mechanics! Non-collision versus mode is a fun idea, and I've enjoyed it so far.

The physics aren't my favorite in this game if I'm being honest. Especially how the cars handle. I feel Rocket League really excels compared to this, but I'm hopeful for some adjustments in the game as it continues. The single mode in the game also seems like it could get old after a while, but I could be wrong! 

I would love to see more air shot dynamics introduced. I don't know if that would mean a low gravity mode or something, but other variations would definitely be exciting. It's quite polished for early access, but overall I'd like to see a bit more for the early access price.",True,1664153558,0,0,0.5,0,65,65,76561198351688627
1324350,120062834,"Let's not beat around the bush here. This is Rocket League, but instead of soccer, it's golf. There's nothing wrong with that though. In fact I enjoy think I love this game. For a brand new game in early access, this game is incredible. This game feels right now, what Supersonic Acrobatic Rocket-Powered Battle-Cars was when that game released. The game is fantastic, but overtime this game could turn into the masterpiece that is Rocket League. If you're worried about this game being too hardcore considering how hardcore Rocket League became, don't be. This game is way more casual and easy to pick up.",True,1659636807,3,1,0.519999980926513672,0,43,364,76561198062241424
1324350,120130887,Golf is the finest form of competition humans have managed to create so far. This is another fun way of playing golf,True,1659738458,0,0,0.5,0,72,930,76561197978963807
1324350,171001629,"Love it! wish my friends had it, reminds me of rocket league",True,1722222058,1,0,0.523809552192687988,0,30,625,76561197992828189
1324350,147124448,"This game deserves being played.
The rounds are fairly quick and it's mostly up to you and your own skills how you rank (Unlike a certain car football game...)
No teammates. Just you, your ball, and the occasional rocket from an opponent that hits you.",True,1695817887,0,0,0.5,0,108,828,76561197997089981
1324350,120633502,"This game falls somewhere between Rocket League, Golf With Friends(or other similar games).

I highly recommend taking time to re-arrange your controller binds, since the defaults can be difficult/painful to use.",True,1660505635,0,0,0.5,0,162,276,76561198110554680
1324350,165676893,its insane!,True,1716129967,0,0,0.5,0,128,418,76561199365424683
1324350,189878313,"+ The main mechanics of the game are pretty fun. 
+ Gameplay loop is very fun.
- Game is pretty dead. 
- Missiles are pretty much useless. 
- Key board support is pretty lacking.
7/10",True,1741620476,2,0,0.5,0,71,71,76561199385235091
1324350,145389082,let s go golfing,True,1693497521,0,0,0.5,0,19,19,76561199056255585
1324350,180599888,This is for the steam badge,True,1732829274,1,0,0.481249988079071045,0,80,80,76561197979430255
1324350,140762872,"Rocket league needed to add a golf mod, and Turbo Golf is indeed what we could expect from them

The game is really nice, all the maps are REALLY fun !!

I enjoyed a lot, as the controls are almost the same as Rocket League and that we can FLY !! Great idea, really fun controls !

The shop is based on the game money !! No crates or sh*t like this, I already have pretty customization items for my car !! (a good sticker and animated wheels !)

The only things that I regret : the games are really short, only 3 holes, I wish we could have more games like 9 holes
And the music is meh, electro, but not really good. Secretly hope a collab wth monstercat 

I hope the devs could change these 2 points and make the game bit more fluent, otherwise, I really enjoyed it !",True,1687824597,6,0,0.59349590539932251,0,68,68,76561198047157295
1324350,120069110,BEST GAME EVER MADE!!!,True,1659644845,1,0,0.46961328387260437,0,161,3586,76561198027179318
1324350,148424328,"cute game that has been getting lots of love from the devs

in-game shop is not plagued by micro-transactions that require you to pay real money. the currency can be earned by just playing the game.

I really recommend purchasing the game. The game deserves growth",True,1697612913,1,0,0.5,0,103,203,76561198174880017
1324350,120464224,"If you like Rocket League but you put the ""I"" in team, this is for you. If you also like RL but wish it had a racetrack instead of a closed arena, this is for you. If you enjoy golf but mostly just to drive the golf cart as fast as possible and wish you could occasionally shoot rockets at the other carts, this is definitely for you.",True,1660253677,55,31,0.798572897911071777,0,138,3891,76561198041043124
1324350,122716886,"It is extremely fun, and I would definitely recommend if you have played Rocket League. The controls are a bit different, but you will catch on fairly quickly.",True,1663984241,0,0,0.5,0,157,409,76561198046552103
1324350,121870276,"First impressions

Very very polished
Very nice controls
The game is not frustrating at all, losing is still fun, performing well is more fun.

Lots of cosmetics to unlock (seems reasonable unlock rate, don't think it's for micro-transactions)

Small but nice selection of courses currently (soon after Early Access began, so possibly more to come)

Highly highly recommended currently. Refreshing to see a game dev design a game that's just straight up fun.",True,1662535233,0,0,0.5,0,49,272,76561198149487351
1324350,120322730,it good,True,1660036698,6,1,0.563454627990722656,0,77,792,76561198050737615
1324350,172289867,yes,True,1723863277,0,0,0.5,0,77,178,76561198129627369
1324350,202885517,"[h1]
In similar vibes to Rocket League - racing game with a twist - play golf and go for the birdie! Pick car from 3 available then put the ball where it belongs, that is inside the hole. Controls are decent, jump and dash or boost. Controls feel very grippy and overall good, so hitting ball in the right direction is not a problem. Grab power ups like sticky surface to glue it to the car. Other power ups like shockwave, rockets and shield are also available. Do flips to charge your boost. 2 types of power ups: active and passive can be used. Don't forget to fly around in the meantime. When playing with the others everyone have its own ball so gameplay gets quite challenging. Plenty of people online so you don't have to wait for connection. Music is decent. Gameplay is engaging. Grab it before it flies away!
[/h1]",True,1756165652,9,1,0.549794137477874756,0,30,59,76561198082649849
1324350,120341931,"A little rough on sound design and the camera moving back when you spin jump is kind of an eyesore.
The boost could use more of a momentum mechanic like RL 

But.. I can feel immense potential with this.",True,1660061607,0,0,0.5,0,29,86,76561198002553867
1324350,120102690,Car go zoom. Missile go boom. Ball go out of bounds. 10/10,True,1659701145,1,2,0.47999998927116394,0,131,344,76561198117232490
1324350,120058803,Just played 2.6 hours straight... car controls can feel weird coming from Rocket League but once you get the hang of it the game is super enjoyable. Hitting those mega bangers and then to get the perfect follow up hit into the hole is extremely satisfying.,True,1659631794,10,0,0.591041862964630127,0,158,369,76561197968330965
1324350,137057082,"Fun PvP battle arena racing game, this type of game should start with Free to Play IMO.",True,1682088245,0,0,0.5,0,12,477,76561198045139911
1324350,137018186,Had a lot of fun playing it on Game Pass. Now it's time for the Steam version. Highly recommended :),True,1682017294,0,0,0.486260354518890381,0,44,59,76561199289202905
1324350,120056799,"Fun gameplay
Golf
Rocket League?
Win",True,1659629134,3,1,0.445597290992736816,0,60,163,76561199006506799
1324350,120076404,ball go in hole,True,1659654622,0,0,0.5,0,118,284,76561198248496296
1324350,163081989,"What's not to like?

Rocket League - Good
Golf - Goood
MarioKart-like items - Goooood
Multiple game modes for all kinds of casuals and sweats - Goooooooood

-Joey",True,1713412194,0,0,0.5,0,109,516,76561198010280033
1324350,120136498,"Fun RL+golf combo. Cross-plat, fast matchmaking, smooth for E-A.",True,1659747682,0,0,0.5,0,57,236,76561198009664906
1324350,139783638,"It took me a bit a time to enjoy this one. By just looking at it you expect rocket league but golf. It's not quite, the physics feel off if you played rocket league. At first I hated it. The ball didn't bounce or move quite right. But i kept playing a bit, and it really started to click more. I really started to enjoy the single player and just trying to get a better time on some maps. There are different routes and you have to be accurate and it it became a really fun time trying to beat my personal records. I started to understand the maps and how to control to the ball better. Now i find myself having a good time with trying to climb up the leaderboards.  

I have not touched the muti-player yet, it doesn't really interest me  as much. I think it is an interesting idea and I will give it a try. But i feel I would be annoyed with online unless it was against friends.",True,1686318735,0,0,0.5,0,38,40,76561198025472436
1324350,152841158,fun game,True,1701650867,0,0,0.5,0,24,38,76561198070387472
1324350,120052015,"Where Rocket League is like being trapped in a cage with the soccer equivalent of the monsters from Space Jam just slamming the ball around, Turbo Golf Racing feels more like a relaxing walk in the park, kicking a football down the path, taking your time, placing it just so.

It's a totally different vibe, where accuracy is at least as important as speed, and that makes it the perfect way to unwind in between all those white-knuckle adrenaline fests.",True,1659623013,1,0,0.5,0,17,539,76561197963813187
1324350,137078435,like rocket league but golf,True,1682116543,5,0,0.538895189762115479,0,9,9,76561198047449973
1324350,198790460,"If you like Rocket League, you should like this. It is basically Rocket League part 1.5. Everything looks and feels almost exactly like RL, but with some new and interesting mechanics. I like it!",True,1751508068,3,0,0.540816307067871094,0,15,293,76561197961160364
1324350,120260297,"Turbo Golf Racing is an incredibly fun game, with room for improvement/expansion in future updates. The price is just right for the amount of content currently, and if they add more modes, maps, customization options, etc eventually it will be an absolute steal. Gorgeous game with very few if any bugs/issues (in my experience with Beta 1+2 & Early Access).

Don't go in thinking it is like Rocket league though, it definitely isn't. And you know what? I'm happy it is unique and building it's own identity. For sure worth playing, especially with friends.",True,1659935696,4,0,0.49849170446395874,0,164,1940,76561198058817465
1324350,126971993,"Having only put a mere half an hour into this game at this time, its easy to say this game has a high skill cap. But is enjoyable even when new to the game and still learning. Strongly recommend if you enjoy rocket league, and or golf with friends.",True,1669450781,0,0,0.5,0,39,39,76561198112338624
1324350,135074445,"Fun game, great time killer with friends. Only complaint in terms of game mechanic is dnfs should be given zero points. Otherwise depending on the amount of dnfs the score is very close, unfair, and unbalanced.",True,1679368613,1,0,0.5,0,83,322,76561198193303483
1324350,120101459,Good game,True,1659699223,0,0,0.5,0,18,265,76561198083823081
1324350,137045070,the game is fun and there is a potential but i think there should be side flip like in rocket league that's my only complain,True,1682069727,9,2,0.541820228099822998,0,37,1043,76561198311559394
1324350,120237217,"Rocket League but Golf
Ball chasing not discouraged",True,1659900054,0,0,0.5,0,16,914,76561198041324197
1324350,120089313,"So far so good on this game. Not even an hour in, and I want to play more. Trying to get all of my friends to buy it right meow. I'll keep updating this as I play more.",True,1659676324,2,0,0.513513505458831787,0,40,839,76561198276974202
1324350,152899416,"Great game! A hell of a lot of fun and a great deviation from the SocCar genre.

Something to note though:
While the gameplay and aesthetic is similar to Rocket League, you can't go in expecting the ball physics and car physics to be the same. The ball will slow to a halt and curling shots is much more exaggerated, which both make a lot of sense given the fact this is a golf game. Also to note is that dodging (double tapping the jump key) doesn't auto-align your car the same way either. Turbo Golf Racing is it's own game, and just because your a Rocket League god, you can't expect to jump straight into this and be at the same level. What's obvious quickly, and in my opinion excellent to see, is that this is very much a game with a low entry level, but a high ceiling when it comes to skill!",True,1701738565,0,0,0.5,0,62,118,76561198038546838
1324350,181769949,"Turbo Golf Racing: A Fun, Fast-Paced Twist on Rocket League

Turbo Golf Racing delivers a thrilling, high-octane experience, merging the exhilarating world of golf with the fast-paced action of arcade racing. Think of it as Rocket League’s little brother with a golfing twist, and while it’s an enjoyable ride, it doesn’t quite capture the same magic that makes Rocket League an all-time classic.

Gameplay Mechanics: In Turbo Golf Racing, players control customizable vehicles equipped with a giant golf club to hit oversized balls into the goal—except this time, it’s not just about power shots. You’re racing through courses, battling rivals, and using power-ups to outmaneuver opponents while trying to get your ball into the hole first. The gameplay is fast-paced and feels like a delightful fusion of kart racing and golf, with enough chaos to keep you engaged.

Compared to Rocket League, Turbo Golf Racing keeps a similar sense of fluid, arcade-style action but shifts the primary focus from car control to the skill of hitting the ball with accuracy and timing. While Rocket League thrives on the deep mastery of aerial control and strategic positioning, Turbo Golf Racing focuses more on rapid, accessible gameplay with a slight learning curve. This makes it easier to jump into, but it might not have the same long-term depth that players love in Rocket League’s competitive scene.

Graphics and Aesthetic: Visually, Turbo Golf Racing leans into a vibrant, cartoonish aesthetic. The bright colors and whimsical environments give the game a fun, approachable feel. You’re racing through wild and imaginative golf courses with various environments—from tropical beaches to futuristic cities. It’s visually pleasing, but it doesn’t quite match the polished, almost photorealistic feel of Rocket League, which has an impressively immersive arena vibe that elevates the overall experience.

Customization: Both games offer extensive vehicle customization, but Turbo Golf Racing gives you more freedom with your car’s design. From skins to wheels to even the golf clubs used for hitting the ball, there’s plenty to personalize. Rocket League, on the other hand, excels in making customizations feel meaningful and integrated into the competitive experience with specific items that appeal to players’ skill and status.

Competitive Scene: Here’s where the comparison feels a bit uneven. Rocket League has built a massive competitive community over the years, with esports tournaments, professional leagues, and a deep tactical element that makes it a serious game for the pros. Turbo Golf Racing is more casual, focusing on fun and fast matches rather than deep strategy and positioning. While it has the potential for competitive play, it currently lacks the same level of seriousness and depth that Rocket League players crave.

Fun Factor: The real strength of Turbo Golf Racing lies in its fun factor. It’s easy to pick up and play, offering a more casual and less intense experience compared to Rocket League. If you’re looking for a lighthearted, fast-paced title to enjoy with friends, Turbo Golf Racing does its job brilliantly. However, it doesn’t quite have the same addictive quality that keeps Rocket League players coming back for more. Rocket League’s blend of skill, tactics, and team play keeps it fresh year after year, whereas Turbo Golf Racing feels more like a great way to kill time than a game that will develop a massive competitive scene of its own.

Conclusion: In the end, Turbo Golf Racing is a delightful, arcade-style racing experience with a unique twist on golf. It’s a fun game that will undoubtedly entertain, especially for players looking for a casual and enjoyable racing experience. However, if you’re comparing it directly to Rocket League, Turbo Golf Racing may feel a bit like a simplified version of its more polished and competitive counterpart. While it has its own charm and potential, it doesn’t yet have the same level of depth or esports appeal that Rocket League has so masterfully cultivated over the years.",True,1733278767,1,0,0.5,0,27,38,76561198049552042
1324350,153511137,they made rocket league fun,True,1702478352,0,1,0.5,0,61,154,76561198088406066
1324350,120138457,"great game.


needs duos.  OR TEAM, BASED GAMES


AND RANKED.

BUT FUN.  JUST HOPE DEVS STAY IN TOUCH WITH THEPLAYERS.


ALSO.   THIS SHOULD BE A FREE GAME WITH CONTENT TO BUY.


GET A BIGGER PLAYER BASE  OR THIS GAME EWITH SINK.      FREE WEEKENDS",True,1659751018,0,0,0.5,0,91,188,76561198374441094
1324350,120371657,Edit: I can now select my region and join the matchmaker as normal and man oh man is this a great game to play online. That sweet combo of easy to learn hard to master that'll keep you chasing the leader for a while yet!,True,1660104087,0,0,0.478901535272598267,0,82,756,76561198026731173
1324350,141076003,"This game changed my life, I now have 17 morbillion dollars, and I own the state of New Jersey. All because of this game.








/j",True,1688240436,0,0,0.354163855314254761,0,144,427,76561199005761471
1324350,163946968,Great bang for your buck.,True,1714518904,0,0,0.5,0,96,141,76561198239158250
1324350,120063011,"Loads of fun!

Initially the car control may feel a little weird compared to its most obvious comparison (now not here on steam anymore), but thinking about that, it might partly just be due to Rocket League being based in small arenas, in this game you are often having to guide the ball over much longer distances, and be accurate at a longer range (while thinking ahead about potential obstacles like edges or bunkers). So controlling it accurately over these longer distances might be a little harder than what you might be used to in RL, at least initially.

Also keep in mind that most people having played Rocket League that their first few hours (at least) were chaotic and full of blunders. Don't blame this game if you feel the same here, give it a chance.

I highly recommend new players to play 15 mins or so of solo time trials, or at least far enough to unlock Shockwave (first active power core) and Big Ball (makes it easier, passive power core), before you go online, these will make your first matches so much easier. I was 2nd in my 2nd online match (lost due to my internet dropping momentarily at the end of the last match, DNFing me where I was leading after the first 2 matches) and 1st in my 3rd, but it seemed many players were brand new to controlling the ball, and I wouldn't want them to drop the game due to not practicing for 15 minutes in time trials.

Also all my gameplay so far has been on Steam Deck, and I can 100% say this game runs perfectly on there, and I hope it becomes officially verified soon, as it's completely deserving of it!",True,1659637005,1,0,0.5,0,69,250,76561198321213816
1324350,120646824,"This Game Is Fun! Its a  goofy fast pace golf game with abilities. Game is well made and is cross platform. As of right now ( this review ) there are no cross platform partys but they said they are adding them. This is worth Every Penny. Just be prepared to miss very easy shots because you think this is Rocket League and try to flip into the ball, leaving you not positioned, then everybody getting it in before you and then you mention to your friends that if this was Rocket league you would smoke them with all the Champ 2 skill you have.",True,1660524345,1,0,0.52173912525177002,0,73,430,76561198059387329
1324350,120114739,"good job @ developers & anyone who is or was involved <3 

haha its super nice -> mario kart meets rocket league in some ways :D and its golf haha xD never thought I would play a ""golf"" game <3

performance is perfect & servers are working great <3",True,1659716907,0,0,0.5,0,53,1832,76561198231705740
1324350,137146252,Space Golf,True,1682214322,5,1,0.537411034107208252,0,53,53,76561198040353096
1324350,120131600,The Core Gameplay loop feels great. Im looking forward to playing more,True,1659739554,7,0,0.6165962815284729,0,123,245,76561198041062821
1324350,186195857,"8/10 easy to learn
+ smooth controls
- no local co-op
+ works just fine on windows 7
+10$
- online is kinda dead
+ single player things you can do",True,1737601081,7,0,0.552041232585906982,0,66,66,76561198094803808
1324350,120132101,Better than Rocket League.,True,1659740404,9,0,0.516606509685516357,0,60,956,76561197980179770
1324350,168641405,"For those couple of bucks. Give it a shot. Good game, needs a bigger player base.",True,1719784381,3,0,0.537572264671325684,0,19,667,76561197976718280
1324350,152789789,Great fun. Similar to the other game but in a different ball sport.,True,1701597140,3,0,0.541775763034820557,0,89,338,76561198237843068
1324350,166387013,"If you love Rocket League, like I do, you will love this game. Do the tutorial, then an online race, and you'll see why.
It just needs a lot more players if I look at steamdb.

Advertise this game more guys. You've developed a true gem here but I had no clue it existed until I really dove deep into Steam's shop. The more people know about this game, the more your playerbase will grow. Rocket League is one of the most played games, and it's playerbase will definitely pick up this game too. Guaranteed.",True,1717150925,1,0,0.509803950786590576,0,13,40,76561198040052293
1324350,120142795,Rocket League but golf.,True,1659758532,0,0,0.5,0,113,289,76561198040326394
1324350,192414797,Diet Rocket League,True,1744271966,2,0,0.545454561710357666,0,35,35,76561198104535107
1324350,141089484,"Its hard to start a review of Turbo Golf Racing without instantly comparing it to Rocket League. Its obvious that the art style, environmental design, vehicles, cosmetics, and general 'hit the ball with vehicles that have advanced aerial controls' gameplay is trying [i]so[/i] hard to capture that same audience. However, I think there is enough deviation from the 'Rocket League formula' that makes this game stand out well on its own.

Basically, you vs others are racing to get your golf ball in the hole as quick as possible. There are a good amount of variation in the tracks, with high elevation changes and multiple routes to go through. There are also power-ups that can be used to benefit you or hurt your opponents, whether you equip them or pick them up on track. The game is also refined enough that its much more worth it's price vs other early access games. It does still need more work, with its sound design and music being its current weakest point.

So, if you are just looking for a game similar to Rocket League, you aren't going to find it here as this is car golf, not car soccer. However, if you ever wished that Rocket League had a racing mode, this game is for you. I'm hoping this game sees a resurgence once its out of early access, because its just [i]that[/i] fun.",True,1688254606,11,1,0.640005230903625488,0,87,168,76561198123226909
1324350,142335272,"This is a nice casual game: matches are short, you spend about half time waiting for new matches in the menu and half time playing, you can just spend 15 min to relax and go back to work or continue your day.
They could improve the system to find matches by allowing you to select how many in a row you would like.",True,1689692918,0,1,0.5,0,115,202,76561197988479390
1324350,141276647,"It is like when you ask your mom for Rocket League and she says ""We have Rocket League at home"" but its still pretty good. 

Not the same thing so don't expect those smooth flips but still a neat game to play a couple rounds.",True,1688460105,2,0,0.537313401699066162,0,50,67,76561198017611273
1324350,120075753,Awesome fun!,True,1659653575,1,0,0.5,0,92,406,76561198196516843
1324350,157907881,"[h3]A fever dream's fever dream[/h3]
""Rocket League"" (which has already been given the predicate: fever dream) is quite hectic at times, even if tactics and control decide on victory.
Golf, on the other hand, is actually the complete opposite of hectic.
Exactly this sport was combined here with “RAKETENAUTOFUSSBALL”? Can this work well? Does it have to be that way? The answer is hell yeah!

[i]Back in 2005ish we used to play ""Worms Golf"" alot on our mobiles. (long before we had smartphones or even knew of their existence) I haven't had as much fun playing golf since then. And don't get me started on ""Wii Sports"", for me it never even came close to ""Worms Golf"" in terms of fun factor.[/i]
I now have this feeling at ""Turbo Golf Racing"" and hope that development continues to progress as well as it has so far.

However, I would like to question the necessity of the DLCs. Although the general game price is kept very fair. All in all, the price-performance ratio is good. For an early access title it is already incredibly good and very solid.",True,1707463473,0,0,0.5,0,153,153,76561197983812068
1324350,158195145,Seems like a fun game to play with friends... unfortunately the online playerbase is dead,True,1707784729,8,1,0.562374651432037354,0,17,17,76561198141837298
1324350,164937142,The perfect game for Rocket League fans,True,1715192917,0,0,0.5,0,36,251,76561197970660097
1324350,137079720,"The game itself is great.
But a suggestion for improvement would be to make the car hitbox and ball more, More realistic.
Like rocket league, buuut, this game as swerve shots, which is something rleague dont have, and these swerve shots are great. Just more realistic plz= better hit box detection.",True,1682118778,0,0,0.5,0,38,38,76561198037812966
1324350,184010503,"⭐️⭐️⭐️⭐️⭐️Got this on Steam Deck OLED and what can I say other than, it's an absolute must buy especially at this price. Runs and looks incredible and I've not encountered any issues! I'd highly recommend buying this! ⭐️⭐️⭐️⭐️⭐️",True,1735407681,0,0,0.5,0,161,191,76561199347008460
1324350,152335874,fun game with a lot of potential its rocket league golf,True,1701142433,9,0,0.632944405078887939,0,110,165,76561198140977577
1324350,120237750,"Turbo Golf Racing..
I grinded this game during it's Open Beta and I really enjoyed it. Now when it came out I must say this game is great. Such easy, yet fun game with lots of possibilities and gameplay styles. Lot of fun with friends.
I only wish my beta items and wins (50+) stayed along.
Ranks are unfortunately useless, you will meet a lot of guys just farming pointless wins :/
8/10",True,1659900672,1,0,0.526627242565155029,0,91,4105,76561198092998254
1324350,142793189,This game is fun. It's like Rocket League but different.,True,1690318175,0,0,0.5,0,141,445,76561198808409104
1324350,137070151,"Wow, thats really good game, if you just want click PLAY and ENJOY FEW MINS, HOURS of great joy.
You ride simpple car and you are trying get ball to its place.
Perfect graphic, good music, and realyl good gameplay.

I CAN RECOMMEND TO MY FRIEND AND EVEN TOO MY GRANDMA",True,1682105001,0,0,0.5,0,11,11,76561198139206375
1324350,120098023,"It's a fantastic game. I didn't think I'd have fun with it, but I'm happy to be proven wrong. Though its features are pretty limited, and you can't crash into other players, it still provides a highly competitive environment.

It has a solid foundation for growth, and I'm excited about its future.",True,1659693319,2,0,0.52173912525177002,0,157,292,76561198358904608
1324350,137141439,"Rocket League except you race balls, it's p fun",True,1682205897,1,0,0.427523940801620483,0,50,146,76561197986529486
1324350,122210040,Very fun game to play. Definitely recommend this game to try if you are aiming to shake up your gaming rotation.,True,1663119635,0,0,0.5,0,81,129,76561198271445825
1324350,147606104,Odd.. It's slow. Not my style but it works.,True,1696397807,0,0,0.497086673974990845,0,11,50,76561198084492316
1324350,203761079,REMOVE THE DISCORD BIND ON DPAD,True,1757221424,0,1,0.5,0,79,79,76561198017277638
1324350,137063284,"works on steam deck wish i had more time to try it out but so far the first online game was great fun
no issues on the deck controls  everything works well console runs smooth no series heat issues 
worth a play this free weekend and worth buying... 
courses are fun rules are daft and takes time to get good...sadly  im not...
get it now !",True,1682096180,0,0,0.5,0,12,33,76561198063990714
1324350,120144270,"Rocket League, but Golf. It's a fun combination and absolutely worth the price. Matchmaking is solid and finding matches is easy. Solid fundamentals and can see this lasting for quite awhile with content updates.",True,1659761112,0,0,0.5,0,148,3991,76561197995027126
1324350,181454714,Very funny multiplayer game. Race mode and golf mode are both nice to play. Online matchmaking fast and simple. Simply a great game.,True,1733114928,1,0,0.52173912525177002,0,39,78,76561198888253788
1324350,120294840,"Wasn't a huge fan of Rocket League.

Now this game? This game will ruin my life",True,1659989017,2,0,0.511129379272460938,0,121,196,76561197962124359
1324350,126673552,Very fun game to play with friends.,True,1669316054,0,0,0.5,0,20,20,76561199026825157
1324350,120079688,Who doesn't love soccer golf with missiles?,True,1659659869,0,0,0.5,0,110,521,76561198012584457
1324350,120137827,Mario Golf: Super Rush but you're driving,True,1659749977,0,0,0.5,0,133,235,76561198006848723
1324350,137096564,"So, it's like Rocket League. :P",True,1682148634,1,0,0.501539826393127441,0,12,45,76561197970882950
1324350,168373374,"Just an overall wicked game, its got a bit more to it then rocket league and racing is still part of the concept which makes it more fun overall.",True,1719545537,0,0,0.5,0,34,52,76561198067160984
1324350,133606561,What a pure and entertaining game.   Shame on steam for not putting this in my feed.   I had to come across it from 3rd party sites,True,1677354221,0,0,0.5,0,78,6551,76561198050810232
1324350,120852803,"Let me tell you this is the game for you if you have any of the following issues with Rocket League
[list][*]Epic Games f2p business model, lootboxes and premium battle passes[*]Why doesn't it have golf?[*]skills required for pvp games[*]My teammates suck[/list]

No seriously go buy this, with 30 levels and more to be added, this game already has way more content than RL (depending on your definition of content).
I wish nothing but good luck on the devs to see this game thrive and stay alive.",True,1660856367,0,0,0.5,0,108,5134,76561198041166275
1324350,120383757,"This game is honestly way more fun than I was expecting. I would describe it as a mix of Super Sonic Acrobatic Rocket Powered Battle Cars (The old Rocket League game on the PS3), Mario Kart, and Golf. I recommend you play with 1 or more friends because that just makes the experience that much more fun. The game is 100% free after you purchase it. As of now there are 0 micro transactions and every item can be obtained by just playing the game.",True,1660127059,0,0,0.5,0,104,233,76561198183727786
1324350,137114668,"This game is great. You got almost everything that made Rocket league a great game. But there are some points to consider:

1. Barrel roll
2. Flips
3. Aerial Flips
4. A ceiling
5. Jumps
6. More EDM songs like RL
7. Create a mode for Soccer (Goal posts)
8. Create a Team vs Team mode (1v1, 2v2, 3v3 etc)


And on a personal note, I'm playing it on Linux Ubuntu MATE 22.04.2 through Proton. Although it is almost perfect, sometimes when I ALT+TAB it, the game freezes and I have to restart my PC. It would be awesome if you guys could port it to Linux and Mac as it would gather even more people around this game and the community would grow even bigger. Spent like 10 minutes playing during the free weekend ""April 20th through 24th 2023"" and bought it because I believe this has the potential of becoming the next RL and I want to support it. Btw, Powerslides are PERFECT on this game. DON'T TOUCH IT lol. Keep it up guys 👍👏",True,1682174121,0,0,0.469416797161102295,0,41,62,76561198091772728
1324350,120348621,"Game is really fun. Only downside is I get the same few maps over and over when playing online. But, for being early access the game is pretty polished.",True,1660069227,4,0,0.550480306148529053,0,58,117,76561198075947483
1324350,120055939,I feel bad winning but I love it,True,1659627995,3,0,0.506996214389801025,0,85,8776,76561198357067855
1324350,120125626,Awesome!,True,1659731215,0,0,0.5,0,108,335,76561197961010101
1324350,120228831,Great mix of golf and racing w/ some Mario Kart power ups thrown in. Lots of fun online & with friends.,True,1659889959,0,0,0.5,0,38,60,76561197993345265
1324350,147813907,wow!!,True,1696697504,0,0,0.471698105335235596,0,35,35,76561198087822675
1324350,132859129,this game is fun but i would like a mode to play with just friends,True,1676411574,8,0,0.591418683528900146,0,23,23,76561198847010792
1324350,179647083,"https://open.spotify.com/intl-de/artist/0gSsu9Rboic7K7pAJnT5zu
hey you! what about u? It's Oneplix ♫MUSIC♫ | :missing::missing::missing::missing::missing::missing:
Oneplix ♫MUSIC♫ (YouTube): www.youtube.com/@OneplixMusic",True,1732371324,0,0,0.370937228202819824,0,101,101,76561198144195030
1324350,120129964,"Great game, very addictive....just wish I was better... Guess I'll just have to keep playing....
Amazing graphics and fun multiplayer car racing,  playing 'out of this world' golf holes.... what's not too like?
I'll definitely be telling all my mates about this, so I can whoop their butts!",True,1659737146,1,0,0.5,0,84,161,76561198383809338
1324350,120142727,"I feel all the negative reviews so far were people expecting it to be exactly like rocket league, just because a game has different mechanics than your favorite game does not make it bad. Aside from a couple matches with high ping, first play was solid. For a fresh release, the game seems to be pretty polished, and so far havent seen any game breaking bugs, definitely worth a go, just know that yes, it's not Rocket League, so dont be expecting those mechanics when you play it.",True,1659758401,1,0,0.52173912525177002,0,88,349,76561198072645291
1324350,137237696,"Turbo Golf Racing
pros:
fast game with modern day graphics with easy controls that moves from location A to B to C and so on,
good amount of action and special effects,
cons:
some difficult challenges.
some difficult maps.
some maps requires some difficult grind to unlock.

good game.
Personal Suggested Purchase Price: $2.49 Or Less During Sale
Free Weekend 4-20-2023 to 4-24-2023",True,1682359188,1,0,0.525862038135528564,0,113,113,76561198113014119
1324350,160110672,This game is fun and nice but I wish the one single player mode was better.,True,1709912279,0,0,0.5,0,33,33,76561198347805711
1324350,120055295,"Its rockets, cars and golf what more could you ask for, no microtransactions no pay to win just play earn money buy customisation and modifiers for your car or ball....get it before epic snap it up it goes free to play and every cosmetic costs real money.",True,1659627197,5,0,0.480281144380569458,0,50,297,76561198001236194
1324350,130257938,"Make it F2P. 
Played both betas; equally enjoyable when people ACTUALLY play.
You've got a solid foundation, yet no players.

This is a wonderful alternative to Rocket League, and I want this to fulfil it's potential.

EDIT On April 18, 2023: My hypothesis is correct; now that people are playing and lobbies are full & easy to find, the game is a blast. Picked up a copy for my gf :)",True,1672999719,34,0,0.779072284698486328,5,14,1787,76561198201481025
1324350,120574331,"No cats in the game, still good",True,1660419431,3,2,0.522116899490356445,0,158,158,76561198048269116
1324350,120054077,"Excellent pick up and play, just one more go game. Great soundtrack too.",True,1659625703,2,0,0.5,0,39,4998,76561198109565005
1324350,140918641,"Took me ages to kick my RL habit. Finally got it under control and thought maybe I'd give this a go since it was in HB. Just made me want to play RL, and now I'm a broken rage fuelled late night mess again.

As for TGR, it's fine but it's not RL. And it just makes you want to play RL. Which is bad for your health.",True,1688062129,6,5,0.577754497528076172,0,78,78,76561197966058769
1324350,142813430,It's Rocket League golf with slightly worse controls and physics but just as much fun!,True,1690346761,0,0,0.5,0,96,207,76561198001197142
1324350,127929073,Fun game when you are drunk,True,1670174607,1,1,0.464601784944534302,0,110,185,76561198103602610
1324350,142572060,It is a fun game about a golf on cars. But dead online.,True,1690015122,2,0,0.545071601867675781,0,10,10,76561198098363514
1324350,167331660,"If you like Rocket League, you will love this game!",True,1718362602,0,0,0.5,0,141,1963,76561198282320652
1324350,193783600,"Here I will leave the cat, friends who pass by can pet it and give it a thumbs up
　　　 　　／＞　　フ
　　　 　　| 　_　 _ l
　 　　 　／` ミ＿xノ
　　 　 /　　　 　 |
　　　 /　 ヽ　　 ﾉ
　 　 │　　|　|　|
　／￣|　　 |　|　|
　| (￣ヽ＿_ヽ_)__)
　＼二つ
gud game",True,1745855869,4,0,0.399935692548751831,0,54,54,76561198128923417
1324350,162648544,guud,True,1712819690,0,0,0.5,0,33,33,76561198055070994
1324350,120085006,Still can't figure out how to play with my friends on xbox...I thought this was highly touted as cross platform.,True,1659668401,1,0,0.5,0,23,720,76561198151297443
1324350,153316982,tons of fun with a lot of potential. i would love to see a race mode where you can hit other players' balls and a custom map creator/workshop,True,1702231372,0,0,0.5,0,108,202,76561198026121953
1324350,121634973,Better then Rocket League.,True,1662142480,1,0,0.449814110994338989,0,116,1050,76561198081940363
1324350,120601329,"I'm having an absolute blast with this game. I hope it quickly gets more popular, the lobbies are small right now. The devs did an amazing job at pulling good qualities from other popular games without totally copying them. My only minor complaint is the music is meh. I ended up muting the music and listening to spotify while playing, but that's just my opinion

Edit: I also want to add that the game flawlessly recognized my off brand windows controller without me having to do anything at all. That's a HUGE win for me. I'm curious to try playing with a force feedback wheel one day just for the lolz",True,1660463154,1,0,0.5,0,126,340,76561198154058340
1324350,120090610,Fast paced chaotic fun. Game is a must play 10/10. Cosmetics are earned by playing the game. No micro transactions!!!,True,1659679100,1,0,0.5,0,57,67,76561198116715598
1324350,162649947,"A great game for anyone who like me, sucks at rocket league. Graphic and music are on point. Plenty of players online too.",True,1712822498,0,0,0.5,0,70,966,76561198060901022
1324350,145076612,"Definitely worth it on a $4.50 sale. This game is very fun especially with friends and has a lot of potential and not enough attention. That being said at its normal price of $20 I don't know if I can recommend it. If $20 doesn't mean much to you or you can convince friends to get it at that price, for sure it's definitely worth it. But $20 is steep for a party game to play with friends, playing it with random people or a mix of randoms/friends is possible but I don't know if that is really where this game shines. Love the game though and will keep playing it.",True,1693074139,0,0,0.5,0,118,344,76561198111828362
1324350,120053284,"Recommend this just for hitting a ball into a hole and racing. Good thing about this game is there is no current way to buy currency or buy anything else using real cash. The only thing you pay for is the game itself. Very fun. Can be played solo or online with other people, You can even party up with friends.",True,1659624695,3,0,0.523809552192687988,0,20,824,76561198265287074
1324350,120073837,fun but cant join public lobby's pls fix,True,1659650703,0,0,0.47826087474822998,0,54,103,76561199109770785
1324350,129494352,"Great game, very addictive, it does have a bit of a skillgap though, but just by playing a week or so you get the hang of it, besides, it feels awesome when you pull of a shot that gets you first",True,1672209496,1,0,0.519999980926513672,0,42,723,76561199181041529
1324350,137144389,PGA Tour,True,1682210982,4,1,0.553047418594360352,0,16,16,76561197967313416
1324350,163010814,"Rocket League 2, hell yeah",True,1713303841,0,0,0.5,0,157,1290,76561198089525703
1324350,127174835,"Car, golf, friends, power ups, weeeeeeee!",True,1669537322,0,0,0.5,0,84,84,76561198119017021
1324350,120311304,good fun! best with friends,True,1660015218,0,0,0.5,0,106,400,76561198048621861
1324350,120090945,"I didn't play this game in beta, but it caught my eye as someone who has tons of hours on Rocket League. It's a bit wonky off the start, but after 45 minutes or so, switching around buttons, I figured it out and started having a lot of fun cutting down my times. 

First off, turn off auto-assist on turns. Then, run through the solos to get your cores, it's kind of a great way to make players practice before going into online play. The first active core they give you is super-useful. Hope this game gets fully-fledged out.",True,1659679744,2,0,0.5,0,87,529,76561198025096780
1324350,137138559,"As someone who was recently diagnosed with a terminal illness and given less than a year to live, I'm incredibly grateful to have played Turbo Golf Racing before my time runs out. This game is a true masterpiece, with every aspect, from the gameplay to the atmosphere and graphics, expertly crafted.

I highly recommend it to anyone who loves immersive and engaging gaming experiences. Thank you to the developers for creating such a fantastic game that has given me joy and excitement during a difficult time.",True,1682201739,1,0,0.370353966951370239,0,18,18,76561198874629055
1324350,120163988,THIS GAME IS SO POG AHHHH BUY IT NOW & PLAYYY!,True,1659794145,1,0,0.5,0,72,391,76561199047659783
1324350,120248659,Fun little game! It's just silly fun. I can't think of a better way to describe it.,True,1659915563,0,0,0.5,0,82,441,76561197981485164
1324350,120067090,"Having 1000s of hours in rocket league i thought i would try this, its good but it needs ranked!",True,1659642062,0,0,0.472972989082336426,0,59,137,76561198107566795
1324350,172141236,"If Rocket League and Mini Golf had a love child this game would be it....
Worth it?  YES


┌┌┌┌┌┌┌┌┌┌┌┌┌┌┌┌┌┌┌┌┌┌┌┌┌┌┌┌┌┌┌┌┌┌┌┌┌┌┌┌
┌┌┌┌┌┌┌┌┌┌┌█████┌┌┌┌┌┌┌┌┌┌┌┌┌┌┌┌┌┌┌┌┌┌┌┌
┌┌┌┌┌┌┌┌┌┌███████┌┌┌┌┌┌┌┌┌┌┌┌┌┌┌┌┌┌┌┌┌┌┌
┌┌┌┌┌┌┌┌┌███┌┌┌██┌┌┌┌┌┌┌┌┌┌┌┌┌┌┌┌┌┌┌┌┌┌┌
┌┌┌┌┌┌┌┌┌██┌┌┌┌██┌┌┌┌┌┌┌┌┌┌┌┌┌┌┌┌┌┌┌┌┌┌┌
┌┌┌┌┌┌┌┌███┌┌┌┌███┌┌┌┌┌┌┌┌┌┌┌┌┌┌┌┌┌┌┌┌┌┌
┌┌┌┌┌┌┌┌███┌┌┌┌███┌┌┌┌┌┌┌┌┌┌┌┌┌┌┌┌┌┌┌┌┌┌
┌┌┌┌┌┌┌┌┌██┌┌┌┌┌███┌┌┌┌┌┌┌┌┌┌┌┌┌┌┌┌┌┌┌┌┌
┌┌┌┌┌┌┌┌┌███┌┌┌┌┌███┌┌┌┌┌┌┌┌┌┌┌┌┌┌┌┌┌┌┌┌
┌┌┌┌┌┌┌┌┌┌███┌┌┌┌┌████┌┌┌┌┌┌┌┌┌┌┌┌┌┌┌┌┌┌
┌┌┌┌┌┌┌┌┌┌┌██┌┌┌┌┌┌████┌┌┌┌┌┌┌┌┌┌┌┌┌┌┌┌┌
┌┌┌┌┌┌┌┌┌┌┌███┌┌┌┌┌┌┌███┌┌┌┌┌┌┌┌┌┌┌┌┌┌┌┌
┌┌┌┌┌┌┌┌┌┌┌┌███┌┌┌┌┌┌┌███┌┌┌┌┌┌┌┌┌┌┌┌┌┌┌
┌┌┌┌┌┌┌┌┌┌┌┌███┌┌┌┌┌┌┌┌███┌┌┌┌┌┌┌┌┌┌┌┌┌┌
┌┌┌┌┌┌┌┌┌┌┌┌┌██┌┌┌┌┌┌┌┌┌┌███┌┌┌┌┌┌┌┌┌┌┌┌
┌┌┌┌┌┌┌┌┌███┌███┌┌┌┌┌┌┌┌┌┌██┌┌┌┌┌┌┌┌┌┌┌┌
┌┌┌┌████████████┌┌┌┌┌┌┌┌┌┌┌███┌┌┌┌┌┌┌┌┌┌
┌┌████████┌┌┌┌┌┌┌┌┌┌┌┌┌┌┌┌┌┌███┌┌┌┌┌┌┌┌┌
┌███┌┌┌┌┌┌┌┌┌┌┌┌┌┌┌┌┌┌┌┌┌┌┌┌┌█████████┌┌
███┌┌┌┌█████████┌┌┌┌┌┌┌┌┌┌┌┌┌┌┌┌┌┌█████┌
██┌┌┌███████┌████┌┌┌┌┌┌┌┌┌┌┌┌┌┌┌┌┌┌┌███┌
██┌┌┌┌███┌┌┌┌┌┌┌███┌┌┌┌┌┌┌┌┌┌┌┌┌┌┌┌┌┌██┌
███┌┌┌┌┌┌┌┌┌┌┌█████┌┌┌┌┌┌┌┌┌┌┌┌┌┌┌┌┌┌██┌
┌███┌┌┌┌┌┌┌████████┌┌┌┌┌┌┌┌┌┌┌┌┌┌┌┌┌┌██┌
┌┌████████████┌┌┌████┌┌┌┌┌┌┌┌┌┌┌┌┌┌┌┌██┌
┌███┌██████┌┌┌┌┌┌┌████┌┌┌┌┌┌┌┌┌┌┌┌┌┌┌██┌
┌███┌┌┌┌┌┌┌┌┌┌┌██████┌┌┌┌┌┌┌┌┌┌┌┌┌┌┌┌██┌
┌┌████┌████┌██████████┌┌┌┌┌┌┌┌┌┌┌┌┌┌┌██┌
┌┌┌████████████┌┌┌┌┌███┌┌┌┌┌┌┌┌┌┌┌┌┌███┌
┌┌┌┌██┌┌┌┌┌┌┌┌┌┌┌███████┌┌┌┌┌┌┌███████┌┌
┌┌┌┌████┌┌┌┌┌┌████████┌┌┌┌┌┌┌┌████████┌┌
┌┌┌┌┌████████████┌┌┌███┌┌┌┌┌███┌┌┌┌┌┌┌┌┌
┌┌┌┌┌┌┌┌███┌█┌█┌┌┌┌┌┌███┌┌┌███┌┌┌┌┌┌┌┌┌┌
┌┌┌┌┌┌┌┌███┌┌┌┌┌┌█████┌┌█████┌┌┌┌┌┌┌┌┌┌┌
┌┌┌┌┌┌┌┌┌██████████████████┌┌┌┌┌┌┌┌┌┌┌┌┌
┌┌┌┌┌┌┌┌┌┌██████████████┌┌┌┌┌┌┌┌┌┌┌┌┌┌┌┌
┌┌┌┌┌┌┌┌┌┌┌┌┌┌┌┌┌┌┌┌┌┌┌┌┌┌┌┌┌┌┌┌┌┌┌┌┌┌┌┌",True,1723680405,0,0,0.5,0,11,11,76561198004893310
1324350,120053261,Played countless hours during the betas and its safe to say this game is worth the money! Alot of work was put into this game and its going to continue to expand. Can't wait to see how far this game goes,True,1659624664,22,0,0.690238535404205322,0,28,28,76561198381327969
1324350,177820880,"Fun game and plays great on steamdeck, nice chill alternative to rocket league",True,1729997857,2,0,0.537451505661010742,0,50,74,76561198053443652
1324350,146146299,just like real life,True,1694482266,4,1,0.55971759557723999,0,27,27,76561198084784666
1324350,165623476,Rocket League meets Golf WIth Your Friends! It's good.,True,1716062277,0,0,0.5,0,128,305,76561198130651794
1324350,162278758,Fun game just needs more players,True,1712342040,2,0,0.520274162292480469,0,72,97,76561198043153147
1324350,137073156,"Interesting game. It has potential. But I think some things are still missing. For example having a game mode where you can disrupt enemies by hitting their balls and them hitting yours. Longer and more complex maps to not be too short a race.
Having team options like a ball and 3 players to try to put the ball forward and the team at the same time has to get in the way of the other or something.
Maybe an option to lock the camera on the ball would also make it easier, just like in Rocket league. Anyway, I recommend it and hope for improvements :-)


PT-BR
Jogo interessante. Tem potencial. Mas acho que falta algumas coisas ainda. Por exemplo ter um modo de jogo onde você pode atrapalhar os inimigos acertando as bolas deles e eles a sua. Mapas mais longos e mais complexos pra não ser uma corrida muito curta. 
Ter opções de time como uma bola e 3 players pra tentar colocar a bola pra frente e o time ao mesmo tempo tem que atrapalhar o outro ou algo assim. 
Talvez uma opção de lockar a câmera na bola facilitaria também, igual no Rocket league. De qualquer forma recomendo e espero melhorias :-)",True,1682108882,0,0,0.5,2,28,28,76561198058163605
1324350,120060526,This game is so much fun. Perfect to hop into for a couple of games when I have the time. You should check it out if you like racing games or golf games as it satisfies both itches.,True,1659634075,1,0,0.5,0,148,229,76561197984394503
1324350,120067083,"Turbo Golf Racing > Rocket League. 
11/10 - Very fun,",True,1659642031,1,0,0.509803950786590576,0,10,915,76561198201036730
1324350,170687091,Sick of da Rocket League? Need a break?,True,1721894947,0,1,0.5,0,80,206,76561198028913429
1324350,154418545,car + ball + golf = fun,True,1703557868,0,0,0.5,0,67,81,76561199165800715
1324350,155570566,I want this game to be better,True,1704737747,4,1,0.537329137325286865,1,55,55,76561198010150052
1324350,137231121,"It's fun, fast paced and has a lot of potential!",True,1682350282,0,0,0.5,0,131,349,76561198088681131
1324350,151843823,"I like the idea and the execution seems good. I could do without the power ups tho, the game is complicated enough as is.",True,1700925243,2,0,0.467622756958007812,0,23,23,76561198075202999
1324350,205841809,I received a key for this after donating to the Yogscast Jingle Jam 2023 charity fundraiser. Thank you for working with such a great group and supporting some really deserving charities.,True,1759570737,1,0,0.523809552192687988,0,17,17,76561199015608240
1324350,120053880,Fun with friends,True,1659625418,2,0,0.476190477609634399,0,62,1095,76561198078034751
1324350,120060386,"Are you a Rocket League fan, but all of your friends yell at you for ball chasing? Read no more, this is the game for you!

In Turbo Golf Racing you get the feel of Rocket League and the rush of the ball chase all in one. Your only goal is to chase that pesky ball, like a dog at the park, and get it in the hole before anyone else does. With a mix of Mario Kart powers they call cores, you can alter your game play in minor ways and even glide in the air with your car to help you do those challenging aerials.",True,1659633887,118,43,0.895862758159637451,2,76,520,76561197999881381
1324350,120082589,it's like rocket league but the open net is easier to miss,True,1659664540,1,0,0.5,0,54,59,76561198109773525
1324350,120052680,It's nothing like that Supersonic Acrobatic Rocket Powered Battle Cars game. It's racing + golf. Played the beta and had a blast with my friends.,True,1659623909,2,0,0.5,0,37,6913,76561197993408811
1324350,139670197,"Not for me, outside of perfect play the game can slow down a lot. Still likely can hit a good size audience",True,1686108092,0,0,0.5,0,14,15,76561198056045000
1324350,145028471,"Rocket league meets golf! Was not expecting to enjoy this game as much as I am, great job fellas",True,1693017277,0,0,0.5,0,33,929,76561197968593679
1324350,203462711,"This game is worth your attention. It's quite similar to Rocket League, and it's a great substitute for Steam. It has good graphics and optimization, but the biggest problem is that it's not online. So here's the deal: grab it while it's on sale, and it will be just as good as Rocket League. I recommend, but only if we will make online!",True,1756928747,12,2,0.575836360454559326,0,108,132,76561198206535731
1324350,153064153,"Overall, this is a great basis for this game that [b]needs[/b] some polishing. I will preface this by mentioned I got the game through the Jingle Jam 2023 bundle, meaning my view on the game is not based on it's full price on Steam [i](currently at £14.99)[/i], hence why I have marked this review as having received the product for free.

[h2][b][u]Firstly, the positives[/u][/b][/h2]
[olist]
[*]It has elements that will appeal to both casual [b]and[/b] competitive players
[*]The 1v1 golf gamemode [i](currently a beta in the game at the time of review)[/i] is really fun and unique
[*]Yes, it is like Rocket League but golf [i](a positive because that's a good game, why not be like it where you can?)[/i]
[/olist]

[h2][b][u]The dreaded negatives[/u][/b][/h2]
[olist]
[*]Physics - This is the big one for me. It's inconstant across maps and materials on the field. It makes sense for different materials to affect your ball differently, but things like the rough are much gripper on some maps than others, without much of an obvious reason as to why
[*]Low player count - this isn't the end of the world, but it really is something to keep in mind. There isn't much to do solo, and there isn't a couch co-op mode [i](as far as I can tell)[/i], and this can lead to you feeling a bit stuck in a queue for a game for a while
[/olist]

It's important to remember that, for me, these negatives aren't 100% deal breakers, but they might be to you if you have to pay full price for the game in its current state. There's a lot of potential here, and I will continue to follow it closely [i](hence why I am recommending the game)[/i], but it is important to keep in mind the state of the game for your purchase.

[i]Edit 1 - fixing formatting errors, sorry[/i]",True,1701977726,10,0,0.637176215648651123,0,104,379,76561198107116562
1324350,154185876,"This game is a lot of fun. Once you have the hang of the controls, it is thrilling to watch the ball fly all over wacky, big, and beautiful maps. The player base so far seems very supportive, and most players want to have a good wholesome time tapping the ball into the hole. Game design is pretty sleek, and there is a lot of variety in the game with different abilities and golf hazards. I'm very much enjoying myself so far.",True,1703308442,0,0,0.5,0,131,245,76561198039576327
1324350,120158593,"The base concept is great, but until they add an air roll option and a steering sensitivity slider, the cars will feel too uncontrollable. Trying to hit the ball into precise angles is a chore to attempt, because your car just ends up over-steering most of the time.",True,1659786469,0,0,0.5,0,20,20,76561198044203794
1324350,120406644,it's good,True,1660159061,0,0,0.5,0,98,672,76561198162094142
1324350,120100919,Tbh didn't expect to like it so much.,True,1659698307,1,0,0.5,0,63,82,76561199175866054
1324350,120620145,This game scratches the hell out of my rocket league itch,True,1660489936,0,0,0.484878361225128174,0,49,326,76561198050393627
1324350,120424303,It was really fun to play,True,1660188160,0,2,0.5,0,40,40,76561198354694053
1324350,137075389,"really fun game, imagine it like rocket league and mario kart had a baby",True,1682111936,0,0,0.5,0,23,23,76561198400751790
1324350,123179577,This title succesfully combines the game of golf with rocket-powered cars to create a really fun and challenging experience.,True,1664662455,0,0,0.5,0,93,205,76561198041746142
1324350,136548324,"This is pretty straightforward, it's Rocket League but golf! It does a great job and gives you the fun without having to worry about bad teammates. The game looks great, it runs great, and it feels great. Each game only really takes about 5 minutes and that's including loading times so you can hop in and out with ease.

The only thing that sucks about it is the low player count. The game won't leave you waiting for long but there are ranks and you'll pretty much always be playing with all sorts of rank levels. Fortunately, I don't really care about ranks so seeing my rank go down if I get in a lobby of high skill players doesn't matter to me but it may to you. Even when I don't win though, it's still just a fun game to try to get to the hole as fast as you can. I play at my own pace, if I win, I win, if I lose, I lose. I don't get worked up going against higher ranks or watching my rank drop because I'm having a lot of fun along the way!",True,1681254669,1,0,0.5,0,89,526,76561197967449126
1324350,120067101,Relaxing yet very frustrating and pretty fun! Hope they add a map editor :D,True,1659642086,3,0,0.516778528690338135,0,81,394,76561197980289612
1324350,120085755,fun concept but doesnt feel the same as the beta. can barely control the car anymore with MKB,True,1659669683,1,0,0.5,0,90,104,76561198050808861
1324350,120300042,"Great casual multiplayer game. Easy to learn hard to master.
Works well on Linux in Proton.",True,1659996470,16,0,0.67247319221496582,0,73,1288,76561198038985821
1324350,120070443,Feels similar to Rocket League and it seems really fun thus far. I hope it becomes more popular!,True,1659646577,1,0,0.5,0,34,131,76561198103397424
1324350,147813849,"Meilleur jeux que j'ai jouer de toute mavie, WOW !! O_o",True,1696697446,0,0,0.471698105335235596,0,33,33,76561198017142691
1324350,203809846,"I was pleasantly surprised by how much I enjoyed this with friends. While there are some momentum physics elements from Rocket League that I wish this had, this is otherwise a great entry in the Arcade Golf genre.",True,1757263096,0,0,0.5,0,89,89,76561198140221781
1324350,152555363,They probably shouldn't,True,1701312623,0,0,0.478142082691192627,0,164,176,76561197985599883
1324350,137070755,good :),True,1682105790,0,0,0.5,0,9,9,76561198345125256
1324350,120054920,Great fun!,True,1659626694,1,0,0.5,0,81,510,76561197966251180
1324350,212435127,"Fun game, but good luck finding even a single other player online.",True,1764711607,1,0,0.523809552192687988,0,23,23,76561198074115839
1324350,125133281,"I LOVE this so far!!! :) Super fun game!

If you're a big Rocket League fan like me, it'll take a while to get used to the controls. Some of them feel like they'd be a smooth transition from RL but it isn't honestly, it definitely takes a bit of practice. I keep whiffing the ball all the time, and find it hard to turn. So much to learn!

I love the customization being in slots. So many more options to make a cool car :)

The game does oddly feel a little empty right now. There is not many players I've been able to find, but tbh it's almost 3am as of writing in the UK and RL tends to get quiet at this time too, so I'll try again later. I just started tonight and love it.  Its Early access so of course its a bit small right now.",True,1667874126,0,0,0.476190477609634399,0,84,8140,76561198097581534
1324350,120924813,stupid fun,True,1660977280,0,0,0.5,0,380,1630,76561198868978086
1324350,180836861,"Та же Rocket League, но с большим количеством всего чего не хватало. Достаточная замена Rocket League которую к сожалению удалили из этой платформы. Есть ядра, активно-пассивные и просто пассивные, а так же надо толкать мяч в лунку, чтобы выйграть. Большое разнообразие карт и красивая графика.
Рекомендую к покупке игры!
///
The same Rocket League, but with a lot of everything that was missing. A sufficient replacement for Rocket League, which was unfortunately removed from this platform. There are cores, active-passive and just passive, and you also need to push the ball into the hole to win. A large variety of maps and beautiful graphics.
I recommend buying the game!",True,1732902573,0,0,0.5,0,326,786,76561199402604137
1324350,177349481,"Addictive and fun, especially in race mode with friends",True,1729359694,0,0,0.467581689357757568,0,336,1692,76561198094898717
1324350,138369196,⠀,True,1684217341,10,4,0.619414389133453369,0,209,209,76561198036629241
1324350,168328813,"very fun, kinda annoying when you miss the ball though",True,1719498970,0,0,0.5,0,302,348,76561199522312728
1324350,120995499,Very fun,True,1661087652,0,0,0.476190477609634399,0,289,660,76561199072523743
1324350,122301380,"Love playing Rocket League? You'll probably like this a lot.
Love playing Golf games too? You'll love this a lot.",True,1663290240,0,0,0.5,0,444,43501,76561197970378426
1324350,162910111,Very fun game,True,1713152600,0,0,0.461783438920974731,0,445,586,76561199059273786
1324350,165971608,"since epic decided to f* up rocket league, i've been searching for a new car sports mix and this game was the perfect call! definitely having fun getting sick shots and trying new mechanics!",True,1716561060,0,0,0.5,0,336,615,76561198404852935
1324350,144637277,"A great rocket league style game thats full of polish that sadly hasnt been successful, which is a great shame",True,1692533173,0,0,0.5,0,182,1049,76561197966686661
1324350,148639450,Is good,True,1697937006,1,0,0.5,0,261,3215,76561197992936523
1324350,122779732,"This game is great casual fun.
Not sure why more people aren't playing it.",True,1664070670,2,0,0.535452306270599365,0,460,1015,76561197995596940
1324350,121460485,This game is really fun and addicting. Looking forward to maybe some other modes in the future.  Hopefully they can merge xbox games pass pc and steam so there are more players.,True,1661843835,0,0,0.5,0,498,2456,76561198090931817
1324350,129656595,Exceeded my already high expectations. 10/10 would recommend.,True,1672369371,0,0,0.5,0,314,1045,76561198113732317
1324350,120543493,"The core gameplay seems very solid. Even for an early access game, there's lots of maps, which is needed to make it not feel stale. 

As of yet, there's no in-game monetization like MTX for skins or anything like that, fingers crossed it stays like that (looking at you, EPIC / Rocket League, fuck off)

The fact that it features a Solo ""campaign"" is also nice. Both for practice, but also for if you're just not feeling like playing vs others at that moment.

The main concern I'd have with it, is that while it's good now, I've already started to see a big gap in skill from when I first started playing to now. 
I first played for a couple of hours when it came out (Aug 4th) and then again for a couple of hours a little over a week later (Aug 11th) and already I could see a huge gap in skill. This is just anecdotal for now, but I could see this turning out to become a similar situation like Rocket League, where the game is fun for the first X weeks/months/year, but then turning un-fun because if you're not keeping up and practicing you're gonna be left behind skill wise.

Either way, for now it's a good gameplay experience. The price is more than fair, even without the 10% off currently. All that remains is to see how active the developers are at pushing updates / developing the game, and how well the match making holds up later on. (Also, whether or not it gets bought out by some other scummy publisher *cough cough*)",True,1660376725,0,0,0.5,0,259,259,76561197980243623
1324350,146893836,"Fun. Easy to learn, hard to master. Soundtrack is a banger. Even more fun if you can get a lot of friends to join ya.",True,1695510376,0,0,0.5,0,525,1343,76561198101506541
1324350,140809483,"WONKY BALL GAME GOLF, KAAS",True,1687895353,0,0,0.458477497100830078,0,300,1496,76561198064047479
1324350,122047291,Great game! Very skilled based.,True,1662836428,0,0,0.5,0,231,302,76561199028841380
1324350,120166680,"Played the BETA and loved it and now the full game is out still loving it.

Do not compare this game to Rocket League because it is not, nor is it trying to be!  Treat it as its own entity and you will get along just fine.

Its early days and I believe the car mechanics will likely get tightened over time.
The idea is spot on and fun.
Short game lengths usually between 5/10 mins depending on Maps that end up in your rotation.
Plenty of car choices / additional items to work towards be it via wins or credits.

For an early access game it is very solid.

*** Top tip is playing with friends and struggling to find a server make sure you are all have your games set to search in the same region or this will cause you a headache ***

Great game, highly recommended,",True,1659797495,8,0,0.574440419673919678,0,225,467,76561198054529250
1324350,141504232,u buy now,True,1688712918,0,0,0.5,0,276,604,76561198147098848
1324350,120360521,"I think this game is good value for the money. Easy to play from the get go but super hard to master and get that first win, matchmaking times seems really quick and the opponents are of similar skill level. Feels more casual than rocket league but the variety of maps and car modifications are very welcome!

Devs have done a great job and they are active in the discord so hopefully they keep on using the feedback to make more improvements.

8.5/10 would recommend!",True,1660084995,1,0,0.5,0,331,331,76561198060945045
1324350,120576205,"50% Rocket League, 50% your favorite party mini-golf game, 50% Fall Guys. 
Can get a little sweaty with the golfers that have been here since beta, but overall a great pick up and play game. Devs seem very receptive to feedback and community is very welcoming. Tons of customization to make your car feel unique, but you certainly tell when peeps are ""clearing the shop"". Definitely recommend to pass the time.",True,1660421874,0,1,0.5,0,477,629,76561198106967137
1324350,141881934,Rocket League golfing.  Gogo,True,1689137388,0,0,0.5,0,219,2555,76561197960467226
1324350,162299109,Rocket League is by far my most played game in my history of gaming. and golf is my biggest passion in life. This game is pure joy for me.,True,1712364390,0,0,0.5,0,213,508,76561198213526079
1324350,177286339,Fun stuff with a good group of friends.,True,1729278262,0,0,0.490517407655715942,0,396,507,76561197972601848
1324350,162985158,"This game disguises itself as a casual game but the mechanics are for mediumcore/hardcore gamers. It is like Rocket League without the football part. If you have played Rocket League in the higher leagues (Diamond+) then you'll enjoy this game with the competitive mode.

And for players who like it more casual, it's definitely a hit with friends.",True,1713273701,0,0,0.5,0,326,487,76561198026781256
1324350,120097544,Really fun and addicting game :),True,1659692402,0,0,0.5,0,250,10553,76561198451234470
1324350,137151444,Super fun game. Love playing it with my family. Competitive but not madding if your not the best.,True,1682223392,1,0,0.514563083648681641,0,303,512,76561198241573776
1324350,166641988,The golf is fun,True,1717477424,0,0,0.5,0,361,1057,76561198067718295
1324350,121231548,"See ball, Hit ball, Hit ball in hole.  Hit ball in hole first, and win.  Takes golf and throws in adrenaline packed fun!",True,1661455994,0,0,0.5,0,270,799,76561197987222880
1324350,169170371,"This game is fun! Rocket League meets Golf With Your Friends! I hope they add more golf holes and a solo golf mode would be siq! Here are some things that I hope they might add to the game down the line.
-Realistic golf courses/holes (I like the arcadey ones, but some realistic ones or ones based off of real courses would be siq!)
-Longer golf match (5 holes is nice for a quick game, but I wouldn't mind them being longer. Maybe a 9 & 18 mode or just add that as an option for solo/private matches if they add that)
-Private match mode (Be nice if you could make a private match with friends where you pick the holes and could maybe add modifiers or something)
-Offline golf mode/training area (A solo golf mode where you can play offline for the golf mode would be cool, they have a time trials mode for the racing, but I don't like that mode as much)
-Leader board for golf (not sure exactly how you could do this, but would be cool to have some sort of ranking for the golf mode)",True,1720292374,0,0,0.5,0,183,296,76561198061906840
1324350,120568475,Most fun I've had with $17 in a while. Worth every penny.,True,1660411696,0,0,0.5,0,286,857,76561198143183003
1324350,137187642,"not bad at all,
there are some little nuances like you are getting matched to some degree veteran players, or best shoot almost always show shot with helps of rings which is lame. But all in all definitely better than Rocket League if I comparing them nowadays.
EDIT: Idk if this how this game was coded, but pls code that game stops rendering when it is alt-tabbed (in background)
edit 2: their servers are slow as f when dashing multiple times in row - so that means you are asynced and your inputs goes to trashbin
edit3: WE NEED MORE BOTS pls 7 is not enough we need 8/8",True,1682273210,0,0,0.479136019945144653,0,411,2790,76561198139737934
1324350,137529779,Totally not my usual wheelhouse of a game. But this has dominated my time since i started playing on gamepass in August of last year. Highly reccommend.,True,1682830169,1,0,0.5,0,280,4577,76561198043450720
1324350,124907157,hi great game did not think it was this much fun not into golf but this game wow a lot of trick shots and loops     to make it fun hour after hour great job guys,True,1667518992,0,0,0.5,0,255,13582,76561199390055860
1324350,134499689,"Excellent game, solid controls and fun, short rounds against random online opponents. Great to pick up and play on Steam Deck",True,1678573108,4,0,0.512000799179077148,0,371,371,76561198047262693
1324350,169454979,"Fun game with a few friends. Don't expect a ton of replayability, but if you and a few friends can get this game on sale, go for it.",True,1720565115,0,0,0.5,0,423,1514,76561198097686962
1324350,138398222,"Rocket League + minigolf + a dash of strong amphetamines. Great game, shame the playerbase is so low",True,1684271290,4,0,0.520527243614196777,0,486,1066,76561198071471281
1324350,161897644,"It is a lot of fun as a mash up between Rocket League, Golf, and Racing.",True,1711907007,7,0,0.570007979869842529,0,184,346,76561198302768265
1324350,120471814,"its fun and great but needs better servers. Every so often I get some packet loss and flyby the ball, maybe even right before the hole. And the games are almost never full at least on the west coast servers. I always see 6-7 people sometimes 5, but always missing that last few. Only bug I have seen so far is I picked up a missile but it did not show for about 10 seconds.",True,1660266398,0,0,0.5,0,465,494,76561198144638265
1324350,163445220,fun game,True,1713884921,0,0,0.5,0,201,242,76561197978158338
1324350,120575520,"Great game, I'm interested to see how it develops! Rocket league got me into the idea of car sports and I think this game is a great addition to that genre. The tracks/courses are nice and colorful, there's a variety of powers to use, and I think the game controls nicely (although don't expect it to feel like rocket league). This is a perfect game for shorter sessions since each match is pretty brief but can also be enjoyed for extended sessions playing round after round. Definitely recommended to other car sports fans!",True,1660420946,1,0,0.523809552192687988,0,261,2940,76561198000945696
1324350,191275305,"This game is an absolute blast! The cars driving even better than they do in Rocket League, and the golf courses are really well designed. The only downside is that I wish there were more options for playing with friends and tweaking custom game modes to make matches last longer, like  10 holes or even more :)",True,1743050783,0,0,0.5,0,331,1053,76561198081085266
1324350,120211769,Soo much fun,True,1659867882,0,0,0.5,0,292,427,76561197970052540
1324350,137300621,Don't let this one die boys!,True,1682468160,1,0,0.513651907444000244,0,387,833,76561198043588405
1324350,137430573,"This game is like [b]Rocket League meets golfing.[/b] The concept is much more fun in comparison to its competitor, IMO. However, the game isn't without its flaws. I put 8 hours into this game so here are some of my thoughts.

[b]Pros:[/b]

➤ As I already mentioned, the concept is pretty unique, fun and addictive
➤ The mechanics are easy to learn but hard to master, also they are somewhat more complex than in Rocket League, making the game all that much more interesting
➤ Varied vehicle customazation
➤ A lot of active and passive skills you can equip
➤ Great amount of maps
➤ Active updates
➤ Free battle pass
➤ Decent achievements worth grinding for
➤ In-game mission which keep you coming back

[b]Neither:[/b]

➤ The playerbase is small, you tend to play with the same people over and over again, most of the matches therefore are filled with half bots but the queue times are short, meaning you don't need to wait usually more than a minute
➤ In the first hour you kinda get to know everything about this game but you can always improve when it comes down to your skills (for some it gets repetitive real quick)

[b]Cons:[/b]

➤ There are a very few game modes you can choose from (solo = time trial, more players/bots = casual + ranked)
➤ Uncertain future, due to the small playerbase, I can see the game dying in the near future. Most likely, I see the game going free-to-play (the fact, the game was already bundled just makes my theory all that more plausible)
➤ No voice chat (it doesn't matter since there are no teammodes, still it would be a nice thing to have and let those, who don't want it, simply mute it in the settings)

[b]To sum it up,[/b] it's worth giving this game a try. After all, the game is still in early access. I had the chance of trying a demo during Steam's next fest and it was, hands down, one of the best games I tried. Maybe wait for a bit. 

I have my [b]doubts[/b] about the future of this game as I said above and even though the game seems to be getting updated regularly, it's mostly new maps and cosmetics, there doesn't seem to have been any new gamemodes or any groundbreaking updates since the game was released to the public.",True,1682700301,19,1,0.399389415979385376,4,481,481,76561198388606792
1324350,120087152,its really fun,True,1659672044,1,0,0.5,0,416,531,76561199323451780
1324350,120287984,"Yes but in its current state it gets boring fast, needs ranked and cross platform play ASAP. Still worth a purchase as it is as its cheap",True,1659980075,0,0,0.392464667558670044,0,266,553,76561198138405453
1324350,125071770,"Pretty simple game, fun, sometimes the keys are a bit rough to learn but so much FUN",True,1667770415,0,0,0.5,0,398,21347,76561199246009401
1324350,120125110,"Very quick to get in.
Very quick to get a few games going maybe some wins.
Very Fun with friends!
And Absolutely very enjoyable.

10 / 10  Go give it a try and support these devs!",True,1659730524,0,0,0.5,0,206,1271,76561198028224281
1324350,121246731,"There's a problem with this game. 

The problem is i can't stop playing this game.  

buy immediately.",True,1661482329,2,0,0.5,0,374,846,76561197995237570
1324350,121002477,Very fun game similar to rocket league but quite different in terms of gameplay,True,1661096159,0,0,0.5,0,341,429,76561198004960376
1324350,163254484,amazing game ! can be chill or competitive! and only 12 bucks! really hoping they continue to add and update the game!,True,1713635667,0,0,0.5,0,220,1054,76561198167362261
1324350,135978555,TURBO GOLF RACING  IS AWESOME!!!,True,1680460594,0,0,0.5,1,423,1359,76561199382453332
1324350,145164508,This game is pretty fun it's kinda like golf but with cars.,True,1693176567,0,0,0.5,0,191,246,76561198041834714
1324350,161847813,is good game,True,1711849270,0,1,0.5,0,213,352,76561198172180381
1324350,120407034,If Rocket League had a baby with Golf with Your Friends,True,1660159589,0,0,0.5,0,433,802,76561197966513859
1324350,155381136,great fun if you like rocket league type games,True,1704540071,1,0,0.5,0,171,196,76561198128182162
1324350,120107940,If you like ballchasing in Rocket League THIS game is for you!,True,1659708497,4,1,0.581749081611633301,0,440,1856,76561198002557338
1324350,136242495,"<3 I love this game and I can get lost in playing it for hours. It's great solo, with friends or rados! There is always people on to play the game with so far that I have experienced. <3",True,1680830420,1,0,0.479041904211044312,0,422,865,76561199468518072
1324350,137773299,"Fun, no pay-to-win (as of May 2023), a little play-to-win but not that much (I still use starting items, got a lot of wins)",True,1683200287,2,0,0.54356849193572998,0,478,1672,76561198425328243
1324350,122654695,"Yep, it's rad, dude! Just buy it...",True,1663886945,0,0,0.5,0,287,665,76561198044191611
1324350,137383905,Very fun game. Sometimes a little jank but ultimately a good experience,True,1682621976,0,0,0.5,0,221,2973,76561198040943744
1324350,120119181,"This game is dope, lots of potential, needs more modes tho",True,1659722811,15,0,0.675559163093566895,1,211,3496,76561198115334789
1324350,155370944,Surprisingly fun. Rocket league meets golf with friends,True,1704527330,0,0,0.5,0,200,226,76561198025048429
1324350,172816767,"[b]I’m not going to spend long here. Turbo Golf Racing is another in a long line of alternative/future sports titles which, while good, and maybe even great, has some shortcomings and trouble gaining traction that has resulted in its “death” (even though I don’t like that term). I recommend this game on its merits as a game, but as a prospective buyer if you want great online multiplayer games, those days are gone. You can’t get that anymore. You honestly hardly could at any point.[/b]

The easy comparison is Rocket League, and it’s not a bad one. While the cars are similar, the depth of air gameplay is not. The cars are much [i]floatier[/i] for lack of a better term, and I think it makes for general play [u]less satisfying[/u] than Rocket League. I don’t think this means the gameplay is necessarily bad, though. Rocket League is a near untouchable gold standard for this type of control and satisfaction, so coming up short is not the worst indictment.

That said, alternative/future sports game need very tight, responsive gameplay in order to succeed. Turbo Golf Racing’s gameplay is good, and provides lots of [i]party[/i] type fun, but it’s not the competitive feeling that will engage people for addictive hours, and is necessary for competitive online multiplayer games to have staying power.

Turbo Golf Racing comes with the issue that several other games in this genre have had as well. It segments players too much by having both a ranked and casual queue (which you cannot queue for simultaneously).

It used to fill you in with bots after not so long, but very recently I tried playing some more and was in queue for over 10 minutes without getting a bot filled game, so the game is even harder to play than it was before.

The courses are fun, and although there are a lot of them, substantive differences are lacking between many. The powerups I don’t think needed to be unlocked in this way, having some kind of pseudo-progression which isn’t appropriate for a game of this type, but they do add different and creative approaches to the gameplay itself.

Overall, Turbo Golf Racing is a game I quite respect and enjoy, but I’ve not even spent that much time on it and I hardly will anymore because sadly the core feature of competitive online gameplay has already been lost to time and engagement.

Alas, the alternative/future sports game genre still awaits another top hit…

[b]7/10[/b]",True,1724241191,6,0,0.607739627361297607,0,264,264,76561198128287463
1324350,177889287,good,True,1730078920,0,0,0.5,0,358,554,76561197993003152
1324350,120090029,mario kart+rocket league+golf it,True,1659677814,1,0,0.5,0,277,1089,76561198185203507
1324350,150531905,"Super fun game, short matches but lots of skills to learn!  More people should play this!",True,1700544890,5,0,0.555074810981750488,0,508,565,76561197977910777
1324350,165851820,Good old fun,True,1716383733,0,0,0.5,0,209,698,76561197969427906
1324350,120333927,Lag make me miss hole... 10/10,True,1660052417,0,0,0.5,0,225,845,76561198081366833
1324350,135251351,i suck at this game but i love it and i want to get better and i am improving.,True,1679595867,0,0,0.5,0,189,4111,76561199069561027
1324350,120458307,"Turbo golf racing is a new competitor to rocket league. Mixed Rocket League + Golf + Racing (you can only hit other cars with abilities)

It feels different but it is more or less the same control wise to rocket league. You will feel messed up for a little while if you play rocket league lol. 

Plays more like mario kart with its lobbies. Right now only best of 3 matches that track your wins. However they just released a roadmap today saying ranked and leaderboard and more stats (competitive stuff yay!) are coming in the future! That makes this game exciting for me!

There is some hidden mechanics like slide jumps and boost tricks on the countdown (like mario kart) Also hidden paths on tracks. Seems to actually be a lot of depth, potentially even air dribbling and flying (i can do it in rocket league but can barely do anything in this game after 4 hours)

The important thing is the game feels fun. It actual feels a bit more like golf than when I was expecting. Fun game it is here to stay! 

Come check out my stream I will probably be playing this game a lot! https://www.twitch.tv/mmraddict I AM ADDICTED TO RANKED VIDEO GAMES :D :D :D",True,1660245428,0,0,0.5,0,244,4714,76561198064188369
1324350,120527880,I like the flying. Just using the single player mode and enjoying exploring the maps.,True,1660351505,0,0,0.5,0,248,1155,76561198830897107
1324350,120563255,addictive,True,1660405111,0,0,0.5,0,495,604,76561199139567425
1324350,141503185,A mix of golf with your friends and rocketleague. Pogo would love this.,True,1688711217,0,0,0.5,0,281,7039,76561198092503788
1324350,155867708,WHY IS THIS SO DEAD ITS SO FUN,True,1705127436,12,1,0.59708714485168457,0,233,3182,76561199089988507
1324350,137213215,"Dear developer,

The game runs great on the Steam Deck, but the text is just tiny, please add an option to make it larger.

https://steamcommunity.com/sharedfiles/filedetails/?id=2966571136

Kind regards",True,1682316648,117,1,0.892788350582122803,2,195,272,76561198112958015
1324350,170979221,"game is sick 
buy it
play w your friends 
enjoy it 
joint the discord to play for even more 
9/10 love this game",True,1722193396,0,0,0.5,0,381,381,76561199467143183
1324350,120177480,Pretty funh and chill game,True,1659812551,1,0,0.5,0,277,338,76561197994900549
1324350,121585969,"Very fun, very mobile car golf. Shame about the player base being mostly gone now tho.",True,1662057573,2,0,0.523809552192687988,0,427,427,76561198797036723
1324350,141174190,"Golfitleague.


NEED I SAY MORE BUY IT DIPSHIT.  10/10",True,1688339840,1,0,0.487640470266342163,0,190,1077,76561198132256575
1324350,120407418,"Turbo Golf Racing is very simple, especially in this state of Early Access with 30 courses available for solo play.  These are divided into three sets of ten holes, which you must complete within a set time limit.  There are three time goals for each hole, each rewarding a star for finishing under that time, and your access to additional holes is unlocked by earning stars in previous holes.  At the time of this review, I have two stars on every hole, which is basically required to access/complete all 30 holes.  Going back and earning that third star is a challenge I look forward to in my future spare time.

But all of this solo play is mere practice for the online golf game that awaits once you have learned how to play golf with a fancy sports car or truck.  Vehicle choice is limited for now, but you do unlock new vehicles through normal level-up progression. Regardless of your finishing position you will still earn XP and Gears during each match; the former increasing your level and earning you a prize at each tier, while the latter is used as currency for the in-game store where you can buy visual upgrades for your car, ball, and other flashy effects.  While not as vast as the parts selection in Rocket League, at least in Turbo Golf Racing you are actually earning “real stuff” and not silly blueprints that only unlock the privilege of buying later with real money.

Nearly all of the upgrades are visual in nature; a new paint job, a flashy spoiler, or a dangerous looking plow for the front of the vehicle to knock the ball around.  Some upgrades (Cores) do offer limited performance boosts, but these are nicely balanced with their own negative effects; like increasing your boost speed at the cost of slowing down how fast the meter refills.  Basically, the entire game is about the skill of the player and not the capabilities of the car, but it is still fun to mix and match up to two Cores per vehicle and see how it affects your game.

Controls are pretty excellent, at least when playing with a gamepad, and Turbo Golf Racing “feels” exactly like Rocket League with the same turbo, e-brake, drift, and jump mechanics.  There are fun “secrets” to figure out like getting a boost off the starting line or flipping your car to create a momentary shield to protect from a rocket attack.  The game does require more precision than Rocket League.  In that game you just hit the ball in the general direction of the net and there was a chance it would go in.  Here, you are going to need to hit the ball 20-30 times or more just to get it to the hole, so each shot needs to be accurate otherwise you end up chasing the ball around...

Read full review at https://gamechronicles.com/turbo-golf-racing-early-access-review-pc/

More Steam reviews on our Curator page - https://store.steampowered.com/curator/4961591-Game-Chronicles/",True,1660160124,0,0,0.5,0,493,4887,76561197971075117
1324350,120101645,"One of the bestgame  out  there. Forget  all you  know about rocket league  before koining, cause it's not the same  at all!",True,1659699522,1,0,0.5,0,511,4341,76561198118891615
1324350,127275190,Actually better than Rocket League,True,1669575424,0,1,0.45504385232925415,0,271,303,76561197993449643
1324350,173020624,Awesome Sauce! 10/10,True,1724356812,0,0,0.5,0,519,1032,76561198027938977
1324350,155965591,"Allora il gioco a parer mio è figo, però il problema che sto gioco è fra la vita o la morte, fanno dlc che costano 6€ 4€ l'uno, quanto il gioco in sè costa 18€ ma non hanno capito che fa la stessa fine di fall guys prima che epic lo comprasse, ormai è l'era dei giochi gratuiti, quindi sto gioco secondo me non avrà molta vita davanti, a meno che non lo mettano gratis con le robe a pagamento dentro, perchè aspettare 5min per un ranked, ti fa passare la voglia, quindi PUT THE GAME FOR FREE",True,1705239898,1,0,0.5,0,398,408,76561198377654117
1324350,120136753,There's a bit of Turbo. Bit of Golf and a bit of racing. Race with your turbo and golf. Golf with your turbo and race.,True,1659748161,0,0,0.5,0,210,1434,76561198991245948
1324350,165885656,playing it while talking to friends. great game to play while talking with your friends about the world ^^,True,1716427121,0,0,0.471014469861984253,0,428,481,76561198842894324
1324350,169465528,"(I have another 40 hours on TGR on XBox).  This game is great!  Easy to come back to - super-simple upgrades make the game all skill.  Racing and Golf mashed together (and a true golf mode where no mods work -- it's pretty brutal).  If you're a speed junkie like me, the racing mode is awesome...great power-ups and speed boosts...get your high-speed golf shot there first!  I'd suggest some practice at the pool table -- the shots aren't always straight on and it's plenty easy to simply drive by your ball...COME PLAY THIS GAME!  IT'S A HOOT!!",True,1720576088,0,2,0.5,0,252,3762,76561197978986366
1324350,141689589,very fun,True,1688916867,0,0,0.5,0,194,417,76561199055022134
1324350,143808881,Great game.,True,1691701221,0,0,0.5,0,251,719,76561198144487863
1324350,120946862,Rocket League x Mario Kart x PGA Tour x Fall Guys = Turbo Golf Racing,True,1661011511,0,0,0.5,0,245,613,76561198018618252
1324350,120166626,"Huge recommend! 

This game has incredible driving mechanics that are easy to jump into and offer limitless skill potential. 

I love that this game has a genuine solo mode AND multiplayer. The multiplayer feels great because you only have to rely on your own skill and not that of your teammates. 

Great cosmetics, UI, settings, and graphics! This game is just very polished and well made. Zero complaints!",True,1659797423,2,0,0.5,0,382,942,76561198023322867
1324350,122790195,Something fresh. An interesting game and not at all simple as it seems at first glance.,True,1664086501,0,0,0.5,0,316,656,76561198853587634
1324350,120517609,"Been enjoying this game. 
Couple of things that I think need to be ironed out: 
1. Loading times are way too long. Rather than loading each map individually, why not have a lobby system, where all 3 maps load, so it is a seamless transition between maps. 
2. Controls can feel a little off. I have messed with them and I can't seem to really dial it in. The ball seems to have it's own mind sometimes, so addressing that would be helpful. The hit indicator line is helpful. 

Overall, pretty fun with a learning curve. I guess I am expecting a tighter feel, such as Rocket League? Not sure, but this game has a different style, which I appreciate. Tighten up the controls and shorten the loading times between maps.",True,1660337016,0,0,0.5,0,211,664,76561198051959198
1324350,120716532,"Less toxic and definitely more causal then RL.  It's like Rocket League and Fall Guy made a little baby dune-buggy.  It's gud game!  

BTW, what a save!",True,1660636904,0,0,0.5,0,191,3534,76561198260527661
1324350,165012426,Best Game Ever :3 Even Better Than Rocket League!!!,True,1715283674,0,0,0.5,0,233,469,76561198866885798
1324350,162053980,slime abuse is goated and is no way cringe,True,1712085118,0,0,0.5,0,171,171,76561198136222705
1324350,200186031,"Very fun
Especially the race mode",True,1752960001,0,0,0.5,0,182,244,76561198391885876
1324350,162448061,"Absolutely love this! So chill, yet competitive, it's great!",True,1712531856,0,0,0.5,0,355,1002,76561197988682984
1324350,162650467,golf mode needs better physics for the ball to roll off what looks like the concrete sidewalk but the race mode is still fun. still recommend i hope the devs fix that,True,1712823583,0,0,0.472440958023071289,0,315,652,76561198313384380
1324350,120386304,"I have enjoyed this game since the demo/beta. The graphics are wonderful, the gameplay is smooth, and even if you lose you still have a good time! There are plenty of custom parts: body's, spoilers, wheels, front bumper, colors on vehicle, and balls. The solo play is great for special unlockable gear. Solo play helps with playing in multiplier mode, learning the tracks and understanding the best way to hit the ball. One down fall for some people (not me) is that there is no collision with players vehicles or balls. I don't mind that but I feel like the developers could add something with collision in the future. All in all great game try it out!",True,1660131353,0,0,0.5,0,333,1725,76561198013169420
1324350,145566035,Discount Rocket League is fun!!!!!!!!!!,True,1693711028,0,0,0.5,0,358,681,76561198202254656
1324350,120127581,"Loads of fun. The game is a mix of rocket league, with out the pressure of having to worry about teammates, Mario cart, with power ups/missles, and golf.

Some features are not in yet - cross platform play - but I have yet to run into any bugs. 

Queue times are less than a minute (on US East) and most rounds take 1-2 minutes. Each game is 3 different maps so 5-10 minutes per game.

It also has solo play though I haven't done much of it.

Well worth the $16 or so bucks.",True,1659733777,2,0,0.544953107833862305,0,245,1900,76561198042911407
1324350,139683384,rocket league but golf,True,1686138101,13,1,0.567630290985107422,0,475,480,76561198055849449
1324350,162425436,"very fun game, especially with friends",True,1712508728,0,0,0.476190477609634399,0,301,368,76561198389587908
1324350,120109541,balls in hole good,True,1659710483,0,1,0.5,0,332,1398,76561198060546148
1324350,120256777,Get rid of the BOTS and this game is 10/10. Also: Private Modes Please.,True,1659928931,0,0,0.5,0,305,440,76561198080600685
1324350,121818371,+,True,1662434973,0,0,0.47486037015914917,0,295,352,76561197994360268
1324350,120228128,"Why RL never went this direction is beyond me,but so glad TRG exists! Would love to see some QoL features as far as stats and UI for who is shooting you with rockets, but as it stands GREAT fun for a great price!",True,1659889086,1,0,0.5,0,215,574,76561198040808816
1324350,126528601,"rocket leauge, racing and mini golf. i mean come on",True,1669264946,0,0,0.5,0,468,632,76561198391931772
1324350,139917079,"So far, I'm enjoying this a lot. For an early access game it has a lot of content and polish. Although the concept is similar to rocket league (but golf), it handles very differently and I find it to be far easier to pick up with a decently high skill ceiling as far as learning the courses, hitting the ball, when to boost etc. There's a slight mario cart element in rockets and the odd randomised power-up, but it's far less obnoxious/rage inducing. My only major complaint is f#&k trees.",True,1686525241,1,0,0.528301894664764404,0,221,589,76561198135109032
1324350,120134203,"Game is great however, can take some time getting used to how the mechanics work. Overall its a ton of fun and can see myself playing countless more hours.",True,1659743899,0,0,0.5,0,288,792,76561198083431264
1324350,141682149,Buy it if it's on sale for 10 bucks or less.,True,1688910860,0,0,0.5,0,183,518,76561199091303066
1324350,120652246,"As rocket league is to soccer, Turbo Golf Racing is to golf, and it's executed very well, and I'm excited to see what this game will hold in the future.

If you're coming from rocket league, just beware there is a lot more friction in this game, my guess was that so the ball would settle, so instead of hitting a moving ball like rocket league, you get to actually tee off from where your ball landed, as per irl golf.

TLDR: Is good game, absolutely worth the money",True,1660533377,4,0,0.53754502534866333,0,280,699,76561198145396242
1324350,120069149,"If Mario kart, rocket league and any kinda golf game would make a baby. This would be the result. And i love it.",True,1659644902,4,2,0.523809552192687988,0,228,915,76561198428238403
1324350,120090112,"Freaking hilarious game, fun to play with the boys, and a good change from Rocket League competitive scene what more can you ask for?",True,1659678010,2,0,0.5,0,354,8826,76561198279211922
1324350,139804391,"What a surprise! I had no idea this game existed. Not a lot of players, but enough to always get a MP match going with some humans. Even with the low population, I plan to keep playing this game. 

9/10",True,1686348048,0,0,0.5,0,221,540,76561197991160211
1324350,120915231,I-Can't-Believe-Its-Not-Rocket-League Golf Racing is a good time.,True,1660959804,0,0,0.5,0,492,755,76561198074382493
1324350,143731735,Fun as hell!,True,1691604042,0,0,0.5,0,322,4846,76561198332432026
1324350,126729439,It has turbo,True,1669336618,0,1,0.5,0,173,173,76561198043064666
1324350,139878240,"Turbo Golf Racing from Hugecalf Studios is an entertaining party game with cool art and fun power-ups, but its short matches and similarities to other kart racers might hinder its longevity.",True,1686470926,3,0,0.546637773513793945,0,333,63862,76561198008376294
1324350,163074570,"Very fun! for a game that just came out, I didnt notice any bugs. Once players find this game i think it will blow up! definitely give this game a try if you like Rocket League/Mario Kart/Mini Golf!",True,1713399505,0,0,0.5,0,253,253,76561199593933899
1324350,204546999,The best game nobody is talking about. It can be sweaty or casual. Plenty of modes and replayability thanks to the innate game mechanics. I have been searching high and low for a racing game that scratches the racing itch and doesn't micro you to death. This is the game.,True,1758111985,1,0,0.523809552192687988,0,200,832,76561198011086058
1324350,207120536,ss,True,1760903128,0,0,0.5,0,246,246,76561199063836756
1324350,120324692,fun lil romp,True,1660039822,0,0,0.5,0,180,483,76561197978658968
1324350,163752963,its awesome pass time!!!!!fun to play with Buddy's,True,1714285628,0,0,0.5,0,383,1087,76561198097590556
1324350,120592314,addictive. Just like Rocket League but for golf fans.,True,1660447231,0,0,0.5,0,212,428,76561199139756849
1324350,165370968,"If you like Rocket League, check this gem out! Provides endless challenges and fun!",True,1715720713,0,0,0.5,0,409,682,76561199682278101
1324350,120266953,Cant blame my team when i make a shit shot anymore.,True,1659949320,1,0,0.5,0,356,368,76561198006067968
1324350,163410970,"Rocket League vibes with a unique golf twist. It can be relaxing and competitive at the same time, there's a solo mode as well.",True,1713829835,0,0,0.5,0,448,479,76561198239225766
1324350,135984007,"Great game has huge potential, a couple of things i would love to see would be a ranked mode, as well as that when i am playing this game in the uk my ping is really bad as the closest sever to me is west Europe so more regions would be awesome",True,1680465931,0,0,0.5,0,294,423,76561199159523646
1324350,120085260,"I played this since 2nd Beta and it was addicting to play!
I am already on 21 wins and realised there was a new icon for reaching 20 wins. 
Awesome game!",True,1659668798,1,0,0.5,0,234,342,76561198170914906
1324350,120119335,"Rocket League but with golf and Mariokart Powerups. Shorter Rounds than Rocket League.

100% Recommended and worth the price. Great game to play in between stuff.",True,1659723001,0,0,0.5,0,215,1564,76561198002163905
1324350,135822499,This is one of the best games on steam deck 9/10,True,1680290875,3,0,0.512000799179077148,0,310,3565,76561199233463346
1324350,121071509,"They fixed most issues, although the servers could use some work.",True,1661204925,0,0,0.46875,0,466,1318,76561198074549450
1324350,120580350,izz fun,True,1660427575,2,0,0.555035114288330078,0,229,588,76561198018522848
1324350,169854447,"Great game, love it",True,1720966600,0,0,0.5,0,473,3246,76561197969091053
1324350,126502519,cool,True,1669253500,0,0,0.5,0,491,491,76561198056894103
1324350,160311615,"Rocket League but, FUN",True,1710134174,0,1,0.5,0,274,783,76561198048406231
1324350,141503227,"It's like all of the best parts of Rocket League, Golf With Your Friends, and Fall Guys and the ranked system makes no sense. Absolute perfection.",True,1688711279,0,0,0.5,0,290,5970,76561198015270157
1324350,121348410,"If you like Rocket League, you'll probably like this.
If you don't like Rocket League, not sure why you're still reading this.",True,1661652257,0,0,0.5,0,263,263,76561198041261750
1324350,150395315,Looks great. Really fun. Unlocking new stuff is fun. Good game.,True,1700356255,3,0,0.521857917308807373,0,301,1174,76561199026188041
1324350,162203287,"https://steamcommunity.com/sharedfiles/filedetails/?id=3212357796 
HOLE IN ONEEEEEEEEEEEEEE!!!!!!!!!!!! in not even 4 hours of playtime :OOOOOOOOOOOOOOOOOOOOOOOOOOOOOOOOOOOOOOOOOOOOOOOOOOOOOOOOOOOOOOOOOOOOOOOOOOOOOOOOOOOOOOOOO this game so nice",True,1712253778,0,0,0.5,0,218,1061,76561198314466431
1324350,161704471,FUN!,True,1711693543,0,0,0.5,0,261,1503,76561198060797583
1324350,140293489,fun casual and addicing,True,1687113661,0,0,0.5,0,229,664,76561199509608794
1324350,147823389,"Lots of mindless fun Turboing around, hitting big balls.",True,1696707754,0,0,0.471698105335235596,0,254,552,76561198202221102
1324350,127727122,"Man, I really wanted this game to kill it. When this first released I was playing daily just grinding to unlock all the cool skins. Myself and few others were the first ones to hit 50+ wins and started only playing against each other. After a while the lobbies started to dwindle to the point where the same 4-5 people would get paired every single game, like we were the only 4 left playing the game. Not sure what happened as I really liked this game, but its sad the last few times playing it seems the servers are empty.",True,1669943106,2,0,0.539695262908935547,0,367,367,76561198140516750
1324350,120122687,I am really enjoying this game with my son.  Yes it has some bugs but those will all get worked out.  The Devs are really open to the Discord community and working on the bugs.  This is worth a pick up.  with over 5 hours in already we will keep playing.,True,1659727370,0,0,0.5,0,465,640,76561198023470601
1324350,203213518,this game was great!,True,1756592417,0,0,0.472440958023071289,0,197,249,76561197983528372
1324350,120126684,"It's a very good game, it's easy to learn and yet it still has plenty of challenges as you get better and better at controlling your ball and vehicle. I like that there are plenty of customization options and at least for now, the store only has items you can buy with in-game currency or with trophies earned as you play. It also has quite a lot of courses. I am looking forward to see how it grows, I do recommend it to anyone since it's very polished, it works very nicely and you always have that one more match feeling!",True,1659732686,2,0,0.546827793121337891,0,393,7409,76561198014892959
1324350,120415213,"The game bangs, hitting all the right spots. Hopefully, as stated before by others, perhaps a map creation tool in the far future. Also to note, damn this is a game that demands your precision in ball contact and understanding of its physics to adapt to any of the environments, and I'm all for taking on a mastery challenge.

Edit: I've only now began to experience frequent in-game audio stutters whether that's the music or the sfx of the engine etc and it's often a de-railing experience",True,1660171839,0,0,0.5,0,198,400,76561198358676023
1324350,120125894,"This is an insanely fun game for anyone that's grown tired of Rocket League (a great game, but it's 8y/o now). The car driving/gliding physics are superb, and the ball control is accessible enough for freshies but scales wildly with player skill level. They have crossplay in matchmaking, a full season w/rewards right out the gate, no MTX planned, 30 levels with solo challenges, the list goes on and on. It's a very well polished early access title and they have lots of highly requested features on their roadmap. 

is good game",True,1659731597,2,0,0.525862038135528564,0,299,419,76561198004787711
1324350,168279538,"I'm having fun even when I mess up and rank last place, that's a solid game if you ask me.",True,1719434758,0,0,0.5,0,382,382,76561197984071784
1324350,120856043,very good! much like. would recommend for sure.,True,1660861584,0,0,0.5,0,190,6072,76561198050229361
1324350,120351931,Great game!,True,1660073400,0,0,0.5,0,210,534,76561198022698299
1324350,167174263,"Really fun, deserves a positive review.",True,1718138418,2,0,0.506849288940429688,0,246,254,76561198037218545
1324350,120591009,weeeeeeeeeeeeeeeeeeeeeeeeeeeeeeee,True,1660444966,1,1,0.494252860546112061,0,467,644,76561198174243153
1324350,207601701,Hell yeah brother,True,1761446389,0,0,0.5,0,283,283,76561198851149895
1324350,122548248,if you like rocket league you will like this game,True,1663696539,0,0,0.484878361225128174,0,290,2206,76561198014191578
1324350,120101011,"It's basically Rocket League, if Rocket League was fun. +Golf",True,1659698467,0,0,0.476190477609634399,0,204,293,76561198097372462
1324350,120425035,Me like,True,1660189744,0,0,0.5,0,274,1096,76561198110845554
1324350,137121146,"It is quick and fun.  Golf racing, exactly as it sounds.
Would like a LAN mode, but it looks like a ""Custom"" game is in the works.
Should be F2P to increase the player base, but worth the current sale price for sure.",True,1682181361,0,0,0.5,0,241,1197,76561197960863608
1324350,122962179,"Simple, quick and fun games. Even with my poor Rocket League skills I am able to have a blast in this game.",True,1664371674,0,0,0.5,0,356,765,76561198005654089
1324350,120182635,This is an absolute delight. Way more fun then it has an right to be. I'll be having fun here for years.,True,1659819583,3,0,0.541984736919403076,0,293,1572,76561197995353119
1324350,166627569,Super fun game. Well polished and they've added multiple modes the keep everything fresh and fun. Highly recommended.,True,1717457447,0,0,0.5,0,176,176,76561197994546662
1324350,133762898,"Our family has a combined total of over 4000 hours of Rocket League.
I asked my 11 year old if he likes it and he said ""It's really good.""",True,1677531318,11,0,0.57489776611328125,0,512,2925,76561198082470378
1324350,120310928,"Who knew that what I needed to get hooked on Rocket League was to turn it into speed golf? I hopped in the betas after reading about it online and absolutely adored how perfectly the concept came together. Suddenly I wasn't plagued by dumb-perfect bots or pub normals who could ruin nearly every game in RL, instead I got a game of speed and precision, tactics and maneuvering, and one that I could excel at on my own, competitively. Online matches are played in three-hole rounds and it usually takes under 25 seconds to get into one, and there's enough content even at launch to keep the game pretty fresh. Each hole varies wildly in length, and has different risk/reward paths. Looking forward to promised further game modes and ""stuff"" to collect, but I'm already happy with what there is to do. Also runs great, full 144fps @ 1440p with just a 5600X/16GB/GTX 1080.",True,1660014515,0,0,0.5,0,187,5849,76561197960276598
1324350,120191150,Really cool concept for a game. Looking forward to new courses and possible game modes. This is now a favorite on my steam list.  Worth the $18 and I already came back looking to see what else this game has to offer on the store page. This is a must try for any fan of rocket league for sure.,True,1659832201,0,0,0.5,0,225,493,76561198038441905
1324350,137172649,You hit the ball and you miss the hole,True,1682256886,1,2,0.512499988079071045,0,283,425,76561199160736319
1324350,120502090,"Highly polished and thoughtfully designed. Runs great on the Steam Deck as well.

I can't wait to see how this game progresses through early access!",True,1660318266,0,0,0.5,0,490,1352,76561198038751121
1324350,120472181,the blue shells are anti-fun,True,1660267032,0,0,0.467836260795593262,0,251,271,76561197967646349
1324350,171771161,its fun amd like rocket leage but golf,True,1723235479,0,0,0.5,0,289,330,76561199178779017
1324350,126520441,"Turbo Golf Racing takes the best ideas from Rocket League and Golf With Friends and adds power-ups into the mix. You can use power-ups to change how the game plays entirely, from more powerful boost to a larger ball and even no slow-down in the rough. The game also features a multitude of customization items in a shop that doesn't use micro-transactions. This game is a must-try if you enjoy Rocket League.",True,1669261201,0,0,0.5,0,427,446,76561198044262711
1324350,164261405,"I cannot be stopped on this game. Many have tried, all have fallen. You'll refer to me as ""El Presidente.""",True,1714810272,0,0,0.5,0,215,423,76561198272411705
1324350,122806356,pretty pretty preeeeeetty good,True,1664108564,0,0,0.5,0,433,1043,76561197978658304
1324350,193915537,"Finally tried this game out over the weekend with some friends after picking it up months ago.

Do you like Rocket League, but does it feel a little stale after a couple/few hundred or thousand hours? TGR has your back with familiar gameplay in an all-new setting. It's like...a linear Rocket League with Mario Kart-inspired visuals and weapons, plus flight mode without having to perfect your jet boost technique. Or play golf mode and trade off shots in the gameplay variant that is also fun but nobody seems to be playing online (probably because it's much less exciting than ""race"" mode).

Bottom line: I played for about a half hour and then recommended it to everyone I know who enjoyed/enjoys Rocket League. Played with a group of friends for a few hours and everyone had a blast. Will definitely be playing more, and I hope that more people do. This game deserves some love because we all want more of what we enjoy. Right? Right?

Right?",True,1746030960,2,0,0.523809552192687988,0,301,400,76561197994450010
1324350,123322689,Game functions similiar to rocket league and is a blast to play. Only thing i hope the bring forward is being able to control your car in the air to add precise gameplay. 9/10 I recommend giving it a go.,True,1664856159,0,0,0.5,0,190,200,76561199389887466
1324350,203875609,"CAR GO FAST
BALL GO HOLE",True,1757338989,0,0,0.5,0,243,243,76561198078303932
1324350,162434089,"Some of the reviews seem to forget that the game has only just officially launched. About 90% of the online games I've played in the last few days are mostly full. Played a lot of this on Xbox and great to see it on steam, working really well on the steam deck. 

Long story short, this is a great game that has the exact same controls as rocket league.",True,1712516787,0,0,0.5,0,212,416,76561198018804719
1324350,120450877,This game is an absolute blast! It’s very polished for and early access title with a decent amount of content. Looking forward to future updates!,True,1660235478,0,0,0.5,0,486,555,76561198049958612
1324350,145165533,"I'm having a blast! I'm so glad I got this game, and below I'll tell you why;

I've played 40 online matches in the span of 4 hours, and I will likely be playing this game for a very long time. This game is amazing, honestly. It's very polished, well made, and the game-play is very engaging. I'm surprised it's not more well known! They even allow you to buy in-game items for your car using currency earned from matches, and it doesn't feel like a grind! That's more than you can say for many other games with store features.",True,1693177968,0,0,0.5,0,242,632,76561198055509623
1324350,120552957,"Honestly, i would love to see a Duos game mode I was just expressing the idea to my good friend Ancient last night as I was hitting trees in the new woods map :D My idea of a duos game mode that I think would be amazing is, imagine this, You each have a ball 4 teams of 2 so you still have 8 in a lobby, you both have to sink your shots in order to finish very simplistic and original to the actual game itself but I believe it is most efficient and most definitely fun! I'm sure there would be a lot of comedy, good times, and maybe some rage induced moments with your partner but all around seems very fun to me, Or.... you could completely switch it up and make both share one ball and you could get strategic maybe one go for power ups like rockets and the other just focus on moving the ball, Or even better do both! Call one something creative as for the other one! Those are just some of my suggestions but you guys are definitely doing everything perfect keep up the great work guys!",True,1660391884,0,0,0.5,0,385,2215,76561199024275001
1324350,121817279,car golf = fun,True,1662432861,0,0,0.5,0,341,929,76561198308477342
1324350,201242180,Unbelievable fun for the price,True,1754086448,1,0,0.523809552192687988,0,216,1400,76561198129611054
1324350,120794462,Really great game to wind down with friends. Hilarious with a surprising amount of skill expression.,True,1660759116,0,0,0.5,0,336,395,76561198034305779
1324350,155431895,Very fun and entertaining.,True,1704583819,1,0,0.5,0,180,335,76561198064787499
1324350,120223134,"Great game, already pretty polished and a great concept!",True,1659883195,0,0,0.5,0,172,445,76561198236613418
1324350,121553195,car golf,True,1662000300,2,1,0.52173912525177002,0,221,221,76561197976156605
1324350,137094520,i cant believe rocket league would steal such a good idea. Shame on Psyonix.,True,1682144935,0,0,0.5,0,329,448,76561198045068830
1324350,127120289,Bravo!!,True,1669505191,0,0,0.5,0,297,350,76561197981387518
1324350,169477693,"Gravy train 5/5* mad fun game to kick back and just grind trials, or go head to head with others. having a blast with the car mods. much more my speed than (RL) no offense, i just suck ass at it. Cheers all <3 -Cloax_",True,1720590437,1,0,0.523809552192687988,0,262,333,76561197977687589
1324350,120241767,"Straight forward fun. The courses are interesting and matches over 3 maps are nicely short. The controls have a slight learning curve but are easy to start with. There are many customization options from cosmetics to small ability updates that have a decent power balance as well.

The devs should add more emote options to annoy your players with. It's a lot of fun.",True,1659905537,0,0,0.5,0,278,972,76561198071165264
1324350,208949773,"It's mostly an online multiplayer game. There's a time trial mode that can be played solo, but the racing, ranked, and golfing modes can only be played online -- bummer. There's a small number of players that still play, but good luck catching any randoms during odd hours and even lesser chances to get matched for golfing mode in an acceptable amount of time. It has custom online matches and those require a minimum of two participants. There is active seasonal content (winter 2025) but I have no idea if this is new or re-used content because I'm a new player. 

I recommend this game only if you have friends that also have it -- or if you already have a key.",True,1762861733,0,0,0.5,0,232,452,76561198148387181
1324350,166858077,Insanely addictive. Amazing variety of well designed courses,True,1717757628,0,0,0.5,0,349,8257,76561198024507314
1324350,121397593,great game to play with friends! golf! check! fast rc cars! check! awesome tracks! check!,True,1661729603,0,0,0.5,0,221,389,76561198013017465
1324350,162785553,"We (small gaming community) enjoyed it a lot. 
Would be cool if a future update could add car/ball interaction with other players so that you could bump the other players cars/balls. perhaps as a selectable mutator/option.",True,1713007360,0,0,0.5,0,170,2456,76561197964635535
1324350,120824478,8/10,True,1660813089,0,0,0.5,0,298,347,76561198158033854
1324350,120283930,Just. One. More.,True,1659974760,1,0,0.5,0,381,609,76561198036245206
1324350,120997094,Very fun,True,1661089749,0,0,0.5,0,255,439,76561199069670162
1324350,139402113,"A bit more racing, less golf would be nice, but it`s fun!",True,1685672537,2,0,0.461611479520797729,0,281,692,76561199013032156
1324350,120651330,Great game runs flawless on deck,True,1660531763,2,0,0.508700430393218994,0,395,1176,76561198314619545
1324350,169704662,rocket league but you dont hate yourself,True,1720809120,0,1,0.5,0,4478,5045,76561199038907490
1324350,120420335,"This is a game that knows what it wants to be and accomplishes it well. It so easy to look at this game and say ""Oh this is just some rocket league clone"" But i can promise you its not. So many aspects are adjusted from rocket league such as ball weight, power, purpose, speed, and flying that it truly feels like its own unique game. The gameplay elements are all stellar, and the game only gets more fun as you get better at it. The ""Cores"" (powerups you equip before you start a match) are fun and quirky, they don't completely change anything about the game that would indicate any particular one of them is better than the others.

The gameplay itself is simple. drive a ball to the flag before anyone else. if a guy is in front of you shoot a rocket at him it'll make him do a lil flip spin like if he got tagged by a red shell in mario kart. you have a couple tools at your disposal to help control where your ball is going, between the cores, tilting, and angles you come to realize pretty quick this game isn't necessarily about speed, its about precision. The speed helps dont get me wrong but hitting it to the right place matters so much more than hitting it faster. 

Honestly, I've got another 14 paragraphs of praise for this game. I'll save you the reading. TLDR, buy it, 100% worth the money.",True,1660180835,3,0,0.518518567085266113,0,816,2395,76561198102045123
1324350,120162988,"Game is great, very well polished too. Could do with some more car movement controls, and more game modes. Besides that it’s very fun",True,1659792784,1,0,0.5,0,549,1743,76561198018176645
1324350,140035705,So much fun and lots more content then expected.,True,1686727878,3,0,0.5,1,913,1685,76561198083961418
1324350,199948471,I like all the modes and different challenges.,True,1752683490,0,0,0.5,0,4816,4877,76561198031282758
1324350,121248827,"This is a good game.  I find myself wanting to play a few rounds every night. Its quick and easy to get into a match and they dont last terribly long.

Concept is simple, your car pushes a ball to the goal. There is a shop where you buy cosmetic upgrades for trophies and points you earn in game.  The season costs nothing to enter.  No microtransactions. Just a good fun game.

 Im excited to see where they take this.",True,1661486361,1,0,0.472972989082336426,0,573,5323,76561197993030957
1324350,145558788,"On of the best multiplayer game i played. Maybe one day the developers will be able to beat even ""Witch it"".",True,1693699944,1,0,0.489510476589202881,0,6329,6359,76561198062347370
1324350,166588114,Very fun and lots of ways to choose playstyle with active/passive items :),True,1717416320,0,0,0.5,0,3647,7232,76561197994062196
1324350,122268920,"[u][h1] TURBO GOLF RACING
[/h1][/u]
[table]
[tr][th]Genre[/th][td] Sports [/td][/tr]
[tr][th]Campaign[/th][td]Only training mod[/td][/tr][tr]
[th]Game length[/th][td] N/A[/td][/tr]
[tr][th]Difficulty modes[/th][td]N/A[/td][/tr]
[tr][th]Metacritic[/th][td]78%[/td][/tr]
[h1][b]


💡Overview[/b][/h1]

🔸 [I] Turbo Golf Racing [/i] 
[list]
[*]◼️Turbo Golf Racing includes just as much enjoyable chaos but instead relies more on legitimate competition.

[*]◼️ [I]Golf Racing Vs Rocket League.[/i] It's hard not to compare Turbo Golf Racing to Rocket League. After all, both titles are car-based ball games with a focus on online play. Turbo Golf Racing's visual style and futuristic car designs have also drawn comparisons to Rocket League. Even the hole explosions are similar to Rocket League's flower explosions. But the similarities end there - Turbo Golf Racing has its own identity.

[*]◼️ Turbo Golf Racing is more like a Kart Game than Rocket League, where the ultimate goal is to master the courses rather than develop careful sports tactics.

[*]◼️ Starting off, players are led through a basic tutorial, which immediately brings up the biggest flaw in the game—its movement and ball control.[/list]

https://steamcommunity.com/sharedfiles/filedetails/?id=2849539879

[h1]Online multiplayer [/h1]

🔸The focus is clearly on this part. Racing with other players to reach the final hole is fun and frantic, but Turbo Golf Racing also offers a solo campaign. It’s effectively a practice mode with 30 holes to complete awarding up to three stars depending on your time. Later levels require a certain number of stars to unlock, so there is an incentive to progress.

🔸Ultimately, players will need to learn how to keep their eye on the ball while making the most of a given course. For example, there are rockets (wink) that you can acquire and shoot at opponents who are ahead of you, as well as defensive pickups.

🔸Another aspect that makes Turbo Golf Racing stand out from Rocket League is the Power Cores that unlock special abilities. You can equip one Active and up to two Passive cores for each car. Passive cores are active all the time and can increase the size of the ball, make it bouncier, or add more spin among other upgrades.

🔸However, what interested me the most are the power cores. These allow you to make use of certain potentially game changing abilities, such as an increased boost or bouncier ball. Playing around with these different skills as you unlock them is great fun. 


[h1]Equipment[/h1][list]

[*]◼️ [I]Equipment can help your vehicle stand a better chance out there, giving a clear advantage to players that have invested more time than you.
Earning XP levels you up whilst other rewards will allow you to go shopping. You can get your hands on all sorts, such as new car parts, boost effects and golf ball styles to name but a few. Limited time objectives will also net you some extra currency to spend. 
A match can often be finished in around five minutes and is equally great for a few quick games on a lunch break, or dozens of matches at night to create hilarity and fury alike.

https://steamcommunity.com/sharedfiles/filedetails/?id=2862294664

[h1]The Final Word⌛[/h1]
[list]
[*]Turbo Golf Racing has a ton of potential to become a legitimate Rocket League rival. Fun, fast-paced, and surprisingly addictive, Turbo Golf Racing is well worth a putt
But Sadly, the physics and controls can be a mess sometimes. This title offers just enough content and chaotic fun to balance that out, resulting in an enjoyable yet average experience.
[/list]

🟩 [b]Pros[/b]
[list]
[*]Apt and exciting audio.
[*]Well-polished graphics.
[*]Nice stage layout.
[*]The multiplayer option can be fun with friends.

[/list]

🟥 [b]Cons[/b]
[list]
[*]The gameplay is mundane and lifeless.
[*]The controls aren't great.
[*]The single-player option is boring and insipid.
[/list]

[quote][url=https://store.steampowered.com/curator/7871885/]Follow our curator page,[b] OCG-Curations[/b], if you like and want to see more reviews like this one.[/url][/quote]",True,1663238650,18,1,0.632061660289764404,1,1585,1585,76561198381703420
1324350,195946934,So addicting. Buy it,True,1748576045,0,0,0.5,0,1898,2059,76561198168306166
1324350,189409965,Like Mario Kart + Golfing at the same time. 10/10 will rocket again,True,1741149758,0,0,0.5,0,3748,4307,76561198060534499
1324350,126716174,Game to play when I retire,True,1669330042,0,0,0.460704594850540161,0,644,804,76561198065284054
1324350,162196325,"I've played a ton of this during Early Access, and so happy to finally see it get a full release! Even if I can't play it a ton currently, I regret none of the 150h I put into it. Really fun game, both for being chill and competitive",True,1712247575,4,0,0.527824640274047852,0,9017,9017,76561198112541295
1324350,139063188,Golf cars,True,1685165166,2,0,0.531416356563568115,0,1136,1430,76561197999662755
1324350,123632765,FANTASTIC,True,1665403150,0,0,0.5,0,1240,1685,76561198144124913
1324350,136961022,A really fun twist on a golf game. Fun to play with friends and the developers are more than willing to listen to the players and make adjustments accordingly! For sure check it out!,True,1681917210,1,0,0.502913355827331543,0,2147,2196,76561199123808409
1324350,165824372,"If you're one of those ADHD types like me who just needs a simple, non-taxing, easy-to-learn game with fits of downtime in between small, successive fits of action, that's more involved than an idle game but less involved than, say, a Tower Defense game, something  to play to keep your hands busy while you're watching a YouTube playlist of Mayday: Air Disaster episodes, then buddy, this game is what you're looking for.

It's a good bit of unserious fun that has a pretty good gameplay loop and enough track diversity to keep things interesting. Courses could stand to be longer though, and the power-up distribution is highly questionable at times, but again, it's like...how serious am I going to take the RC car golf race game?",True,1716337443,0,0,0.5,0,61533,94316,76561198059465285
1324350,124348753,"I like that the cars go fast and hit the balls, and the balls go flying.",True,1666659031,0,1,0.472222238779067993,0,5677,5768,76561198275997085
1324350,121332720,Game is very fun and have almost 40 hours played and close to 100 wins now! Would love to see different game modes and drops added! Love the time trial but would like to see stroke play and even weekly tournaments for both! Add some leaderboards and stats and its perfect!,True,1661626696,1,0,0.5,0,2324,6213,76561198131508500
1324350,203619273,Love it,True,1757090995,0,0,0.5,0,623,1628,76561199068718964
1324350,169475562,"Golf with ur Friends but u hit the ball with a rocket league car.
They really need to make this game free I guarantee it would get so popular. The problem with the game is no one wants to buy it so there is barely anyone to play against. Its great with friends.",True,1720587698,0,0,0.5,0,907,907,76561198226517068
1324350,178709256,decent,True,1731182722,0,0,0.5,0,1168,1688,76561198138263161
1324350,126451842,"Drive car, hit ball into hole. Simple, satisfying fun with a decent variety of holes to play solo or with randos.",True,1669233783,12,1,0.635750234127044678,0,880,880,76561198026491062
1324350,140055678,"TGR Is an addicting combination of Gold With Your Friends and Rocket League but maintains it's on play style. Multiple levels feature varying power-ups and abilities that allow you to customize your play style to beat friends, and randos alike.",True,1686761797,0,0,0.39794003963470459,0,799,960,76561198126680590
1324350,163270196,This game is just getting better and better the more you play it! Multiplayer is good stuff man. It's so rewarding when you get a good run.,True,1713651746,0,0,0.5,0,3245,3897,76561198333124054
1324350,177128582,pretty neat game,True,1729039481,0,0,0.490517407655715942,1,76762,101231,76561199299733254
1324350,120247752,Yep.,True,1659914036,0,0,0.5,0,878,2317,76561198835018613
1324350,120119161,"this game is very fun and infuriating if you have a competitive spirit, that being said with a bunch of friends it can be a laugh and just an awesome time",True,1659722793,1,0,0.523809552192687988,0,742,1494,76561198119361895
1324350,160416031,"Like Rocket League but u playing golf and  without a toxic community

I love it a lot",True,1710282887,30,8,0.747899711132049561,0,931,1196,76561199192356399
1324350,120510631,VERY FUN with friends. Gameplay doesn't get as stale as rocket league. No bugs so far. Controls feel tight but there are probably too many of them. Please keep the in-game rewards and currency system exactly as it is. Few games get this right these days. No microtransaction BS; play to earn.,True,1660328458,13,2,0.595415115356445312,0,758,2166,76561198046065308
1324350,120611500,"-Do you like Rocket League?
-Do you like Golf?
-Do you like Time Trials?

If yes to these, get this game immediately.  Addictive as hell gameplay loop, it's pretty awesome.",True,1660478793,9,0,0.571865439414978027,0,578,798,76561197965558721
1324350,163718573,"This games base price where i live is 9.75€ so I played it for 10 hours to see if the game is your monies worth

I made a video about the game on my youtube channel: https://youtu.be/c4cZH18UNcE

I rated the game on these three simple categories:

Gameplay (4/5)
Content (5/5)
Monies Worth (4/5)

Turbo Golf Racing offers a lot of fun and challenging gameplay. Easy to learn hard to master. Loads of different maps and fun gamemodes. If your like racing arcade games you will love this!",True,1714242949,0,0,0.5,0,637,637,76561199390343263
1324350,153160000,Rocket League but it's not toxic AF,True,1702074518,0,0,0.5,0,1497,3041,76561198122199044
1324350,165718549,"Great little game i may have roped my friends in to play it from playstation.
I love that it is crossplay with xbox and playstation.",True,1716180105,1,0,0.523809552192687988,0,754,4817,76561198067470307
1324350,179973450,"Rocket car golf. There are fun game modes and time just ""rocket boosts"" (flies) by when playing this game.",True,1732733269,0,0,0.5,0,1896,1896,76561198045525856
1324350,120848461,"Needs far more attention that it's getting,

It's rocket league golf and that's all it needs to be.

A thoroughly fun game!",True,1660849805,0,0,0.5,0,1043,1856,76561198071516602
1324350,124136159,If you play rocket league and have any interest in racing games you will love this game,True,1666310545,1,0,0.530201315879821777,0,9030,24258,76561197999343903
1324350,140190696,This game is fun.,True,1686967732,0,0,0.5,0,1043,2722,76561197995780847
1324350,169650143,SO GOOD I LOVE GOLF RACING,True,1720755516,0,0,0.5,0,1206,2427,76561198069758398
1324350,121030863,"This game is fun! It's like rocket league but golf. It even has power-ups. Despite how much I like the game, there are still a few problems  I have with it. My first problem with the game is that there's no quick restart button in solo mode. It's annoying, when you have to press escape and then move the mouse to restart. It gets really tedious when you're grinding for 3 stars. My second problem with the game is matchmaking. There are multiple regions you can choose from,  but there aren't enough people online to have all those regions. I usually get a game after around 3 minutes unless I change my region and it's really annoying. Other than this, the gameplay is good. For any Rocket League fan, this is a must buy!",True,1661135463,0,0,0.5,0,711,2849,76561199349927556
1324350,120591751,"This game is a lot of fun, especially with friends but solo queue is great too. Rocket league vibes (obviously) but racing and golf",True,1660446276,0,0,0.5,0,709,1342,76561198056995268
1324350,156090388,"You pay for 20$ game and get a full complete game that isn't juiced up on micro transactions, to get cosmetics you actually have to play the game to unlock items.",True,1705401993,3,0,0.470588237047195435,4,759,3711,76561198389083325
1324350,171029224,"It is fun, but it's really sad that there aren't many players playing this game, that's why I don't play ranked. The devs could make an advertisement on this so that more players could play this game. I really like the price of this game, 10 euros is affordable and it's a masterpiece!! Keep it up devs!!",True,1722260741,0,0,0.5,0,660,1460,76561199504060905
1324350,167379017,magnet kek,True,1718410922,0,0,0.5,0,1222,2006,76561198137085356
1324350,120586280,3 star'd all the tracks in 10 hours.... needs more tracks,True,1660436841,0,0,0.495090007781982422,0,758,1536,76561199057971625
1324350,127196056,If found this to be a lot of fun!,True,1669546964,0,0,0.5,0,1575,2018,76561198131248593
1324350,148735244,"Feels like a young cousin of Rocket League, unfortunly multiplayer scene feels kinda dead",True,1698069528,1,0,0.5,0,1764,1764,76561198030831017
1324350,120416564,yes,True,1660174202,3,0,0.500795066356658936,0,692,2302,76561198126708739
1324350,120135252,"This is clearly not ""Rocket League but with golf""
It's much better than that!

Warning: It's addictive and a ton of fun.
You might never want to play RL again.",True,1659745566,1,0,0.48600885272026062,0,1256,24641,76561198417290423
1324350,137533523,"Bought this game at launch and it was a lot of fun, really enjoying season 3 as a come back game and just hoping someone can tell me why my unlocks are gone and playing online matches doesnt unlock my mag ball. thanks",True,1682836536,0,0,0.5,0,3959,5187,76561197979198991
1324350,152891925,really fun but could be better with more players. online matches take about 1-2 minutes to queue for which is a little bit long but then usually 4/8 are bots. i hope the player base will grow because when you do get a full lobby it's intense. solo time trials are fun too,True,1701726768,0,0,0.5,0,600,2926,76561197989326458
1324350,155339872,"This game is so much more fun than the premise implies. Very much a ""just one more round"" game with levels of addiction I haven't experienced in a while. The gameplay is incredibly fun and addictive and when you hit the perfect shot, it feels euphoric. You can definitely draw comparisons to Rocket League, but this game still fills a unique role in car based sports games. Playing against your best time and trying to improve your technique feels really satisfying and winning or losing always comes down to your own decisions compared to a team based game like Rocket League. I've only had the game for a couple days and I can't stop playing. 

There are some rough spots in the game that need ironing out and some odd to downright frustrating interactions. That being said, I imagine that will be fixed with time, and the complaints are mostly minor, or involve the occasional head scratching moments where you ask yourself ""did that really just happen?"" One of the more memorable frustrations for me and my friends is how the game seemingly randomly will switch ball cam on or off during a set. It's frustrating, but not game breaking. Little things like this make you realize the game needs a bit more polish, but with the package it's currently offering, it's hard to complain too much.

Absolutely worth your time whether queuing solo or with friends. Grab it and don't look back. Just make sure you clear your schedule for the foreseeable future.",True,1704491971,0,0,0.5,0,927,1870,76561197968724945
1324350,142940051,"So far I've really enjoyed this game, especially with friends. It feels like an easier version of Rocket league, and more fun than Rocket league.",True,1690531141,0,0,0.5,0,761,1933,76561198054813538
1324350,179992774,"Car golf.

Please add support for the turn based game mode to work with more than 2 players.",True,1732734599,0,0,0.476190477609634399,0,1010,1046,76561197960589252
1324350,122272255,fun game. hopefully development keeps up and they add more features!,True,1663245170,0,0,0.5,0,1604,1706,76561198224392228
1324350,185079513,"Fun Game, Does not have enough players though.",True,1736314283,0,0,0.5,0,7823,28400,76561198975842186
1324350,143114619,"Fun gameplay, fun maps, fun customizations, lots of unlockables, it's a fun game.",True,1690759782,0,0,0.5,0,576,814,76561197970409447
1324350,122854311,i love the game. never had anything i was even remotely this addicted to,True,1664174417,0,0,0.476190477609634399,0,12755,104352,76561198814644610
1324350,120879968,"As a Beta 1 and Beta 2 tester and then an Early Access player, I have watched as the developers have really listened to the customer feedback on how they fix/adjust he game.
They are making great strides to get everything in place before full launch and it feels like the Player has a say in how good the game can be.
The community is really involved in their Discord where you can gain direct input to the devs.

Early Access Season 2 has shown huge leaps forward to becoming Great.
Leaderboards, Ranked, and the Aztec Biome have been added. Still needs some ironing out, but it IS still EA.",True,1660908142,6,0,0.594119429588317871,0,3243,36187,76561198164099305
1324350,120126661,"Trackmania with Rocket League mechanics. It's great. Also no MTX to be found, all cosmetics can be unlocked by playing.",True,1659732646,1,0,0.523809552192687988,0,572,984,76561197998668411
1324350,197272787,"Extremely entertaining game. 
I wish there were more than 3 rounds in race mode, or options. 
Golf mode is where it's at. Great chill game with friends.
Not a large player base so most lobbies get back-filled with bots but the rounds end after all human players finish the hole so it keeps things pretty paced.
Occasionally run into some glitches where it will spawn you off the map (you can get creative and fly back up sometimes).
It's a lot of fun, isn't perfect but It's still one of my favorite games.",True,1749963550,0,0,0.5,0,3770,3770,76561198175876405
1324350,165612275,i can barely write this review how much ive just punched my desk,True,1716051607,0,1,0.5,0,1593,2536,76561199439359036
1324350,120323423,"Yes it has cars, yes it has balls. No it isn't Rocket League.
This is Turbo Golf Racing. A fast-paced race to the flag while trying to not lose your ball or get blown up by all the love-rockets sent your way by other players.

The game is easy to learn and control, yet it has a skillceilng that hasn't even been found yet. The possibilities are endless.
Change up the aesthetics of your car (and your ball!) to your liking and enter the course in style while also powering up your vehicle with 2 gamechanging Power Cores that vary from making boost more effective to not get slowed down by bunkers and from having 2 dashes to attaching a magnet to your car to pull the ball towards you when the ability is available!

No course has a single path you can take, there are various shortcut, boost-rings and  usage of the environment that open up new ways to get from the tee to the flag!

So fire up your engines, install those power cores and show the rest that you have what it takes to take home the trophy!",True,1660037837,0,0,0.5,0,2549,3189,76561198053100894
1324350,126371153,It's not Rocket League,True,1669217776,0,0,0.5,0,1886,1923,76561198063298033
1324350,121915922,"This game is a great adaptation of the Rocket League Car + Ball game type and takes it to another level with racing style matches and crazy maps. Abilities are vast and offer variety for the players meta.

Jump in and enjoy running your own race solo!",True,1662618999,1,0,0.530201315879821777,0,5638,18858,76561198030803556
1324350,181157433,It's allright,True,1733000374,0,0,0.5,0,1599,1599,76561198005411933
1324350,174249153,"Please add split-screen, and this would be perfect.

Very fun game, sadly online games are usually majority bots.",True,1725505695,3,0,0.463944137096405029,0,6263,7156,76561197995672591
1324350,162307490,great blend of Rocket Leage and mini golf! Very fun,True,1712375280,0,0,0.5,0,1126,3980,76561198004229622
1324350,136962500,"Very Fun and addicting game, it has a little something for everyone. Racing, Golf, Flying, Rockets. Grind it out in ranked mode against other players trying to top the leader board or just play casual mode with no ranks or points to worry about. Customize the look of your car and pick from dozens of balls. Give it a try and see just how fast you can be.",True,1681919345,1,0,0.502913355827331543,0,8191,36324,76561198400605741
1324350,169688000,"no microtransactions!! all of the cosmetics are unlockable via game play, can play with all of my friends and can easily change the pace with two different modes depending on how the homies are feeling. Haven't had this much fun in a very long time! Some of the physics and placement after hitting the ball need some fixing, but those are minor problems compared to the amount of fun that can be had! 10/10 would recommend!",True,1720795112,1,0,0.5,0,1875,7632,76561198845281017
1324350,175455277,"Very underappreciated game. Great fun with friends, pretty high skill ceiling. Magnificent community!",True,1726925779,0,0,0.5,0,5498,5846,76561197993039945
1324350,191579481,super fun,True,1743352987,0,0,0.5,0,1128,3726,76561198359789518
1324350,138188152,"Suprisingly fun game, would recommend",True,1683905707,1,0,0.5,0,1026,2713,76561199058578430
1324350,181217823,its funny watching rocket leaguers try to play. absolutely awesome game.,True,1733021962,0,0,0.5,0,2320,2384,76561197985234795
1324350,120880530,"Player base started to dwindle after they removed the poop emote. Coincidence? I THINK NOT

#RETURNTHEPOOP",True,1660909054,1,0,0.475694984197616577,1,628,628,76561198394809025
1324350,121405424,Fun game to play casually!  Seems like the shop is a little lacking as far as purchasing new items...,True,1661744710,0,0,0.5,0,1835,6234,76561198352495303
1324350,120519477,If ur reading this just buy it,True,1660339310,1,0,0.445494174957275391,0,820,2198,76561199198360589
1324350,120563963,"Addictive and fun.  Can't wait to see what the future has in store for this one.  With ranked, duos, and other modes coming, I'm getting in as much practice as possible.

Definitely worth the money spent!",True,1660406047,0,0,0.5,0,1167,4455,76561198024379228
1324350,142416927,Better than Rocket League imo.,True,1689786591,0,0,0.471014469861984253,0,1355,2393,76561198106189231
1324350,125063206,"Super addicting. Frequently updated. Feels very polished, though there is room for improvement. There's a learning curve, but it's not too steep. I love this game.",True,1667759960,0,0,0.5,1,1290,14483,76561198045868539
1324350,137084927,"Game is highly polished for an early access game. Devs are adding new content. Easy to learn, hard to master.",True,1682128118,1,0,0.515239059925079346,0,6976,16162,76561197994709043
1324350,137081543,good game,True,1682121938,0,0,0.465616047382354736,0,1601,1676,76561198392748763
1324350,184936880,"not exactly a dead game, get challenges here and there to unlock cosmetics wait times for games range from 30 seconds to 2 minutes tops and players in a game range from 4 to a full 8.

game play is good, your just gotta practice.",True,1736177054,4,0,0.572553396224975586,0,2444,2631,76561197998363988
1324350,155207414,"The core gameplay is pretty fun.  I do hope they add a single-player mode for the golfing though.  It would be nice to simply play a few holes, without requiring me to play against someone online.  There's not many people playing anymore.  Good luck finding a one on one golf match.  Therefore it's difficult to recommend.  But the game is still enjoyable, if you lower your expectations.",True,1704351804,0,0,0.5,0,553,553,76561198358711651
1324350,203690443,A good game for hanging out with friends and catching up,True,1757160484,1,0,0.52173912525177002,0,661,661,76561197993262026
1324350,124424836,car golf,True,1666801175,0,1,0.5,0,1184,1659,76561198101795288
1324350,126545611,"its great! 
if only the controls were matched to rocketleague",True,1669273346,0,0,0.5,0,1440,1443,76561197994205210
1324350,140913174,"Fun game, space patch is the worst update yet. The space trucker gimmick levels are twist you around fun, if your brain can handle it and not throw up. The space tracks, most of them are boring and uninspired, with the wacky corkscrew gimmick. Also on the space tracks, the damn sky is often the same color as the track, so you can't see what is coming up at a glance. 
Still a fun game, but the last update was very very sad.",True,1688056042,0,0,0.45504385232925415,0,1899,2916,76561197970816624
1324350,121906311,fun,True,1662598229,0,1,0.5,0,681,2487,76561197980481959
1324350,120516997,"its not rocket league and it will for sure mess you up if you go back and fourth because they are very different games but this is basically golf with friends through a rocket league filter and its exceptional. 

its super fun, feels pretty balanced overall, its fast paced and its just overall really enjoyable to play. 

i cant wait for crossplay parties! and we already got 6 new levels in the first update not even a week after release! keep it up guys this is gonna be killer if we can get more eyes on it",True,1660336230,0,0,0.5,0,574,1375,76561198017117194
1324350,137298452,"TLDR: If you're bored of Rocket, you might really dig this game called Turbo Golf Racing (TGR). It's got a similar vibe but with way more depth.

Full Review:

Turbo Golf Racing is a super fast and crazy fun game that mixes golf and racing into one epic experience. You hop into a rocket-powered car and use your skills to conquer challenging courses, all while trying to be the first to sink your ball.

The game is easy to pick up and play, but don't be fooled—it's got way more to it than meets the eye. You'll have to master your boost and make use of power-ups scattered throughout the courses. Plus, there's a flight mechanic that adds a whole new twist to the typical ""rocket cars hitting balls"" type of games.

TGR is a blast when you play with friends, but solo play is equally enjoyable. You've got different modes to keep things interesting, like a laid-back mode, a ranked mode, and a solo mode. And don't forget about the awesome progression system that lets you unlock new cars, power-ups, and cosmetics.

All in all, Turbo Golf Racing is an amazing game that caters to both golf and racing fans. It's fast, fun, and challenging—guaranteed to keep you entertained for hours.

Here are some things I really loved about Turbo Golf Racing:

The gameplay is insanely fun and addictive.
The courses are challenging and diverse.
The power-ups add an extra layer of excitement.
It's easy to jump right in, but there's surprising depth and strategy.
You can enjoy it solo or with friends.
The progression system is well thought out and rewarding.
If you're tired of RL or Golf With Friends and want something fresh and exhilarating, I can't recommend Turbo Golf Racing enough. It's an absolute blast that'll keep you hooked for hours on end.",True,1682463985,2,0,0.517303705215454102,0,2371,27424,76561198174250674
1324350,120348479,"a game where you customise your balls and them smash into them with a car

10/10",True,1660069049,0,0,0.5,0,752,1502,76561198125845506
1324350,120332438,"Genuinely a fun game. Right now it's hard to find ranked games that are full and with people the same rank as you, but the game play is tons of fun. Hoping more players give this game a shot cause once the player base grows more it'll really shine.",True,1660050661,1,0,0.523809552192687988,0,44759,78986,76561198045222239
1324350,124348107,"Love this game! But there's some weird bug in the new patch just released today, 10/24/2022. My game screen freezes up sometimes during the sweeping camera move at the start of matches. It visually freezes up, but I can still hear my vehicle moving and the game is still going online, just not visually for me. I switched to Windowed instead of Full Screen and that seems to fix it for now, but it's an annoying bug and made even more annoying because I left a few matches because of it, and now I have to wait to come back in because of a cooldown for leaving too many matches... because of the bug. Hopefully it gets fixed because I really, genuinely like this game.",True,1666657730,0,0,0.5,0,1432,1533,76561198194746869
1324350,162285401,"The scoring methods work best when not playing with AI, as you usually outscore them easily. But in a full lobby with players, this game is great.

Also, they keep surprising me with the new gamemodes. The 1v1 golfing mode felt like _actually_ became a golfing game, and now with 8 player golf it's a great new way to play as well. I assume the devs have more plans for the future, can't wait to play those",True,1712348347,0,0,0.5,0,2441,2616,76561198104635406
1324350,126625488,"Edit: As of July 3rd, 2024, TGR has halted development. Thank you devs for the great times and I hope to see you create more great things!



I LOVE WHEN I SHOOT THE BALL IN THE HOLE

BUT I HIT IT OUT IMMEDIATELY

(10/10 would grief myself again)",True,1669302405,0,0,0.5,0,4405,5005,76561198314040813
1324350,120383574,a sweet balance between aiming the rush and rushing the aim,True,1660126707,0,0,0.5,0,578,1585,76561197993217855
1324350,124874818,ghity3ihm\p`2hr4y09a12i3posrkjdp4ynpmjdoijwkmqpwojdf34tjp34g its good,True,1667473339,0,0,0.442477881908416748,0,3090,6317,76561198802680242
1324350,127557926,This game is a lot of fun. I don't know what else to say they are releasing new content regularly and you can almost always find a good match. I think anyone who likes rocket league should give this a go at least once!,True,1669735751,0,0,0.5,0,1602,1766,76561197975769803
1324350,120446003,"Great game, especially with friends. Quick matches & load times. It takes a few rounds to get used to the controls/physics but once things click, it's a really fun game. You can make it as competitive or casual as you like. Definitely recommend.",True,1660228872,0,0,0.5,0,622,917,76561197971947802
1324350,129063602,Picked this up during the Fall sale and it is a lot of fun!,True,1671763117,0,0,0.5,0,736,2654,76561198014591024
1324350,168221069,"It is a great mix between ROCKET LEAGUE and GOLF with customisation of balls, vehicles and more!! Joining the matches are quick and the game is fun --- but hard to master!!!  

*NECRO RECOMMENDED!*",True,1719370257,1,0,0.523809552192687988,0,2800,4064,76561198362680350
1324350,181031502,"Dead game, but fun with friends.",True,1732968081,3,0,0.563492059707641602,0,646,647,76561198165956317
1324350,141238936,7/10. I would give it a 9 if i didn't frequently have server lag causing me to miss my shots. Hugecalf needs to invest more into fixing this and they will have a hit on their hands.,True,1688413562,0,0,0.5,0,582,3376,76561198102141735
1324350,166541799,This game is a lot of fun but the golf mode kind of sucks because the devs must've smoked all the crack in the country when thinking of where to place your after each shot,True,1717346796,3,1,0.551636278629302979,0,1128,1368,76561198420222255
1324350,168222296,"Actually a great a game, don't know why it isn't more popular",True,1719372014,0,0,0.5,0,773,3203,76561198041153619
1324350,120686198,"This game really has the potential to be something truly special. You might confuse the game as fully released in its current state yet at the time of review the game isn't even two weeks into early access. So many of people's problems with the game just come down to ""its in early access"". The balance of some of the power ups are a bit off right now but balance is a huge part of early access development. The match making can screw you a bit due to the lower player base giving you unwinnable lobbies against god tier players but as the game gets more popular this issue will resolve itself. The controls can feel a bit stiff at times but this only lasted about an hour or two before I got used to it. You find some small bugs here and there but the devs have been diligent in removing problem holes from the live rotation while they fix them. 

Throughout all of that the foundation this game has entered early access with really feels like a finished product. Once you get used to the controls and the movement you'll find it feels honestly pretty good for early access. There are over 30 different holes and a full time trial single player mode to learn the tracks and unlock useful power ups. Loads of cosmetics to buy with all earned, in game, currencies. No cash shop right now (though it would be crazy to assume there wont be a real money cash shop when its released). The game is a lot of fun and almost all its ""problems"" are things you would expect to be fixed long before launch. I can not recommend this game more. It is 100% worth the price of admission.",True,1660586735,3,0,0.4978066086769104,0,1808,2052,76561197992847033
1324350,155587264,"This isn't just Rocket League golf, it's actually a league of it's own. The cars physics are completely different, the balls physics are completely different, and it demands it's own techniques of expertise to be successful. Cores, or your cars abilities, change play styles for several different ways to compete, all balanced pretty well. Cosmetics and flair options are aesthetic and fun. I think the game is great and needs more hype. Please keep adding more to this one, it's gold.",True,1704755561,0,1,0.476190477609634399,0,1046,7653,76561199098779310
1324350,121504739,Yes,True,1661915331,1,0,0.523809552192687988,0,2208,7656,76561197994003751
1324350,120118986,Great Game with a bunch of mates. competitive edge if you play rocket league. Cant wait for future updates with more weapons abilities and possibly games modes or private match. The feeling of hitting a perfect shot in the hole for the win is worth every Cent. highly rate this golf race combo. :D,True,1659722574,2,0,0.545454561710357666,0,741,1802,76561198075028532
1324350,172384708,"This is a great idea for a game. The golf mode is really fun, Though it's sad that i found this game when it appears to be dying. A really fun  multiplayer experience with friends but it has some downsides. For example the ""boost rings"" Really slow you down when you hit them with a hard fast shot, Making them more of a downside rather than beeing helpfull. Some of the terrain slowing down the ball could be tweaked so that the ball that would naturally roll a bit further in a steep slope.

Fun game, not to pricey but needs some tweaks.",True,1723983280,3,0,0.531700313091278076,0,1340,1454,76561197976715654
1324350,146895559,I think I might put turbo racing as a skill in my linkedin profile.,True,1695512705,1,0,0.523809552192687988,0,927,1359,76561198357648116
1324350,194459818,"TGR is another multiplayer focused arcade racing game where the goal is to get your ball in the hole sooner than the rest. While the essence is simple, everything wrapped around this idea makes the game such a joy to play. There are tons of maps with their own gimmicks, plenty of skills to equip, tons of visual customisation options, a lot of in-game activities to focus on for individual progress, different game modes and most of the achievements encourage participation instead of beating others all the time. There is also a decent single player mode where all the maps can be attempted in time trial, including getting up to 3 stars. All of this content is delivered with beautiful graphics and smooth controls. I especially love being able to fly with a car whenever I want and it just feels great. In terms of finding matches, I got 9 out of 10 without caring about being online at busy times, with the European time zone at least. Even though steamdb often shows low activity, the game is carried by game pass users and the rest of the slots are filled by bots. There were a few rare moments where I encountered 4-6 out of 8 slots being real players. Most of the players were of casual-average skill level. You don’t get the sense that the community is too competitive or the sweaty type and it honestly feels great to just enjoy a multiplayer online game on your own terms.

It’s remarkable how polished and bug free the game feels even though you can tell that support was pulled sooner than expected. The golf game modes are the most recent additions and they don’t have any achievements, same can be applied to the last maps released for time trials compared to other maps. This can be seen as a good thing since you’re not forced to spend more time on the game if you don’t want to as a completionist. I’m a bit less forgiving on the game’s balance and 3 specific achievements. The game has a couple of item pickups including two types of rockets, but rockets don’t feel needed as most of the players are focused on getting their balls to the goal. It would have been easy to ignore them if there wasn’t an achievement to shield yourself from 50 rocket attacks. It might not sound like much but I only got 11 naturally in 20 hours because most don’t use it. It isn’t helped that temporary shield is a bit finicky sometimes, a proper shield is dropped randomly and there aren’t enough pickups for bigger maps. The 2 other achievements require you to be in a party lobby with 2-4 players total and start a race. I got extremely lucky to have found a public party lobby with 3 other players. It’s a shame to have those 2 achievements when the rest of the achievements could easily be gotten by joining the default race mode and focus on individual goals such as getting your ball through boost rings x amount of times etc.

You can tell the game was made with care. It’s in a good state despite it not receiving anymore updates. It might not have a long life as an online focused game but it’s a lot of fun and it feels relatively easier to find matches in this game compared to other online games with a small community I have experienced. I got the game through Humble Choice and I was fearing that most of the achievements would be annoying. It wasn’t like that for the most part luckily. The normal price is less than €10 and it’s worth it if you’re willing to enjoy it while it lasts or you weren’t planning on sticking around for long to begin with.",True,1746693477,3,0,0.545454561710357666,0,1230,1230,76561199360897351
1324350,120218726,"[b]NOW THIS IS PODRACING[/b]

But for real sink a curveball and you'll be hooked harder than a fish taking a wrong turn into a Bassmaster Tournament straight 11/10",True,1659877665,0,0,0.5,0,541,2306,76561198158945471
1324350,136260742,"Just ignore the stupid rank, there's not enough players for it to make any sense, occasionally makes you lose rank even if you get 1st place. Rank should be disabled until significant player base increase. OR should be enabled only for full lobbies.
UPDATE: Now with casual and ranked queue. so can basically ignore that
Since there's DLC definitely a game to buy on sale...
Would be better with some kind of weekly rotation, where different cores would be available. These would be always enabled in timed modes of course. 
And / or, games would regularly be without cores attacks or boosters, other than boost refills. Only at random, a game would have cores etc or boosters and attacks enabled.

Needs more music.
WAY More customization needed. Car, bumpers, spoilers, tires, balls, boosters... UI color customization / styles.
Needs some kind of sale where you can buy more copies for friends.

Otherwise it's a fun game, recommend waiting for a sale though. 10€ish I think.",True,1680860118,0,0,0.5,0,1213,4498,76561197978707088
1324350,138292961,"If you see this game on sale I would recommend getting it. Ranked games/points is a bit sketchy, players leave games within the first 2 rounds if they don't get a good start and it does not seem to affect their position on the overall leader board. You should be deducted points if you leave a ranked game midway through imo. Most of the people at the top of the leader board have left more games than they have won.",True,1684074297,4,0,0.555853366851806641,0,2821,2837,76561198358060456
1324350,142260019,"this is this a fun game. got it during a free weekend. enjoyed it enough to buy. currently in season 3.
no micro transactions only dlc if you so choose to purchase.  lots of ways to customise your car. IF theres not enough people on at the time its fills the rest with bots. there are customisation's in game to unlock just buy playing. i recommend giving it a go.",True,1689591821,0,0,0.5,0,11924,62421,76561199070227837
1324350,122854045,E Z,True,1664173767,0,0,0.5,0,18555,34377,76561198018959131
1324350,159630519,Very fun!,True,1709321219,0,0,0.5,0,6176,19116,76561198053665389
1324350,177781739,turbo golf is really good challenging multiplayer game,True,1729953879,0,0,0.490517407655715942,0,608,798,76561198895619612
1324350,120580075,"This game is a must play in my mind.  It has honestly revitalized my gaming again, I actually have a game I want to sit down and play any chance I get  instead just bouncing around games bored.  Be warned of the ""just one more"" addiction this game creates.  I look forward to picking it up every chance I get and have to really tell myself I have to put it down...usually multiple times before I do.  It is worth every penny.  If you are on the fence about it, get it, you won't regret it!

Also, quick edit:  This is great on steam deck and my pc.",True,1660427183,0,0,0.455985903739929199,0,2766,3489,76561198088282032
1324350,145336279,Fun game. Worth $5 on sale for sure,True,1693420199,0,0,0.5,0,581,715,76561198302898801
1324350,158036230,"Fun game that you will easy spending hours with.
Downside that not every mode work with multiplayer/online friends",True,1707607324,0,0,0.5,0,634,634,76561198317029791
1324350,190284537,good overall game!,True,1742063026,0,0,0.5,0,1330,1447,76561198805417963
1324350,125985812,"Plays like Rocket League on huge crazy golf courses, lots of fun! Cars can be upgraded using a selection of Power Cores which affect gameplay in various ways, which will suit some holes more than others. No micro-transactions either, there is a seasonal battle-pass like system that is unlocked for everyone where you can unlock various cosmetic items, as well as an in-game shop using currency you earn from playing.

Game is currently in early access, and the devs have been very active in their discord, taking on feedback and looking into bug reports as well as adding new holes and items into the game.

Perfect game to pick up and play when you have a few spare minutes, as each game of 3 holes generally lasts around 6-10 minutes.",True,1669144675,7,0,0.576926529407501221,0,3639,6846,76561197960273050
1324350,123943334,"6.5/10 - and this is why...

10/10 - Turbo Golf Racing has the right DNA to be a major hit.  
10/10 - It's super fun while being both exiting and relaxing at the same time.
10/10 - It's level design, art style, and playability are top notch and super engaging.

3/10 - Player Population - Where it falls short is player base.  It was good at launch, regularly playing with 7-8 players per match.  Now it's hard to find a game with more than 4-5 people at peak time, and matchmaker has been opened so wide that you have brand new players teeing off with those that have stuck it out from day 1.

I really love this game, but without other players and a nice tight match maker, it's really hard to recommend investing money into. 

My recommendation to the publisher and developer - unless you have something up your sleeve, go Free to Play.",True,1665950812,22,0,0.738023579120635986,0,1219,1555,76561198004612161
1324350,121061266,yes,True,1661189801,0,0,0.5,0,717,2108,76561198382035263
1324350,120402580,It's pretty fun actually,True,1660153306,1,0,0.5,0,538,783,76561199096006642
1324350,147593808,Outstanding. Think like Rocket League and you'll do well.,True,1696375961,0,0,0.5,0,1559,1803,76561198014501811
1324350,148159305,"This game is pretty great. It's a weird mix of rocket league and golf, and it kinda works.",True,1697231231,1,0,0.5,0,1166,1166,76561197985036346
1324350,144157154,yes,True,1692000402,0,0,0.5,0,3576,4309,76561198020132631
1324350,125230935,"I thoroughly enjoy Rocket League and the game of golf. For years, myself and friends had talked about Rocket League game modes that should become a thing. Years later, lo and behold: they did it! A rocket car golf game, that's fun! Well done, and addicting.",True,1668051128,1,0,0.523809552192687988,0,847,11045,76561198024404699
1324350,120666781,"To preface this review let me say I have over 1000hrs in Rocket League. Now to me this game is great, but suddenly I can't find a full match outside of peak hours only a couple weeks after launch. I can't put my finger on why people don't like this game honestly. I will say that this game is probably more for fans of Mario Kart than fans of Rocket League. RL is marketed as a much more competitive experience whereas the experience you will get in this game is far more casual and arcade-y. The driving is not great but it's serviceable, don't expect to be doing anything fancy like you would in RL, for example front flipping in this game only restores your boost bar so you can boost more on the ground. Being in the air slows you down so 99% of the time you want to just be driving in straight lines keeping your boost high.

Most of the complaints I see people sharing about this game is that when directly compared to RL the driving feels less intuitive, which I agree with. I also think about how chaotic and hard to control the physics can be in RL and it makes me appreciate that the ball in this game feels and acts more like a golf ball. To me it feels like the driving has been ""dumbed down"" on purpose so that the game is easier to pick up and play, and to keep the focus more on the golfing aspect. 

It's a shame this game probably won't make it out of beta, but I would love to be proven wrong. Hopefully the devs can get a better sense of what's wrong with the game and we can get some more meaningful updates, but with the numbers on steam charts I wouldn't blame them if they cut and run before we see a season 2. I love this game so far though and I think they have a winning idea.",True,1660560960,0,0,0.452961653470993042,0,625,1666,76561198041511003
1324350,138108607,"Rocket League meets Mario Kart meets Fall Guy meets Golf Game ✔

This games a good time especially with friends just wish it would blow up and get a bigger player base but nonetheless a worthwhile purchase especially when on sale👍🏻",True,1683749341,19,1,0.686006844043731689,1,689,903,76561198065009147
1324350,165381430,,True,1715735852,0,0,0.5,0,2066,2356,76561198014744360
1324350,136109939,"Awesome Game, great community, addicting as shit. look out for Tink with the spring ball.",True,1680638922,1,0,0.523809552192687988,0,12129,102528,76561199263233945
1324350,162502970,lots of fun,True,1712608619,0,0,0.5,0,1279,2863,76561198071843987
1324350,136988051,"This game is awesome! There is a Ranked mode, Casual Mode and Time Trials, with Customs on the horizon. The Game has a Rocket League feel but it is a bit different. It is a race to the hole and the number of times you touch the ball does not matter. However, if you are first to the hole, you are likely the one that made the least amount of touches on the ball! Also, the developers are extremely active in their discord and they listen to the community. This game is 100% worth $17.99.",True,1681963546,20,1,0.652597963809967041,0,75582,115351,76561199129236830
1324350,145296644,"Like rocket league mixed with golf. It's easy to learn, hard to master, and a good time waster.",True,1693362555,0,0,0.5,0,610,739,76561198034744028
1324350,120921483,"It feels like Golf It! + Rocket league + Mario Kart + Fall Guys.  Each match is maybe 4 minutes long and it just feels great to win and amusing to lose.   If you're above a Diamond in Rocket League, you're going to have a brief learning curve and then just dominate. ENJOY!",True,1660970717,0,0,0.5,0,545,1181,76561198012713337
1324350,169716146,fun,True,1720819246,0,0,0.476190477609634399,0,1137,2183,76561198247159428
1324350,133298299,amazing game. super fun and addictive. deserves more love.,True,1676993462,1,0,0.523809552192687988,0,1513,21060,76561197960356513
1324350,171703757,"This is a review based on the 9 hours of game play I have so far racked up. I bought this game outside the steam platform and for all my friends at the same time. Its a great game. Why there are so few people playing it I really don't know.

Outline of game: get a ball to a hole by hitting it with your vehicle.

Features: Upgradable look, power ups passive and active, jump, fly, speed ramps, tunnels, surprisingly for a game called turbo golf racing, there's actually some golf terms too...

Have you ever played trackmania?
Do you like racing games?
Did you ever play wii golf or golf with friends?
Did you ever play rollcage, rocket league, mario racing?

If you answered yes to any of these (and enjoyed them) then you probably will enjoy this. 

If the developer ever launches a 4 pack bundle, get it and give it to your friends. If you (even on sale) think its a bit steep, its not really but you can get it elsewhere. 

As I have bought the game elsewhere, I will likely be buying the DLC direct through steam in time.

To the developers: Keep going, you have a really solid base of a game. Get it marketed any way you can. Get some more players on. If I was to make any suggestions for improvements, the store could be improved a little. The content refresh time and small number of items on sale really make it difficult to know what there is.",True,1723146860,3,0,0.556503236293792725,0,544,1704,76561198000958635
1324350,120137568,Fun for all!,True,1659749532,0,0,0.5,0,618,1365,76561198074696708
1324350,126489771,golf is fun,True,1669248117,2,0,0.545454561710357666,0,665,665,76561198090028932
1324350,121248652,The gameplay is engaging and the lag is infuriating. The wife and I have been calling it rage golf lol,True,1661486007,1,0,0.5,0,1927,7020,76561198064956125
1324350,142893975,"The diverse selection of passive and active cores allow for many playstyles and a lot of replayability as does the fact there are many many levels .When playing with friends i even had good fun using awful combinations of them such as springy curve ball which was rage inducingly difficult at times but nonetheless a great laugh.I was not expecting to enjoy this game as much as i have and having put a fair few hours in i think it deserves positive feedback its great fun i very much look forward to seeing what is added during it's development GJ Devs

Having just had a look at other reviews i see a lot of people complaining about low player count and though i have not experienced it as badly as them at non peak times there are generally only 3-5 human opponents with the rest of the team padded out with bots.In all honesty sometimes i prefer having bots it keeps the games nice and short as you don't have to wait for a minutes whilst the last person finish's each hole which tends to get tedious as waiting 1 minute after every 17 second hole is a bit annoying.

All in all though i have not had as much simple pick up and put down fun in a game in a long time its well worth a go and i highly reccomend it",True,1690463690,0,0,0.5,0,1873,3100,76561198004558961
1324350,132396049,very nice game,True,1675812995,0,0,0.5,0,1930,5738,76561198272141244
1324350,120957356,Gosh darn it this game has me hooked. its pretty easy to win cause kids are garbage but its a really fun game and still fun with friends even though you're directly competing against them,True,1661025141,0,0,0.5,0,1874,2701,76561198043366508
1324350,120126061,Awesome game,True,1659731805,0,0,0.5,0,561,3930,76561199104126768
1324350,172626346,Totally fun game with friends!,True,1724161277,1,0,0.523809552192687988,0,1530,2688,76561197994374867
1324350,161225402,A fine blend of Rocket League and mini golf.,True,1711172073,1,0,0.5,0,817,6941,76561197972409186
1324350,141333029,Fun and addicting game. I like that there is no tactical advantages in the game at all so it means everyone's on the same field and all it matter is how good you are at the game.,True,1688514838,0,0,0.5,0,1976,5915,76561198851520083
1324350,125653697,"This game is an absolute blast, with the second season now launching, there is so much content! I highly recommend this game, and I really hope it gains a lot of traction during its lifetime, as this game has so much potential to become massively successful. Once again, I highly recommend.",True,1668724571,0,0,0.5,0,2467,11888,76561198331575445
1324350,142993823,sure,True,1690599353,0,0,0.5,0,659,35749,76561199512896313
1324350,162459589,"PLAY THE RACE MODE! Crossplay, lobbies flll, 5-10min matches and its good sh**!",True,1712549096,0,0,0.455744564533233643,0,1584,2779,76561198081895921
1324350,209725590,"I really love this game, It's a sick driving golf game. Really nice player base as well. The only deficit is the game should be free to play, they would get WAY more players if they went free to play and did the skin transactions like everyone else. This is a wicked game, just needs more players.",True,1763676308,0,0,0.5,0,4592,4592,76561198071682274
1324350,141795747,"Now, I'm not much of a golf person, But I have played some golf games in the past, and this might be the best one. In addition, it is very similar to the game Rocket League in terms of the style, game play, etc. only that the difference is you don't have to worry about getting the worst teammates you can imagine, having to buy in game currency, it isn't about being the best or performing some move from a famous Esports player and most recognizable it is golf instead of soccer. the only unfortunate thing is that you have to purchase this game instead of being able to receive it free. other than that, I recommend this game after you had a bad experience with Rocket League",True,1689033091,0,0,0.5,0,729,916,76561199160638166
1324350,120838665,"Works great on steam deck and by far my favorite game to play on it. Still in early access, excited to see improvements, and already a great game.",True,1660836234,0,0,0.5,0,1163,5214,76561198036957512
1324350,145196491,Funnest racing game I have ever played.,True,1693227960,0,0,0.5,0,669,1930,76561198074975239
1324350,120280145,GREAT FUN HERE!!!!!!!!!!!!,True,1659969731,1,0,0.5,0,1128,2132,76561198173735307
1324350,134267637,Has a unique physics system. Just different enough from Rocket League to be unique and fresh. Constantly playing does't feel like a chore opposed from Rocket League.,True,1678231768,1,0,0.523809552192687988,0,48635,119063,76561198213839584
1324350,122399457,it's a good game,True,1663452013,2,0,0.518518567085266113,0,864,1132,76561198027738556
1324350,137286788,"I recently had the opportunity to play ""Turbo Golf Racing"" during the free weekend, and I was blown away by the thrilling gameplay and addictive challenges. I played with a couple of friends, and we had a blast competing against each other in high-speed races and battling it out for the top spot on the leaderboards.

One of the highlights of my experience was completing the time trials to earn 3 stars in every level. While some levels were easy to conquer, others proved to be quite challenging, requiring precision, skill, and strategic use of cores. The sense of accomplishment I felt when I finally achieved a perfect 3-star rating in a particularly difficult level was incredibly rewarding.

I was so engrossed in the game that I ended up playing until Tuesday afternoon, even after the free weekend had officially ended. I couldn't resist the urge to keep racing and improving my skills. In fact, I logged over 37 hours of gameplay during this short period because I simply couldn't get enough of the game.

Overall, I absolutely loved my time with ""Turbo Golf Racing"" during the free weekend. The game provided thrilling racing action, challenging time trials, addictive gameplay, and a chance to play with friends. I highly recommend it to any racing fan looking for an adrenaline-pumping and addictive gaming experience. My only regret is that the free weekend had to end, but I'll definitely be purchasing the full game to continue my racing adventures in the future!",True,1682445042,2,0,0.536208271980285645,0,2265,3448,76561198025886486
1324350,137970461,"The game is great. I am a very big fan of any futuristic racing and for me this game is a great discovery. I didn't play the beta and wasn't in the first season and can't say how the game has changed since then, but I can say that the game has changed for the better since the second season and continues to improve with each update",True,1683495614,1,0,0.502913355827331543,0,12622,29345,76561199183812731
1324350,140928003,"Hit ball into hole. If you don't, then you don't win.",True,1688071567,1,0,0.444413095712661743,0,632,700,76561198320543537
1324350,166131326,This game is awesome.  If you like rocket league this game will take up a lot of your time.,True,1716765423,5,0,0.561503410339355469,0,905,2693,76561198141892675
1324350,126366088,Kinda fun.,True,1669216904,0,0,0.5,0,1692,9793,76561198047241700
1324350,143223697,Very fun! Rocket leaguers will feel right at home!,True,1690921579,1,0,0.512195110321044922,0,758,805,76561197962062015
1324350,136965301,"I highly recommand to play to TGR.
Why? Because it's a golf game BUT with a car.
You're not just playing one of those boring game where nobody understand what's going on. TGR is a racing game. You need to be fast and to be precise to beat the 7 orher players who want to win just like you.

Don't be shy and come to the TGR Discord to play with us!",True,1681923273,1,0,0.502913355827331543,0,7595,10580,76561198020043425
1324350,120961746,"This game is off to a GREAT start, but suffers from a few rage inducing quirks that need to be adjusted. (Reviewed after 9 hours of addicted gameplay)

The turning radius at low velocity is so large that when you miss, you end up driving AROUND the ball instead of adjacent to it, generally wasting 3-6 seconds trying to get back into position to even strike the ball. This causes unnecessary frustration, if i miss and go rocketing past my ball i shouldn't be fighting with a monstrous turning radius at low velocity just to get back to it. Also, several locations on tracks have details sticking out just outside of the map bounds, which look like you should be able to bounce your ball off of it, but alas, you are punished for your ingenuity with an out of bounds collider just before the ball reaches it. Several track edges on overlapping tracks tend to bounce your ball back instead of acting like a ramp, which would make sense considering its an inside corner, but no, it just bounces it back to you instead of continuing on and heading down the fairway. This is particularly frustrating if you find yourself putting, as if putting wasn't difficult enough! Could we maybe get directional dodging please? Sideways is a good direction to dodge sometimes...

The Curve prediction does not seem to take into consideration how much spin you're about to put onto the ball, is therefore inaccurate, and makes learning to curve properly an additional chore as you have to learn how much drift the curve will be from the center line as a result of side spin. 

I'm not sure whats up with the timing of the start boost detection either, but sometimes it doesn't detect ANY presses.

The tutorials are fine, but need to be more thorough. You learn nearly EVERYTHING From the loading screen tips!

There are a few XP lurkers out there that just sit in games until the time runs out, farming XP/Coin, forcing everyone to wait out the entire game duration. Please deal with them. If they haven't moved or touched their ball for the entire match and everyone else is already finished, kick them.

4v4 Team Racing when?",True,1661031230,0,0,0.5,0,557,1465,76561197967433797
1324350,167469624,if youre tired of rocket league and have autism come on down to the minor leagues where you can become SSL in golf instead of soccer,True,1718516048,8,5,0.62360990047454834,0,992,1012,76561199164721100
1324350,126021682,"Turbo Golf Racing is a very cool muliplayer racing golf game. You can also play solo for some extra features called cores, which are going to help you in your matchs. 
Overall I really like the game and it has an awesome dev team behind it, which are trying their best with making the game better for us gamers.",True,1669148259,1,0,0.523809552192687988,0,1536,2303,76561198845287657
1324350,136977857,"The best game I have played in a long time. They have Ranked, Casual, and Time Trials (you can play and practice ANY map at any time!). There are ranked leaderboards. The mechanics of the game feel great, yet also have a high skill cap. Lots of achievements to unlock. Check it out!",True,1681942179,3,0,0.538716018199920654,0,44206,119055,76561198051151396
1324350,169796407,it is a gud game,True,1720902025,0,0,0.5,0,1099,1268,76561199127845971
1324350,144368931,"If you like Rocket league you'll love this game, if you didn't like rocket league you'll still probably love this game. 

Plenty of maps, easy to learn, hard to master. And plenty of unlocks and various different cars/items/and cores (power ups you start each round with)

the developers are friendly and have updated the game twice since I got it too so seems like a reasonably fast developing game. pick it up for you and your friends!",True,1692226729,0,0,0.476190477609634399,0,2252,2714,76561197987355638
1324350,143273411,I enjoy the game but they really need to change their forced party play to random so solos can progress the game.,True,1690997220,9,0,0.653948545455932617,0,6256,7708,76561197993729117
1324350,175648200,One of the only games I play. Countless hours on it. very well done and entertaining. Especially for adults. Golf mode is relaxing and fun. Race mode is probably more fast paced. But I stay on Golf mode and LOVE IT!,True,1727136859,0,0,0.5,0,8113,10998,76561198273169326
1324350,145831885,Rocket League Golf Limited Time Mode,True,1694061337,0,0,0.5,0,1024,1087,76561198218257345
1324350,142734484,"I lost rank points for placing 1st, 2nd, and 1st against a lobby of 7... this game has some issues.  It's very fun to play when it's not bugging out though.",True,1690246978,0,0,0.5,2,1533,1703,76561198162695377
1324350,121130171,fun quick intense games. wish there was a way to play with friends. still overall i find myself coming back for enjoyment. its nice there is no pay to play either!,True,1661285080,0,0,0.5,0,792,4609,76561198967717584
1324350,159904309,"It took me a few rounds to get used to the physics. I remember playing the beta.. and still it's so much fun!
I'm glad the game is getting a 1.0 release :]",True,1709646155,7,0,0.552098095417022705,0,1313,1963,76561198862447210
1324350,162286350,"I played it a bit in early access of the race golf mode. The new addition of the true golf mode (counting the shoots and not the time) I a great addition. 
This is a great game for golf car physics, a nice switch up from rocket league.
Simple but a lot of fun.",True,1712349302,1,0,0.513651907444000244,0,580,580,76561198131653056
1324350,149230170,Fun game. Looking forward to more courses and abilities.,True,1698721233,1,0,0.5,0,1053,1093,76561197979376217
1324350,137018363,"This game is actually pretty much fun! 

I mean, yeah, playing Golf with cars and rockets and stuff sounds pretty weird, but it's cool :D
The controls seem pretty smooth, there's enough tracks to drive on (and I bet there'll be more in future updates) and so far I haven't seen anything that looked like hacking. 

The only ""sad"" thing is, that there's hardly players on the servers (EU, in my case). Of course, when I play with people it's like 6am in the US and there's also noone on the other servers. So it's mainly 3 players and 5 bots, but it's still fun. I mean, if nothings left, you can laugh about the senseless stuff the bots do! 

Definitely recommend the game, as long as you have someone to play it with.
Looking forward to see future updates!",True,1682017496,3,0,0.53803330659866333,0,1802,2234,76561198128967874
1324350,120431863,rocket league + golf with your firends = Turbo golf racing,True,1660204686,2,0,0.518162906169891357,0,784,38718,76561198835606234
1324350,124296086,yes,True,1666560397,0,0,0.5,0,884,1052,76561198337115579
1324350,136953502,Very fun. Thats it its freaking fun play it you will enjoy it,True,1681906147,1,0,0.502913355827331543,0,707,2787,76561198101398307
1324350,121096333,Great overall but I do have some server or player cont issue. I haven't been in a full game of 8 people for over two weeks.,True,1661232499,0,0,0.5,0,932,1954,76561198080137030
1324350,126543300,"Pretty good game, definitely needs more players and more refining, but it is on the way",True,1669272197,0,0,0.5,0,1334,1373,76561198273350211
1324350,155334666,Best car game I’ve played,True,1704487210,0,0,0.5,0,5444,11393,76561199244496459
1324350,123657062,It's Rocket League but with golf instead of soccer... awesome!,True,1665442016,0,0,0.5,0,1492,4754,76561197983871861
1324350,165652154,"This game is too good to be this cheap! It's on Xbox gamepass as well and PS5.
Get in this game early! It just full released in April of 2024.
It looks a lot like Rocket League, but isn't.
It's more like a mixture between Mario Kart with a sprinkle of Rocket League in golf racing form.
It also has a golf mode that plays like golf.",True,1716099313,0,0,0.5,0,71392,121144,76561198374311200
1324350,120278790,"If you like rocket league, golf, or a casual game to play with your friends then this is it.",True,1659967896,1,0,0.5,0,606,1436,76561198163839792
1324350,136976429,I played this in the beta and skipped season 1.  I  came back in season 2 and I'm hooked.  The only thing this game is missing from being big is the player base.  Fun mix of Rocket League and golf and it seems to only be getting better.,True,1681939717,3,0,0.547863543033599854,0,33861,272808,76561199011609504
1324350,190516311,Fun for hours. multiplayer,True,1742274568,0,0,0.5,0,1676,3339,76561198006732880
1324350,168624976,this game is fun + cool cosmetics + non-toxic,True,1719771196,0,0,0.5,0,3496,6406,76561199020996206
1324350,142147115,"Picked it up on sale but even full price it's worth it.
Game can be a little inconsistent at times but works fine for the most part.
Seeing alot of people comparing this to rocket league, and I get it, car, ball, goal/hole, but the 2 are worlds apart.
Great fun to play with friends or solo.

I look forward to seeing what the future holds for TGR.",True,1689444970,2,0,0.5,0,1237,5069,76561199077128176
1324350,161179335,"I made a video about this game you can watch here, comparing it with Rocket League and Rocket Racing

https://www.youtube.com/watch?v=HHHrV_RwAeo

I overall think this game is awesome. It is very easy to just pick up, play, and put down. all of the game's elements are easy to reach for the player and there's no heavy micro transactions. just a really cool and fun spin on the remote control cars in sports genre. One thing I will scream to the hills for, is more support for offline modes. Splitscreen and LAN capabilities would also be amazing for this game. overall this is an easy recommend!",True,1711131587,1,0,0.5,0,2772,6108,76561198103216502
1324350,185851719,"Fun. Has some balancing issues. Like reverse should work better. Missile pickups are rarely worth the slight detour to get them. Shields should be a bit wider. Shot of the match is annoyingly specific/always looks the same. There should be a less competitive mode for beginners. Should be able to turn off the non-player cars. The power cores are just totally unbalanced between each other. That's just off the top of my head.
After all that, my biggest complaint is that the color palette in the garage is basically just a rainbow. No desaturated options, no pink, big gaps between some colors that appear right next to each other in the palette and many swatches are nearly the same.
But I'm still playing, and I enjoy the colorful graphics and environments. There are a lot of fun car models (not that I wouldn't like to see more), the community is pretty nice, and there is lots of room to grow and get better.",True,1737201027,1,0,0.522293031215667725,0,2918,3808,76561198097533842
1324350,148106773,"I really enjoyed the standard racing game mode, but this new 1 v 1 turn-based golf mode is incredibly fun, and makes this game a classic. If you like rocket league at all, and would like a more chill version of it, then grab this one and tee off. Hopefully they'll add larger party sizes to the new game mode eventually.  It's a winner.  Highly recommended!",True,1697157398,0,0,0.5,0,1782,3597,76561197994054254
1324350,162373635,"Played a lot of early access, now the full release and it just gets better and better. Tracks feel fresh, physics feel fun and overall it's a blast with friends. Solo is also good but getting a group together and going online is just a great time!",True,1712446894,4,0,0.566929101943969727,0,879,1332,76561198027954195
1324350,120759320,"should be called ""Rocket League: Golf Racing""",True,1660700393,0,0,0.5,0,653,1302,76561198352259180
1324350,127657066,"This has to be one of the best games i have played in quite a while. I absolutely adore the concept of a speed golf game with cars. It is so unique and tons of fun, especially with a couple of friends. If you like car based physics games like rocket league then this is a must try.",True,1669846777,1,0,0.523809552192687988,0,4596,14040,76561198154973674
1324350,129809503,Very fun game especially with friends. It is still an early access game so there is some obvious mechanics that need tweaking and such but for this game being so new it is very fun!,True,1672525176,0,0,0.5,0,609,1712,76561198121374613
1324350,188006247,"Game is fun. Think my main complaint is in the golf mode, after each shot, it does not line you up with the ball the way you'd think it should. Sometimes it does, sometimes it doesn't. If it was consistently placing the car in the correct direction each time, that'd make this a great game",True,1739667230,0,0,0.5,0,1216,2482,76561198114966525
1324350,136982787,"Surprisingly deep and fun for casual or competitive play, and even speed running. At first glance, this game may seem like a Rocket League knock off. But like a clown and a F150 with truck nuts, the similarities stop with cars and balls.

Do yourself a favour and play the tutorials and practice in time trials a bit before jumping into multiplayer.

Game is still in early access, so there are some bugs that need to be ironed out, but nothing hugely game breaking. The devs have also been very responsive and proactive in asking the community for input thus far.

100% worth the money for the amount of hours I've put in, and it's gotten better with each update.",True,1681952329,14,7,0.566598117351531982,0,7003,8988,76561198046941485
1324350,147482061,"Finally, a game to play when I can't decide between golf with your Dad or racing my pimped up ride to make your mother cry. 
I really hope this game finds it's legs and doesn't die in early access because I want to be able to play it forever.",True,1696219590,0,0,0.5,0,599,4260,76561199075185029
1324350,140141464,"Turbo Golf Racing is a fantastic game that I admittedly would never have tried if not for the free weekend that was running when I purchased. This game is heavily compared to rocket league which is honestly not my thing.

The reviews that compare this game to rocket league are a little off in my opinion. Sure, you are driving a car, hitting a ball. But the similarities pretty much end there. Turbo golf is mostly a time trial type game. You can shoot rockets at your opponents but there is no collision with other players or their balls. Your score is purely based on your performance, even if playing in a group. The party system is just to ensure you get into the same match as your friends.

There is a ton of customisation in this game with a whole heap of different parts to customise the look of your car, as well as power cores to let you activate abilities to help complete the courses. The season progression is nowhere near as grindy as other games, even ones where the season pass is paid. No buying a battle pass with this game each season has been free and I don't see that changing. With playing for the free play weekend and playing casually for a couple of weeks I completed it no problem. Probably 10 hours max.

The one downfall of Turbo Golf Racing is the low player base. You can still get into matches as they fill the spots with bots after a couple of minutes of waiting. Generally you will be up against 2-4 other players and the rest of the slots (8 ""players"" per match) will be filled by bots. I only play casual matches so playing bots doesn't bother me. However, ranked play can be an issue for some with a the low pop.

Overall I would say this game is definitely worth a try. You will know if it's for you within the two hour refund window for sure.",True,1686893578,1,0,0.5,0,3859,58001,76561199070163191
1324350,201151383,"This game is trash.

Refunded after 10 min",False,1753978875,3,1,0.498440772294998169,0,7,7,76561198100602656
1324350,137032743,"Not into multi player.  Single player is just unpopulated courses that time you.  IE Single player is (smurf).  Otherwise slick and few glitches.  Good artwork.  Boring music but I turned that off directly so...  Recommended ONLY for fans of the competitive multiplayer experience.  Which I am most certainly not.  So take my ""not recommended"" with a grain of salt if you are looking for a future sports MMO* and very seriously if you are not.  And now ...I have something to uninstall.  Do pardon.

*Humorously, I originally mistyped and got MMNO.  Almost left it that way.  I'm definitely using that in the future.",False,1682042122,2,0,0.453584104776382446,0,11,11,76561198010134705
1324350,176805851,"we have rocket league at home


seriously thou... this game might be for someone, that someone is not me thou",False,1728631371,1,0,0.420461088418960571,0,12,12,76561198009317041
1324350,139925552,uhm boring? zzzzzzzzzzzzzzzzzzzzzzzzzzzzzzzzzzzzzzzzzzzz,False,1686541754,0,0,0.34502023458480835,0,10,10,76561198072502356
1324350,137063934,"The game does not handle well. The controls are alright. The golf mechanics work but compared to other games it lacks in physics and combos to make more interesting moves e.g: Double jumps, side rolls etc. I got the game as the weekend deal but would never imagine paying for it when games like rocket league exist.",False,1682096991,1,0,0.493019849061965942,0,10,10,76561199017714924
1324350,153528178,"Interesting concept. But currently it's unplayable and frustrating. I was leading a game but then towards the end of my match I kept getting teleported really far from the ball and couldn't even reach the ball before running out of time. So, unplayable unfortunately 😕",False,1702496667,2,0,0.528705716133117676,0,8,8,76561198119262737
1324350,120922119,"Does not offer crossplay currently as of 8/20/22
Maybe when the roadmap is further down but its a wait to buy currently",False,1660971999,1,0,0.460076063871383667,0,13,13,76561198056179797
1324350,150185153,Rather poor clone of Rocket League. With worse physics and small player base.,False,1700076448,1,0,0.469512194395065308,0,21,21,76561198027279354
1324350,120069922,"I really do no like any of the handling in this game. The heck did they think making this game?
That's more of an crasy taxi type game than rocket league. It feels like an extremely janky and old arcade game. 

Definetley nothing for me at all. Hard pass for everyone that loves driving virtual cars, but only when actually controlling it. I can't count how many times this thing they call a car made 180's making it impossible to controll.",False,1659645900,0,3,0.308221042156219482,0,12,12,76561198052179985
1324350,139688697,"Match making code of this game:
[code]
While True {
print(""Joining queue..."") (1-2 sec)
print(""Finding match..."") (40-60 sec)
print(""Match found, Looking for server..."") (10-20 sec)
print(""Server found. Connecting..."") (10-20 sec)
print(""Server connection timed out :( Try again..."")
}
[/code]

Update: Matchmaking works fine on my steam deck while above is what I get on my PC on the same network. What the heck?!

Update 2: See comments. Matchmaking has been broken. Games are filled with bots.",False,1686146713,2,3,0.48205864429473877,5,6,630,76561198373332890
1324350,153962069,"I hit close to the hole third shot of a par 5. When it was my turn to shoot the 4th shot, I didn't start next to the ball to hit it. It started me across the green, on the other side. I ran out of time driving up to the ball it was so far away. Spacing is bad in the coding, physics are lacking too. Unplayable right now.",False,1703030821,0,0,0.5,0,11,11,76561198042986383
1324350,139682507,as basic as a free mobile game. i might have liked if it had a local multiplayer mode but it doesn't. rocket league does.,False,1686136410,3,0,0.475294053554534912,0,9,9,76561198418390686
1324350,120106026,Rocket League rip off and gameplay isn't as nice.,False,1659705898,1,5,0.33226853609085083,0,6,6,76561197983544195
1324350,166061363,"One of the most uninspired copies of Rocket League and super boring.

I'm ashamed to have even played it.  Garbage.",False,1716673378,0,0,0.405092597007751465,2,12,12,76561199051209599
1324350,120081293,wanna be rocket league with broke controls,False,1659662335,3,3,0.324337542057037354,0,20,20,76561197970167849
1324350,153597363,"Bad game, and not fun",False,1702585818,0,0,0.476190477609634399,0,20,20,76561198076392710
1324350,142011457,"[u]Pros:[/u]
 - Playerbase is way less toxic than in [b]Rocket League[/b]

[u]Cons:[/u] 
- Playerbase is non-existent 
                                     - Everything else",False,1689279067,2,3,0.469699382781982422,0,16,16,76561198050128818
1324350,121142641,"Running this game on a liquid cooled i9, with a liquid cooled GTX 3070 Ti, (165 refresh, on a UHD, but it's not 4k), and it barely had 30 FPS. Has some serious performance issues, even for ""early access"" that is pretty unacceptable. The game might be a decent concept, but if you're going to charge almost $20, you better check the performance baseline first. Bugs or issues aside, making sure it has acceptable performance should be a given.",False,1661306249,0,1,0.382307738065719604,0,11,11,76561197987949307
1324350,137021181,"I am speechless. This game is horrible. A bad version of Rocket League if it was golf instead of football. Huge disappointment, bad controls and ugly graphics.

The only good thing about this game is the music.",False,1682021111,3,0,0.355506271123886108,1,19,19,76561198059361840
1324350,140683739,rocket leagues mentally slower little brother,False,1687711439,2,3,0.379780232906341553,0,21,21,76561198335098903
1324350,133442416,Progression is online only.,False,1677187647,8,0,0.414584547281265259,0,8,8,76561197999184025
1324350,168414333,"I don't know why, but somehow steam allows ""devs"" to release these joke of a games on their platform. -2/5 don't do it. how is this ""Very Positive""?",False,1719588492,0,0,0.397413313388824463,0,17,17,76561198192472645
1324350,120192256,"I dont know why people compare it rocket league at all, doesn't handle nearly as well as rocket league, way jankier. If you like rocket league it doesnt mean you'll automatically like this game.",False,1659834023,2,2,0.361526072025299072,0,6,6,76561198861239304
1324350,137031450,God made Rocket League. Satan went there and copied his idea.,False,1682039644,1,4,0.230733409523963928,0,9,9,76561198046728591
1324350,152761775,No local co-op.... cmon man,False,1701561658,24,1,0.702302157878875732,0,6,6,76561198151035981
1324350,201305365,"Online only except for trial mode.  I was hoping this would have a mode for playing vs. computer or just by myself as I don't care for online/pvp stuff.  Nope, so never going to play this game.",False,1754160085,11,1,0.644113898277282715,0,21,21,76561197987195159
1324350,198248974,"I was interested in this game, even played it... But the lack of Solo Singleplayer support is what preventing me from recommending this game or playing it in the future.


Though I love the concept, and the game it self is fun... It just doesn't have enough Singleplayer support for me.",False,1751006439,4,0,0.571531116962432861,0,21,21,76561198956882278
1324350,155590637,"The core gameplay's very competent and it controls well enough, but there's two problems for me. One is that there's nobody to play it with because the playerbase is dead. And two is the turn-taking mechanic - having to wait an average of 10-15 seconds between each attempt while you're forced to watch your (probably AI) opponent is tedious and quickly adds up to a lot of downtime in every match.

I get it, it's golf, and in golf games you take turns. But this is an action game, and I just want to go at it and get as many hits in as possible so that I can experiment and improve. Wasting a minute or two of my time each match gets old quickly, and I don't see the point in it considering that I can't even touch or admire my opponents balls.",False,1704759798,3,1,0.532866537570953369,0,14,14,76561197982225800
1324350,122724555,"it isnt bad, it just isnt for me. the ball physics feel way off and the replay of the other player launching the ball when his car wasnt moving was more evidence of that. this is a great concept but it definitely has some things to improve upon. a marker for the player ball or a ball cam would be a huge improvement as it is easy to lose track of the ball when other players are hitting theirs in the same area or if the ball goes out of your line of sight",False,1663997226,0,0,0.5,0,12,12,76561198369336961
1324350,139892977,It's Rocket League but golf. Has a handful of abilities to spice things up. Overall it's fine but I wore out on it after a couple races.,False,1686493041,0,0,0.5,0,9,9,76561197969062133
1324350,155592559,This game is so shit,False,1704762299,0,0,0.392549902200698853,0,8,8,76561198988056739
1324350,140568611,"Do you like Rocket League? Then go play Rocket League.
Do you not like Rocket League? Then this game surely won't win you over.

What the developers maybe envision: Chaotic and frantic ""golf races"" with lots of power-ups, pumping music, character and charm.

What the game is currently: Looks like Rocket League, controls more or less like Rocket League, feels barebones, the music is sleep-inducingly generic, and the races devolve into lots of people driving around trying to hit THEIR ball, not A ball, but their own ball, that nobody else can touch, just like cars just phase through one another.
The beauty of Rocket League is that every player has the same goal: Push the ball into the opposing team's goal and prevent other players from doing so ... with every possible means.

Here, you just drive around for yourself, not even recognizing your enemies, trying to get ""1st"". If you get hit by a rocket, hit the ball in the wrong angle or just plain suck then don't even bother. This game is multiplayer, but you could just as well be golf-racing against bots, because it makes little difference.

Hard pass, imho. Especially for almost 20 bucks. Maybe it will get better, but I doubt that the subject matter is even worth pursuing. Maybe if you put 10 players into an actual arena and whoever touches the ball last to score, actually wins the round. Would make it more tactical as well. I dunno. Just spitballing here.",False,1687544848,13,0,0.490301996469497681,0,11,11,76561197992229015
1324350,162696341,"The people who claims this has good controls must have abysmal standards. Compared to Rocket League, the cars handles like absolute dogshit. AWFUL physics. The ball itself seems to have perfectly fine fine physics, cars are AWFUL. Also, very little actual interaction in multiplayer. Cars don't interact. Balls don't interact. Pointless.",False,1712884162,1,1,0.43882259726524353,2,16,16,76561198038505881
1324350,188856869,You can not play local.,False,1740652636,14,0,0.6658439040184021,0,12,12,76561198030814622
1324350,203003502,"Really liked the tutorial and first race with bots.

I bought this to play offline against bots but just found out you cant do that, custom game needs 2 players to start and you can only play time trial.

Servers are dead so nobody to play with.

Please update to add a mode for singleplayer bots",False,1756323872,16,0,0.69315338134765625,0,16,16,76561198044756021
1324350,135711409,"Online multiplayer only game that no one is playing.
Mechanically it looks like a golf version of rocket league.",False,1680136869,2,0,0.498404592275619507,3,9,9,76561198009093193
1324350,137052811,"What value does this game have to offer compared to Rocket League, which already has an established player base and community? If Rocket League adds a golf mode, what will make this game stand out and attract players to it instead? What advantages does this game have over Rocket League that will make people choose it over the established game?.

The all time peak for turbo gold racing is 439  

Rocket league has 20k players playing while i'am writing this review turbo golf has 56 players",False,1682082737,0,1,0.38265305757522583,0,5,17,76561198005767495
1324350,137040678,"Partner and i tried the free weekend. glad we did, couldnt get into a single match together. the 2 that we did she would disconnect within seconds.",False,1682059693,0,0,0.5,0,19,19,76561198134331751
1324350,145069768,Camera snapping makes the game basically unplayable,False,1693067303,0,0,0.457393467426300049,0,19,19,76561198087037195
1324350,183954411,Seems like a real downgrade version of Rocket League,False,1735364231,0,0,0.436507940292358398,0,17,17,76561198044571214
1324350,196412869,"There is no option for friends/private lobbies.
This game does have bots (tutorial), but you cant play offline matches with bots...",False,1749074498,2,0,0.492028594017028809,0,42,42,76561198076083610
1324350,162688879,"solid 3/5 game - but its a multiplayer game with no-one online.   SO not worth the pickup even when on discount.

Its premise is good and its desire to get the rocket league type audience. but v1 release having no one online - not great.",False,1712872974,0,0,0.476190477609634399,0,57,57,76561198006998502
1324350,120537454,"Controls are clunky, movement feels sluggish, not as fast paced as the previews make it seem. they also dont show you how many times youll have to reset cause it takes to long and the controls are too awkward to square up to the ball.",False,1660366233,2,0,0.47982516884803772,0,28,28,76561198125942700
1324350,120625405,"Game is WAY TO SLOW!! and the loading times compared to the actual gameplay is just not (input word of stupidity here). 

Matchmaking is only option online? really? no private matches? custom mutators? no friends only play? only 3 holes with 75% of the time loading to each hole? 

Developers have lots of work to do or if not going to do anything just scrap it. 

Style - 8
Gameplay - 5
Fun Factor - Slim 5",False,1660496091,2,2,0.386051356792449951,0,64,64,76561198001129451
1324350,137037267,i would rather tear my ballsack off and eat it than play any more of this game,False,1682051923,4,7,0.384382009506225586,0,42,42,76561198371528404
1324350,212744342,"You can see all there is to see in under an hour.
It's really not that interesting.
I haven't returned to this in ages.",False,1765077906,0,0,0.5,0,49,49,76561198308512110
1324350,120053898,Thought this was good but the car control feels awkward and clunky,False,1659625442,18,9,0.424682021141052246,8,38,38,76561198114677277
1324350,120795856,How have they not fixed their servers?,False,1660761049,3,0,0.468085110187530518,0,84,103,76561198014353011
1324350,159507091,"Unfortunately the multiplayer for this game isn't very active, and there's only one single player mode, which is just time trials, and that is a shame because I feel you could build a really fun single player experience out of the mechanics of this game, like take the 1v1 golf mode, make it single player, and compile a couple of 9 hole courses I could play and that would be pretty fun. As it stands now though I can't recommend this game, its too reliant on multiplayer that just isn't there.",False,1709170303,19,0,0.601594626903533936,0,45,45,76561198025350632
1324350,201408105,dead game but fun. wouldnt pay full price,False,1754276846,2,0,0.515706777572631836,0,60,107,76561198184501057
1324350,152859518,Even with friends I was unable to have fun in this game,False,1701683984,2,1,0.513481855392456055,0,27,27,76561198060633877
1324350,120058060,"Im in love with the Game BUT i cant recommend it.
The Price is way to high, even on a Sale. Its a Arcade Game, it shouldnt cost 20 Bucks.

Devs dont know what to do. Instead of balancing the game first they add new broken Cores to literally force everyone to use them.

Bug Fixes etc. are coming to late, like every 30 days. 
Its just frustrating.",False,1659630778,1,0,0.523809552192687988,0,60,18920,76561198239479210
1324350,137140176,"An interesting concept that loses its entertainment very quickly. It's essentially a single player game even when other people are on the same course at the same time. Apparently there is interaction between players but I didn't encounter anything in 6 courses. That's a concern. That's like playing a couple rounds of a multiplayer FPS and you're only shooting at dummies.

Making this a live service game is the death sentence though. Too many games have seasons and demand your daily attention. It's not worth your time.",False,1682203805,1,0,0.478872060775756836,0,45,45,76561197995205213
1324350,137155363,"So they are charging for this game while also having a battlepass system and a paid shop

If it was free it would be better",False,1682231021,10,1,0.538736999034881592,0,50,50,76561198089347124
1324350,137017212,no mouse camera movement,False,1682016195,5,1,0.375965744256973267,0,46,46,76561198001691088
1324350,198393699,"The game has ""golf"" in the title, but you can't play golf single-player.  You can race singleplayer but not golf.  You can't even golf in a private lobby with bots unless you have at least one other human.  And nobody else plays the golf mode.  What the fuck?

I bought the game to play golf.  And the time trial mode is fun and all but I also want the golf mode.  It would be zero work to allow playing golf with bots when you can already do that and there's just an arbitrary restriction that you need two human players.  The game seems like it'd be very fun if I could actually play it!",False,1751141894,16,0,0.709185779094696045,0,99,99,76561198297421846
1324350,141189706,"If you're looking for a sleep-inducing, less fun mod of Rocket League.",False,1688359719,0,0,0.392926275730133057,0,50,50,76561199208790212
1324350,139877620,"This game is currently in the Humble Choice for June 2023, and this is part of my coverage of the bundle. If you are interested in the game and it's before July 4th, 2023, consider picking up the game as part of the current monthly bundle.

Rocket League for golf, with all the issues that it creates. 

Turbo Golf Racing is a title I played on Game Pass, in playing it again, I remember it is a solid idea, take car sports and make it work for Golf.  Here you try to hit a large ball into the cup.  Rather than worry about strokes, this is purely a race to see who can do it the fastest, and with interesting abilities and courses, the experience works… at first. 

The problem with Turbo Golf Racing is there are not enough courses to the point that I saw repetition after only thirty minutes of playing online.  The single-player offerings are only basic time trials and while there are missions, none of them will take too long.  The player base is a bit dead as well.  I believe the game uses bots, signified by the gears on screen, but I was usually finding a match with between three to five real players, and the bots would almost always finish last.   Rocket League succeeded by having a single course and forcing players to master it and the controls.  Turbo Golf Racing has just enough courses and not enough players that there’s probably never going to be the level of competition here. 

Pick this up if you want to play an interesting Golf game for half an hour or so.  After about thirty minutes I remember why I didn’t go too deep with this title, and while this is on the third season and still in Early Access, even with DLC already, this is really just a grindy experience before long, and the levels are interesting the first time, but hardly something I wanted to play for hours, especially with how often the same ones come around. 

If you enjoyed this review or want to know what I think of other games in the bundle, check out the full review on or subscribe to my Youtube channel: https://youtu.be/e2DNWzOaOao",False,1686469840,6,0,0.466285765171051025,0,55,55,76561197970761123
1324350,120537259,"This game isnt fun. The camera feels weird and unintuitive, the courses are meh, its just not worth any money. If it was free and you were THAT bored, it could be okay for like 20 min.",False,1660365922,2,0,0.467764705419540405,0,27,27,76561198240190170
1324350,131114838,35 minutes of my playtime was spent looking for a match.,False,1674084400,7,0,0.517100214958190918,0,39,39,76561198006146230
1324350,147963165,"Terrible Controls if your Mouse and keyboard, overall very boring. Just get rocket league tbh",False,1696920806,0,1,0.380581974983215332,0,22,22,76561199189397121
1324350,177682414,"[quote][b][URL=https://en.wikipedia.org/wiki/Spyware]Spyware Warning![/URL][/b]This game acts as spyware and performs personal data gathering and transmission. There's no immediate apparent way to opt out.  This is completely unethical and reprehensible.  Gamers must be aware of the dangers of installing this harmful software and should avoid this completely.[/quote]

Turbo Golf Racing is a Chinese console ported ripoff of Rocket League only with golf instead of soccer, and a bit of a flop, considering how much money they would have shoved into it.

On the upside, the game does feature customisable controls and resolution, so at least some of the basic, minimum requirements have been met.  

Likewise, the game has surprisingly decent graphics, the developers seem to understand the old axiom that gaming is a visual medium, so this gets a pass.  Unfortunately there's other problems that make this difficult for gamers to want to part with their time and money.

PC gamers will be insulted by the demand from the developer that a console peasant children's toy controller should be used, despite this being on PC.  Developers should try to be aware which platform they're developing for, and must never, under any circumstances dictate to gamers how their games are to be experienced.

Because this is designed for consoles, it carries a number of deliberate design deficiencies.  Compromises were made to cater to the inferior console gaming appliances that the game was designed for.  These are unfortunate compromises and limitations that PC gamers shouldn't be forced to accept, but it's evident that PC was a second thought for the console-centric developers.  The game is deficient as a result of these choices, and would have been so much better without the handicaps that designing games for consoles forces upon a game.  Once more, console peasants have made gaming worse for everyone.

The game lacks the kind of polish and interest that gamers expect from a product with this kind of price tag.  It's also lacking, with just two game modes that aren't so heavily differentiated, and a strong focus on PvP (so they didn't have to do any content).  And of course, the spyware.

These technical defects push this game below acceptable standards for any modern PC game.

As mentioned, this game behaves as spyware and collects ""telemetry"" and personally identifying information.  There is no apparent way to prevent this hostile and sinister privacy invasion.  The developers will make the unverifiable claim that this data isn't personally identifying, of course that's BS as they're collecting IPs and all kinds of other information about gamers, when combined with other profiling data this can 100% identify an individual.  They say it's for ""QA"" purposes but there's no guarantee they're not profiling you or selling your data to third parties as they spy on you.  Should you trust them?  Of course not... if they had any concerns about user safety and privacy, [i]they wouldn't have built spyware into their game with no way to disable it![/i]  There's simply no reason to trust them and gamers should avoid this game because of this unacceptable privacy invasion.

So, should you buy this game?  Is this one of the best of the 100,000+ games on Steam?

Turbo Golf Racing has the laughable price of $10 USD, for which you could easily get any number of older AAA games.  Given the defects and quality issues with the game, coupled with the unrealistic price, and the questionable ethical nature of the developer and/or their associates (as outlined above), this is impossible to recommend.

For comparison, the $10 asking price for this game could get you games like ""Rust"", ""Lethal Company"" or ""Subnautica"".  Quality, professionally made games like those are frequently on sale cheaper than this.",False,1729827821,3,2,0.474268317222595215,0,70,238,76561198030784015
1324350,204451965,"This game is dead. Almost the entire game being online only means you can't play offline. No one is playing this game making the game unplayable. An offline patch with bots would much benefit this game and allow anyone to be able to play this game. Devs, I hope you return to this game with an offline patch as it is very necessary if no one is playing it.",False,1757992399,13,0,0.671481788158416748,0,22,59,76561199428303011
1324350,164230909,The games not very fun the ratio between level length and load time is pretty bad it feels like your in load screen more than anything.  On top of that matches are only 3 holes feels way to short.,False,1714791889,1,0,0.47982516884803772,0,26,26,76561198201757326
1324350,208213894,"Actually pretty big disappointment, it has little going for it that entices me and the overall moveset feels unoriginal.",False,1762079630,0,0,0.476190477609634399,0,23,23,76561198042399177
1324350,200775240,"Fun, but it never finds a match!",False,1753552714,0,0,0.5,0,29,29,76561198021989685
1324350,182181835,Driving in this game feels horrible. I couldn't take it.,False,1733602399,0,0,0.5,0,78,78,76561198042979422
1324350,163169427,"I didn't want to give a negative review to this game, the gameplay is good and pretty fun but everything else falls flat. The biggest problem is that the game forces you into multiplayer only mode and since there's such a low player base usually it's you vs another person vs AI. Why wouldn't Hugecalf in their right mind not make a single player mode? Multiplayer mode is basically single player mode where you have to wait ""for players to join in"" before you're able to play. The courses are also uninspired and there's no level editor, meaning the replayability is pretty low. I'm not sure how this is rated at very positive but this game is just not worth it. Oh and the UI is awful, just like a mobile game, riddled with gift boxes, cosmetics and other useless stuff. Rocket League is way more fun, free and has an active player base. My suggestion to the devs? MAKE A SINGLE PLAYER MODE. And release way more courses (and more detailed) or create a level editor and allow the community to to that for you.",False,1713537662,28,3,0.687653899192810059,4,111,111,76561197999164173
1324350,120052298,Controlling the car is clunky and theres not many mechanics or gameplay other than hit the ball in a straight line. Maybe rocket league is so good that I dislike this.,False,1659623377,6,3,0.397806376218795776,0,25,25,76561197986159248
1324350,202018716,Servers are too dead for this game to be any fun. It's a great concept though.,False,1755055011,1,0,0.5,0,93,93,76561198076249685
1324350,120068163,"Game asks me what starter car I want to pick. I pick it, I get a different one and the game tells me I'll get to choose again next time I start up. I restart and no option to choose again. Then I play my first online game. I win! but after the round is done I still have 0 completed games, 0 wins, and 0 xp. 

Seems like a fun game but I can't recommend it until they get these bugs worked out.",False,1659643510,0,1,0.359811246395111084,0,23,23,76561198091081419
1324350,162740703,Cannot rebind controller to match my rocket league setup,False,1712946180,0,0,0.474452555179595947,0,22,22,76561199467478604
1324350,120682053,"This has the makings of a cool game but it just isn't fun yet. People are saying it's like Rocket League x Golf With Your Friends, but it misses an important thing that those two games have in common: player interaction. GWYF is about playing in small groups and then accidentally (on purpose) trolling each other by colliding your balls. RL is about close-knit teamplay and direct competition: you're playing with some people (possibly friends) against some other people (possibly also friends, since you can set up custom games). In Turbo Golf Racing you can't collide with other players' cars or balls, like TrackMania, so the only player interaction is with the one ""homing missle"" weapon, which you don't pick up that frequently, there's no interesting gameplay around, and it just slows someone down by a few seconds. There's also no custom games, you can just join a party with friends to get into the same match.

Obviously full player-on-player collision would lead to a lot of trolling, with troll players not even playing their own ball and just knocking opponents off the map, but even ball-to-ball collision would be more interaction and make that kind of trolling a lot harder; and a custom game mode where you can turn on collisions would allow you to get the GWYF trolling experience with your party without ruining the public games. After that I'd like to see more gameplay options explored to allow more player interaction and competition.

Finally, the car's movement and controls just don't feel as fluid and controllable as RL, particularly the double-jump flipping. Right now, I think the silly game modes they keep putting as short-term events in RL are much more fun than this, but I do have high hopes that this game will find its fun in the next six months to a year.",False,1660581730,52,3,0.728055059909820557,0,111,310,76561197991165861
1324350,188580849,"This is an incredibly fun game. The thrill of zooming across the map and slamming into your ball and gliding through boosts is just *chefs kiss*.
It's such a great shame then that the only two server options are west europe or central us. I am in Australasia. I get bad connection issues on every game that I enter. It blinks me around the map, in front of my ball, behind my ball. It doesn't register me hitting the ball so the ball blinks behind me. Or mid reset of the car behind the ball and it blinks so I'm somewhere else entirely. I'm going to not recommend this game until they can bring a server closer to my region so I can have at least ONE smooth game. Incredibly frustrating.",False,1740317958,6,0,0.580074012279510498,0,33,33,76561198795396605
1324350,137208242,"Just not fun, for free sure, driving is clunky just not as smooth as a Rocket League, matches are way way to short. maybe better once its not early access.",False,1682304940,0,0,0.443981468677520752,0,42,42,76561198016067087
1324350,121485748,8 player lobby only 6 player premade nice... Why are custom lobbys so hard to make made.,False,1661883767,3,0,0.488135576248168945,0,30,61,76561198077876300
1324350,130266633,"I really tried to love this game. I thought its like Rocket League but there are tones of things they have to do to become a game like Rocket League. First thing is servers. There is only 1 Eu server and its Eu West and its not a busy server like Us servers. That was the first thing I didnt like. Because it lags a lot. 

  Car customization good but there is not much thing to do. Also about gameplay, probably the worst thing for me, cars are not moving it felt like riding a snail. Speed feeling seriously low even when I use boost. Its like I m playin in slow motion mode. Some maps are big, some of them small. Maps are not enough. It repeats itself so easily.

  The price for this kinda game is like a joke for me. I bought it on winter sale, but still overpriced. Challenging to other people, that feeling doesnt exist for me in this game. Game so easy and can get boring so easily. They are in Early Access maybe if they change major things about gameplay and lower their price, it can be different.",False,1673009605,2,1,0.483142167329788208,0,77,77,76561198024799817
1324350,120516773,Games been out a week and they're already removing content. Devs are soft. Direction is already going downhill.,False,1660335952,7,1,0.491444975137710571,0,313,495,76561198085720685
1324350,185847322,"*sad sighs* where i do begin...?

games good but takes while to get match started and when i do finally get one going

...bam short maps only that can be completed in less than 15 secs if ya know what ya doing 

and only players i mostly get are novices and/or time wasters which sadly makes game only pick short and/or easy maps

And custom mode needs at least 1 human opponent even if ya have bots (would elimate rotation mp's issue due being able to choose maps)

Communication is severly non existent
Wouldnt hurt to at least have option? Even if its custom mode only thing?

golf mode does add some variety but still suffers same issues with rotation mp

what really sucks that ya dont get much awarded for getting HIOs/aces or getting 4 or more under par

and speaking of HIOs i remember getting 1 robbed from me bechause quitter couldnt wait bit longer so hio could been registered correctly by server

and the devs took 5 months to get it corrected 

And speaking of devs they abandoned this so yeah...

Might update this rewiew if devs miracosly rise up and contiue working on this...

Edit1: wow TGR community has gotten bad at me and i didnt do anything wrong

Save ya sanity and stay away from this...",False,1737196054,7,0,0.580159306526184082,0,30183,30219,76561198071832915
1324350,183788107,the physics on this game are a complete joke and make it unplayable,False,1735243186,1,0,0.471287131309509277,0,477,570,76561198067695870
1324350,165383037,lol good game but hitting the right arrow to open their discord invite is pretty lame and annoying.,False,1715738355,2,0,0.459649145603179932,0,1150,1855,76561197978783732
1324350,120290407,"Can be a great game. But the handeling is so clunky and frustrating that I can't stand it. 
Sorry, but not a game for me, maybe when it's left the early access and handeling of car movements gets better.",False,1659983254,1,0,0.458764493465423584,0,123,123,76561197960736739
1324350,197513965,"very short levels. while it is fun, the levels are like 2 minutes. or less. then loading back to main menu, then loading and waiting for a session.",False,1750223244,3,0,0.554345667362213135,0,117,117,76561198067579208
1324350,122882468,much left to be desired. very monotonous. needs something of a battle mode.  very disappointing you cant even collide with each other or each others balls.,False,1664219255,4,0,0.469761669635772705,0,132,132,76561198303063735
1324350,136477452,"1.0 release edit: They added more content, but the issues listed below are still there, except maybe objectives have been fixed. As much as I like the gameplay, I still can't recommend it, there's better ways to spend your time and money. Content alone will not save this game.

- Player base very low
- Party matchmaking not working half the time
- Objectives often don't work so you have to redo them
- A lot of trolls wasting your time in matches and no way to report them
- No words from the devs for months and the first thing they do afterward is releasing more paid cosmetics",False,1681142412,1,0,0.492547005414962769,0,4390,9359,76561198006128155
1324350,198420263,"I can't play this game anymore. 

There's like, no one on the servers.",False,1751167881,2,0,0.563953518867492676,0,502,502,76561198318929950
1324350,120412031,"Game is officially out, and here is my final review.

Single player: The solo time trials are super fun and a great time kill that might make it worth buying the game. The controls are smooth, the maps are cleanly laid out, and there is enough variation to keep you busy for a while. It's not too hard to 3-star every map if you practice it a few times, but some are going to be easier than others. The game-play is designed around ""cores"" that give you different abilities that can influence your play-style on each map. Find which cores work best for you, and tackle the time trial.

Multiplayer-Golf Mode: The golf multiplayer is a pretty cool and is what you would think of when first coming into this game. Some of the maps can take forever to complete, but it's a pretty solid concept. This isn't the main play-style of the game, but it was still a cool addition.

Multiplayer-Golf Racing: This is the part of the game that warranted me not recommending it. I have complained, as have many others, that the match-making for the game is absolute garbage. You will continually get matched with players that are really outside your skill-level, and there isn't anything you can do about it. New players try out the game, get their ass kicked by people who have played this game non-stop for a year, then they give up after realizing how out-matched they are against most of the player base. A large portion of the ranked community isn't comprised of new players, they are legacy players that have been grinding the game for over a year. This is frustrating, because in my opinion this is going to be the death of the game and has been my biggest complaint. I really though after seeing what the ranked playlist devolved into pre-1.0 a change would be made, but I was wrong.

Community: The community for the game is a cringy cult, and I would avoid the discord server. Not only is it a very ""clicky"" community, they are very toxic and aggressive to people who don't play how they want. If I am in a game I know I am not going to win, you know what I do? I leave. The point of a game is to have fun, right? You know what isn't fun? Being forced to play out a 5-hole series against somebody that is going to inevitably beat you. Just leave, accept the penalty, and hope to god you get matched with more even competition. Most of these toxic people rage if you leave(and I even received a few...colorful DM's), because you refused to stay in a game. I don't get the anger, because they still get the win and the points.",False,1660166844,0,0,0.433070838451385498,3,1062,85860,76561198312118952
1324350,120495036,devs removed the sh*t emoji,False,1660308690,4,0,0.472241103649139404,2,760,1166,76561198108060786
1324350,137182434,rocket league but worse,False,1682267215,3,1,0.486398756504058838,0,169,169,76561198841610292
1324350,171294736,"Super buggy and boring mechanics. 

Don't waste your time.",False,1722612090,0,1,0.476190477609634399,0,294,294,76561198155085571
1324350,183830055,This game is fun but the waiting for matches is ridiculous. 8+ minute wait time is too much,False,1735263706,2,0,0.529589593410491943,0,136,272,76561198341862792
1324350,200271529,"As a Rocket League player this seemed interesting, but I can't recommend this.
Movement options seem limited - the camera is focused on the ball so if you whiff the ball you have to awkwardly drive around and try to reorient yourself.
Most achievements are locked behind online games, but there's always 0 people in the playlist, so you're out of luck.
There's an option to create a private game with bots, but they don't even allow you to create a lobby unless you have a party of two, so there really isn't much you can do single player.",False,1753060505,1,0,0.497925341129302979,0,162,162,76561198053980026
1324350,189116099,"The game play is fun but nothing else really is. Multiplayer is basically running time trials at the same time as another person with a group of filler bots that don't do much. The interaction between players in multiplayer is really limited, there are like 3 power ups that actually affect other players. You can't bump other player cars or balls. The rewards you unlock feel bad, they don't have much character but that might just be my preference.",False,1740874322,0,0,0.5,0,282,282,76561198062959147
1324350,148162675,Literally took all my money in the last update and put me back at 30k. I had over 500k before the update. Give me back my money.,False,1697235377,0,2,0.469387739896774292,0,527,2345,76561198036634624
1324350,169001876,"You probably want this to be Rocket League, but golf.

Set such foolish notions aside. They will only bring you pain.

Forgot everything you know about physics. Gravity, friction, air resistance, all of it. The Devs have never heard of it, so you won't see it here. Consistent boundary mapping? Forget about that, too. Zero consistency, on anything, anywhere. Come back when the Devs take Physics 101.

Game has zero consistency, zero user-friendliness, zero predictability, the WORST maps I have ever seen for a minigolf-type game(and terrible boundary mapping for them), and should generally be avoided until the devs go off and take both physics and game development courses.

""Oh, well are you sure you aren't just bad?"" Yes. Yes, I'm sure. I'm winning, fairly consistently. And I'm [i] still [/i] not having fun.",False,1720123532,3,1,0.492367774248123169,0,342,659,76561198059910106
1324350,145555219,Extremely buggy and cannot run reliably on a Intel i7 processor and an SSD with 40GB RAM.,False,1693694622,1,1,0.421394526958465576,0,423,654,76561198872301998
1324350,202893824,was fun but zero support since launch ill never buy another game from this developer they took the bag and ran on an online only game,False,1756178873,6,0,0.571152627468109131,0,1062,1062,76561199168222917
1324350,125704871,"Not here to try and convince anybody that TGR isn't worth their time.. doubt with a Steam population as low as it has, barely anyone will even see this. Still, I left couple lengthier feedback posts on TGR discord for the devs past season, and wanted to see if Season 2 brings any welcome changes - not seeing any, so I'll lay down the truth here as well.

This should not have been an online requirement live service game. I think the devs thought this would be some big hit to take on bigger giants in the market, and instead it just dwindles in its very low playerbase, making the online part of the game (one that earns all the fancy cosmetics) a real chore - long and ridiculously unfair matchmaking (whilst not even filling up most spots in a match) ; brutally grindy season track (exponential curve, so first 10 levels is like one last) ; and a lot of cores and every single cosmetic tied to online progression only, so if you want to have fun by yourself trying to do better on some tracks solo (whilst looking fly), then be willing to invest a bunch of time into playing with others just to get bombarded by missles every 5 seconds, trying to finish some dumb daily missions like a good little sucker. 

Can't just have a fun game, no no no - got to have that seasonal track and daily logins, to keep the player retention like every other BS live service game, right?!

First season took me approx 50 hours to finish, and I had a winrate of over 50% over 327 matches (games should fill up with 8 players, but most of the matches it was me vs 1-5 other players, making 6-8 player lobbies very rare, and I did try both NA/EU servers at all kinds of different times.. after a few weeks into the season the waiting time (matchmaking > loading players/levels > flyby cam > potg) takes up as much time as actually going through the 3 maps in one match, so by that conclusion a single season will waste tens of hours of your time, just by mindlessly waiting around.

As mentioned, the player count is kind of low (not screaming the game is dying.. but expect some queue times go upwards of 2-5 minutes further into the season). Steamdb shows around ~20 people playing (it was around 60-100 when the first season launched), so most of the players come from this game being a freebie on Game Pass, so if that contract ever ends (which they usually eventually do), expect the player count to totally plummet. To make things worse, there are 6-7 regions to play in (good for latency, but terrible for a very low population in online games, forcing segregation).

Also this game is centered around online-only, so if TGR crew doesn't have a end-of-life plan for this game, it can just shut down over the next year or so with the usual ""oh well we tried, but we're so glad to have people come along on this journey (but this aint profitable for us anymore so we're shutting down)"" type of bs as usual. I hope I'm very wrong about this, but TGR does not have any client-saves, nor can this be played in offline mode, even if you're just interested in solo-ing some tracks for better times or to have simple casual fun. And to top it all off, this will be another one of those infinitely in Early Access type of games, to justify whatever is wrong with it - and all the diehard fans can always make excuses ""oh well its still beta"" or ""oh, this is planned to be implemented sometime / soon / who knows"" like any of it matters if the game is already in full motion with selling itself and pumping out seasons.

To touch on cosmetics, this game goes hard on exclusivity, so hey.. if you didn't play in Beta / Season 1 / Season X, then feel ready to see others with stuff you'll never own, because clearly you're not worthy to be with the cool crowd. As far as other games doing seasonal track better, Minecraft Dungeons has a way to let people progress whatever season pass they choose for those rewards, but I guess 'fear of missing out' is better to keep people active from season to season. 

Also the store, for no good reason at all, rotates out items daily (and some smaller stuff every 6 hours).. So, why does that matter? Again, purely for suckering people into logging in daily, so if you're after an item to come back into rotation that you weren't able to afford (or missed out) when it was last in, be ready to log in daily for 2-3 months with your fingers crossed (quite literally that was the time for something I wanted in Season 1 to come back) - all of the cosmetics governed by 'you playing vs others' (something that this game doesn't even feel to mention on its store page).. if you buy the game, you get no cosmetics apart from one base car. More stuff added in these little rotations also mean less likelyhood of you ever seeing them again.

Still no cosmetic presets either, and there's already a decent amount of items in the game that this should have been long implemented (should've simply done one loadout for each car body), but its not like anybody plays this game for the cosmetics anyway, right? RIGHT?!

There are a bunch of other smaller issues as well, but I doubt the devs decided to consider my feedback on their discord (which is actually nicely done for this game), and I doubt they will consider anything mentioned here either. I don't hate the game, but I do despise the GaaS model they decided to tie this game onto and then sink it. It plays fine and was fun at first, but personally I'd suggest investing your time into Rocket League instead, if hitting balls with cars is your thing - as terrible and toxic as that game can be, at least you can still get better at it after playing over 10 hours, and it will probably be around in the coming years - something I can't see TGR have a future for (and I do hope I'm wrong).

Sadly, if/once I'll be back to complete S2, I won't care for player competition in it, and will just have to idle-macro my PC for those cosmetic rewards for 3-4 days straight, whilst I play some other game that is fun and values my time. 

Everything I mentioned here, can be fixed, even if not entirely, then surely for much better, hence the negative review until they do.",False,1668798882,148,1,0.841123461723327637,5,3251,11462,76561198016522300
1324350,121641866,"Game is dead, Servers are laggy where its almost unable to play. Fix your servers or remove your game from steam.",False,1662152282,1,2,0.420246988534927368,0,8320,11106,76561198272026060
1324350,179225727,"Buggy mess of hot garbage.
I would rather eat concrete for fun than play this.",False,1731842922,0,2,0.409424126148223877,0,136,141,76561198042882314
1324350,132826169,"Tried getting a discussion going on Discord about the state of their dev team and got circle-jerked before eventually getting kicked in lieu of an actual reply.

The game is clearly dying and getting worse, just like every game Hugecalf have touched. I'm gonna make a few streams showing what I mean.

I'm not kidding, these are by far the worst dev team I've ever tested for... Also twice (When Ski Lifts Go Wrong).

DO NOT BUY!",False,1676373523,2,1,0.417049288749694824,2,3527,4875,76561198017921064
1324350,211194688,"The game was fun in the beginning a year ago, but it lost support very quickly on. I've tried playing the past few months, but the player base is gone. Being an online game it is unplayable now that no one is online.",False,1764257878,0,0,0.5,0,1779,1779,76561197988039640
1324350,122845119,"Was SUPER excited about this game. Not anymore. Servers are TRASH now that its being sold and not in beta. Connection issues almost every game. Also, I cannot stand devs that won't let me alt+tab out of the game! I have 3 screens! I do other stuff that I need to be able to interact with between courses and crap. BUT this game regrabs focus and cursor anytime you alt+tab to another program. You have to fight it for a solid 30 seconds to get out. NOT COOL!",False,1664155984,0,0,0.400890856981277466,0,259,728,76561198025250389
1324350,136899480,"CAN NOT RECOMMEND AT THE TIME   (AND DEFINITELY NOT WORTH STORE PRICE- GOT ON SALE FOR 2 bux and still can't recommend right now)

was going to highly recommend this game to everyone BUT WAIT!

.....this was a great game and one of my top favorites.... up until the 4/17/23 update.

      Typical dicsord devs sitting in a dicsord echo chamber who listen to 50 dicsord pc losers who tell them how to change their game into something only they want to play and nobody else will even cough at. watch your dying game die some more why dont you. *nail in coffin achieved*

it's really sad that this is now a trend among devs.
Step 1. Devs make good game to start.
Step 2. Devs sit in Dicsord allowing the grand councel of nerds to stroke their ego and feed them aspergers 
Step 3. Months of tweaks to where the game is no longer fun or any semblence of what it was.
{See Midnight Ghost Hunt for references. See Darktide for references. See any new game where the devs refuse to engage in steam discussions and instead tell everyone to go to their dicsord which is moderated and controlled by out of touch pc artists...for references}

It's one thing to add new levels. It's entirely another thing to change core gameplay mechanics and DEFAULT SETTINGS for players who have already been playing and got used to the default settings. It's not like it was a beta, it was a finished game and now they just shot it in the head bc nerds told them to. 

ALSO nerfing things just for the sake of it and reducing how much points you win even tho the costs are still in the 10s of thousands and you only have a day or so to earn it... that's incredibly STUPID design. and clearly made for the try hard sweatlords in dicsord who have nothing better to do than play games 24/7. 

 Why dont i just give you my address and you can walk up and leave a steaming turd on my doorstep? BC THATS WHAT YOU DID WITH THE UPDATE. 



hey devs-
get your heads out of your turbo holes.",False,1681814531,5,0,0.400297939777374268,0,364,506,76561198452768988
1324350,192154289,GLITCHY A F,False,1743958871,1,1,0.5,0,614,656,76561198178425594
1324350,198453443,"Awful Controls, same map rotation, dead game.",False,1751200250,6,0,0.602628052234649658,0,157,1598,76561198072875915
1324350,127314515,"I do not recommend because there are hardly any players and the ranking system is total garbage. Win 10 games in a row, take 2nd place in ONE game to someone who is a higher rank and you lose all the rank you gained winning those 10 games. Total doo-doo. 

If they fix the ranking system and more people start playing I would recommend it.

UPDATE: 
This review still holds water. Season 3 they ""revamped"" the ranking system and it feels good at first to get 500+ points for every win. However once you get into the top 100 or so in the ranks you will get +200 EVEN IF YOU BEAT ONE OF THE TOP 3 PLAYERS IN THE GAME. And if you take 2nd to one of those players in a  lobby with 3 or 4 other players and still beat someone ranked higher than you, you LOSE 500 rank points. So the ranking system is basically ""Whoever plays the game more gets higher rank"" instead of actual win/loss ratio or based on being higher in the standings at the end of a match vs players ranked higher or near the same level as you. 

Also hardly anyone still plays the game. So you just get matched up with people higher rank than you that do nothing but play this game all day over and over and over and over and over again.

I still don't recommend it. It's not fun at all. You can only take playing the same players over and over and over again so often in a session before you want to quit after about 20 mins of playing. Waiting 2-3+ mins in a lobby to get a match.

They can't figure out how to market this game to get more players and they can't figure out a fair ranking system still. If you want a physics-ish game where you hit a ball with a car towards a goal, there are better options.

Update: Golf Mode...
Good but not great. The angle you get spawned at is total garbage and not enough time to correct your angle for a good shot.",False,1669594890,7,1,0.605730414390563965,0,863,3764,76561198000254727
1324350,150196070,"It's a cool concept well done but the player base is there. 9/10 you'll wait several minutes for a match with 1 real person plus bots, but you never get a run of matches. Whoever is actually playing this is only staying around for 1 match apparently, because it's several minutes more for another match. And the matches are only about 2 minutes long, so you are spending way more time waiting than playing.

I hate to say it, but this needed to be FTP, because it will die with no players.

There are things they could have done to mitigate this. Let me play through the solo challenges whilst I'm waiting, instead of making me leave the queue to do this. Make a live lobby where I can just drive around and practice. Put me into a match with all bots if the waiting time is more than 30 seconds.

Ultimately, I don't understand who this is marketed to. Somebody with an attention span of less than 2 minutes, because that is how long the matches are, but who also has patience to wait around doing nothing for several minutes in between. Who is that person? And this is why I'm giving it a thumbs down. I would have liked to be positive to encourage more players but it's just fundamentally pointless.

The game would have been 1000% better if it was just offline against the bots for fun instead of a FTP-like experience with but an upfront cost. As such this does not belong in my library.",False,1700091828,0,0,0.5,0,149,149,76561197996356906
1324350,155596843,The game is fun. But there are only 2 mode. 1v1. Or race. Not stat sheets. No replays for long shots in 1v1. The game has good potential. I got it for 5 bucks. Not bad. 17.. no. They just had an update that only came with a couple skins. And paid skins. I would like to recommend this game but at it's current price point and the lack of game modes. I gotta go thumbs down at the moment.,False,1704768054,6,0,0.556864678859710693,0,2183,2510,76561198267194067
1324350,154084386,Just abandoning a game instead of working on it? All those hours of getting advice from beta test players to kill the game. Weird Flex.,False,1703191729,0,0,0.5,0,322,322,76561198870094107
1324350,185399889,"The nongaming portion is actually killing this otherwhise nice game for me. The time you are waiting for: Matchmaking, loading screens, stage interduction, start cooldown, spectating, winning animation and collecting loot is absolutley ridiculus compared to the gameplay time.",False,1736645553,6,0,0.564891636371612549,0,142,1251,76561198008850188
1324350,162706116,The ball dead stopped 5 feet after I hit it with full boost.,False,1712901073,0,0,0.471014469861984253,0,345,345,76561198384178739
1324350,163017777,"Didn't find any mp matches, so can't comment on that. And that was when they held the competition as a launch celebration. Not looking good. Lacking local co-op and split screen. Huge drawback. So I played through most of the solo mode in one sitting. It was good, but I can't see a reason to do it a second time. It'd be great if it had more solo stuff, different modes, but it only has a time-trial thing where you compete with an online scoreboard. It makes you feel like you need to rush. I did like it for the while that I played it, but  I don't always want pressure when playing a game.

The game seems great. Just, with only one not particularly interesting solo mode, getting no online matches, and no other mp options, well, there is no incentive to play the game.

I hope they change my mind.",False,1713314605,3,2,0.548466205596923828,0,131,131,76561198144392599
1324350,162802447,"I am sorry I want to like this game. I really do. I am a casual player that doesnt mind some competition at times. Loosing in this game often felt like a robbery. The physics are trash, the behavior of the ball is not predictable and the terrain shouldnt feel like its kicking you in the groin are every time the ball ""rolls"". The idea is great, if you dont mind grinding some of the costomization is okay. I love RL but wasnt enough of a soccer fan and this was supposed to be a fun post work gaming experience. That it is not. Community isnt there due to some of the issues, no single player options and weird matchmaking and level selection make this frustrating and repetitive.",False,1713023979,1,0,0.503641664981842041,0,291,350,76561198181223999
1324350,147820283,Fun game but the online parts are now dead. No one is playing it. It's sad because It was a great little fun game to play online but nowadays you can't even find a match so don't bother invest in it.,False,1696704278,3,1,0.488107830286026001,0,441,441,76561197992861243
