appid,recommendationid,review_text,voted_up,timestamp_created,votes_up,votes_funny,weighted_vote_score,comment_count,playtime_at_review_minutes,playtime_forever_minutes,steamid
798290,147028958,good game but mods dont work work for me,True,1695681785,0,0,0.5,0,396.0,634,76561199454311807
798290,106737877,great game really fun and over all had alot of fun,True,1640694315,0,0,0.5,0,217.0,539,76561199005405069
798290,116814403,Good,True,1654951792,0,0,0.5,0,402.0,1233,76561199230786921
798290,53776897,Braap...braapp i love this gameplay,True,1562410731,0,0,0.47413790225982666,1,104.0,118,76561198136614568
798290,48627479,love the mxgp series! they blow reflex away,True,1548770309,4,0,0.50354611873626709,0,186.0,265,76561198093809601
798290,95277038,Good,True,1625685027,0,0,0.5,0,38.0,50,76561198831729179
798290,154691398,THE BEST DIRT BIKE GAME I EVER PLAYED,True,1703831303,0,0,0.5,1,87.0,171,76561199264410501
798290,192833743,good,True,1744761038,2,0,0.523809552192687988,0,147.0,147,76561199492013950
798290,50819224,"Love this game in pro physics, some may say the rear wheel is too loose but its pretty much the same IRL 
 well worth the buy on sale",True,1558754573,1,0,0.523809552192687988,0,32.0,164,76561198307735507
798290,183687690,"Best mx game evr made, only good one ever made coming fromn the perspective of a real world moto guy.",True,1735159765,3,0,0.563492059707641602,0,313.0,454,76561198064285069
798290,121473697,gud,True,1661867862,1,0,0.494382023811340332,0,188.0,4367,76561198852772797
798290,119117734,+1,True,1658295669,0,0,0.5,0,300.0,300,76561197969080706
798290,164723704,"Good motocross game, good graphics (Unreal Engine 4 powered), good physics, quite some tracks and riders (among them some from my home land), etc.

The music in the menus is a bit annoying, but that doesn't take away from the game's qualities.

Certainly a good buy on a discount, in my book.",True,1715011475,2,0,0.54356849193572998,0,141.0,141,76561198136975055
798290,69994282,Im pretty much a pro at motocross now ngl..,True,1590761179,2,3,0.54356849193572998,0,305.0,519,76561198261105184
798290,106339802,Amazing,True,1640245921,0,0,0.5,0,28.0,28,76561198119503563
798290,79588567,I love it!,True,1605935920,0,0,0.5,0,392.0,392,76561199011674433
798290,43177397,"I've got more time in on PS4 but I wanted to quickly get this review up.

If you've played the previous entires then you know what you're in for here. This is a less than perfect MX simulator and it's far from a triple A game. However, having said that, this is the best entry into the series so far. There have been a lot of improvements over MXGP 3 and ME SX. The game has been copping some flak for the punishing ways in which your rider loses control of the bike, the tail sliding out excessively & frequently and the same old (well, worse) scrubs. Yes, those are all issues, but come on, we know what we're gonna get with a Milestone game. 
It's gonna be many years before we can call this series a true motocross sim, but this is not a bad game by any means and I'm sure the more serious issues will be patched.

The rider physics have been drastically improved and are inching their way closer to being realistic. The bike physics look genuinely good now as well. The AI are more difficult now but they still take the same lines and are predictable in every race. There's more variety this time around though, you'll see riders going off track and miscalculating their scrubs more often. 

The game looks great, the rain looks great (gone is that green rain from GP3), lighting is beautiful and the bikes are more detailed than ever before. It also looks much more real than previous entries, gone is the cartoony feel. 
The tracks have been rendered & scaled properly, the jumps, bumps, berms all look and feel the way they do in real life, which is something we haven't seen yet.  Wet tracks feel more realistic and are easier to race on now. Still though, ruts have no real impact and some of the corners are hard to take without sliding out when really there should be ruts that have developed to help. 

As for sound, the bikes sound better but still not amazing. The atmosphere sounds are pretty awful, the crowd cheering samples sound like they're coming from inside a stadium and not outdoors, same with the PA sound effects. The crowd still only cheer when your rider scrubs, and nobody else's, which is ridiculous. Besides the sounds of the bike though, this is all pretty irrelevant. 

Other minor improvements have been added as well, such as riders becoming transparent when they are immediately behind you in third person view, instead of blocking your screen (but if they've become transparent in game and you go to free cam, they'll be transparent there too, come on Milestone..). 

If you're a fan of the series or MX in general, picking this up should be a no brainer, just don't expect a perfect, polished game. 
7/10 for what it is.",True,1530337424,0,0,0.463917523622512817,0,299.0,1319,76561198006532207
798290,166717654,Fast and addicting-,True,1717571846,0,0,0.5,0,149.0,288,76561198077769925
798290,99684211,awesome,True,1632148411,0,0,0.5,0,261.0,2490,76561199084178875
798290,59866792,fun,True,1576365348,0,0,0.5,0,316.0,380,76561198192759828
798290,70463073,nice game dude,True,1591569942,0,0,0.5,0,203.0,430,76561198315550559
798290,196744559,This is an amazing game fully recommend it,True,1749413184,1,0,0.523809552192687988,0,292.0,1140,76561199099301049
798290,43189285,"I have played all the Milestone motorcycle games and with no doubt I must say that its the moste mature, best polished and most enjoyable their game to this date. Still its not without things I dislike but I can truly recomend it. 

Honestly I have never been riding on a MX bike but finally in this game physics are good, challenging, and it needs time to understand how to handle the bike. Front tire still has way too much grip (I really dont understand why Milestone is always making so unrealistic front tire grip) but finally in some situations you can flip the bike over or lowside.  Riding is not about stupid full throttle, its easy to loose rear grip or fall. Rigs and track line are very important. 

Finally bike set iu is nicely made and proper bike set up give advantage.  Like in MXGP 3 or MSX the graphics are fantastic (but still blurry), better animation, fantastic mud effect ant track deformation...but...still the rain look weird (not as bad as MXGP3). Unfortunately to fully enjoy you need very strong pc as I was able to play MXGP3 @60 FPS with full settings, now I hardly ever get 40fps. 

Its a big shame that if you bought MXGP3  you will fell that this game is ""just"" very upgraded version, but finally Milestone released a good game I really find it hard to complain about anything. Of course there are things that should be upgraded/added and despite writing about it many times it wasn't implemented. So again, my suggestions are: 
-more realistic front tire grip
-changable Field Of View for onboard camreas
-dynamic onboard camera allowing to look into apex or head movement depending on the rider lean
-compound riding in multiplyer mode
-sharp filter for graphics options

In short version: 
PROS:
-good, challanging physics (but yet too much grip for front tire)
-beautiful graphics, animations, track deformations
-enjoyable gameplay 
-nice career mode with extreme option
-big customisation
-working set up of the bike
-traning mode with echievements
-fantastic compound
-great sounds

CONS:
-very strong pc needed to use full gfx settings
-too much front tire grip
-annoying respawn when leaving track limits, in some cases instant respawn. 
-too short respawn time after crash
-no compound in multiplayer mode.",True,1530370763,5,0,0.567928016185760498,0,239.0,586,76561198141451349
798290,105440637,"Of MXGP3, Monster Energy SX FIM 1, and this, MXGP PRO takes the cake for ""realism.""
You MUST straighten your scrubs out ELSE YOU WILL HI SIDE!!! This is what would actually happen, so using scrubs as a mid-long length AND changing directions jumping technique works well - the shorts straights better be straightened out or you are going down.
This title is the equivalent of Monster Energy SX 1 in terms of scope, sounds and feel in a GP package. The Compound has a seriously lacking SX but great MX and the  VAST offroad loops and figure 8 are great little nuances and OBVIOUSLY these devs are hinting at GNCC racing.... 
Theres a LOT to love here for 5.99 USD on sale....",True,1638929430,2,0,0.548717975616455078,0,126.0,277,76561197965618936
798290,160545621,i like the graphics but first look... the rider weight seems weird.,True,1710457440,0,0,0.5,0,184.0,219,76561198871814556
798290,78246563,nice,True,1603821416,1,0,0.523809552192687988,0,367.0,1775,76561198343801882
798290,140883709,fun game,True,1688009054,0,0,0.5,0,376.0,448,76561198238567684
798290,70770111,gooooooood,True,1592131040,0,0,0.5,0,399.0,1577,76561198381159350
798290,114009506,staa,True,1650204910,0,0,0.5,2,390.0,3590,76561199219072221
798290,143519343,Broke my leg while playing,True,1691325881,0,0,0.5,2,273.0,739,76561198985972367
798290,160420208,its cool,True,1710288468,0,0,0.5,0,329.0,509,76561199453521546
798290,167869415,"---{ Graphics }---
☐ You forget what reality is
☐ Beautiful
☑ Good
☐ Decent
☐ Bad
☐ Don‘t look too long at it
☐ MS-DOS

---{ Gameplay }---
☐ Very good
☑ Good
☐ It's just gameplay
☐ Mehh
☐ Watch paint dry instead
☐ Just don't

---{ Audio }---
☐ Eargasm
☐ Very good
☑ Good
☐ Not too bad
☐ Bad
☐ I'm now deaf

---{ Audience }---
☐ Kids
☐ Teens
☑ Adults
☐ Grandma

---{ PC Requirements }---
☐ Check if you can run paint
☑ Potato
☐ Decent
☐ Fast
☐ Rich boi
☐ Ask NASA if they have a spare computer

---{ Game Size }---
☐ Floppy Disk
☑ Old Fashioned
☐ Workable
☐ Big
☐ Will eat 10% of your 1TB hard drive
☐ You will want an entire hard drive to hold it
☐ You will need to invest in a black hole to hold all the data

---{ Difficulty }---
☐ Just press 'W'
☑ Easy
☐ Easy to learn / Hard to master
☐ Significant brain usage
☐ Difficult
☐ Dark Souls

---{ Grind }---
☑ Nothing to grind
☐ Only if u care about leaderboards/ranks
☐ Isn't necessary to progress
☐ Average grind level
☐ Too much grind
☐ You'll need a second life for grinding

---{ Story }---
☐ No Story
☑ Some lore
☐ Average
☐ Good
☐ Lovely
☐ It'll replace your life

---{ Game Time }---
☐ Long enough for a cup of coffee
☐ Short
☑ Average
☐ Long
☐ To infinity and beyond

---{ Price }---
☐ It's free!
☐ Worth the price
☑ If it's on sale
☐ If u have some spare money left
☐ Not recommended
☐ You could also just burn your money

---{ Bugs }---
☐ Never heard of
☑ Minor bugs
☐ Can get annoying
☐ ARK: Survival Evolved
☐ The game itself is a big terrarium for bugs

---{ ? / 10 }---
☐ 1
☐ 2
☐ 3
☐ 4
☐ 5
☐ 6
☐ 7
☑ 8
☐ 9
☐ 10",True,1719007178,1,1,0.486979156732559204,3,214.0,10794,76561199501884145
798290,161026771,",",True,1710973345,0,0,0.5,0,367.0,1978,76561199370380431
798290,54401307,.,True,1564647247,0,0,0.550714790821075439,0,381.0,1626,76561198072431491
798290,43204517,"Happy with this game!

Handling is challenging, racing is great, looks and runs well (980ti, 1440p)
Whips are not as free as some would like, not a deal breaker though.

I'd love if milstone could somehow get the licenses to the AMA motocross series and do a consolidated motocross game with AMA and MXGP.",True,1530414657,6,0,0.542713582515716553,0,387.0,738,76561197997132193
798290,53815684,"Liked the handling, liked the new content, didn't like how the game runs like shit compared to the other milestone titles. 
Can play MXGP3 and MESX on ultra no problem but this one on ultra runs like trash, especially in the compound.",True,1562432387,3,0,0.542417228221893311,0,36.0,36,76561198071613997
798290,71869149,"Well the game and the physics are what I would expect and are better than most games have a played that evolve around motocross. I would recommend this game but I would grab it while it's on sale. 

I would like to see some new 2 strokes sounds or even some bigger 2 strokes. With only the 125's and 250's the game can lack. Would be nice to see 150's, 300's and possibly even a KX 500 or a CR 500.

Guess we can only see what the game brings, hope this helps you.",True,1593686485,0,0,0.5,0,182.0,782,76561198880306199
798290,54442197,"Good, but FIX multiplayer and Ruts NOW !!!",True,1564858158,3,0,0.562557339668273926,2,204.0,2860,76561198373442213
798290,105645240,very good,True,1639236420,0,0,0.5,0,200.0,1152,76561198845702078
798290,188034037,kurang grip lahj ✋😐🤚,True,1739702509,0,0,0.5,0,217.0,589,76561199782981451
798290,93646724,5 hours and only driven one track. Guess that says enough. Its many times better then I dared to hope it would be.,True,1623535099,0,0,0.5,0,350.0,630,76561198334538238
798290,77673386,great,True,1602889773,0,0,0.5,0,302.0,834,76561198836612771
798290,169226949,dirt,True,1720347781,0,0,0.5,0,289.0,1449,76561198863572719
798290,113874784,good game would be amazing in vr and whip mechanics arent the best,True,1649997869,0,0,0.5,0,195.0,1104,76561199105333700
798290,153787044,NOICE👍👍,True,1702817228,0,0,0.5,0,225.0,391,76561199507117805
798290,124863735,AMAZING!!! physics and graphics are exquisite,True,1667448686,2,0,0.545454561710357666,0,56.0,103,76561198070308454
798290,63890192,69,True,1582310935,0,0,0.5,2,234.0,368,76561198291490526
798290,204867290,nice graphic and good movement,True,1758459682,0,0,0.5,0,240.0,547,76561199145523940
798290,95342297,brrr,True,1625763446,0,0,0.5,0,184.0,1707,76561199131551313
798290,106385059,ahhhhh yes,True,1640298579,0,0,0.5,1,182.0,8285,76561199017525678
798290,72275451,its a nice game,True,1594184194,0,0,0.5,0,302.0,2130,76561198838998782
798290,187236584,best 1 by far,True,1738776967,1,0,0.5,0,215.0,415,76561198383684872
798290,60409047,If u like mx and all that kind of stuff recomend to but this game :),True,1577129451,0,0,0.5,0,287.0,1426,76561198323230689
798290,70354589,10/10,True,1591394112,0,0,0.5,0,261.0,831,76561198065440153
798290,116330080,"minus in fiture, but so nice to play it",True,1654083956,0,0,0.5,0,360.0,1807,76561198315942545
798290,177983941,game is good,True,1730218602,0,0,0.5,0,300.0,380,76561199267905955
798290,134130679,Good Game,True,1678032511,1,0,0.519999980926513672,2,136.0,180,76561198094596539
798290,124530501,never mind good game,True,1666971235,0,0,0.5,0,103.0,1272,76561199123535449
798290,207639431,very great game love playing it on ps4 an pc,True,1761487133,0,0,0.5,0,189.0,493,76561199226919944
798290,43160925,"I know there is a lot of hate saying that this is just a small improvement of mxgp 3, well, its true, but the thing is that was just what i wanted. i didnt expect any huge changes or anything, just some small improvements. still a very fun game :)
P.S the graphics are amazing, especally in compound :)",True,1530287280,1,0,0.5,1,194.0,1474,76561198096199476
798290,102737985,"It's good

Edit: It's really good",True,1636844458,0,0,0.5,1,299.0,7323,76561198310318641
798290,44244810,after hearing how bad the air time control was meant to be i wasnt real keen on buying it until i could wait no longer and bought it and well everything feels amazing and with the air control feels sic people who are complaining are just to stupid to know how to do it right,True,1534657574,0,0,0.476190477609634399,0,,2950,76561197992905618
798290,90566810,Exceeded expectation.,True,1618823543,0,0,0.5,0,354.0,1337,76561197978997978
798290,195569236,doesn't even let me load up the game and its the only game my pc doesn't load with,True,1748113418,0,1,0.5,0,7.0,7,76561199700182045
798290,96382947,and pls movies intro pls,True,1627268613,0,0,0.5,0,363.0,494,76561198075146741
798290,43153888,"Very nice motocross game, i get around 60-70 fps with a 1070 in 1440p/ultra (sometimes 40-50 in the compound aera). The gameplay is great, not too hard, not too easy and very fun to play online with other players. What i would like to see in multiplayer is a text based chat (right now there is just microphones) and the possibility for the host to choose the number of laps and adjust the track settings like weather. I hope there will be lot of skilled players playing this game online because this is what is making this game really fun. Also an online ranking system based on your wins / losses against other players would be nice.",True,1530269940,2,1,0.5,3,212.0,212,76561198351611747
798290,212617058,Tuff,True,1764944863,0,0,0.5,0,239.0,768,76561199065151025
798290,68757176,its a wonderful game,True,1588889065,0,0,0.5,0,371.0,3151,76561198398045759
798290,77407375,.,True,1602437563,0,0,0.5,0,276.0,1532,76561198219378817
798290,116043384,This one is still my favorite of the MXGP games. I hope they bring back the pro physics at some point. The animations and wet ground are good as well.,True,1653579759,0,0,0.5,0,63.0,125,76561197992512352
798290,43730270,"Should use the monster energy supercross gameplay. The movements are very mechanical, without fluidity and the physics is a crap.
They should make updates to fix this urgently!!!

If these problems are fixed, the game has potential.",True,1532498275,3,0,0.511039197444915771,0,379.0,507,76561198392158929
798290,93749642,nice game play it ni@@a,True,1623692421,0,0,0.5,0,193.0,1978,76561198988892406
798290,190464349,ITS SO GOOD,True,1742224680,1,0,0.5,0,231.0,585,76561199041837748
798290,144588008,awesome game,True,1692473318,0,0,0.5,1,327.0,395,76561198806149764
798290,71627178,Only few hours in but loving it. Only wish it had more supercross tracks. If your in Australia and buying the game to play online dont bother as 0 players online.,True,1593407703,0,0,0.5,0,221.0,1448,76561197991763592
798290,206296248,You should definitely buy this game! It is really fun! 10/10,True,1760051086,0,0,0.5,0,148.0,195,76561199136961525
798290,81840752,Great Game but how do I go play with people online?,True,1607439444,0,0,0.5,2,18.0,67,76561199006225440
798290,85832711,its rilistice,True,1612286528,0,0,0.5,0,188.0,2017,76561199002034088
798290,43163151,i like the graphics but first look... the rider weight seems weird.,True,1530292746,3,0,0.54356849193572998,0,23.0,1020,76561198028247185
798290,91334295,"Coming from playing the newer MXGP games and the SX games, this was so relieving. The gameplay in this game is the best out of all Milestone games. It’s fun, challenging, and you have to pay attention to the small things such as not hitting the gas in air as the bike will tilt forwards, or feathering the throttle going into some turns and exiting. You can’t just send it into the corners, slam on your brakes, and be totally fine like in the games nowadays. There is actual skill in this game as it may not be 100% sim, but it’s definitely more realistic than the current games made that feel like straight up arcade games. The career mode may be your basic sports career mode, pretty cut and dry but that’s how all sport games were back in 2018. Overall, this game is ridiculously fun, doesn’t have cancerous AI (looking at you SX4), is challenging, and a great go to if you’re looking for something more tough than the depressing, pathetic excuses of SX and MX games we have gotten this year in SX4 and MX2020",True,1620018343,0,0,0.5,0,201.0,400,76561198069222163
798290,194911806,I like it good,True,1747266689,0,0,0.5,0,251.0,384,76561198299339496
798290,72568519,"Bloody Amazing, Love motorbikes. I'm a Motorcycle Instructor. Love Off Road Bikes to,
Game play is really good, And graphics are stunning also.",True,1594566842,0,0,0.5,0,60.0,306,76561198796092348
798290,65994975,KEKW,True,1585384081,0,0,0.5,0,352.0,507,76561198169865561
798290,83374982,it is a great motor bike game experience,True,1609148604,0,0,0.5,2,229.0,441,76561198966066097
798290,139538622,good,True,1685885421,2,0,0.527622103691101074,0,212.0,224,76561199062977301
798290,116740120,"Great game for sure. Highly recommend it, it is easy to play with gamepad.",True,1654810517,1,0,0.523809552192687988,0,42.0,56,76561198215575667
798290,73539325,VERY fun and addicting i cant stop playing,True,1596157788,0,0,0.5,1,308.0,1861,76561198205248063
798290,52254833,"Pretty, New Pro settings are great. Best MXGP game so far.",True,1561855817,0,0,0.5,0,250.0,3060,76561198009782730
798290,155034475,very good,True,1704171535,0,0,0.5,0,204.0,204,76561199275033526
798290,82219579,This game is pretty cool. I'm really enjoying it. The pro physics seem pretty good to me. It brings back so many childhood memories from MX Unleashed on the original Xbox.,True,1607813726,0,0,0.472779363393783569,0,256.0,750,76561198119435584
798290,91035704,ok,True,1619580177,0,0,0.5,0,199.0,1562,76561198274263301
798290,168955954,the best motorcycle simulator,True,1720083357,0,0,0.5,0,163.0,266,76561199064851890
798290,50712523,"Comparing this game with others from milestone (that I played on pc and ps4), I recommend this one.
The music is not boring like in other milestone games (eg. Ride series), so I like the music.
Graphics are nice and race tracks are beautiful
Loading does not take too much time of your life (like in other games from the developer)
Game menu is simple and beautiful (again, not boring like in other games from the dev)
No crashes with my Gigabyte 1060 G1 (but rendering the bike details sometimes has a delay. I don't know why. You know Milestone ???)
AI and physics are ok for me ( Because I play games for fun and not to get angry)
The price was good. I bought in a special deal.

Negative points: 
The delay in rendering some bike details like colors and etc (a quick delay when you are changing the player character
No DLC, No special events, No downloadable content. Why there is a downloadable content option on the game menu if there is nothing available or planned? Again Milestone why?",True,1558232488,0,0,0.5,0,74.0,135,76561198884226817
798290,104565022,jebac disa,True,1638115487,0,0,0.5,0,216.0,2497,76561199162469633
798290,175902626,"A very well-made motocross game that is disappointingly familiar, but thanks to the new physics and better movement of bikes and riders, it's still a class act.

https://steamcommunity.com/sharedfiles/filedetails/?id=3335872002",True,1727470034,4,0,0.550621688365936279,0,372.0,372,76561198233531188
798290,109539447,brap,True,1644046833,1,1,0.499579489231109619,0,324.0,324,76561198422251890
798290,190327031,Fantastic Game,True,1742099570,1,0,0.5,0,349.0,2455,76561198173467838
798290,68514625,so good,True,1588537572,0,0,0.5,4,385.0,1718,76561198422051979
798290,93433484,dog water it has no earnings,True,1623191895,0,1,0.5,0,65.0,65,76561199139653199
798290,43408988,"I've put a couple hours into this one.  I like it so far.  I am not a huge MX fan, so  a lot of the sport specifics aren't of much of a concern to me, whether they are right or wrong. For reference, I still don't know what a ""whip"" is.  Anyway, the racing seems pretty good and the races competitive, the graphics are decent and I can run this 60+fps at 4k on most tracks (a few have fps drops for no apparent reason).  Hoping Milestone makes some fixes to what's here, but as of now I am happy with it.  

Also, I picked this up for much cheaper than the full price listed here.  I would say try it at full price, but it may be better to pick up on sale.",True,1531081536,1,0,0.5,0,142.0,220,76561198105226862
798290,193700631,started playing yesterday and absolutely love it graphics and all is great!,True,1745755466,0,0,0.5,1,377.0,566,76561199367949371
798290,168663897,no enter,True,1719809342,0,0,0.5,0,32.0,3348,76561199118068520
798290,115339212,"this is so good game for me
dude",True,1652353671,0,0,0.5,0,298.0,812,76561199123318857
798290,55882230,gay,True,1572361722,0,0,0.5,0,51.0,1138,76561198353886370
798290,100034869,s,True,1632739970,0,0,0.5,2,198.0,2263,76561198440651976
798290,70516240,good,True,1591669346,0,0,0.5,0,279.0,616,76561198835364052
798290,204739577,goood,True,1758328156,0,0,0.5,0,402.0,1003,76561199877707877
798290,48389659,fukin gae,True,1547757504,0,0,0.5,0,134.0,134,76561198839306525
798290,102205670,top of the,True,1636033426,0,0,0.5,1,267.0,1938,76561198810366888
798290,43172359,"-Physics: cornering and scrubbing needs fix. pro physics are challenging and nice; game is not arcade like in trailers. if they fix those this will be best mx game (its mx3 now).

-Graphics: a bit better than mx3. i never had performance problem with 1050ti. runs nice and smooth at ultra; with full ai race. also helmet cam is back! (from supercross)

-Sounds: best in series. especially in helm cam. you can hear stones and sands hitting your visor.

-AI: dont expect a lot. they will never race you like ""dungey vs tomac"". they wont take lines or overtakes.",True,1530318015,5,0,0.499734371900558472,0,146.0,146,76561198120861182
798290,194239373,,True,1746389092,0,0,0.5,0,366.0,844,76561199089483648
798290,43167401,"Ive Played all MXGP Titles.  
This is by far the hardest but in a good way.  I used to play with AI at realistic on pro physics and could win every race without many problems.  Now Medium and they are a tough challenge.  Doesnt help my bike is still stock haha.  
Alot of replay ability with that.  The physics have been reworked alittle from Supercross and are more realistic.  The ruts in the game are more important to be used than other titles but still could be deeper to give that feel that you need to follow the lines. Definately a improvement though!!
Graphis are great like always.  Game seems to run good on my PC (i7 7700 w/ GTX 1070, 16gb RAM).  Loading screens are frequent but quick with a SSD.  Overall this is a good title by milestone.  Im sure a few of the bugs will be worked out in upcoming updates.  It does feel like the bike is ""floating"" once in a while and doesnt seem to be touching the track.  I really hope the multiplayer element stays active in the future.  Thats where the true hardcore fun is.
I love how they included the two stokes again.  Also, this time, you can use the two strokes in ""career mode"".  This is NOT a sim title and if you expect this, download MX Simulator.....BUT this is a great middle ground for arcade and sim.
GOOD JOB MILESTONE!! KEEP UP THE GOOD WORK!! I WILL CONTINUE TO SUPPORT YOUR TEAM!!",True,1530303148,1,0,0.5,0,118.0,1199,76561198108385682
798290,135539185,"ai good, tries to simulate cases",True,1679917076,0,0,0.5,0,188.0,449,76561198988027468
798290,184792196,best mxgp i like that u crash easy cus u drive safe and soft,True,1736039410,0,0,0.5,0,222.0,11113,76561198158894499
798290,55677890,"Good game to training how to ride Motocross. Difficulty level of training is 7.5/10, it's like Hard mode, make this game is worth it. Graphic is similar MXGP 3, but maybe a little more detail. Multiplayer is fun too, but because this game release about 1 year ago, maybe the number of online player becomes small. Buy this when discount, because new MXGP 2019 is available.

My rating for this game is 6.5/10. For compare, my rating for MXGP 3 is 8/10.",True,1571525420,3,0,0.556033909320831299,2,367.0,369,76561198141538633
798290,49300112,Amasing game!Graphics realisation handling best in class!,True,1551464290,5,0,0.517906367778778076,0,143.0,143,76561198385211849
798290,90745772,"This game is awesome, really good gameplay,graphics and bikes.",True,1619120984,0,0,0.5,0,51.0,248,76561198816684102
798290,122835464,good,True,1664140648,0,0,0.5,0,294.0,475,76561199012206111
798290,139301396,"Great game with friends, however filled with minor glitches and lack of quality of life settings. 

Also, enables HDR by default on my monitor and washes out all the color. Currently have found no fixes. 

Otherwise great game though.",True,1685510486,0,0,0.5,0,306.0,1538,76561198249466442
798290,53959849,Please make the multiplayer freeroam,True,1562583239,5,0,0.59349590539932251,0,172.0,8349,76561198371497252
798290,49283543,Ive been riding for a long time mostly 2strokes. After getting used to the controls and switching some bindings around its pretty satisfying. the handling and using the clutch is a lot like real life.,True,1551381147,8,0,0.554207324981689453,0,170.0,400,76561198804294027
798290,48606432,"A reasonable upgrade from the first.Not overly impressed, but the optimisation is better here than in MXGP3.
I have not invested alot of time due owing over 250 games and never knowing what to play? LOL

Anyway this game is worth about 40 AUDS which is what I paid for it on sale.

7.5 out of 10 score rating. 

PS: I must admit Milestone has improved alot in recent times and do not ever compare their games with MX vs ATV series!
I think they are both very different games in terms of feel and design. I just prefer the MXGP series mainly because of the Unreal Engine which is superior!",True,1548672704,0,0,0.5,0,297.0,624,76561197997115834
798290,68975322,great game fun af,True,1589229935,0,0,0.5,0,251.0,938,76561199039648641
798290,158891860,i cant play it,True,1708524230,0,0,0.5,0,7.0,1621,76561199181830163
798290,187647480,Nice.,True,1739210859,0,0,0.5,0,548.0,631,76561198071405175
798290,118980597,moto,True,1658096119,0,0,0.476190477609634399,0,446.0,901,76561199169750986
798290,100854036,To hard get @#?! by chrippa,True,1633886313,1,0,0.523809552192687988,0,656.0,723,76561198828183596
798290,114958689,mm yes,True,1651703900,0,0,0.5,0,448.0,1725,76561198187986597
798290,134204203,Braaaaap...,True,1678136204,0,0,0.5,0,1132.0,2222,76561198058355777
798290,197597082,Good racin,True,1750315605,0,0,0.5,0,615.0,2038,76561199152833480
798290,65073483,Great Game,True,1584260907,0,0,0.5,0,991.0,4042,76561198848401830
798290,44286569,"MXGP PRO Is absolutely fine, Such a smooth MX game.",True,1534824877,0,0,0.5,0,532.0,624,76561198425968458
798290,82587369,this is the most realistic and immersive dirt bike games i've ever played. Excellent game!,True,1608243243,0,0,0.5,0,636.0,786,76561199064003676
798290,49673382,"To start, I think this game is one of, if not the best Motocross games I've ever played. I've played almost every MX game. The first PC racing game i ever bought was Motocross madness back in 1998. 
This game does take patience not just in learning the controls but while racing.
A lot of people seem to be frustrated about the realism but all of that is adjustable. You can set the Physics to easy, you can have auto lean enabled and even have unlimited rewinds if you make a mistake. This allows you to start easy and slowly increase the difficulty as you go, and you can make these adjustments between events during your career catering to your needs.
I find this game extremely satisfying to play and will continue to practice my skills till i can win a race with all the setting on max difficulty.

If you're looking for a MX Sim that as far as the racing is concerned is super realistic, challenging and rewarding, mud flying, tracks degrading as you go, barely holding on as you hit a berm in 3rd gear, this game is for you. 
If you get easily frustrated and want a racing game where you can hold the gas the whole time bouncing off the guard rails and opponents then you might want to try something else.",True,1553158370,53,3,0.82923734188079834,5,444.0,1300,76561198851690940
798290,54487724,"The game is great, but the physics are so bad, if you fall on top of the headof other player, they don t fall, same as a wheel go straight to the head and the driver/player don t fall... Other example, sometimes I fall at the dust, and there is no curve ... 
The physics cold be better",True,1565110328,1,0,0.514563083648681641,0,943.0,1497,76561198326535499
798290,168339222,"My wife said if this review gets 10 likes and 5 awards, she will buy a case of beer, guys help me out.",True,1719508979,14,1,0.636244893074035645,0,914.0,914,76561198303885910
798290,178153786,The game is pretty good but would be nice if there was more open work terrain to drive on,True,1730457357,1,0,0.523809552192687988,0,498.0,498,76561199187971139
798290,48446548,really good best mxgp so far,True,1548006777,3,0,0.509116411209106445,1,560.0,5311,76561198165917967
798290,81325419,nice game,True,1606800499,0,0,0.5,1,511.0,2764,76561198241667814
798290,67888602,"Looks fantastic, plays fantastic, absolutely stunning game.",True,1587665404,0,0,0.5,0,554.0,1824,76561197970940291
798290,61763882,"Very fun and realistic motocross with real tracks as maps 10/10 
And it have 2-strokes =)",True,1578859628,7,1,0.616607248783111572,0,1009.0,3718,76561198063882892
798290,163530917,This game is actually WAY!!! Better than MXGP 2021!,True,1714003871,0,0,0.5,0,1132.0,1136,76561198122390330
798290,92530304,gets boring after bout 3 hours of a single session but fun to casually play.,True,1621875340,0,0,0.476190477609634399,1,685.0,6933,76561199009317838
798290,97290295,Great game. Great graphics. It's just sad that it doesn't have a kickass soundtrack.,True,1628597765,0,0,0.5,0,618.0,783,76561198210678627
798290,43291694,"7/10
Broken AI
Broken Physics
.
But still enjoyable for me.",True,1530695174,0,0,0.5,0,864.0,1980,76561198359197392
798290,43161644,"Whips = Poor
AI = Poor

Right where do i start... well looks like i already did with two negative points.

We all asked the Dev's to make sure the AI & Whip Physics was Improved for this game and they havent done what we asked for.

Dont get me wrong this game is good... the graphics look amazing, Gameplay and options are really good. 
Career move and being able to race 2-strokes is an amazing addition. 

But they havent fixed the main issue which started from MXGP 1 the AI. They constantly get in your way, they dont change lines and if you overtake them into a corner they continue in the line and proceed to take you out. Surely they have the technology to make the AI react to riders/Players around them. It feels like the AI are set to a certain line on the track and they dont move from it or swap lines mid race, i feel this is what is  going to make alot of gamers angry because there  is nothing more annoying than cleanly overtaking an AI and for them to instantly take you out in a corner instead of changing their line and reacting or avoiding an accident...  its oko for the AI becasue they will knowck yoou off youur bike but they simply carry on with their casual sunday ride like nothing ever happened lol. 

PLEASE DEV's listen to us FANS of the sport and listene to us..!!! 

Change the AI and also look at the game MX Simulator and how they controll the physics of Whips/Scrubs and try to learn from a game thats 10+ years old.... if you do this you will have one of the best Motocross games out there.

Now i know alot of people will not agre with my views, Everyone is entitled to your own view but being someone thats played mx games for 20+ years its about time someone listened and created a game that worked... hopefully the dev's can bring an update to change atleast the AI. 

Thanks
Blizzard",True,1530288983,17,1,0.656371712684631348,0,996.0,2248,76561198007515253
798290,44287185,"Pretty awesome game, little bugs here and there but everything runs smooth. Definatly worth the buy if you're looking for a newer mx game!
Has a ton of customization as well.

Only thing I would change is the 2 strokes sound. Way off and pretty annoying to the point you don't really want to race them.",True,1534828941,0,0,0.5,2,922.0,1413,76561198136991982
798290,84375911,good,True,1610216718,0,0,0.5,0,711.0,1551,76561198886557582
798290,111246976,This and MXGP PRO are the best Motocross games untill now 2022.,True,1646066138,0,0,0.5,0,655.0,1319,76561197968593768
798290,114081772,yeah yeah,True,1650314025,0,0,0.5,0,520.0,1615,76561198800329608
798290,67242566,"I remember playing MTX Mototrax back in PS2 console years ago and wanted to try a cheap yet exciting new motocross game. Then I came across this one. Couldn't be more satisfied. Though the AI is too easy, it is still an exciting motocross game specially if you got this at a discount.",True,1586798439,0,0,0.5,0,813.0,1521,76561198299466765
798290,43228827,"It's actually a pretty good game, whips and physics are really weird sometimes, but in reality all of these things theyre doing are really big steps in the moto games genre. When you go look at other motocross/supercross games coming out, in my opinion, Milestone is 10x ahead of the competition, I mean their whips physics need a BIG adjustment, but whips arent everything in a motocross game, I would rather have a game that looks good, plays good, and is all around fun for me, rather than a game that everything is off except for the whips, people can disagree with me on that one, but you cant deny its a good game overall, or you can, like I said, this is my opinion and you have yours, we can agree to disagree on just about anything. Now, after saying all this, I will say there are a lot of bugs and things that need to be fixed, and as we've seen from the past Milestone does a pretty good job at fixing it. Again, all my opinion.",True,1530482857,0,0,0.5,0,661.0,2480,76561198102228224
798290,48551323,Best MXGP game so far ++++,True,1548450412,0,0,0.5,2,943.0,1583,76561197962112742
798290,54637253,ning ning bar,True,1565907710,0,1,0.472440958023071289,0,870.0,944,76561198254437879
798290,201330365,Brap Brap,True,1754189237,1,1,0.494809657335281372,0,775.0,1308,76561198185042405
798290,199878258,good game and good physics quite a realistic mx game highley recomend game,True,1752604249,0,0,0.5,0,452.0,462,76561199438918160
798290,142495549,j,True,1689895726,0,0,0.5,0,1067.0,1175,76561199090779783
798290,88888963,.,True,1616421878,0,0,0.5,0,508.0,1468,76561198263469432
798290,85873609,Fun game,True,1612346524,0,0,0.5,2,648.0,677,76561199061872295
798290,118973555,.,True,1658086113,0,0,0.5,0,416.0,566,76561198973509135
798290,43167045,"This game is awesome, felt weird at first, but now I really don't regret buying it.",True,1530302310,2,0,0.523809552192687988,0,419.0,1728,76561198350782425
798290,66454396,Nice,True,1585864137,1,0,0.519999980926513672,0,1007.0,2207,76561198134984818
798290,44204846,Very good game!,True,1534500167,2,0,0.527269482612609863,0,481.0,724,76561198222307620
798290,53890133,Best Motorbike game ever,True,1562487883,0,1,0.5,0,926.0,4188,76561198315691764
798290,89140634,really fun,True,1616792236,0,0,0.5,0,884.0,3192,76561199012983240
798290,114729268,.,True,1651335890,0,0,0.5,0,670.0,2506,76561199037403394
798290,148715036,"---{ Graphics }---
☑ You forget what reality is
☐ Beautiful
☐ Good
☐ Decent
☐ Bad
☐ Don‘t look too long at it
☐ MS-DOS

---{ Gameplay }---
☑ Very good
☐ Good
☐ It's just gameplay
☐ Mehh
☐ Watch paint dry instead
☐ Just don't

---{ Audio }---
☑ Eargasm
☐ Very good
☐ Good
☐ Not too bad
☐ Bad
☐ I'm now deaf

---{ Audience }---
☑ Kids
☑ Teens
☑ Adults
☑ Grandma

---{ PC Requirements }---
☑ Check if you can run paint
☐ Potato
☐ Decent
☐ Fast
☐ Rich boi
☐ Ask NASA if they have a spare computer

---{ Difficulty }---
☐ Just press 'W'
☐ Easy
☐ Easy to learn / Hard to master
☑ Significant brain usage
☐ Difficult
☐ Dark Souls

---{ Grind }---
☐ Nothing to grind
☐ Only if u care about leaderboards/ranks
☐ Isn't necessary to progress
☐ Average grind level
☐ Too much grind
☑ You'll need a second life for grinding

---{ Story }---
☐ No Story
☐ Some lore
☐ Average
☐ Good
☐ Lovely
☑ It'll replace your life

---{ Game Time }---
☐ Long enough for a cup of coffee
☐ Short
☐ Average
☐ Long
☑ To infinity and beyond

---{ Price }---
☐ It's free!
☐ Worth the price
☐ If it's on sale
☐ If u have some spare money left
☐ Not recommended
☑ You could also just burn your money

---{ Bugs }---
☐ Never heard of
☐ Minor bugs
☐ Can get annoying
☑ ARK: Survival Evolved
☐ The game itself is a big terrarium for bugs

---{ ? / 10 }---
☐ 1
☐ 2
☐ 3
☐ 4
☑ 5
☐ 6
☐ 7
☐ 8
☐ 9
☐ 10


Grab this review template here! 👉 https://vojtastruhar.github.io/steam-review-template/",True,1698039093,0,0,0.5,0,824.0,871,76561198975292025
798290,72906940,GOOD,True,1595094180,2,0,0.52173912525177002,0,1049.0,1276,76561198158210135
798290,144719646,trashy whips,True,1692628885,0,0,0.5,0,766.0,3808,76561199119987660
798290,99475065,Solid 9/10,True,1631840039,0,0,0.5,0,481.0,1270,76561199008272756
798290,48177160,Because I enjoy it. Done deal.,True,1546897636,0,0,0.5,0,940.0,2059,76561198097157234
798290,59918613,Nice game,True,1576433257,0,0,0.5,0,528.0,981,76561198974451252
798290,87602517,good one,True,1614511584,0,0,0.5,0,625.0,1283,76561198417049931
798290,61987645,jk,True,1579281992,0,0,0.492957741022109985,0,617.0,1499,76561198968970764
798290,70550156,"Consistently eating dirt, Immaculate flavour and texture. Cant say the same for in game despite my 2 servings per ride",True,1591729283,0,0,0.5,0,687.0,1923,76561198082850078
798290,77510958,"U like race, and automobile, this good, eat mayonaise.",True,1602613833,0,0,0.395377099514007568,0,735.0,831,76561198119938754
798290,61020904,"A realistic, really solid motocross games on the store. Must Have.",True,1577833757,5,0,0.576941728591918945,0,410.0,463,76561198381572766
798290,113152162,really good game. there is a couple of turns that you fall into the rut for no reason but it takes skill that most milestone motocross games dont really offer. so i really enjoyed it.,True,1648794729,0,0,0.5,0,805.0,1111,76561199226425574
798290,43150869,"First of, this is not an in debt review, simply remarks on a few things i discovered while playing for half an hour.

My Specs: 
Intel i7 7700, 4.9GHz
GTX 1080TI
16 GB RAM

[i] I play on a 1080p monitor and get A LOT of really annoying framedrops. Steam FPS counter shows 60 frames but the game stutters like crazy. I only play in FIRST PERSON so i don't know if these problems occure in third person too.[/i]

[b] ** UPDATE ** The problem went away when i turned V-Sync OFF and then ON again.[/b] 
[b] ** UPDATE NR 2 ** Still some lags here and there but its playable. [/b] 


The physics are pretty good compared to MXGP 2, wich is the last MXGP i played. One big setback though, while in the air, when you push the right stick just a little bit forward, the rider and the bike tilt forward like crazy. Don't know if its a bug or intended.

Sadly there still is NO field of view slider, wich is pretty sad since it was requested by the community from day one of MXGP. 

The terrain deformation is quite nice and stays over several laps.

All in all i can recommend the game.",True,1530261362,20,8,0.611980080604553223,10,528.0,1870,76561198120468556
798290,99359300,goog,True,1631651208,0,0,0.5,0,720.0,965,76561199083320219
798290,44653659,Fun game if you like racing and dirt bikes I just wish the career mode let you customize your bike more often,True,1536506215,0,0,0.5,0,779.0,860,76561198141964948
798290,43192728,"How to make a ""PRO"" motocross game:
-make bike bounce around basically to the point of being unable to control it 
-make all decent lines deform and be unridable after 5 laps 
-have all ruts become blown out and throw you into powerslides or off the track 
-have no grip what so ever from the rear tire
-make initial acceleration basically non existent  
-have all rider input super touchy and make you crash 

No real visual upgrades from Supercross, free ride in the compound is a nice add.  Gear was barely updated from the other games.  Customised parts are basically the same. 
- Bike setup options are better than before and acutally make a difference. 

Overall its not a bad game and needs some minor adjustments.  If they tweak the deformation to hold certain lines on parts of the track and add a more weighted feeling to the bike on ground, with more traction from the rear tire it will be alot more playable.",True,1530379293,9,2,0.614399731159210205,0,708.0,1263,76561198196968170
798290,160379763,VERY GHOOD GHAME VBERY KLPWE SKILL CURVBWE,True,1710239277,0,0,0.5,1,775.0,3537,76561199238785333
798290,43854057,huh get the new ones lel,True,1533042105,2,0,0.52173912525177002,2,1094.0,3635,76561198371713379
798290,162493895,hj,True,1712597973,0,0,0.5,0,785.0,1030,76561199494107268
798290,43314255,"******IGNORE THE HATERS******
-Physics = Great
-Tracks = Awesome
-Free whips = Trash / Buns
-Rider Customization = Great As Usual
-Career Mode = Great (improvements)(THE PARTS YOU USE SHOW UP AS SPONSORS!!!!)

-They made everything more expensive and takes longer to buy
-Everyone freaking out about over jumping needs to get their panties out of a wad. You can't expect to send a single and successfully land in a wheelie. just land on both wheels leaning forward and you are fine. The physics are a great improvement.


-EASILY the best game in the series
-IM gonna play the crap out of it",True,1530766067,2,0,0.516129076480865479,2,663.0,2033,76561198210946997
798290,178440587,good,True,1730809585,0,0,0.5,2,470.0,473,76561199322855333
798290,177280039,very fun ripping the tracks too ez,True,1729271163,0,0,0.5,0,725.0,780,76561199593183035
798290,117194073,gg,True,1655575903,0,0,0.5,0,862.0,1254,76561198810915765
798290,51129368,"I don't get why it has so many bad reviews but here is my honest opinion.

PROS:
Graphics
Customization (Much better than the last 3)
UI
Free Whips
Realistic Physics (Less Arcady)
Best Compound

CONS:
Multiplayer has died down because when it launched it had loads of bugs (Pretty fixed/stable now)
Sometimes when you over jump to flat you will crash
Drifting round corners can sometimes make you crash and sometimes not (its a little strange at times but not a big big deal)

In overall i prefer this over MXGP 3 so its up to you but i enjoy how more realistic it feels, its more of a learning curve than MXGP3 and i imagine MXGP 2019 is going to have similar physics to this.",True,1560048415,5,0,0.540343105792999268,2,509.0,1338,76561198180144914
798290,106049990,it is fun and great graphics,True,1639847154,0,0,0.5,0,593.0,648,76561198435266001
798290,88900590,cool,True,1616436261,0,0,0.5,0,565.0,6919,76561198809009294
798290,44530226,"Without a doubt the most entertaining game I've played in a while. Gorgeous graphics, fluid gameplay and overall a highly enjoyable challenge!",True,1535895483,3,0,0.535184741020202637,0,752.0,2058,76561198074963123
798290,115225264,.,True,1652133496,0,0,0.5,0,459.0,5658,76561198386964114
798290,90400615,great game,True,1618575690,0,0,0.5,0,610.0,1221,76561198992106590
798290,53947716,"This game will make you want to throw your controller out of the window at times, but it is one of the best games for mxgp as it has both the two strokes and four strokes that both have their own advantages and disadvantages. The joystick controller setup allows for some nice leaning and drifting both good enough to be the best that have played but takes some finesse. The bikes and tracks are lot's of fun in that the devs covered an array of where and what most like to ride. The graphics are very nice. In some views your goggles get used.",True,1562536150,2,0,0.514263689517974854,0,1121.0,1223,76561197991588770
798290,82657053,good grapichswefsdfsregsdgsergfserg,True,1608337128,0,0,0.5,0,436.0,693,76561198964136826
798290,129568055,the game is fun,True,1672281411,0,0,0.5,0,439.0,460,76561199217896921
798290,187484370,"I ride, i fly, i crash, i respawn, im 12th place",True,1739036298,0,0,0.5,0,989.0,2508,76561199036744643
798290,51414452,not a sim but is a good game,True,1561339993,0,0,0.5,0,1128.0,2785,76561198390214072
798290,134692833,yees,True,1678873413,0,0,0.5,0,831.0,11497,76561198866685898
798290,43539434,not bad,True,1531634636,0,1,0.478613793849945068,0,1010.0,1957,76561198847296311
798290,93172596,This game is a solid 7/10 id give it a 9 if it had more dynamic ruts,True,1622818157,0,0,0.5,0,1098.0,1893,76561198147452487
798290,86169668,cool GEIM,True,1612738089,0,0,0.5,0,1041.0,3154,76561198872172851
798290,165504252,GUD MX BIKE BETTER BUT STILL BUY I GOT FOR 3$ SALE YURTT,True,1715910418,0,0,0.476190477609634399,0,469.0,1501,76561199173265750
798290,152941006,freeroam fun,True,1701800983,0,0,0.5,0,446.0,499,76561199121986994
798290,62056996,:D,True,1579389605,3,1,0.551282048225402832,2,465.0,750,76561198391730244
798290,44679003,"Great game. But dont buy from steam as its to much,n buy it off g2a like i did or wait for a sale",True,1536651206,0,0,0.5,0,495.0,599,76561198413257489
798290,79720521,its really fun and really realistic,True,1606156662,0,0,0.5,0,1146.0,9402,76561199013646431
798290,141327687,Currently (2023) the best MXGP game out there.,True,1688508507,0,0,0.5,0,548.0,1007,76561198119616396
798290,106804624,lets go,True,1640761210,0,0,0.5,2,1034.0,2245,76561199196438862
798290,107010693,its fun,True,1640985961,1,0,0.523809552192687988,0,860.0,3506,76561199105185994
798290,82725912,So awsome MX game! =),True,1608425899,0,0,0.5,1,835.0,945,76561198267097849
798290,51977543,"Really good game, probably one of the best racing games out there given the variety of tracks and how the riders react. Coming from a casual aspect to the sport, its definitely worth picking up on a deal.",True,1561817217,0,0,0.5,0,755.0,958,76561197969378040
798290,82420888,Lalmama a tlu deuh reng a ni mai!!!,True,1608031233,1,0,0.522293031215667725,0,766.0,902,76561198368484338
798290,131315567,good,True,1674363751,0,0,0.5,1,874.0,3839,76561199091698710
798290,166033548,"MXGP Pro: Tokyo Drift is not worth your £40.

Gameplay

Yes it's more challenging than previous iterations with pro physics enabled, but 90% of this percieved difficulty seems to come from constantly trying not to slide out the back end. I can see what they are trying to do but it's too far. You can no longer case jumps and just keep riding like nothing happened but again it's completely unbalanced. Theres basically an arbitrary number that once exceeded you will crash upon impact. Theres never a scenario where you almost crash and manage to recover.. its either you keep on riding or you collapse off your bike instantly.

AI seems unchanged, they still take more or less the same line and only seem more difficult since the game is now harder for the player. I'm playing on medium for now and usually play realistic.

Very little interaction with ruts, they seem mostly shallow and inconsequential.

Whips are schocking. Worst yet in any iteration of the game. They look horrible and unless you land perfectly straight, which is awkward and clunky, will basically ping you off sideways.

Graphics

The same as GP3 from what I can tell. Some pop in in menus while stuff is loading. No complaints.

Audio

Bikes Good enough, seem a bit samey but haven't yet ridden all the bikes to compare. Hitting 2"" puddles for some bizarre reason is the loudest sound effect in the game, far louder than your bike or the crowd. No matter how tiny or short they are you get a loud splash.. easily patched but annoying.

I've yet to play multiplayer. The compound is fun for 10 minutes.

No Matterley Basin which was disappointing!

Don't buy it unless they do some serious patching.",True,1716645058,2,0,0.54356849193572998,1,636.0,636,76561198357603662
798290,43180895,good game,True,1530349084,0,0,0.461165070533752441,0,1063.0,1347,76561198180774426
798290,43200113,ANYONE AND EVERYONE ADD ME AND WE CAN THROW DOWN SOME GNAR THIS GAME TIZZZ IGHT,True,1530399736,1,0,0.5,2,721.0,1675,76561198156734005
798290,93637511,quality game,True,1623522345,0,0,0.5,0,768.0,1989,76561199030600105
798290,70461220,verlly noice,True,1591566525,0,0,0.5,0,545.0,897,76561198161683853
798290,60250557,"This game is pretty relaxing, I'd recommend it!",True,1576944310,1,0,0.523809552192687988,1,413.0,467,76561198365894152
798290,182957634,👍,True,1734442021,0,0,0.5,0,809.0,809,76561198271652431
798290,66883365,good game,True,1586345183,0,0,0.5,0,496.0,5594,76561198808575942
798290,60352177,amazing game best mx game ive ever played,True,1577057483,0,0,0.5,0,605.0,1177,76561198297307609
798290,53102684,m,True,1562057424,0,0,0.47413790225982666,0,988.0,2693,76561198199006706
798290,193776606,good,True,1745848196,0,0,0.5,0,1124.0,1575,76561199145193591
798290,87403728,yeet,True,1614244099,0,0,0.5,0,1047.0,3914,76561198854988445
798290,43228700,"Ok I have bought every single MX game since Motocross Madness 1 (Yep).  I even beta tested MXM2 way back before everyone knew what beta was.  This is hands down the best mx game in my opinion.  Its difficult and challenging. Everyone complains about something and my complaint over the years was it was to easy. They have addressed that with this version.  Now, if they can only patch the sponsor graphics in career mode it would be perfect.",True,1530482419,2,0,0.531914889812469482,0,726.0,2976,76561197977754807
798290,123931282,very good very nice,True,1665935683,0,0,0.5,0,975.0,1302,76561198148788532
798290,43160710,"Well.. The game is good.. Has little issues but don't all games..? The physics are good, the sounds are good, the graphics are good.. The whips and scrubs.. Well.. Thats the downfall of the game but i still really enjoy playing it even though they haven't 'free'd the whip'.. Overall its a great game, well worth getting if your an mx fan!

Online will be good, as you can't simply just rail everything now, or over jump things as you will crash.. Which will really show who the skilled gamers are on this!",True,1530286761,1,0,0.5,2,1114.0,1770,76561198288459722
798290,146265587,Game Keren,True,1694673137,1,0,0.509987175464630127,1,683.0,683,76561198183919490
798290,101800348,fsdf efsdf sfsdfsdf efasfaf,True,1635495222,0,0,0.5,0,594.0,1455,76561199171684237
798290,57831240,Haha 360 double go brrrrrrrr,True,1574700931,0,0,0.5,0,550.0,2988,76561198170759394
798290,68054571,it good,True,1587903084,0,0,0.5,0,507.0,586,76561198820314273
798290,144837186,Realistic.,True,1692773445,0,0,0.5,0,695.0,785,76561198036331515
798290,152654750,cx dc cac con vo a,True,1701444731,0,0,0.5,2,526.0,611,76561198142227276
798290,75899460,best mx game with mods,True,1599991521,0,0,0.5,2,441.0,641,76561198818606834
798290,55590053,It's like a shitty women once you get used to her you fall in love. Great job with the scrub and water detail,True,1570991060,1,0,0.514563083648681641,0,502.0,779,76561198140447200
798290,43198215,"TL;DR: Overall, I am loving the game so far. It has flaws and hopefully sees some post launch support but its my favorite modern MX game.

I see a lot of negative reviews and while the game deserves critisism I think a lot of it is exagurated and people are giving impressions on a stock bike without doing the rider training. NOTE: Do the rider training! I didnt realize it was worth doing but it improves your rider in a number of ways which is a bit silly to hide that fact.

Ill address the common complaints and throw in my $.02

-Performance/graphics: I'm running a modern i5, SSD, 16gb RAM and 970 GTX. At 1080p with everything on max except bloom and motion blur I get a solid 60 fps on most tracks and 50 in the compound. I do not get the stuttering that it seems some people are getting, maybe I'm just lucky. The game looks great. Seeing the ""ruts"" fill up with water is pretty cool although it is a bit overdone and looks like you are just riding in a river by the end of the race. There is a distinct lack of water effects from riding through it on the track but its not nearly as bad as MX vs ATV All Out. My main complaint for the graphics is your back tire. It doesn't really appear to spin or change speeds apart from going and stop. There is particle effects kicked up from other bikes but your back tire appears lifeless

-AI: Is pretty mindless. They have one line in which they take and that is pretty well the extent of it. If you are in the way of that line they will crash into you

-Ruts and berms: The track deformation does affect gameplay however not really in a way I had hoped. The track gets beat up but really all it does is make it rougher and easier to go down but true ruts are never formed. However, even if they were, you would just slide out of them which leads into:

-Handling: I really enjoy the handling of the game (have only played on PRO). If you have played previous MXGP games you have a pretty good idea of what you are getting into. The back end slides out a bit more than I feel it should but its not nearly as bad as people are making it out to be. Again, put some better tires on your bike, do the training and its entirely different from when you first start up the game. You need to feather the throttle a bit to keep traction coming out of turns.

As far as the crashing on overjumps I see a lot of people saying its overdone however when I have watched gameplay of people complaining about it they are usually landing hard on their back wheel and wondering why they crash. I have crashed on a couple overjumps I felt as though I shouldn't have, used rewind and made sure I landed proper and rode away without a crash. No issue from me here.

My main complaint is the berms and how far over you can lean the bike before crashing. Some tracks have a hard, sharp berm on the outside corner. You should be able to lean the bike over and rail the corner. Instead you will either just blow over the top edge or crash from leaning over too hard. Apart from that I really enjoy the handling of the bikes.

Air Control: Again, do the training, it improves your air control and scrubs. Whips and scrubs, pretty well same as all the other MXGP games but a little bit better. Free in the sense that you can go as far as you want with them but not free like MX vs ATV games. The scrubs work pretty good to keep you low if you carve the face of the jump right but it wont let you do a Bubba scrub due to crashing from leaning over too hard. The air control is still fairly stiff but I feel as though its better than any previous MXGP games (note: I didnt play 3). I don't care about whips so I do not mind the air control although it could be improved

Sound: You're best off just watching a couple youtube videos if you are picky about the sound. Its passable to me.

Tracks: Same affair as previous games. Youre getting licenced tracks for better or worse. Personally, I don't like a lot of the tracks and I am hoping for some more North American style tracks down the road. The compound is pretty good.

Customization: Its gonna be a grind if you want to spruce up you're bike and rider. I don't really care about much of that apart from throwing the best components on my bike but there seems to be a pretty good deal of options to choose from if thats your thing.",True,1530393901,1,0,0.5,2,786.0,1226,76561197972339860
798290,67564310,very good motocross game,True,1587220972,0,0,0.5,0,842.0,1103,76561198073460281
798290,93923009,goog,True,1623967185,0,0,0.5,0,633.0,1553,76561199082842573
798290,156976034,Still the best MX game to date.,True,1706380892,0,0,0.5,0,600.0,634,76561198021650784
798290,117396926,It is Really Fun,True,1655883748,0,0,0.5,0,718.0,1257,76561199056722698
798290,70701117,"To start, I've been out of the game for a while with MX games. I think the last one I played was MX vs. ATV Reflex when it first released. THAT game was incredible.
But once I got the hang of this game, the old moire arcadey games can't compare.
Sometimes ripping out of a corner with the back wheel spinning in this game feels like it does on a real bike. Cranking the throttle too hard and throwing yourself off feels real. Braking hard into a corner and locking up feels real. I love the way everything feels.
The game isn't perfect. The whips feel so bad that I thought I was doing them wrong. The wheels spin at the same speed no matter how fast you're going. Sometimes you'll take a corner perfectly and you'll just get tossed off the bike. The AI is really bad at racing and feels dumb most of the time.
BUT if you want a semi realistic very fun MX game, you won't  be disappointed buying this (especially if it's on sale)",True,1592012650,0,0,0.5,0,617.0,1190,76561198037606845
798290,122323473,awsome,True,1663336732,0,0,0.5,0,726.0,1955,76561198959598438
798290,43173077,cool game,True,1530321003,0,0,0.445307135581970215,0,491.0,704,76561198030776950
798290,44507001,GG BEST GAME,True,1535802991,0,1,0.5,0,1594.0,2124,76561198257049506
798290,54741755,"[i]Small caveat: I received this game for free quite some time ago, much closer to release. However, due to having a video card that wasn't anywhere close to the recommended, I felt it necessary to wait until I had a better card to give the game a proper 'shake'. I've done as such, and these are their stories:

* Law and Order sound * [/i]

[b]MXGP Pro[/b] is the first game that I've played in the MXGP series since the very first. Now, I realize many compare this to MXGP3 but I have not played that and simply cannot compare.

[h1]Okay, so how are the physics?[/h1]
Well, they're pretty good. Mostly. 

The actual riding on dirt, at least hard pack and sand feels really good. Wet mud... less so. But the real kicker is that, even if you set the rider weight to manual, the others riders can push your rear wheel around and the bike will stay balanced like some sort of airbender riding a ball.  Additionally, if you land on another rider off a ramp, you'll land on a giant invisible hit box. Then slide off back onto the track. Now, all that seems kind of terrible. It's not the best. But, provided you stay on the track and not land on anyone, riding is quite enjoyable and relatively realistic. Terrain deformation is more prudent here. As the race goes on, the tracks will become more deformed and staying in the 'trenches' becomes a valuable guide of sorts. Having been compacted, it makes you go a lot faster. The bikes also feel appropriately heavy. 

There is a fairly robust [b]career[/b] mode. And you are able to adjust a number of settings in and out of the career. How much the AI does or does not control shifting the rider weight, gear ratio mapping, distance between the wheels, and much more. Some of these settings will affect the multiplier when awarded MX credits. Beyond the control scheme settings that affect MX credits, you'll also be able to choose how long each race is in each location. Whether you partake in the qualifiers or not and the difficulty of the other drivers. 

On top of these more personal settings. Winning races also nets you “fame”, I put it in quotes because it behaves as more of a currency if not a status. You don't spend it like MX credits, but it does get you things. Upon reaching certain fame levels, new sponsors will unlock. In turn, they'll give you parts that can also affect your bike's specs. They'll also provide specific tasks that, if performed, will get you more fame and MX credits. However, performing poorly can often lower your fame and lose the sponsorship. Typically, the sponsor objectives are things like placing above a spot in a GP, getting the 'holeshot', leading for X number of laps or performing a number 'scrubs'. MX credits allow you to buy cosmetic items for the rider. Stuff for the bike is restricted to sponsorship. There is also a lite pseudo social media mechanic where you can respond to other riders “tweets” which can start rivalries and also earn you more fame. 

[h1]Do you even scrub, bro?[/h1]
I honestly don't watch much MX stuff in real life. Maybe on a lazy Sunday. But I always wondered why the riders threw their tail out over jumps. I thought they were just showing off. Turns out, it's a technique to cut height off a jump without slowing down. And this game has a tutorial for it if the concept is rather new to you. 

Besides the career mode, there are quick races, championships and grands prix. However, if you back out of the main menu. You'll be able to free ride around a training ground. Hearkens back to the days when I'd ride around aimlessly in ATV Offroad Fury while playing Denial by Sevendust on repeat. 

[b][i]THE GIST:
MXGP Pro is a decent dirt bike sim racer. Personally, I find it overpriced. But, this is an issue that Milestone S.r.l. has had in the past. And to be honest, that paradigm is unlikely to change. I do recommend it on a sale, though.[/i][/b]

MXGP 1 review for reference [url=https://steamcommunity.com/id/SpaceCouncil/recommended/256370?snr=1_5_9__402]here.[/url]
MXGP 3 review for reference [url=https://steamcommunity.com/id/SpaceCouncil/recommended/561600/]here.[/url]

[quote]More here — [url=https://store.steampowered.com/curator/28295405/]Station Argus[/url][/quote]",True,1566437147,19,3,0.659539937973022461,0,2275.0,2275,76561198064850410
798290,76596764,i liked everythinggggg about it,True,1601126840,0,0,0.5,2,2187.0,7027,76561198860822447
798290,123690251,good,True,1665510488,0,0,0.5,0,3502.0,4156,76561198253080428
798290,48999776,"Everyone mad cuz bad. Game is dank. I like it better than supercross. Pro physics, manual transmission.",True,1550205242,4,1,0.488425463438034058,0,1923.0,2256,76561198068935629
798290,83219499,Fun physics even if the bike feels like its on ice all the time.,True,1609004526,0,0,0.5,0,2030.0,2909,76561198318672563
798290,147004908,pretty cool but not the best,True,1695653318,0,0,0.5,0,2050.0,3698,76561199393842868
798290,116156306,ok,True,1653767156,0,0,0.5,0,2609.0,2615,76561198354325026
798290,53045815,very good game,True,1562031942,0,0,0.5,0,2310.0,4996,76561198115062713
798290,96696030,its really good but u will need a good pc coz it lags a bit for me other than that its really good,True,1627743666,1,0,0.523809552192687988,1,2433.0,2524,76561199065783245
798290,106696822,"Hi guy,

You have update microsoft visual c++ ?

The crash is a problem with 10 gen CPU and up gen.

Not a long time a guy (Gregs_JVDR) find a fix!

I share it with you :

Gregs_JVDR

I found the solution, it work for every milestone games that not launch :

Press WinKey+R to open Run window. In it paste: SystemPropertiesAdvanced

Press Enter
Click Environment Variables at the bottom
Under System Variables, press New
Add these values to the variable:
Variable Name:
OPENSSL_ia32cap
Variable value:
~0x20000000

Click Ok to close the windows

(restart your pc and play) :steamhappy:
GL guy, the fix work for me for my all MXGP who crashed before (MXGP 3, MXGP PRO).
I have to try on super cross 1 and 2, ride 2 and 3 because I had the same problem.
but it should work. 



Graphics are amazing, but sounds could be better and bike/rider customization. (Could put more helmets, different models)

One of the customizations that could be added in the future are the levers, they could have ""real"" brands, racepro, 4mx, protaper, ASV etc. with different models and shapes. 

You could put different models from different years for each motorcycle make, for example a ktm 125 2006, yz 125 2014.",True,1640645238,0,0,0.52173912525177002,0,1740.0,1796,76561198153028720
798290,47932666,"Best racing game to date. Very realistic, and tedious, but rewarding!
If you're ready to tune your bike, and perfect your lines, this game is for you!
If you're a casual player, looking for goofy physics on an easy plateform, this game is not for you!",True,1546107196,0,0,0.5,2,2570.0,3873,76561198263312958
798290,45705270,"Love It. The scrubs, whips and rev sounds could be better. Cause ure almost always on high rpms. Feels very competitive, the speed feeling is great, the game feels pretty immersive. Would like a FOV adjuster, would be alot easier to jump if you cold have a wider FOV in first person. Just keep improving. This is ur best racing game so far!",True,1541692973,0,0,0.5,2,1336.0,5035,76561198021382124
798290,43220670,"This game is great, A lot of fun to play. All the extra options in setting up the bike for each track feels like it means more than in previous games. 

My biggest complaint is i only play in 1st person view and for some reason you guys still have it set up like supercross where every race you start in 3rd person and you to wait till the gate drops to change views. Can you guys please address this? its annoying to always start at the back of the pack cuz i have to change views!",True,1530461202,0,0,0.5,2,1364.0,5938,76561198073921203
798290,65305883,"This game is just fun... The physics are so much more playable than MXGP 2019, and it's nice to be able to scrub without going 100 mph over a jump. If you like arcade physics, keep in mind this game was supposed to be Milestone's more sim based moto game. Overall great game Milestone!",True,1584589018,1,0,0.519230782985687256,2,2478.0,4660,76561198272279312
798290,182390062,"Love this game, once you do the training and dial a bike setup its my favorite MXGP game other than 3, i also loved it on PS as well, completed the Extreme Career mode on there and got both the exclusive gear sets, now doing the same on PC",True,1733805315,3,0,0.556917667388916016,1,1483.0,5968,76561198447318391
798290,58466312,just go wide open,True,1574969180,1,1,0.514563083648681641,0,5220.0,7903,76561198114385571
798290,63407074,"[h1] Introduction [/h1]

This is and in [b] Depth Review for MXGP Pro [/b]. If you don't want/have the time to read this just ignore the post. If you like it please leave a thumbs up and helpful!

[h1] Gameplay [/h1]

The Gameplay of MXGP Pro is [b] smooth and easy to understand [/b] with the help of the tutorials and you will learn how to play the game in no time. If you have never played a MX Bike Racing game before start with a low difficulty and turn it higher after every race until you find a difficulty level that suits your skill. I recommend starting with Semi-Pro Physics and switching to Pro when you feel comfortable to do so.

[h1] Career [/h1]

The [b] Career Mode [/b] is nice but it is lacking a few features like fuel consumption for example. Before a Race Weekend the game let's you choose what sessions you want to play (Qualifying, Qualifying Race, Race 1 and Race 2), after choosing the lenght of the Weekend you will start in the box setting up your Bike settings (gearing, throttle and brake response, ecc...). The setup of the Bike is easy to understand and learn.

The qualifying sessions are just like in the real races. You have 25 Minutes to make a good time.
After the qualifying there is the race, you start in grid at the position you qualified, from now on it's self explanatory, just give it all you can to Win the Race!

In the [b] MotoGP™20 Career Mode [/b] you can will start in the MX2 Class (125 2-stroke and 250 4-stroke). You will have to choose a Team to ride for with your fame points (at the beginning you will ride for a smaller team, the more fame points you make, the better teams will be available for you to choose. After choosing a Team you will be able to decide which Bike you want to ride for the season and you will also be able to change the look of the bike (colors, mods and livery). The Career Mode of MXGP Pro is very well made and a step up from the previous game. It's a lot of fun and quite realistic!

[h1] Graphics [/h1]

The Graphics on MXGP Pro are [b] fine [/b], nothing too special, but still nice to see because of the motion blur which gives it a more cinematic feel and look. The textures and bikes models are flawless, the sky and track details are good, the Motion Blur is enough and not annoying (you can setup how much you want), the Game is also well optimized so you will also be able to run it on lower end PC's. The Movement of the Bike and the Rider look pretty realistic and smooth, there are some minor bugs with the Rider's movement but they rarely happen.

[h1] Audio [/h1]

The Audio of MXGP Pro is fine, the only bummer is the 2-Strokes and the lack of power and aggressivity in the Sound of the Bikes, which makes it less realistic. But we all know that's hard to do.

[h1] Difficulty [/h1]

If you have never played a MX Bike Racing Game before you will take some time to get used to the racing lines, braking and bike movement whilst braking. After getting used to it, it's just a matter of getting faster and faster on Track and improving the feeling and safety (crashing less). I found it that not having played a MX Racing game before, after around 40 Hours I am feeling good at Max Difficulty (realistic), being able to fight for the win on tracks where my feeling is good after the practice, and for the Top 5 where the it's not. BE Hard to yourself when setting up the difficulty of the Game, this gives you a challange and makes the game fun and hard!

[h1] Multiplayer [/h1]

The [b] Multiplayer [/b] is pretty much dead so you will have to play with friends in that case.

[h1] Game Time [/h1]

To complete a Career it takes time (19 Grand Prix's), and to win MX2 and MXGP it is goind to be many hours you will spend on this Game, so be ready to play this game for a long time if you are looking for these results and good deals from good teams.

[h1] Price [/h1]

I bought this Game during a sale for 15€ and it was well worth it! I am guessing a good price for this game to buy it would be around 25€ during non-sale periods.

[h1] Conclusion [/h1]

I am happy with this Game, it is a lot of fun if you are a fan of [b] MXGP and MX2. [/b] I give this Game and [b] 7.5 out for 10 [/b] with the only negative points being that it's very time consuming and the sound lacking in development and there are a lot of nice features missing, that they could add for realism and fun. I hope my in-depth review helped you to choose if you want to buy the game or not! :)

- Review by [b] Sneax [/b]",True,1581545872,0,0,0.5,1,3674.0,4903,76561198095384560
798290,169690403,good,True,1720797042,0,0,0.5,0,3785.0,3786,76561198236797136
798290,43314190,"[h1]Hands Down The Best Motocross Game To Date.[/h1]
I've played and enjoyed every MXGP game and enjoyed the crap out of MESX.
[i](..and yes I've also played MX simulator, which is also not realistic btw so stop saying that, but it is lots of fun)[/i]

With that being said this is by far my favorite handling so far, so many nice improvements from the previous games.

I can relate to why a lot of people are rating the game down though. The handling is much different then previous titles, I myself was at first put off by the new handling and even found myself getting frustrated, but after giving it some good time to learn and let it sink in it's now easy to control the bike and natural and now I absolutely love it and welcome the change.

I read one review that stated it's handling is the same as MESX, that is simply not true, it is much different.

[h1]Major Improvements:[/h1] 
+Throttle Control: The biggest improvement which I believe is the cause of many negative comments on the game is that you now need to modulate the throttle for the turns. Turning sharp with full throttle is going to slide you out into a crash and I love this! To me it actually gives the bikes a feeling of having a bit more power to them which I felt was lacking in previous iterations. If you let off the throttle, brake/ turn, shift your weight right, you will be just fine ;)

+Landing Jumps: Landing your jumps correctly is now vastly more important than the previous titles, cased jumps or a big jump that bottoms out your suspension is going to cause you to crash, this was needed so badly. Sure on multiplayer if you weren't  landing the jumps right it would cause you to lose the race but the feeling of how much it matters was never fully there before and because of this a few sections were actually faster to not do them correctly.  

+Tracks: Compared to MXGP 3 the tracks just feel much more lively to me, much better jumps and the look and feel of the terrain is over all much better, way less flat lots of little details and uneveness.

[h1]Nuetral:[/h1]

-Terrain deformation It's there but minimal, don't expect deep ruts or anything forming on turns in the wet, after a lot of laps the tracks will just seem a bit more slippery and on straights riding where others have will feel slightly more smooth. Stilll cool to be able to see where everyone has ridden though.

-The snap-on to berm physics which made riding around a berm in MESX a breeze (albeit a bit strange to notice it snapping to it) is now gone. Have not decided yet if this is good or a bad change.

-The whips: doesn't really affect racing but I'll agree not the best.

-Still no female riders

[h1]Negative[/h1]

AI: I know a lot of people are saying the AI is much harder but once you get used to the game and get good with an upgraded bike.. the ai is still too easy which has been the plague of every MXGP game so far. I think a lot of people just forget what it was like to race starting out in the other games before their bike was upgraded, and before they knew the tracks.

--No Level Editor, so stuck with the tracks they give us. Which are fantastically made but limited in quantity 


[h1]Additional[/h1]
++: I play in exclusively in first person, so all impressions are from that point of view. Milestone has really nailed the first person camera in their games. The way it feels and looks is so natural.

Tip: You know that rewind thing (the thing that you never use because it feels like cheating and you feel like a noob using it)? Try using it in this one at first, but specifically as a learning tool, it will help you greatly in learning the new handling then turn it off once you got the hang of it.",True,1530765758,3,0,0.490616291761398315,1,1520.0,2283,76561198054449530
798290,55931972,good game,True,1572486322,0,0,0.5,0,2061.0,2899,76561198381482006
798290,157063128,IS VERY FUN!!,True,1706466635,0,0,0.5,0,1570.0,1890,76561199061155918
798290,197176919,If you can manage to get it to open and it loads on the right monitor then Its a pretty fun game until you discover MxBikes lol,True,1749863876,0,0,0.5,0,2556.0,2556,76561198845718005
798290,50680202,"Well, it's similar to the previous games, but with improved graphics and physics. Some of the same tracks return and some new ones appear. I love that they added the 2-strokes. But nothing will ever beat MX Simulator for the most realistic motocross game.",True,1558064365,0,0,0.5,0,1509.0,1534,76561198121680519
798290,53250331,Good Game,True,1562106616,0,0,0.5,0,2482.0,4411,76561198813465666
798290,62164287,GOOD GAME,True,1579575291,0,0,0.492957741022109985,0,1217.0,1426,76561198800017714
798290,43342887,getting steezy so much fun a lot better then they have been definately going places here,True,1530855575,5,0,0.537555277347564697,0,1181.0,2292,76561198041122065
798290,67636531,is there any patch anytime soon ?,True,1587313995,0,0,0.5,0,3080.0,3494,76561198871119484
798290,140743355,Pretty good MXGP game. Lack of long term support by Milestone takes away from overall title. Physics are challenging and career mode is some-what shallow. Worth a buy on sale if you like motorcross and don't want to play a supercross game.,True,1687799067,0,0,0.5,0,2564.0,2564,76561198838420849
798290,90970257,Very good game like the tracks the bike and the enduro section,True,1619467363,0,0,0.5,2,2635.0,5496,76561198878216099
798290,136262270,this game is good,True,1680862407,0,0,0.5,2,7962.0,8616,76561199002583560
798290,89823714,Vrro o mVro o m,True,1617710403,0,0,0.5,0,4118.0,5812,76561198451213405
798290,43321567,"A good improvementy upon MXGP3.

Do the Training.

Play with Bike settings on Pro and it really makes a difference to handling. 
Physics feel good, take some getting used to, don't expect to be able to go full gas through every corner, throttle control actually matters.
Enjoying making my way through normal Career before tackling Extreme one race at a time.

Missing MXON like MXGP3 

I don't do Multiplayer so can't comment on that. Singleplayer is solid :)
Shame the Ruts don't do much and the whips are a bit meh Otherwise great game.",True,1530790221,4,0,0.536516845226287842,0,2104.0,5221,76561198127525240
798290,198243986,best game ever,True,1750999902,0,0,0.5,0,1524.0,1652,76561199522950992
798290,154796231,ALL TIME BEST MOTOCROSS GAME EVER!!!,True,1703934272,1,0,0.523809552192687988,2,4151.0,8869,76561199014733205
798290,46004147,"Very Good game losts of fun, Offline and Online.
Would recomend if you are into the Motocross schene or genre.
Good for a Pissa Bout.",True,1542831821,0,0,0.5,0,2813.0,6294,76561198342810755
798290,43367524,"Fun. Challenging. Captivating.
All the parts, bikes and sounds you love.",True,1530938556,3,0,0.513385593891143799,0,1652.0,4392,76561197998911383
798290,43172454,👍,True,1530318345,0,0,0.460674136877059937,0,1289.0,1456,76561198263358402
798290,133266910,"One of the best versions of MXGP (IMHO). Has the physics of the classic and well-respect, MXGP 3, and, it features new tracks. Had man a battle back in the day with all kinds of fast guys-- it's a shame the later versions of MXGP change the physics away from this type.",True,1676942504,1,0,0.523809552192687988,0,20108.0,20709,76561198039987665
798290,182712767,Whips need to be fixed but other than that the game looks good and is fun doing races,True,1734169097,0,0,0.5,1,2125.0,2262,76561199200776198
798290,72800204,Really good and stable game for people who like motocross. Physics could not be better honestly in my opinion.,True,1594923887,0,0,0.48571428656578064,0,2421.0,3273,76561198839347571
798290,82455682,SO EPIC,True,1608067650,0,0,0.5,0,1295.0,2692,76561199062833495
798290,43366614,"First off, let me start by saying that I am a hard person to please when it comes to MX/SX games. These games are my way to get a taste of racing after I got hurt and couldn't ride anymore... Like many people, I have been waiting for a game that not only provides the mechanics, physics, licensed products, etc.- but also the things that aren't usually focused on by these developers: exciting racing. Milestone has given me hope that this dream game will exist- sooner than later.

The usual MX game experience:
1) Ride a stock Chinabike while wearing ugly gear
2) Think to yourself ""great- another floaty turd of a game""
3) Unlock some steezy threads
4) Grind the career to unlock tracks and a 450
5) Finish said career
6) Buy DLC name-brand bike(s)
7) Rinse and repeat
8) Do this all until you get bored of it and go back to a FPS shooter

This game does not provide any of that garbage. The new physics and features of this game add an excitment that I haven't had playing a motocross game since Reflex. What separates this game from the previous releases? The extreme career, paired with the improved physics and deformation (IMO). It's been a long time since I've raced, but I think that Milestone has done a really great job making the game as realistic as possible- without being impossible to make it through a race without biting the dirt. For once, I haven't won every race (unless I restart multiple times)- which is a welcomed improvement over past Milestone games (where you literally cannot lose to the AI unless you suck).

There is still much to do on the side of realism and the career (where did our official team sponsorships go Milestone?), which is lacking compared to previous MXGP games. I would also like to see:

- Popular MX fonts to customize our jerseys and number plates (so that we can look as cool as the official riders)
- Offical team rides (like there used to be in MXGP games)
- The ability to have sponsor's logos on your gear
- Further improvements to the new physics system (mainly ruts and deformation)
- Fix random crashes, incorrect timing/scoring/results
- Make the game not crash when I try to select a Yamaha 450 in career mode (literally cannot select this bike without the game crashing immediately)
- Improving the features added to this title- they're all great additions to these games!

All in all- I highly recommend this game. It's the best MX game (IMO) to date. Can't wait until the next SX game!!!

#FreeTheWhips",True,1530934753,2,0,0.501466274261474609,0,4519.0,27208,76561198206525656
798290,129060180,fun ahh game they jus needa add a city map,True,1671758888,0,0,0.5,0,2833.0,3347,76561198403250352
798290,44166528,"I don’t do many reviews but, as someone who hasn’t played motocross games since early 2000, I thought this warranted a comment. I really just want to relive motocross for nostalgia so I started looking into games with updated graphics so that I could stomach the experience. I watched HOURS of lets plays of so many games and for the life of me I couldn’t decide. I played every demo possible of previous games and still wasn’t sure. So I caved and bought this game and I’m super glad I did. At first I wasn’t having fun, I felt like an idiot because I was trying to play it like an arcade game and it was just not working. So I decided to turn on pro physics and play “very easy” AI so that I wouldn’t get totally creamed. I still got creamed. But slowly I learned and realized it seriously is more about racing the track than it is racing other people. I have played the two newer Need For Speed games and had a good time with them, but man, they’re just nothing like this game. As a person you prefers story and strategy games, somehow I still got hooked in this. It’s just so rewarding to get things right and understand what’s going on. It’s challenging but worth it in my opinion. I seriously have spent the first 9 hours literally just learning how the games works. Maybe that’s because I’m dumb but whatever. Anyhoo. those are my thoughts.",True,1534341942,0,0,0.5,0,1180.0,1359,76561198048135680
798290,165686074,,True,1716138753,0,0,0.5,0,6741.0,6804,76561198322547378
798290,83851795,.,True,1609624933,0,0,0.5,0,3325.0,4888,76561198351847038
798290,177229678,YES YES YES,True,1729194560,0,0,0.5,0,1246.0,2480,76561198880589438
798290,43232636,This game is incredible!  First person view on a 2 stroke ripping around is so fun.  The graphics are super crisp and the sounds are spot on.  I never got this much immersion from playing any other bike game.  Very challenging but it also manages to feel super rewarding.  I don't know what the negative reviews are all about but I highly recommend this game it's just so much fun.,True,1530497431,0,0,0.499088436365127563,2,2394.0,7193,76561198011131911
798290,103565985,"So, I've been into motocross games since a little kid. I've riden dirt bikes irl too. Big fan of the MX vs ATV series, but this game is whole new level of awesomeness.

Amazing Unreal Engine 4 graphics, realistic sounds, realistic 2-stroke physics, realistic physics in general.

Alot of tuning options for the rider and the bikes, alot of different tracks. Different weather conditions (rain, sunny, foggy etc.) 

This game is a MUST BUY no matter if its on sale or no, just go and buy it, its very fun game to play, especially if you love dirtbikes like.",True,1637794241,0,0,0.5,0,1289.0,1948,76561198139736589
798290,107566937,best msgp yet,True,1641614413,0,0,0.5,0,1185.0,4026,76561198053902109
798290,126635740,Simply the best of the best in MXGP Milestone games - MXGP PRO!!,True,1669305209,0,0,0.5,0,4349.0,7358,76561198011722034
798290,44308476,Got some good bangers in there boys,True,1534927973,0,0,0.5,1,2442.0,3867,76561198045010760
798290,212784099,yz250....,True,1765121906,1,0,0.523809552192687988,0,2655.0,2691,76561199087357060
798290,57727131,great game play,True,1574544463,0,0,0.5,0,8898.0,10229,76561198274185753
798290,120237400,fun with friends,True,1659900240,0,0,0.5,0,1956.0,2301,76561199053104000
798290,43412297,This game is hands down my new favorite motocross or supercross game. The learning curve on this game is quite difficult but I think it is great how you cannot just pin the bike and fly around and off the track like on other games. You are forced to race the track and utilize throttle control. I am guessing everyone crying about the drifting has never even ridden a motocross bike because it actually feels pretty realistic!! Five stars!!!,True,1531094586,1,0,0.476190477609634399,2,2335.0,2649,76561198210464857
798290,115662155,they buffed it,True,1652914005,0,0,0.5,1,4860.0,7467,76561198095740013
798290,137618177,"..,",True,1682949504,0,0,0.5,0,1562.0,1888,76561199217945067
798290,104798710,,True,1638252873,0,0,0.5,0,1641.0,1657,76561198196691583
798290,43168165,"Review after 20h:

Pro:
-The graphics are amazing
-Sounds are more or less real
-It is not so easy to ride of you ride the first hours but after time it is really nice to ride


Contra:
-Multiplayer has no Serverlist or a Menu to join a lobby you just drop into one you cant see
-Sometimes you crash and you respawn and crah again 


All in all it is a nice game with some little bugs and Milestone should fix them fast.",True,1530305047,2,0,0.535080313682556152,1,1380.0,2828,76561198116745198
798290,85739971,it good,True,1612159191,0,0,0.5,0,1173.0,4990,76561198880273743
798290,43289094,"i will keep this short and to the point. 
1.  The so called ""scrub"" is more like a slight bike lean and a wanna be whip that does absolutely nothing except
throw you down on the ground . Hardly enough time to get it back straight.
2. Preload...What preload?
3. Landing a big jump, sometimes you get lucky ...most times you end up on the ground.
4. Graphics are top notch and some of the best ive seen.
5. Gameplay in general is pretty good , just wish the Ai was a little more realistic like getting into a corner or passing 
in a corner , you just ram into them and bounce back or get slowed down. there is really no real feel to it.
6. The bikes seem to over rev from takeoff and take awhile to get up to speed.

I feel like the game was rushed to finish and should have had these key points fixed before launch.

                With all this said.......i still enjoy playing all MXGP games as they are the best to date in my opinion
                and i still recommend this game to anyone that is a motocross or supercross fan, just wish these
                issues would have been ironed out.",True,1530685920,0,0,0.5,0,1662.0,1973,76561198364174658
798290,174679700,good mx game,True,1725988287,1,0,0.523809552192687988,0,1710.0,2515,76561199495620354
798290,43183155,"This game is one of the best Mx games i have played and that just shows that milsestone are starting to put really much effort in to their games. the new compound are just amazing with the Enduro tracks and mx tracks. 
you do not need to have such high spec pc that they say you need, i thought that i would have to little Ram but i have no problems with frame drops or anything and i play on Ultra graphics with everything maxed out. 

Specs:
Intel i5 7600K , 3.8GHz
GTX 1050TI Strix
8 GB RAM

so overall a good game with great physics and the bikes are starting to behave more and more like they do in real life, and i just love that 2 Strokes are back in the game.",True,1530355626,0,0,0.5,1,1355.0,8920,76561198157221948
798290,132958512,W,True,1676541773,0,0,0.5,0,3245.0,3805,76561198174666834
798290,102452911,its very fun game,True,1636404191,0,0,0.5,2,3361.0,4268,76561198991441245
798290,47225269,"What's funny is that all the bad reviews are from people who either don''t have hours on the game or just don't know how to ride. THE GAME IS ONE OF THE BEST MOTOCROSS GAMES TO DATE. The physics, free whips and traction are cutting edge...the longer you play the game the more fun it becomes (arguably because the better you get at it).  I'll admit the whips are not as 'free' as we want but what do we want? The game isn't super easy maybe like MESX previously released but we need a challenging game and this provides that...  Whipping in the game does as it should, saves times over obstacles if done correctly and can look sick.  Try whipping every jump and winning if you want real bubba style points...
The AI is a joke but when a full server occurs its turns into epic racing. Even though the 'net code' aka smoothness between multiplayer is garbage compared to other racing games, there could be more than we understand to making complicate multiplayer racing games. Overall great game....",True,1543645717,15,0,0.599113106727600098,5,18647.0,20566,76561197963322249
798290,140401411,it is good,True,1687285993,0,0,0.5,0,1314.0,7433,76561199206617778
798290,195859900,so funn,True,1748477133,0,0,0.5,0,1238.0,1492,76561199619439087
798290,115921335,game is ok,True,1653355144,0,0,0.5,0,5235.0,11285,76561199122026048
798290,137649512,"Excellent virtual MX game for an old timer who used to race a long time ago when the idols and heroes such as Roger DeCoster, Heikki Micola, John DeSoto, Mark Blackwell, and so many more that I could name and was fortunate enough to meet and watch them race at the International Motocross Events.
Honda Hills of Ohio was a favorite International track that my friends and I used to travel to anytime the American and European teams would compete. Racing at its best!",True,1682985613,0,0,0.5,2,2512.0,10165,76561198168187526
798290,57038934,i love this game the whips from 3rd person look a bit odd but the physics are pretty decent i would recommend this game to my mates 4/5,True,1573557690,0,0,0.5,2,1758.0,3778,76561198987490908
798290,150035488,"Good MX racing
Physics can be a bit unpredictable",True,1699832500,1,0,0.523809552192687988,0,4845.0,5305,76561198069093436
798290,50588161,"Had fun with the game, but the lack of competitive AI makes it really boring after few hours playing it. With some laps on each track and after you managed to learn the track it gets really easy to win every single race. 
Even on Extreme difficulty the only way it makes the game competitive is the fact that when you crash you can't rewind, something you can avoid just by being a little bit more careful. I want to be able to rewind but have a more competitive AI. The fact that you can win every race after you get the hang of it really makes you lose the interest on the game. 

Every other aspect of the game is actually great. With a better AI I could totally agree on the 50€ pricepoint.

Games like Motogp18 or F1 where you can select the difficult level between 0 and 100 or 110% is the way to go. Giving every player the choice to choose the difficult that's appropriate for them and being able to progress and getting better with time.
 PS: To give some perspective,to win a full championship on Motogp18 on 70% it's really a challenge for me.",True,1557570343,0,0,0.5,2,1299.0,1606,76561198361680454
798290,195649330,"Being a veteran of MX games growing up, from Mx Reflex to legends and some of the early mxgp games this game blows alot of them out of the water, sound, graphics, gameplay, race battles with the AI give you a run for the money. 10/10",True,1748200729,0,0,0.5,0,2608.0,2651,76561198145915775
798290,77089399,I love the game and its not super realistic tho but its good,True,1601920772,0,0,0.5,2,2886.0,3738,76561198995008773
798290,77152824,great really fun,True,1602030648,0,0,0.5,0,2866.0,4916,76561198967447241
798290,43225331,does anyone know how to change your sponsors in the career mode?,True,1530473545,0,0,0.466666668653488159,0,1193.0,1791,76561198799613929
798290,156379326,do it dude      you`ll love it,True,1705759574,0,0,0.5,2,1739.0,2839,76561198036182740
798290,117855992,"Good game, worth to buy",True,1656504931,0,0,0.5,0,2081.0,2204,76561198263331270
798290,106412434,it is amazballs,True,1640337425,0,0,0.5,0,4185.0,7067,76561198940977162
798290,189910346,mantap,True,1741651443,0,0,0.5,0,22824.0,43168,76561199027157363
798290,68249444,"Thanks for this game, love.",True,1588178575,0,0,0.5,0,1367.0,1708,76561199045589078
798290,147780597,One of the Best Motocross Games to grind Achievements = MXGP PRO,True,1696653793,4,0,0.583333313465118408,0,1419.0,1419,76561198017170162
798290,133251762,william fuskar,True,1676922002,0,0,0.5,0,6549.0,8645,76561198070882024
798290,43298714,A step in the right direction. Really enjoying the realism and is the best MXGP yet imo...,True,1530715349,0,0,0.5,1,2865.0,6058,76561198036193866
798290,53676701,One of the best dirt bike games I've played and is for sure the best of the mxgp series.,True,1562341186,0,0,0.5,0,2267.0,4641,76561198366024274
798290,210659225,to be very honest this is the last best one out of all the recent MXGP titles. This one and the ones before this one are pretty spot on with fair and smooth mechanics. Highly recommend this one! avoid the newer ones trust me!,True,1764104438,0,0,0.476190477609634399,0,2732.0,2844,76561198023296898
798290,144813236,125 husqvarna valit,True,1692735225,0,0,0.5,0,1730.0,3364,76561198160592478
798290,71931706,"The Career mode is too classical but the driving is so good you’ll soon forget all the obvious flaws. Demanding and challenging, this is the MX game fans had been awaiting for so long.",True,1593761224,49,2,0.759851932525634766,0,266931.0,267361,76561198393005716
798290,48754295,"I think is 1 of the best motorcross games out there, I hope they will make it more realistic with the bike power on the 450cc.
It´s to mutch arcad about this game, make it harder and more realistic. Please!!!!",True,1549290103,1,0,0.50354611873626709,0,2719.0,3370,76561198076918142
798290,68701549,"It's one of the best cross games out there, BUT how many cross games are there out there? not many huh.

It looks and sounds good BUT the physics are.......RANDOM!!! you can do the same exact thing over and over again and different things happens most of the time, it's fun to customizing your cross whit that kind of game physics  :) 
(not really KYS)

Customizing how your cross style is a bit of a pain in the brain too, oh you want to colour your cross 100% white or what some strange colour combination like black,yellow and white?
Sorry there is no white stickers or paint, you paint your cross like WE want you to paint it like,

and when you start a game......you have 20 sec to decide what map you wanna play and yes you have to wait it out, 20 sec to decide if you want to play whit some hotshot cross driver and his settings and so on.
20 sec to decide what weather you want to have on the map........20 sec to decide your cross setup (springs,gear and so on) then you RACE WOOOOOOOH and when everyone is done YOU STILL HAVE TO WAIT ANOTHER 60 SEC AND AFTER THAT SCOREBOARD WHIT ANOTHER 40 SEC.......why the retard?
(sec may vary)

Why not do like every other racing games ever?
Admin decide what map weather and so on in the lobby and when everyone is done racing you just have to press continue and back to lobby whit you.
That way you can keep your racing adrenaline and just race on but no fuck you here is a brickwall of waiting time for no reason.
 

So why buy this game when there is not much good about it?
Eeeeh imagine it's late at night and your drunk ass want some food and there is only two places open, that one shitty pizza place where you get coal bottom oil pizza and Mcdonald, OFC you are gonna pick Mcdonald but it's still taste like shit but you are hungry so what can you do........

The devs of this game ""fuck you, my way or the highway my autism decide what to do when to do it""
(BTW you can see a ""downloadable content"" option in the menu but there is still no downloadable content, great devs.....just great....)

Just buy this pain simulator of a game.
You will love it.",True,1588808528,3,0,0.556650280952453613,2,2229.0,4628,76561198003355103
798290,200453286,Good game,True,1753292791,1,0,0.523809552192687988,0,2491.0,3303,76561198965796505
798290,43200120,"Two good steps forward, one big step back for this franchise.

I'm enjoying the more challenging cornering and ground physics. It really shines on rougher tracks where finesse is key to maintaining good speed and fast lines. I also really appreciate a more open tuning system to get your bike setup the way you like it, and tune your bike for your lines at different tracks and surfaces. These feel like really awesome improvements to the gameplay.

I really love the choppy rutty tracks in this game with these 'pro' physics setup. It takes way more finesse and control, and feels awesome. I've noticed in longer races, the deformation eventually just flattens out the lines, rather than make them choppy or blown out. I get why this works this way, but it would be cool if lines got rougher and harder over time, rather than smoother. This is really apparently in long motos, where the A.I leaves a 5 foot wide perfectly flat race line through the whole track, which brings me to my next point.

The AI seems largely unchanged and is as slow and one lined as any of their other games. They simply follow the same path around the track lap after lap, never changing lines and providing only a challenge for the first few motos while you get comfortable with a setup. After I found a good base setting in my second ever moto, I've been easily 2-5+ seconds a lap faster than the A.I, which is hugely dissapointing. By my estimation, Milestone expected the increased riding difficulty meant the A.I is inherently more challenging. It works to a degree, and I think they're probably on to something with that formula. If the A.I took different and varying lines, which made the track rougher and more difficult over time, riding smoothly and fast would be more challening, making the whole game much harder and more fun/realistic.

The most maddening step backwards is the in air controls. The scrub and whip, apparently 'helped by' Tim Gajser is the absolute wost it's been yet. Gajser, while an amazing rider; is apparently a very poor gameplay designer. I am mostly shocked that they took such a huge step backwards on a feature seemed to be improving all too slowly. There is no longer any 'feel' in trying to lean off a jump, it doesn't matter how fast or slow you move the control sticks, the rider simple snaps the bike sideways in which you have to counter steer back to land safely. It's absolutely madenning how bad this is, at least in MXGP3/MES you can control the speed and amount of english you put on the bike. Why are you struggling so hard with this Milestone? I just don't understand after all these years of being dragged kicked and screaming to adding more control and feel, you've now completely gone backwards again. It just doesn't make any sense whatsoever.

Graphics are great, sound is great. They're continuing to up the fidelity and it all looks and sounds awesome. The career mode and sponsor stuff is all fine and pretty good so far. It also runs great on my iMac with bootcamp. I'm really bummed there is still no FOV adjustment for those of us who primarily ride in first person.

Overall it's a fun game, and a welcome installment. I just wish the A.I could go as fast paced as Milestone does at releasing these games.",True,1530399756,2,0,0.481510013341903687,1,1600.0,4557,76561198025006352
798290,54187039,"Apparently I never reviewed this one...bit late but it's better than never.

Here we have the best MXGP game so far, but ""Pro"" physics are a joke, all ""Pro"" changes is the game will eject you right off of your bike for [what Milestone considers] the slightest over-jump. LOL!

""Semi-pro"" is the good old MXGP physics without the BS. Most of the major reviewers are much too egotistical to even try ""semi-pro"" physics (because they are SOOoooo pro, you know) thus most of the negative reviews - including Youtube - reflect the opinions formed around the garbage ""Pro"" physics. Just save yourself ALL the hassle. Semi-pro physics are *exactly* the same as Pro physics without the awesome experience of being ejected off of your bike constantly for trying to land jumps that these riders easily land in real life, no problem.

No matter the physics setting (standard/semi-pro/pro), ruts and berms do not have the overpowered electromagnetic attraction that was so apparent in MXGP 3. You have to go almost too slow to hook a berm, and finding and catching ruts is a fools errand. Milestone needs to find a balance between the gravitational pull of the sun that was berms and ruts in MXGP 3, and the weak sauce that is ruts and berms in MXGP Pro.

Traction is less than past MXGP games, yet grip was too high before. Here you will need a semblance of throttle control wherein past games you could quite literally pin the throttle almost the entire time.
Again, FIND THE BALANCE, Milestone...

Whips and scrubs have never been better, and honestly anyone that complains is a newb (that probably hasn't completed the ""tutorial"" and unlocked better whip/scrub ""technique"") and should just shut up. They are better in this game than even Monster Energy Supercross (and MESX2), and certainly better than previous MXGP games.

Graphics have been improved tremendously, rain isn't absolutely terrible looking anymore, reflections are great. Animations are much better now.

You can no longer cheese the starting gate for guaranteed holeshots, and beyond that there are many more small and sometimes subtle improvements, which I won't get into here but if you are an MXGP fan you will notice them and appreciate them.

Bloom appears to be broken on Qatar/Losail, so if your FPS and performance tanks on that track, disable the bloom effect and re-enable it once you complete your races there.

Contrary to almost anything you'll read or hear about it, terrain deformation does in fact exist here, and it's pretty decent actually. However, as mentioned previously in regards to ruts and berms, it doesn't actually affect much...other than making you crash more often if you play with Pro physics. Ha...ha...

Because Milestone.",True,1563582638,10,0,0.548883616924285889,1,4784.0,6837,76561197989408216
798290,123229483,"Graphics, Bike Control, Realistic sounds, Realistic Bikes",True,1664723793,0,0,0.5,2,1222.0,2813,76561198816578288
798290,51122550,"I really enjoy this game, it is imo the best MX game. Would deffintely enjoy more tracks, but I can't complain, because it involves all the MXGP tracks. Overall a really good game.",True,1560015476,0,0,0.5,0,1524.0,5833,76561198104903662
798290,87862067,because its mx gp,True,1614900250,0,0,0.5,0,1442.0,4036,76561199108834160
798290,138806663,Best one yet,True,1684808366,0,0,0.5,0,2762.0,4178,76561197971262152
798290,43523919,Really addictive in first person,True,1531572396,0,0,0.478613793849945068,0,2472.0,5056,76561197990891363
798290,77080054,its so fun,True,1601908006,0,0,0.5,0,1399.0,1424,76561199025208745
798290,165491871,"Only, ONLY, if you have at least the Ranking of "" Semi-Pro "" and your goal is a Championship .. If you want, give it a few Laps. The game is very strict on going off track. ( rules & regs ) . The track is demanding, but very realistic ! The crowds, the dirt, the sky, etc etc, are very life like !!     Ed Kania",True,1715893296,0,0,0.5,2,11228.0,56040,76561199079513642
798290,83073188,very good game for mx fans,True,1608850364,0,0,0.5,0,4790.0,7016,76561198984445413
798290,122561526,.,True,1663719479,0,0,0.5,0,1747.0,4375,76561199119847049
798290,43152714,"Milestone has stepped it up again. This game really deserves the ""Pro"" title instead of MXGP4. The new feel of the game takes a little getting used to with Pro physics turned on, but it is definitely a new experience once you get it put together. I know it may seem small, but the ability to change the size of your name / number on the back of your jersey is something they needed to do ever since MXGP2 and it's finally here. Now your rider finally looks like he belongs in the pro field of riders instead of an afterthought. A minor detail that makes a big difference (considering your look at the back of your jersey all of the time unless in 1st person view).

Monster Energy Supercross had an issue when you used 1st person w/ goggles while playing on a 21:9 ultra wide monitor. The goggle overlay only covers the 16.9 portion of the screen leaving a section on each side with no goggle overlay. The problem continues in this title as well. Hopefully they can fix this because I would much prefer to race in 1st person.

Otherwise, the game is great. I see plenty of hours getting put into this title and it's going to be a blast!

*UPDATE* = I now have about 17.5 hours playing the game. It went from being exciting because it was new, to frustrating because of the new feel of the game, to being the best experience I've had in a long time. If you're finding yourself aggrevated with the game because of how it controls or feels, just practice and give it time. If anything, I would say this is a bridge between MXGP3 and MX Sim. It's bringing more realistic motocross to your PC and once you get the hang of it, you should enjoy it as much or more than any other.",True,1530266719,10,2,0.571581184864044189,2,1729.0,3314,76561197982852754
798290,62945977,"I love SX & MX so, i love any game that we get for our sport.",True,1580797258,0,0,0.5,0,1172.0,1172,76561198801323975
798290,66039975,ITS NICE,True,1585429810,0,0,0.5,0,5412.0,20295,76561198427982463
798290,43960373,"Steam should change the review system to stars instead of tumbs up and down. I was searching for a motocross game and was thinking between mxgp pro, mxvsatv all out and moster energy. After some research i decide to go for mxgp, i own the 1 and 3(didnt like this one). I must say that alot of the reviews and youtube videos out there dont pay the real picture of the game, coming from the mx3 to this was a big and amazing jump, i have been playing the game as much as i can. I do know that apparently the devs promised some new features which they didnt put in the game or it was poorly implemented but still this game doesn't deserve negative reviews no F way!. If you want to play a motocross game go for it you will enjoy it, i will probably buy mxvsatv later on since i have been playing mxvsatv for years but right now i am very happy with mxgp pro. 10/10",True,1533539618,7,0,0.583386898040771484,0,1788.0,2268,76561198023563450
798290,49110435,awesome game!,True,1550621096,6,0,0.491178542375564575,0,1260.0,2529,76561198314914566
798290,43254120,"I have all the other MX/SX games from Milestone, and this is the best so far, handling is now far more realistic than MXGP3 and MESX and takes more skill to ride well. I'm glad I ignored the reviews and bought it. No stuttering here because I switched graphics to FXAA high, and fullscreen. getting av. 56 fps with a GTX1050 Ti on mostly high settings.",True,1530565680,4,0,0.505403041839599609,0,1466.0,3503,76561197993477115
798290,148240564,"I recommend for Motocross fans, but MXGP PRO had more problems than his predecessor MXGP3 (2017).

There is a improvement in graphics the sounds of the engines are very realistic, the handling are more sensitive and works good most of the time, controls are precise, the collision system is problematic and worse than MXGP3, the way that physics works can even annoying sometimes. MX2 are also included.

7.0/10",True,1697324260,0,0,0.5,0,2419.0,2419,76561197984830216
798290,45375865,Good game but milestone needs to take a look back at 'MXGP' the first one. The in air control was sooooo much better and the small things in the game still make it fun to play.,True,1540129516,1,0,0.514563083648681641,0,3435.0,6693,76561198821086902
798290,75870049,Limited free roam but its okay,True,1599942589,0,0,0.5,2,1359.0,1768,76561198381259766
798290,43182134,"Very satisfied with this game! Take the time to do the training in the game, it will familiarize you with the controls and give you passive skill bonuses that help you through the rest of the game. It took some time to adjust from Monster Energy Supercross, the handling is a bit different. Less forgiving when you overjump, case, oversteer, and hammer the throttle out of the corners. If you wanna get it for a good price go to CD Keys, I pre-ordered my copy from there for $29 USD, and I saw that it went down to $26 USD after it was released. Definitely pleased, just put the time in because skill doesn't exactly come natually in this one.

Pros:
- Graphics are pretty good!
- Lots of custom components and gear.
- Net coding is much better for online multiplayer.
- More bike brands are available.
- 2 strokes!!!
- Challenging AI

Cons:
- Respawn to instant crash sometimes.
- Bike graphics are glitched in the pits sometimes.
- Parts and gear cost a rediculous amount of in-game currency.
- Weather is always random in multiplayer... always.
- In-air physics are still pretty stiff.
- Most of the tracks are way too narrow.

===[ Audience: ]=== 
☐ Kids
☐ Everyone
☑ Casual players
☑ Pro players

===[ Graphics: ]=== 
☐ Potato
☐ Really bad
☐ Bad
☐ OK
☐ Good 
☑ Beautiful 
☐ Masterpiece

===[ Price/quality: ]=== 
☐ Full price
☑ Wait for sale
☐ Average
☐ Refund it if you can
☐ Don't do it

===[ Requirments: ]=== 
☐ 90' PC
☐ Minimum
☐ Medium 
☑ Fast
☐ High end 
☐ NASA computer

===[ Difficulty: ]=== 
☐ Depends on your skill
☐ You just need 2 arms 
☐ Ez
☐ Easy to learn / Hard to master 
☑ Hard (first few hours)
☐ Dark Souls


===[ Game time/length ]=== 
☐ Really short ( 0 - 2 hours)
☐ Short ( 2 - 8 hours)
☐ Few hours ( 8 - 12 hours)
☐ Long ( 12+ hours)
☑ Endless

===[ Story ] === 
☑ It doesn't have
☐ There is a story but gameplay isn't focused on it
☐ Still better than Twilight
☐ Average
☐ Good
☐ Fantastic

===[ Bugs ]=== 
☐ Game itself is one big BUG
☐ Bugs destroying the game
☑ Lot of bugs
☐ Few Bugs
☐ You can use them for speedrun
☐ Nothing

Rating: 8/10

Motherboard: Asus 970 Pro Gaming/Aura
GPU: GeForce GTX 1050 Ti
CPU: AMD FX-8370 Eight-Core Processor
Memory: 16 GB RAM
Current resolution: 1920 x 1080, 60Hz
Operating system: Microsoft Windows 10 Pro",True,1530352619,31,1,0.70279228687286377,0,2554.0,10439,76561198134312352
798290,68840995,Yeah nah the 2 strokes are a bit off but over good game lads,True,1589023224,0,0,0.5,0,2385.0,4047,76561198393254813
798290,68851385,gooood,True,1589036790,0,0,0.5,0,3382.0,6693,76561198941637966
798290,203005053,old school nice game,True,1756325691,0,0,0.5,0,1736.0,1771,76561198358021244
798290,61325353,Yup,True,1578190133,0,0,0.492957741022109985,0,1333.0,2674,76561198135397860
798290,43201172,"I'm having a sensational time with the game. It surpassed my expectations.

Coming from MESX, MXGP Pro is punishing and shows a upgraded physics in comparison to the Supercross title from earlier this year.

It takes a good amount of practice, for an arcadish game, for you to get the groove on.

I found it to have a good amount of stuff to chew on from the perspective of a skill based game. It's not a MX simulator neither MX Bikes level.


Best motorcross game I've played on. Deffinetly a recommendation, although it needs some patches love, on a down side.",True,1530403273,0,0,0.481412619352340698,0,1722.0,5678,76561197976826826
798290,48011428,"I own the original MXGP and thought it was a pretty decent motocross game compared to say, MvA Encore, the mere fact you can compete in an actual points based season that is modelled after the actual MXGP circuit is honestly something that will always put this series above MvA (MX vs ATV).
MXGP Pro is the only other game from this series I own and so for me it is a massive upgrade from ther original, graphically and physically. The in air physics are still not perfect and I only hope they move towards a more free Reflex sort of in air physics but it is a constant step in the right direction. 
The only big downside to this installment would be the lack of MXoN, which might not seem much but why remove it?
All in all this is, in my opinion, the most complete and authentic Motocross experience you can get in a video game, the sponsors, the detail, the tracks, the riders... If you follow motocross at all this is a must buy.",True,1546344842,6,0,0.60000002384185791,0,8061.0,10022,76561198065527035
798290,108171183,i like dirt bikes,True,1642375202,0,0,0.5,0,3301.0,7383,76561198104399768
798290,66415011,"Its funny seeing people without even 10hours playtime complaining about sliding in the game. What did you thougt your Racing on? Tarmac?
And btw it is the challenge in MX to find the Balance between full throttle and sliding, its not only part of the game but also the hard stuff irl if you wanna max your time.
So stop complaining about this pretty realistic physics and learn to throttle control and how to lean, than it would be no problem at all.
To the people complaining about falling of their Bike to often: How should you not fall down if you landing a 20m high jump on the flat ground without any slope? Just throttle down before the jump like irl et voila.
And before you think im playing with normal Physics: i play with pro Physics and Realistic Ki (wich sadly is relatively slow in dry contitions, but pretty fast in wet conditions wich could be improved)

Imo there is just one downside: the almost completely dead Multiplayer.",True,1585825813,4,1,0.573496460914611816,2,1219.0,1926,76561198284789453
798290,154743827,nice,True,1703881863,0,0,0.5,0,1761.0,10367,76561199103587861
798290,164961254,fun racing love rewind feature,True,1715220070,0,0,0.5,0,1299.0,1848,76561198029124334
798290,60969088,real,True,1577773852,0,0,0.5,0,5056.0,10480,76561198993089231
798290,45777625,"Lots of fun, don't regret spending my money on a game like this!",True,1542021497,0,0,0.476190477609634399,2,1187.0,1310,76561198198905894
798290,73415480,GAME TOO HARD?!?!!?!?,False,1595942209,0,4,0.469798654317855835,0,61.0,61,76561198152365200
798290,51419456,"I have MXGP 3 and played a lot of hours on it .... Love that game 
This game looks way better than the previous one, but the gameplay is so bad in MXGP Pro 
Don't buy not worth your time!!
Pros 
- Good Graphics
Cons
- Physics in this game is very bad 
- Whip animation looks like they didn't put enough effort into the game",False,1561368364,7,0,0.535604715347290039,0,204.0,2525,76561198156731972
798290,165111102,"please, I can't play this game because it stops on launch",False,1715398839,0,1,0.5,0,5.0,128,76561199444514080
798290,133998424,"Going in a straight line is great, however when you turn it's not great, you have to slow right down and turn, you can't slide around corners also you cannot do tricks.

You have two brakes (two buttons) which do not slide the bike and can be confusing.

Graphics are nice if you turn off TAA, FXAA and depth of field.

Get MX vs ATV Reflex instead, it might not be as pretty but it's a much better game.",False,1677874813,0,0,0.483870983123779297,0,62.0,62,76561198073206581
798290,83699030,"dont buy this, if your looking for a good mxgp game go get mxgp3",False,1609471831,9,0,0.583793759346008301,0,177.0,479,76561198808836102
798290,199609808,dodgy turning bike sounds like a chainsaw whips impossible so yeah terrible,False,1752317403,1,0,0.453968226909637451,0,129.0,129,76561199389040383
798290,183259869,I fucking hate this bullshit hdr i cant turn it off and MY FUCKING CONTROLLER WONT WORK WITH IT I HAVE PS4 AND YOUR SHIT IS SET TO XBOX,False,1734764834,0,0,0.5,0,43.0,59,76561198918272041
798290,66972886,Mxgp3 feels so much better than pro. Was disappointed.,False,1586456390,2,0,0.4796103835105896,0,10.0,10,76561198153799997
798290,138818654,I prefer MXGP 2019 than this game.,False,1684826133,0,0,0.5,0,15.0,15,76561198062085771
798290,43153630,"[Refunded]

The Handling is improved compared to MXGP3 but i feel it is just the same as Supercross but worse air and cornering physx, ''pro'' physx is the same as supercross.

The Ai's somehow they are worse than Supercross, they all follow the same lines, if you touch them you get sendt off your bike, they continue to ram into you sending you off the bike during races.

What happened between Supercross to this? now the bikes looks like they are floating again because you the player's bike is not making any dust/dirt fly off your wheels like the ai's, if you want a motocross game get supercross instead ''as of now''

The Game looks better graphic wise but it stutters like crazy no matter wich setting and rig you are using.

FIX THE AI AND THE STUTTERING Plz",False,1530269234,16,0,0.536116361618041992,0,73.0,73,76561198000262775
798290,50536400,I have all the MXGP games  as well as Monster Energy Supercross.  I get along fine with all of those but I struggle with this one.  I can't get the controls figured out.  Sometimes the bike turns and other times it doesn't.  I'm done with this one.,False,1557286149,0,0,0.5,0,113.0,896,76561198167708305
798290,48482450,"The game content is pretty enjoyable, but the support is non-existant. If you have multiple monitors, just avoid the game. It insists on opening on the left monitor of my three and the only way to get it to move is to disable all other screens. I posed a support ticket with the developer over a month ago and have received no response. Additionally, every time I open the game it seemingly forgets my resolution settings until I go into the menu. 

The actual riding is pretty alright, but there isn't really any feedback given as you start to lose traction in a turn so it is pretty hard to judge where the edge is. I found the AI to be pretty mediocre in the few races I played.",False,1548132298,2,1,0.518518507480621338,4,205.0,205,76561197980890707
798290,179807281,"Handling is good, graphics and sound are bad (even with HDR disabled in ini file).",False,1732563075,2,0,0.488416999578475952,0,101.0,101,76561198040839458
798290,50651585,"DO NOT BUY THIS GAME!!!! THE PHYSICS IN THIS GAME ARE A JOKE, THE BRAKES IN THIS GAME ARE A JOKE,THE BODY MOVEMENT IS A JOKE. THIS IS A HORRIBLE ATTEMPT AT A MOTORCROSS GAME. NEVER IN MY 20 YEARS OF RACING IRL HAVE I EVER EASED INTO A TURN. YOU LOCK EM UP AND DIG THAT MOTHER F****ER INTO BURM SIDEWAYS IF NEEDED. YOU CANT EVEN LOCK THE REAR BRAKES AT ALL LET ALONE LAY IT DOWN TO MAKE THOSE FAST TURNS. 100% WORST GAME IVE EVER PLAYED. THE GRAPHICS ARE BETTER THAN MOST BUT THATS THE ONLY UPSIDE TO THIS GAME I WISH I COULD GET A REFUND FOR THIS GAME!!!! HAVE THE DEVS EVEN BEEN TO A REAL RACE OR ON A BIKE AT ALL????",False,1557897607,8,1,0.484593421220779419,0,82.0,82,76561198963728745
798290,50994868,"Very shit made game to be fair!
Dont purchase this at all, not even a single penny worth.
Very disappointed!!!",False,1559402366,1,0,0.451127827167510986,0,145.0,205,76561198060823520
798290,45440115,"If there was ever a simulator where you rode on a greasy basketball court and fell on jumps a 5-year-old could land, this would be it.",False,1540508579,6,2,0.524658560752868652,0,150.0,150,76561198011518093
798290,171866408,"the physics in this game are simply broken, not even worth playing and I'm a mx sim player, this is literial garbage.",False,1723341910,1,0,0.47826087474822998,0,50.0,50,76561198000890558
798290,43153940,just straight horrible. pro physics are a joke. if you havent played mx sim then all i can say is that is and always will be the king of mx games. its hard to play anything else. i got 1 hour into this game and i felt like all that was done was a little bit on terrain deformation and everything from monster energy supercross was brought to this one. do not buy unless you like really arcady games. me personally ill stick to mx sim. i sugest you do the same. milestone could do so much more. dont really care about whips but they are downgraded from supercross in my opinion. whoever thought they looked okay to release at milstone needs to be fired. so mush wrong with this game i cant even fathum it to you. atleast someone is makeing mx games. maybe one day theyll get it right like reflex did. we need a game with these graphics and mx sim physics with a little reflex too.,False,1530270102,10,0,0.52260279655456543,0,74.0,1321,76561198089385884
798290,43160023,Pretty meh,False,1530285157,2,0,0.463157862424850464,0,43.0,913,76561197989811527
798290,204738683,no good,False,1758327090,0,1,0.434782594442367554,0,14.0,15,76561199500595078
798290,43158189,"MXGP Pro: Tokyo Drift is not worth your £40.

Gameplay

Yes it's more challenging than previous iterations with pro physics enabled, but 90% of this percieved difficulty seems to come from constantly trying not to slide out the back end. I can see what they are trying to do but it's too far. You can no longer case jumps and just keep riding like nothing happened but again it's completely unbalanced. Theres basically an arbitrary number that once exceeded you will crash upon impact. Theres never a scenario where you almost crash and manage to recover.. its either you keep on riding or you collapse off your bike instantly.  

AI seems unchanged, they still take more or less the same line and only seem more difficult since the game is now harder for the player. I'm playing on medium for now and usually play realistic.

Very little interaction with ruts, they seem mostly shallow and inconsequential. 

Whips are schocking. Worst yet in any iteration of the game. They look horrible and unless you land perfectly straight, which is awkward and clunky, will basically ping you off sideways.

Graphics

The same as GP3 from what I can tell. Some pop in in menus while stuff is loading. No complaints.

Audio

Bikes Good enough, seem a bit samey but haven't yet ridden all the bikes to compare. Hitting 2"" puddles for some bizarre reason is the loudest sound effect in the game, far louder than your bike or the crowd. No matter how tiny or short they are you get a loud splash.. easily patched but annoying.

I've yet to play multiplayer. The compound is fun for 10 minutes.

No Matterley Basin which was disappointing!

Don't buy it unless they do some serious patching.",False,1530281023,51,17,0.618548870086669922,0,216.0,338,76561197990983894
798290,133877189,The game forces HDR regardless if your pc supports it.,False,1677700146,0,0,0.5,0,15.0,15,76561198000831750
798290,43163268,Downgrade from mxgp3,False,1530292998,6,0,0.524287045001983643,0,91.0,1260,76561198192197609
798290,43154403,"I've played every Milestone MX/SX game a lot. 

Gave it enough time without going over refund time, seems like a bit of a step in the right direction but gameplay wise is a big step backwards compared to Supercross. The amazing cornering of Supercross is gone, now it's a bit of a drift fest. 

They got rid of the really good bike sounds and have re-used MXGP 3's lawnmower sounds. AI still follow the same exact line throughout the race. Those ugly sponsor liveries are still there (even though they PATCHED them OUT of Supercross?).

I only played on PRO physics which is a nice touch, just not enough new content here for me to justify spending £39.99.",False,1530271382,9,1,0.555790185928344727,0,69.0,2879,76561198138308653
798290,124419787,"get mxgp 3 instead, it has more content than this game and imo plays better",False,1666794565,4,0,0.569642364978790283,0,45.0,181,76561198313353998
798290,105504504,for me this dumbass game cant even load,False,1639030960,0,0,0.5,0,12.0,12,76561199024711409
798290,49123223,i thougt the freeworld would be bigger:(,False,1550680597,2,0,0.457773000001907349,0,141.0,296,76561198825300602
798290,71856882,game doesnt want to start,False,1593669372,0,0,0.5,0,14.0,15,76561199053402222
798290,54439991,"It sucks, I can't even play with my controller",False,1564848756,1,0,0.445517659187316895,0,6.0,6,76561198835709131
798290,43747399,"GAME RUNS LIKE A PILE OF SHIT, MOTHER FUCK THIS RETARDED PILE OF CRAP GAME.",False,1532563821,3,8,0.434423476457595825,0,16.0,16,76561198134458647
798290,47749137,"This game is basically the exact same thing as mxgp3. The physics are identical except that you crash if you case even a small jump. Very annoying. The rear wheel still spins slower than the bike is moving while floating above the ground and there is no roost. Very stupid, I dont know why they cant fix these things. Mesx is WAYYYYY better. Refunded.",False,1545578801,3,0,0.513437092304229736,0,33.0,33,76561198314660837
798290,43438946,First minutes and already hate it,False,1531206586,4,0,0.391688674688339233,0,18.0,1066,76561198216508548
798290,160094700,forclosed,False,1709895127,0,0,0.5,0,191.0,389,76561199394657510
798290,43152776,"Let me start by saying this is my own opinion and I only have a few hours in the game so far but already a few things are starting to annoy me. And I will come back to edit as i play.

Feel free to comment and ask any questions about the game if you're thinking about buying, i'll try my best to reply.

Negatives
-Getting pushed off track, not even able to hold your own line because you just get side swiped and crash from an AI touching you in a corner, Holding 1st place then get punted off the side of the track. It's like racing against rocks for fucks sakes man! C'mon...
-After all the hype this game has with ""Free The Whip"" which is complete garbage by the way... The whips are atrocious, god awful, Unless you land very nearly perfectly straight you'll be off the side of the track or fighting for your life trying to bring the bike back after landing, now think about scrubbing a jump into a corner? Yeah... No that doesn't work at all (for me anyway) 
-Ruts seem like a graphical feature only, they're there but you don't feel like you get anything from them unlike MXGP3/MESX.
-Pro Physics? Haha..ha..ha. Literally just normal physics with front/back braking instead of combined and a tiny bit more impact on landing not to mention pro physics put you at a huge disadvantage when going for hot laps or leaderboard times.
-Random parts of the track on corners most of the time don't feel like they rut, when leaning full into a corner sometimes I hit what feels like a huge bump, and it bounces you up a bit and slows you down a lot.

Now...After that here are some ok/good points.
-The riding physics in general feel pretty good, Cornering really has a ""Valentino Rossi - The Game"" Flat Track feeling to it (If anyone has played that you'll know what i mean) The back end wants to spin out alot of the time which I kinda like.

-Graphics. Well i mean Milestone have always been decent with graphics.

Take from that what you want. Everyone has their own opinion. But for me I really hope there's patches soon for these issues.

 Dont buy it full priced as is, wait for sale or buy from 3rd party website (much cheaper)
After playing for 6 hours i don't think i'm going to play much more, i'd rather play MXGP3.",False,1530266893,8,0,0.54526364803314209,0,662.0,1241,76561198192809531
798290,67116820,"20 hours and have never completed a full lap without going off track the slightest or crashing.  I Have set no lap times on any tracks but have tried most of them several times.  After many hours thinking I'd get the feel for the horrible controls.... never happened.  You think you got it.. then the game does something unexpected and now for some reason you can no longer make a turn, and have to figure out why....  after about 4 of those relearning issues...  I give up.   Probably the worst control setup for any racing game I've ever played.  Plus even though the Unreal engine makes it look pretty.... even in first person or the camera mode, it never feels like you are there.  Something big is missing from the physics, and it makes you feel like you are racing a balloon instead of an MX bike.  Very floaty physics.  You'll also find you magically move in mid air at times  when another rider gets close.  The mechanics for making the riders stay on their bikes through all the collisions adds to the lack of immersion.  Eventually the game feels like a glorified graphical adveretisment rather than a working playable game.

The only thing that might make the game a better one is if you actually have a set of bars with throttle, brakes, and clutch where they should be.  Don't think I've ever seen a motorcycle type of HOTAS.   Seen nice wheels and pedal, flight HOTAS, but nothing for a motorcycle.....  Having a game like this with all the needed controls and trying to use a console controller is impossible for most.  And to top it off, if you do have an alternative to a stupid console controller the game will not let you use it.  There is no mapping functions for any axis in game..... Thanks again to the console for ruining more PC games.",False,1586635694,0,0,0.5,0,684.0,903,76561198008324074
798290,174297518,this shit wont open,False,1725562265,2,3,0.529804825782775879,0,252.0,1151,76561199434352511
798290,83370638,Can you please fix this fucking game???? like honestly the reset is so ass.,False,1609143501,0,0,0.5,0,584.0,946,76561198069185730
798290,48980165,"Bike handle like shit, cant lay it over or even actually turn without almost stopping. The bike constently slides out on every corner, if you even slightly over jump anything you crash if you turn alittle too sharp you crash if get a cunt hair side ways guess what you crash. Just get mxgp3 or monster energy supercross 1 or 2 but please dont waste your money like i did",False,1550115423,4,3,0.540552198886871338,0,268.0,809,76561198067807093
798290,43880579,Unplayable,False,1533158761,2,0,0.444943845272064209,0,572.0,1533,76561198349599300
798290,44031330,"Unfortunately. The Gameplay Is Not Fun At All, It's So Boring!",False,1533860345,0,0,0.5,0,293.0,293,76561198332852322
798290,57795077,this game fucking sucks,False,1574632666,0,0,0.5,0,728.0,1824,76561198215861081
798290,194597807,shitty rut physics and realistic is not realistic,False,1746873588,0,1,0.47413790225982666,0,266.0,266,76561199092408585
798290,44306609,"take a decent game and take all the fun out of it, give it bad nonsensical physics, strip the ability to buy parts, break the economy, take away riding for other teams and make everything blury.
it looks like it was built from the ground up again.... except where is wasnt, theres still the same bugs, the wheels still rotate too slow its just annoying. bought it off g2a just to save the money",False,1534917766,0,0,0.498091608285903931,0,487.0,2392,76561198136872240
798290,44766543,terrible. lags and crashes all the time. cant even get through a whole race. put in for a refund but i have tried to play it for more than two hours so it got denied. extremely upseting...,False,1537106266,1,0,0.421010345220565796,0,226.0,253,76561198831010110
798290,117853467,ITS BAD,False,1656501514,0,0,0.457142859697341919,0,551.0,565,76561199204395849
798290,43168323,"Well, it's sad I have to do the review this way, but so far MXGP PRO was a major disappointment for me. They really built up a lot of hype for me with the first announcement, but now we are sitting here with MXGP 4. 
Don't get me wrong, if you like the other MXGP games this game is great aswell and they managed to improve themselves just like with every other MX game they made since MXGP1, but it's not what you would expect with the pro advertisement.

Before I can start with my pro and contra points, I have to mention something that wasn't clear for me and some of my friends.
It's known that there are training missions in the game, but I didn't realize you actually have to do them before you can enjoy the game. They have a major impact on how the bike feels.

negative:
- the game should direct you after or without the tutorial directly to the necessary training missions, but it doesn't
- after doing the missions the bike feels way better, but thats the reason the game became just as easy as all the games before --> first 2 gps without training I struggled to not get last, first gp after the training was a win (pro physics vs realistic ai and ~18 years of playing mx games...)
- terrain deformation looks not that bad, but to feel your rear wheel sliding into a rut is a rare occasion. impact on riding is nearly 0
- whips are way better, but still not what you would expect from the free whip advertisement
- perfomance is disgusting. the steam fps counter shows locked 60 fps, but the game feels like 20-30 maybe and sometimes i have actual small fps drops too with a ok rig
- when changing from window to fullscreen, my game is flickering green all the time until I change back to window mode
- surname only 8 characters. This wasn't a thing in the previous 4 MX games, why tf now?

positive:
- you crash easier now, which was kinda a challenge in the previous game (not that much that the game got hard now...)
- beside the mentioned negative points, the game is a improved MXGP3 which isn't bad
- mid air bike adjustments are finally here
- whips are way better in comparison to previous games, but don't expect free whips like in REFLEX or ALL OUT
- more options to change the settings on the bike
- in carreer mode you now have influence on the rivalry with other riders when reacting positive, negative or neutral to the social media posts that were senseless in previous games
- in general the carreer is fun and improved further to the other MXGP games. now you not only choose a main sponsor with a season goal, you choose part sponsors aswell with smaller goals you have to reach for example in 3 gp races
- the few training missions are something i haven't seen so far and are quite fun, even tho they don't last that long

I would really like to recommend this game, but I think misleading marketing has to be punished.

my rig:
Ryzen 1600 @ 3,8GHz
Palit GTX 1060 SJS
16GB RAM",False,1530305453,5,1,0.497942358255386353,0,372.0,1986,76561198058217288
798290,48855302,"Could be a great game but the rider and bike crash for no apparent reason.
I have all the Milestone MX and SX games and this only happens in MXGP Pro.
They could patch this into being a great game. At this point its just too frustrating to run in Career mode.
I hope Milestone will fix this to ride as well as MESX rides.",False,1549658431,1,0,0.496453911066055298,0,342.0,958,76561198034422586
798290,44034935,"i cant beleive what i just wasted about  5 hours on, this has to be the worst mxgp game, its almost a perfect game but the way you cant do anything without falling off the bike like a dumbass is insane, ive been racing motocross and this is not the way it works, in real life motocross, people take diffrent lines, not all the same line, in real like mx you dont slide out when turning 70% of the time, it doesnt matter if you hit a turn the same way every time, even if your turning the correct way you still seem to slide out on complete random, i can understand crashing from overjumping, but these jumps are so small and easy to over jump i barly need to tap the throttle on some tracks to fling past the downslope, intrestingly enough, it appears the same line that evey other dumb ai will take will form a darker section in the track that allows alot of tracktion, in real life mx yes it would form ruts that you could rail and have more traction, but in this game the ruts dont work at all, so you end up having almost nothing to catch you at all, and in real life mx the lines that are most taken are very bumpy and rough, in this game their is no bumpy sections at all, so basically you have no ruts...IN A MOTOCROSS GAME...so you are going to need to tap the throttle and keep on jerking it, which in real life is NOT YOU YOU RIDE A DIRTBIKE AT ALL, in real fucking life you find either a rut or a birm or just a line thats flat, then you hit the throttle halfway through the turn, and bam their you go, how the hell is this game supposed to make any sense at all if its meant to be realistic, jesus christ if milestone isnt going to improve their false advertised waste of crap of a game then i want my 40$ back, and no i steam cant let me refund it because i spent more then 2 hours, worst mistake ever on a steam purchase",False,1533875426,10,2,0.602071464061737061,2,519.0,1126,76561198132988608
798290,43170532,"Whips are rubbish, Landing jumps is really not realistic, 
and the whips are so dum it just does not make sense",False,1530311514,5,0,0.454342573881149292,0,499.0,3406,76561198081750872
798290,43789296,"This game was wholly predicated on a lie: ""Among all the player requests, there were a few constant things: free, realistic whips; more in-air control; ruts that influence how you take corners; clutch control for super-fast starts.""

Negatives:
- There are no ""free whips"" They are pre-rigged animations. Even with professional MX riders telling them ""whips don't close"" they still couldn't get it. Whips are even worse in this game than they are in MESX.
- There are no ruts to rail and be grabbed by; you'll just ride straight over them.
- Deformation remains unchanged.
- Rear wheel spinning slower than the bike is moving bug that was fixed in MESX was not fixed in this. 
- You cannot take corners low without immediately falling off.
- Invincible AI — never goes down upon collision, but you sure will.
- AI never slides out — seems like the devs only made cornering difficult for the user and not the AI. AI never slide out.
- AI move along a rail, just like they did in older MXGPs even though this was fixed in MESX.
- No traction whatsoever when respawning.
- Dreadfully bad UI made by a first year design student, not at all comparable with how great MESX's was.
- [strike]""Extras > Tutorial"" is broken. Introduction loops a never ending panning of the compound: https://streamable.com/a8jb4. Fixable by changing your Windows language setting to English (United States)[/strike] Fixed.
- [strike]Commentator is wholly absent from the game thanks to the above language bug. Fixable by changing your Windows language setting to English (United States)[/strike] Fixed.
- [strike]Weather in multiplayer isn't changeable: https://www.youtube.com/watch?v=L0jdM4hXu5w[/strike] Fixed
- Rider gear and bike parts are prohibitively expensive making grinding an absolute monotonous chore just to buy something.
- Clutch remains unchanged from MESX. The clutch does nothing. Nothing was changed.
- 2-stroke sounds like a weed whacker. 
- Changing bike number requires scrolling through hundreds of numbers - there's no means for keyboard input. I could understand if this was from lazily porting it from console, but even on console there's an on-screen keyboard available. 

- [strike]32 DAYS WITHOUT ANY GAME UPDATE/PATCH WHATSOEVER FROM THE DEVELOPERS! (i'll be updating this count every day)[/strike]

Positives:

- Graphics.
- It's a new motocross game.
- Extreme career is the best simulation of waterboarding ever.

A most frustratingly bad game clearly made by Milestone's B team. None of the lessons learnt from MESX were carried over to this game. None of the mistakes made in MESX were fixed in this. I would have refunded this game if I didn't pre order it from PlayAsia.

This game is not fun. Go buy Monster Energy Supercross instead.",False,1532750102,16,2,0.592540442943572998,0,629.0,731,76561197986394457
798290,43304475,"Not a clue why they made this game how it is, its awful and absolutely no fun at all, AI is absolutely shocking along with the whips, you randomly crash if you OJ, the back end of the bike constantly makes you crash even with little acceleration, they went from having a potentially good game to making it horriffic. dont waste your money on this",False,1530731510,3,0,0.526138126850128174,0,789.0,951,76561198031146883
798290,43203873,This game is so bad right now i would give it a few months before play this game,False,1530412633,8,1,0.521558642387390137,0,256.0,1151,76561198320019034
798290,43353702,"I enjoyed the game for a bit, but I don't even feel like finishing career now.

Many complain about the physics, mainly because your rear wheel slides out easily. IMO the physics are ok, after a little while you will learn to control your throttle and the rear wheel sliding out will happen much less.

Other then that, these physics are mainly just tweaks to the existing physics. This should've been an update/patch for MXGP3, not a new game on it's own.

Whips are NOT free! Same old stuff really... big let down!

Bugs, there are plenty and shortcomings as well, even stuff that existed in previous titles has been removed.

- NO free whips!
- Tutorial freezes the game for a lot of people.
- In multiplayer and non-career races the game will force the career bike on you.
- When modifying your own bike, the career bike will be forced on you as well.
- No server browser, quick match only.
- No quick match filter (will you end up in a standard or pro physics race? Who knows...).
- Etc.

Don't pay full price, it's not worth it! I got this game for 22 euros.",False,1530890871,5,1,0.497995644807815552,0,604.0,1727,76561198015584546
798290,188518195,"dookie 
jus get mx bikes  and addd me",False,1740250684,0,0,0.5,0,266.0,290,76561199471157985
798290,174326684,no full scren in game,False,1725593871,0,2,0.476190477609634399,0,735.0,748,76561199446161458
798290,49327596,"This game is so bad that i am almost at a loss for words. There is no excuse for putting a game this bad on the market. The handling sucks, the AI is a joke, i can't get the fps above 37 ( no it isn't my computer), and you randomly crash all the time for no reason. Normally i would say the next one has to be better than this, but milestone has proven time and time again that they have no business making motorcross games. The only positives are that the graphics are decent and the bikes sound good.",False,1551582711,1,0,0.489082962274551392,3,566.0,579,76561198805930864
798290,185497537,Not Recommended,False,1736754615,2,0,0.483583003282546997,0,259.0,259,76561198010646448
798290,124398789,need more hour,False,1666753192,0,0,0.473684221506118774,0,510.0,3406,76561199176953920
798290,43195898,"REFUNDED.

Lets start this out with the Pros:
Looks Good

Wow.. that was short. lets move to the Cons:
Scrubbing is an innefective one way ticked off the track.  I didn't think it could get worse.  Way to prove me wrong Milestone.
The 250 now has the torque of Elon Musks' latest Tesla.. maybe more.
AI can't be pushed around but you can them to corner better. Kinda like hitting a rut but it's a person.
AI follow the same lines and if you take the corner differently than them you will be rammed at full speed. It ony hurts you.
YOU CANT BE ON A TEAM LIKE IN SUPERCROSS? WHY?  That was my favorite part about the MXGP franchise..",False,1530387395,2,3,0.507523953914642334,0,691.0,3482,76561198079996836
798290,43254537,"On the surface, MXGP Pro seems like a solid step forward for milestone's series of dirtbike games. The fourth MXGP title boasts a much improved physics system, and track deformation graphical enhancements. First, lets dive into the all-new Pro physics.

In my mind, Milestone has always created the most enjoyable and challenging riding experience when it comes to physics, but it had some major issues that needed addressed. Many were, here with Pro physics. Gone are the days of casing a jump, or drifting through a corner at ludicris speeds. Pro physics require attention to detail at every level, from speed, cornering angle, power input, jump takeoffs and landings, braking, and put it all together in order to make successful laps. For me, this makes even Milestone's latest release, MESX, unplayable. That's impressive. 

Another welcome improvement is track deformation. Simply put, it's some of the best I've seen in a dirtbike game, and defintitely the best Milestione has produced. Hopefully it's here to stay.

The compound is back, and more beautiful than ever. Although, that does come with it's issues. While most of the game performs outstandingly well on my 6th gen i7 and Nvidia GTX1080 (1440p @ >100fps) the compound has some severe stuttering and frame rate drops. Fortunately, I don't spend much time there anyway, but if that's your thing, be aware of this issues. Within compound mode, you can compete in MX or SX races or time trials.

The menues and ui have not been improved whatsoever, and in fact, are worse off than in MESX. Some major issues still remain, for example, when selecting your number, you still cannot manually select it. You still have to scroll through 900 and some numbers, which is obviously frustrating (especially just after you buy the game and are excited to get racing). There also is a bug with the tv camera in replay. Some players have mentioned it's just after certain motos, however, whenever I have tried to use the replay, tv camera has not worked for me. Also, when backing out of replay, the screen and sound freeze for about 10-15 seconds before resuming. Asthetically, I personally find the ui a bit dated looking and unattractive. 

The sound is gernerally underwhelming, as per usual. The commentary is corny and adds to the dated and childish feel of the ui to start the events. The bikes don't sound bad, but I don't feel immersed in the race due to poor sound engineering and mixing. The general atmosphere is also not captured, and theres alot of issues with dynamic track events, such as running through water, but I'll get to that. Overall, the sound isn't bad, but I do notice it taking me out of the experience sometimes, which obviously isn't good. 

Multiplayer currently has two options: quick match and create a match. So far, I have not seen a way to browse games like you could in MESX. Another missing feature from MESX in multiplayer, is the ability to vote on weather conditions for the race after voting for the track. That was a great feature that should have been implemented into MXGP Pro. So far I've had a great experience racing in multiplayer, especially when locking the physics to pro. 

Career mode is back and only has a couple differences from previous versions. A new fame rating has been added, which affects which sponsors you may choose. Your main sponsor determines your livery. Again, there are no factory teams available. Fame also dictates what brand/level parts you may install on your bike. These act as secondary sponsors. Each sponsor will have a goal for you to perform at each event. The completion of these goals reward you with credits and fame. Credits may be spent on outfit parts. This is career mode. Yay.

I think there is alot of room to grow in career mode. It'd be great to see drivers have ratings on different riding skills, the way many  other sports games give ratings to players in different skill categories. It'd be great to start off as a low level in skills such as ""balance"", ""cornering"", ""starts"", ""jumps (takeoff and landings)"", ""agressiveness (affects ability to stay on bike when making contact with another rider)"", ""toughness (affects ability to stay on bike when another rider makes contact with you)"", ""stamina (affects all abilities over duration)"", ""whoops"", etc. This would add a great level of gameplay and replayability to the series and could even bleed over into sponsors looking for riders with certain skills above a certain level. It'd also be nice to see contracts added into career mode as well. (And factory teams)!!

Other single player modes include, Grand Prix single races, Championship, etc. The usual. 

So overall we have pretty much what we are used to with a couple of really great upgrades. But is this good enough? 

No.

You still can't change the camera view before the race starts and it still resets to the default third person camera. Why?

The upgraded physics are awesome, and were necessary. But they are a wasted effort when the tracks lack dynamic physical properties. Sure, they look great, with ruts, deformation, water when it rains, etc, but none of that translates to the bike, or even the rest of the environment. The bike reacts only to the surface type and inclination/elevation of the track, and very (very, very) few scripted ruts and puddles. You feel the surface you are supposed to be racing on very well, but not the track you ARE racing on. This is a huge and experience ruining problem. You skate over any and all ruts that aren't huge and explicitly placed in the track by the devs. Again, not dynamic. If you hit one of the puddles, you hear it....but if it's raining and the whole track is covered in water? You aren't really driving through water. Theres no sound of water. Theres no splash of water. Theres no resistance on your bike as if driving through a massive trench of water or any other affect on your bike for that matter, be it grip or what have you. There's also no splash animation for water, or any being thrown up by tires. In fact theres not really much dirt, dust, or any of that thrown up but tires whiles accellerating, skidding, landing, etc. Of course my next suggestion couldn't happen until all that stuff does, because it'd be totally unbelievable, but wouldn't it be cool to have some dirt, water, dust, etc on your camera, or goggles, while you're racing. I see AI ripping off tear offs during races and I think, ""yeah right"". 

Speaking of AI, it still sucks. 

Overall, the issues ruin the experience. If you want to check out the new physics, wait for a sale. 5/10",False,1530566827,6,1,0.534659981727600098,0,701.0,878,76561198057136481
798290,67178531,"Overall, I'm actually enjoying the game. Only about 10 hours in right now, but the only issue (in my opinion) and the reason why I wouldn't recommend this game to people is because of the extremely high GPU usage. Constant times I see a 100% or atleast 75% on MEDIUM graphics. Doubt the issue will ever be fixed since I'm a little late on just starting to play this game, but I'll still continue to play it for my own enjoyment.

P.S. I bought the game on sale for $10 (which in the current state is about what its worth), hence why I'm not bagging on it as much as other people.",False,1586715219,0,1,0.5,0,697.0,2357,76561198244670388
798290,109428163,"The game cheats in various ways even on the easiest difficulty. For example on Lativa, you cannot gain the hole shot due to the AI automatically crashing their bikes resetting one or more ahead of the pack that did not crash, allowing those AI's to nab the hole shot EVERY SINGLE TIME NO MATTER HOW ACCURATE YOU ARE ON YOUR START AND WHAT GATE POSITION YOU HAVE. I spent a good hour attempting to get this over various play sessions only to concede realizing the game is broken in this regard. I still enjoy a good MX game and did purchase it on sale but I wouldn't recommend it with that knowledge.

Enjoying the maps that the holeshots have to be timed perfect to have the game announce ""holeshot invalid"" and taking away the holeshot award.",False,1643928416,0,0,0.5,0,669.0,924,76561198012770553
798290,43309478,"Save your time, save your money. This game is complete sh*t. 

The AI is still slow, even on realistic the only difference if you crash your brains out. If you like drifting games this will be for you as the rear tire is looser than a 99-year-old brothel worker. If you overjump just a few feet, no matter what your suspension is, crash. If you do anything but feather the throttle or coast around a turn, crash. Extreme mode is decent, career mode is garbage as 99% of your sponsors will drop you even if you win six in a row. The bike graphics are junk, the side # plates are messed up in the career as you can have a GoPro sponsor but as soon as you start racing you are one stock graphics with someone else's # showing under yours.

Just avoid this until it goes on sale for 10$ not even worth the 25$ at CDKEYS and for sure not worth the 50$ valve charges with the no refund policy they offer.",False,1530747725,3,4,0.490631312131881714,1,627.0,4506,76561198067457623
798290,48187770,"So I played this game on pro physics only and it just drives me crazy.
I loved the previous ones but this one is just a random crash party.
So, you play a whole race weekend. With qualification and two 30min. races. Now imagine beeing in a 30 min. race, 5 minutes to go and all of the sudden you crash on that exact same table you passed like 15 times without problem - but you've done nothing different - your driver just falls off without any obvious reason. Or you ride around a corner - no not a hard, tail brake drift with no control - you just RIDE around a f*ing corner and your stupid a** f*cking rider falls off like he just saw a f*cking penny on the ground.
Yeah not to mention invisible alpha wall pieces on top of dirt side barriers that you will get stuck in with your bar.

Oh and it runs with a solid 35fps on a system that runs every other race game on around 100. Internet says there is a way to fix it but it didn't work. Though it has to be running smoother without any fix needed - looks fine but nothing special.

So do yourself a favor and wait for the next one. This one will drive you nuts (at least if you wanna play on pro difficulty - normal is just easy to beat as always).",False,1546954127,9,8,0.55858999490737915,0,574.0,819,76561198019150745
798290,44993433,Garbage,False,1538189543,4,0,0.465417981147766113,0,335.0,335,76561198084062688
798290,75523539,Fatal Eror UE4,False,1599369233,1,0,0.518518567085266113,0,532.0,666,76561198156133410
798290,43554018,"I have supported Milestone with this MXGP since day 1, but the lack of updates and following up with a broken game has left me with no choice but to care about the franchise anymore.",False,1531691727,30,7,0.627124547958374023,0,3898.0,4686,76561198135252480
798290,43199397,"I think if a patch comes out and answers the community's need on the hub, it'll be worth full price.",False,1530397390,2,0,0.500911593437194824,0,1826.0,3395,76561198042911767
798290,198289893,"Not the best, not the worst.",False,1751045991,2,0,0.523622035980224609,0,956.0,1112,76561198395006927
798290,43416177,shit wet rain.,False,1531114197,2,1,0.409600824117660522,0,1375.0,1750,76561198213874185
798290,124783333,Horribly down bad physics,False,1667321162,0,1,0.5,0,2204.0,5719,76561198945037659
798290,43808833,"As with all Milestone games, Game has been abandon, rushed out the door, minimal changes. And to no ones  surprise, Milestone has rushed other games to replace this one.",False,1532837717,0,0,0.487245917320251465,0,4544.0,5524,76561198013513773
798290,43184617,"It would be better if you just made MXGP 4, MXGP 3 was great and then you blew it with this. If we wanted a simulation we have MXsimulator please get away from going full sim and stick to your thing.",False,1530359700,1,0,0.5,0,2602.0,5348,76561198126263905
798290,44438897,"whip animation and fly physic very very very very very ridiculous,.,. u cant freely control bike when jumping in the air",False,1535528151,1,1,0.499003201723098755,0,1427.0,1681,76561198130443930
798290,54657679,bad,False,1566016857,1,0,0.445517659187316895,0,1033.0,2241,76561198805596458
798290,43284995,historically down bad. down cataclysmic. down abhorrent.,False,1530669634,23,3,0.58130413293838501,0,1570.0,1677,76561198032048441
798290,43214069,this game is not great. it tries to be pro but really isnt,False,1530445442,1,0,0.380817949771881104,0,2413.0,2547,76561198076468872
798290,64312348,cant join online the online not good never find match in quick match,False,1583000111,0,0,0.5,0,1291.0,1342,76561198087640558
798290,113474533,"I really like this game. It's by far the best Motocross game out there. BUT IT BEGS to be just.. That. Nothing sticks out, Nothing is special about it really. 

Imagine a motocross game were you can create your own motocross bike. From 1973 to 2022. Pick a frame, choose motorblock and then drag out how long the stroke should be and how wide the cylinder should be and the game calculates the engine cc for you. Same with plastics. click and drag out how you want them. How the tank should be formed and so on. 

That would be amazing. I know we have the technology it's just that game dev are too lazy and are too afraid to stick out. Why do that when you can just copy and paste everything else right?",False,1649336060,1,0,0.477876096963882446,0,5139.0,5570,76561198059503709
798290,50474371,"Its not worth the full price.  Not enough content and physics are a little whack.  I can go fall on my own dirtbike, I want to sky this bike out and rail corners. Why would I play this game if I can do better in real life?  You fall pretty easily in corners for no apparent reason and they AI can mess you up always but you really cant do anything to them.  Ill keep playing it, but I would not recommend paying more than $12 bucks for it.",False,1556981719,0,0,0.5,0,791.0,1088,76561198093506148
798290,43184464,"Lets just start by saying this is by far not an upgrade to any of the previous mxgp games or monster energy supercross. I really dont understand the physics, like at all. I would consider this game an insult to anyone who rides motorycles,dirtbikes, etc. they've gotten super liberal with the back tire sliding out and to a certain point if you're too far you'll fall every single time. I've also noticed in every game they've ever released, even if you're on the throttle and your front tire comes off the ground it'll automatically get off the throttle. the whips are horrendous much worse than previous games, and that's saying something. Worst part is that Milestone does'nt have to listen to what we want because they're the only company pumping out motocross games. shameful.",False,1530359266,1,0,0.5,2,973.0,3454,76561197980113183
798290,43549086,"Again, Milestone seems to take a step backwards; even with the help of some of the most talented riders that lent their expertise they still manage to be clueless on how the physics of motox works. Pro physics is nothing more but an advertising click bait to sell the game.

Pros - graphics thanks to the Unreal engine are very nice, and sound of the bikes are acceptable; much better than most of the mx games out there at this time. Ambient sounds are lacking. Tracks look good and are challenging.

Con's--- Pro physics....blah blah blah... it looks like Milestone in order to make the racing more difficult has in fact handicapped the player's bike as ruts and deformation doesn't truly play that big of a role. AI sweeps through turns regardless of difficulty without having to feather their throttles due to possibility of slipping out of control. Air control....something that is at an Airport, as there is absolutely none; regardless of how you land, if it doesn't meet Milestones insane requirement, a mm too much to the left...crash...to the right..crash...perfect...crash..u get it. I've put quite some hours into the game, as I'm a motocross fan, but Milestone has gone in the wrong direction in regards to making the AI harder to race against while imposing ""unrealistic variables"" on the player as to the design they have implemented in forcing and restraining the players in ways that don't really make the game more fun, but actually more frustrating as the AI don't seem to be regulated to the same set of ""physics rules"" the players are subjected too.

The so called ""sweet"" spot into which the developer has forced the player to abide turns motocross not into a  racing sim, but into a parade of sorts. AI still stays in their governed paths, and not only will they punt you right off the track, but are unaffected by the same mishaps that the player is severely punished for. All in all, Milestone has implemented an unrealistic set of forced designs that do nothing but inhibit or punish the player, while in fact never truly understaing or how  best to implement the  input  of the pro-riders they had at their disposal. If you're interested in buying this game, wait until it goes on sale for  around $10.00, until then nothing new here with Milestone....or their game..... still a long way to go and it seems they are really clueless as to what makes a good motocross game.....",False,1531673141,7,0,0.537426888942718506,2,3734.0,6505,76561197976599673
798290,108070715,"Feel like crashing cuz you jumped .001 inches too far? Yeah didn't think so. 
Skip!",False,1642266684,0,0,0.476190477609634399,0,3149.0,3149,76561198005182275
798290,50897248,0:32 in the first trailer video is all you need to know,False,1558996758,9,18,0.550044655799865723,0,3122.0,3122,76561198289620080
798290,101736363,"This game could have the best scrub physics ever created but that is overshadowed by the horrible cornering and rut interaction.   You'll be railing a corner and then.. suddenly... you're on the ground.   No rock, hole or anything... just boom.  

  This is probably the worst ""simulation"" attempt I have ever seen.   I've gone through a corner and heard that dreaded ""crash"" sound as if the game was attempting to put me on the ground and punish me for running a perfect lap.   I've hit objects that you couldn't see... but there they are....  cloaked in some stealth mode like an assassin in an RPG.   

 And the looping out...   Oh my god the looping out is annoying.   

This isn't realism....  its stressful.",False,1635387622,0,0,0.457391470670700073,0,1626.0,1649,76561198005473678
798290,105371034,terrible game with terrible physics.,False,1638820451,1,0,0.476125448942184448,0,4893.0,4893,76561197999510747
798290,43413654,"Mxgp Pro for $50 or Play with your dinger for free.


i'll take playing with your dinger for $400 alex...",False,1531101229,1,3,0.423650771379470825,0,1134.0,3273,76561198148738876
798290,43185864,"****More Recent Update****
Can't play this game any more because I don't have the budget for controllers. It's fun, but the random falls drive me insane. The bulldozer AI are annoying as well. Nothing like getting plowed on the holeshot and then falling/getting plowed down 14 times in a race that you just won by 11+ seconds in the first moto. 



***Update***
After playing for awhile, the game isn't as bad as I originally thought. The jumps do seem to be bigger and harder to clear (at least on 250 four strokes, haven't tried 450 yet). It seems the handling could be improved because there isn't a clear area where you might crash. It feels like once you hit that value, you crash not matter what you try. The whips and scrubs are atrocious. The AI is harder as is the whole game. In MXGP 3, I could give a 30 second lead and win a 5 lap race with a decent lead. I don't see that happening in this game for awhile. I'll leave the recommendation as a no, but only because there's not enough new stuff to merit paying the current price. And Matterly Basin is missing...I thought that would be included since it was the Des Nations track last year.

**Original Review Below**


My frustration level has gone through the roof with this game. I was able to get the stuttering to end by turning off anti-aliasing and v-sync...and lowering my settings. This despite an i7 and 8GB 1070...not a huge deal though, but annoying. 

The gameplay is frustrating. I don't like to play with rewind, but I feel I have to in this game to at least have a fair advantage. The AI love to bank off of you in turns. It's also frustrating to nearly rear-end an oppenent in several turns, finally pass them, and then get pushed way wide while a line of AI riders pass you. And then that 250 that's getting pulled in the straights magically has 100hp and just does burn outs and whips you sideways in a turn for no reason. I tested the AI BS factor and found that when I went to push one off the side of a jump, it magically hit a benner, flew back into me and I ended up booted off the track while it kept on its merry way. 

The bike physics seem to be a step in the wrong direction. There's no traction on certain tracks with the bike. The throttle sensitivy seems to be like a lot of car racers; too high for a controller. The same rings true with brakes and you can only adjust by ""modular"" or ""aggressive"". Whips feel heavy and do not have a good flow. Scrubs do seem to help a little more, but the 3rd person animation is terrible. These aren't a big deal, but don't tout them if you haven't fixed them.  And while I do appreciate that you can't overjump and case the crap out of things without penalty, I do feel there are certain moments that someone would not wreck in real-life. Slowed down and maybe a sore back, sure, but not a huge wipe-out. And I'm critical because Milestone kept going on about realism in their marketing. 

I feel like I've purchased MX vs ATV All Out for a second time this year; high hopes, big disappointment.",False,1530362368,4,0,0.489773958921432495,0,3485.0,6015,76561197992661513
798290,195265427,NOT OPEN,False,1747737851,0,0,0.5,0,2330.0,4225,76561199131041078
798290,102332932,"dog shit one second you're railing a corner the next you're on the ground with not being able to react to anything. no hole, no rock, no backend sliding out

this game would be so much better if they actually put time into the cornering it's literally what makes this game a headache to play

plus over stuff like the starting gates not having any kind of countdown or anything (might be a setting i dont know about)

dont buy it unless it's like 2 quid",False,1636218310,0,0,0.5,0,2361.0,2361,76561198197540001
798290,43168170,"Sorry guys i loved Supercross... but this game is not even finished to 50 %!!!! Good Grafics and the rest ist bullshit!

Bad Cornering!
No feeling to the Speed!
... air Phsysics ?!?! are you kidding?
the menu is buged
the results are buged 
ther is no terain deformation that effekcts riding !!!! it just look quit ok but thats it 
Milstone please change this stuff or you will loose a many of good players
I am looking forward to it",False,1530305060,9,0,0.533663570880889893,0,1115.0,4688,76561198007897173
798290,50695303,shit game,False,1558150240,4,0,0.440522849559783936,0,6335.0,6335,76561198303390366
798290,43969213,been a fan of every mxgp game and the graphics look really rad but you slide out way too easily and the jumps are still so short i want some bombers!,False,1533578361,2,0,0.508928596973419189,0,2174.0,2725,76561198806948444
798290,50273827,"THIS GAME SUCKS BIG TIME IT SCREWED UP YOU GET KICK OUT OF THE RACE FOR NO REASON AND THEN YOU LOSE YOUR POSITION IN THE RACE AND WHEN YOU MAKE IT UP YOU GET KICK OUT AGAIN BACK TO THE LAST IN THE RACE YOU CANT MOVE UP THE GAME WONT LET YOU NO MATER WHAT YOU DO  .OH  FORGOT TO TALK ABOUT LITTLE BLACK BOXES THAT POP UP WITH NAMES OF THE RIDERS THAT BLOCK VIEW OF TRACK SO YOU CANT SEE WHERE YOUR GOING ESPECIALLY AROUND CURVES VERY DISTRACTION,, DON`T NEED TO KNOW THE NAME OF RIDER IN FRONT OF ME IN THE RACE...",False,1555968775,0,1,0.403133094310760498,0,1997.0,4028,76561198172942023
798290,43203682,"Things that work: N/a


Things that dont work as should: Burms,Ruts,Track Deformation, Breaks, Npcs are railroad track af, have stupidly high air control, Bikes sound like trash, bikes have little traction on surfaces that they would otherwise stick to, off camber turns do not effect anything. 

TLDR: DEVS DO NOT RIDE AND DO NOT UNDERSTAND SIMPLE PHYSICS DO NOT BUY. MV VS ATV ALL OUT IS MORE REALSTIC DONT KNOW HOW BUT IT IS.

better physics then mxgp3 buggy as hell. randomly freezes for 3-5 seconds. at the end of races if there is any lappers between you and 1st place then you will drop postions. npcs do not seem to change for any of the differant physics as they can case jumps and keep going but you flat land anything and you crash. like mxgp3 you can not save/exit after a race in carrer mode must wait a load screen to the next track what a joke games from 2001 had this feature... can not exit game through compound and by default b for xbox controllers goes to compund where every other game it brings up exit game. game is a dispointment

Edit: Gear is 10x more then it is in mxgp3. every surface feels about the same and much less traction then what you should have. have yet to see ruts that affect you and burms dont do much. cant change bike mid season anymore and bike upgrades are free but need so many rep points. you will randomly lose rep points because lul. overall very crappy game but then again its milestone and everything they make seems to be some crappy indie game that 

should be free.



Edit: 2 months after relase still buggy still trash dont buy this game. stil land on top of npc nothing happens. never disable rewind because the game is so buggy that the physic system needs it bikes sound bad. suspension is a joke dosnt even seem to exist still the same bs in mxgp3 where u will be doing about 30-40+ and start to wheel even tho you are leaning forward and when the nose comes down you front flip or bottom out the shocks. almost imposbile to lock up the breaks. all the npcs are on railroad tracks and can not be taken out if u crash into them but they will glitch out sometimes and keep crashing or going the wrong way. sometimes when u repsawn from a crash or something u will be pointined in the wrong way or will auto turn the wrong way when u are not even turning. still randomly crash due to a poorly made physic engine. i hope steam removes this game and bans this company for producing such crap.
also for some reason 2 of the maps seem like a last second thought they are pretty much in a field no trees no stands no anything just some bleh grass texture.

Edit: lot of frame drops will drop orm 100fps down to 40-50 or high. along with lot of stutter... for some reason the game needs to reload the track that you were at the past 10+mins after every race/pratice and takes the same time as it did the first time(shit retarded coding tbh). breaks are eh 60-0 takes a lot longer then it should endoing is almost imposbile. burms do not work yet track dose not get rutted and ruts do nothing if there is any",False,1530412041,4,2,0.500911593437194824,0,1233.0,1602,76561198248685906
798290,45618472,a lot of bugs all the time,False,1541324280,6,0,0.534210026264190674,0,15730.0,23464,76561198168223224
798290,50776763,"it is good, but FIX THE BACK TIRE 

IT ONLY SPINS AT LIKE 8MPH AND IS NO DIFFERENT IN GEAR CHANGES
BREAKS IMMERSION
FEELS LIKE IM RIDING A FRONT WHEELED DRIVE DIRT BIKE
FFS GIVE THE BACK TIRE ITS NUTS BACK
its ruining the game and im giving one star until then, magical propelled dirt bikes
YAMAHA KAWASAKI AND ALL THE OTHERS ARE SHAKING THERE HEADS",False,1558597999,3,3,0.501976311206817627,0,907.0,1160,76561198349499304
798290,66552717,"It is absolute trash. Milestone continues to lower the bar once again. The corner physics would be reasonable if you were racing flat track, but in an mx game sliding out through every corner is so unrealistic considering there should be ruts there. And the crashes are so random it honestly feels like there a set number of jump landings that the game determines you should crash on and just makes it happen for no reason. And the whip physics, oh my god. The first half of the whip/scrub looks decent, but then to bring it back its just the exact same animation in reverse?! Reflex got this right over a decade ago, how hard is it? I'd compare Milestone to EA at this point for my least favourite gaming company.",False,1585971222,6,0,0.548780381679534912,0,853.0,853,76561198299966970
798290,57864921,AI is way too easy. no pro teams.,False,1574767279,0,0,0.5,0,1847.0,2065,76561198158380379
798290,50587573,"no updates, no nothing, no dlc, nothing uninstalled   CYA Milestone",False,1557567743,0,0,0.476190477609634399,0,1013.0,1013,76561198031905854
