appid,recommendationid,review_text,voted_up,timestamp_created,votes_up,votes_funny,weighted_vote_score,comment_count,playtime_at_review_minutes,playtime_forever_minutes,steamid
1858630,176730885,Love it,True,1728526672,0,0,0.437622576951980591,0,463,711,76561198049962880
1858630,176287606,hmmm,True,1727964153,0,0,0.481283396482467651,0,49,49,76561198153092214
1858630,176461604,i love this good games,True,1728183420,0,0,0.5,0,253,822,76561199563528048
1858630,176399902,"having everything  (the vr mmo worlds) in one game is so much fun, combat feels smooth on KB & M.

story so far is great.",True,1728112626,0,0,0.5,0,63,117,76561198032290174
1858630,176170710,it's really fun,True,1727806824,0,0,0.5,0,232,7837,76561198122899284
1858630,176132996,"I'm just going to make this fast.

I played the 2 day beta for 15 hours there was only 3 levels you could play and I had a blast.
story i'm not super far as i'm writing this but so far I think its fine. 

this game is about online play and its easy to run and super fun just unlock your favorite character and just go play online its super fun.

there's a free pass and some paid cosmetics but there's also a ton of free cosmetics so don't worry about that.

if your don't know if its fun just buy the game skip the cutscenes unlock the co-op and try a few rounds even better get your friends to join you!

all and all I give it 8.5/10 i'm going to be playing this a ton.

note go watch the anime at least because this game is built on the idea you know who all these characters are.",True,1727758552,0,0,0.5,0,363,6864,76561198056332814
1858630,176346155,Nice game!! This game is WORTH TO BUY!! Gameplay and art same like Fatal Bullet adn not boring!! It's different from other SAO Series. I PO this game because it's WORTH!!!!!,True,1728045065,2,1,0.515625,1,91,356,76561198251990280
1858630,176139239,Game runs well with no lag even with 20 players. Really fun to main a character and max them out. Looking forward to future updates.,True,1727769284,1,0,0.507575750350952148,0,120,4559,76561198027941188
1858630,176360483,love it,True,1728059829,0,0,0.5,1,288,733,76561199072268938
1858630,176229213,Best,True,1727886000,0,1,0.5,0,440,1775,76561199237228619
1858630,176133188,"Don’t listen to these babies with less than 4 hrs played, They couldn’t handle sophistication and started crying immediately. The game has a complex system with progression where it requires you to understand the objectives in order to progress. Guaranteed these imbeciles didn’t know what to do and quit.",True,1727758893,3,0,0.498568981885910034,0,249,2395,76561198339853832
1858630,176579873,Eiji is the goat,True,1728325179,0,0,0.5,0,348,1929,76561199255522073
1858630,178433577,"Best Sword art Online game since Sword Art Online: Fatal Bullet
If you like this genre, give it a try :-)",True,1730796952,0,0,0.5,0,124,142,76561198322232984
1858630,176375375,"By far the best SAO game.  Fast, fun gameplay. I like how there are different play styles based on the character you are.  I hear people complaining about no create a character but I actually think it's better this way.",True,1728075897,1,0,0.5,0,319,532,76561198052507284
1858630,176180759,"Great game, i've always loves the SAO series and this game is probably the best interpretation of all the seasons that we will get for the years to come. great game fun cant wait for my fiancee and brother to hop on it with me :)",True,1727817340,1,0,0.523809552192687988,0,322,914,76561198825612215
1858630,176606606,d,True,1728360094,0,0,0.497487455606460571,0,397,9410,76561198011982220
1858630,176499394,"Best SAO game we have to date. Story is pretty good so far, and the multiplayer is amazing. Hopefully they continue to update this game and learn to make more multiplayer SAO games!",True,1728226617,6,0,0.482613980770111084,0,259,2501,76561198069821787
1858630,176127229,"Genuinely fun, granted yes there is a shop but its cosmetic only, combat is really good, overall, one of the best SAO games imho. excited to see where Bandai take this in the future",True,1727749354,0,0,0.484848499298095703,0,194,2310,76561198060913059
1858630,177183482,"The game is rich in lore and contains a lot of cut scenes. The animation quality is great and plays smoothly. The voices are only in Japanese and Subtitles do not work in combat so I have no clue what the characters are saying or emoting. I am sad that there isn't more customization for the characters as they are type cast to their anime defaults. I was hoping for more flexibility, but if you're into a Genshin Impact like game then this is for you.",True,1729124467,3,0,0.535232424736022949,0,79,79,76561197997670344
1858630,176430601,Fun gameplay and lots of great Easter eggs for fans of the franchise. Not a lot of players at the moment leads to long wait times.,True,1728146093,0,0,0.5,0,200,300,76561198061941381
1858630,176334697,So cool,True,1728027452,0,0,0.5,0,461,4152,76561198056283690
1858630,199790820,Bienn👍,True,1752507186,0,1,0.389707714319229126,0,171,402,76561199574307563
1858630,176127373,its a good game i like it even though i played for an hour i like the idea and concept but i do wish they would still focus on more open world for this game i feel like it will die down quickly who knows ♥,True,1727749565,1,0,0.52173912525177002,0,58,968,76561198993217854
1858630,176462714,,True,1728185155,0,0,0.457474201917648315,0,435,614,76561199465850447
1858630,176121790,Granblue Relink kneels to this game,True,1727741052,7,4,0.458598732948303223,0,60,4849,76561198258603386
1858630,189536500,Fun piece of shit buy on sale,True,1741291492,2,2,0.472018182277679443,0,340,1079,76561198448579213
1858630,176682887,Lots n lots to do in the game!,True,1728462639,1,0,0.523809552192687988,0,425,2617,76561198239194864
1858630,176404072,"This is a tough one. I love SAO and playing this game and even during the play test got me all giddy inside. The VA and everything I think is really well done. There are some gripes with combat, but quickly overlooked when you get more into it. 

If you love SAO, the VA, and the world itself, buy this game. You'll love it. 

On a personal note, I'm a bit angry. The game has no business being this expensive, with day 1 character dlc and a rotating in-game shop for skins. If the game was a quarter of the price then for sure I can see it being a possibility, but given that this is a live service game, you need the playerbase to be alive. Having a high price tag is already dissuading. I can probably get my 50-60 hours out of it in a couple months, but after a few months, I'm fearful for the player population, especially for the large battles. I don't know why Japanese devs do this, they always price their games right at market maxes, despite what type of game it'll be. I think a lot of people would gladly spend a bit on skins and characters if the initial entry fee wasn't so brutal. 

Another glaring issue that shocked me was that there is no guild system - which is something that'd be super important later on. Even voice chat or an easy way to type chat (graned it's cross-play, but for an MMO come on!). 

All that being said, if cost isn't a concern and you just want a decent SAO game, then I'd say this is a great game.",True,1728118243,0,0,0.5,0,101,101,76561198842826151
1858630,183629854,i love it so much memories back wuhuu,True,1735113599,4,0,0.502607882022857666,0,8,2896,76561199165802735
1858630,176141709,"My gorgeous girlfriend told me Asuna in this  game is Different! She promised to wear a jaw-dropping Asuna cosplay for the occasion. It’s going to be the best cosplay I’ve ever seen at home! Help me out, this is literally my dream coming true. I can’t stop thinking about Asuna 😍.

Unfortunately, I recently had a falling out with my girlfriend because my motorcycle tire blew out and I couldn’t give her time. She got upset and asked, “Who’s more important, me or the new Sword Art Online game?” She doesn’t understand how long I’ve been waiting for this moment, counting every second! Just help me get that 69 award, and all will be good.

Will we really get to live through the first part of the anime series? I seriously hope so. I’m feeling so many things right now, and I don’t even know what to say, but I will say this: I’m beyond excited!

Fighting with a full team is such an adrenaline rush for me. This is my absolute favorite game—Sword Art Online: Fractured Dream. If you think I’m just another casual fan of the game, world, or anime, go take a look at my profile. I’m completely hooked.

I’m really looking forward to playing this with my girlfriend and friends. At last, I can experience the world in a more immersive way, something I haven’t found in VR yet. I’m really hoping this game develops into VR because that’s my ultimate dream—to experience Sword Art Online for real.

My favorite installment so far has been Sword Art Online: Hollow Realization Deluxe Edition. I’ve spent 2000 hours in that game and never got bored. I really hope Fractured Dream offers the same level of depth, missions, expansive world, and gameplay mechanics. More than anything, I want to see Asuna take center stage in this game. I firmly believe Asuna should be the leading character, not just the one always shouting, ""Kirito-kun!""

There will definitely be an update to this review soon, I promise.

I can’t wait to see Asuna in this game. Will she be wearing pink underwear on the bed? I guess we’ll have to wait and find out!

First review update: I’ve had the chance to try the beta, and it’s truly mind-blowing. The combat feels like stepping into another dimension, almost like the anime itself. I’m really impressed by the collaboration happening in the Sword Art Online community. This is just my initial take, so expect more updates in the coming days.

That said, I am a little concerned that the game could lose steam quickly. I hope the community stays active because, as it is now, Fractured Dream relies heavily on online and co-op play. Overall, the game is fantastic. The characters and abilities are incredible in every sense (and the bosses aren’t pushovers, which is a relief). It feels like this game is aiming to deliver something truly special. Finally, we might be getting a worthy addition to the Sword Art Online legacy.",True,1727773181,1,0,0.484652668237686157,0,424,941,76561199130177246
1858630,176243005,Soooo funnnnnn!,True,1727901238,0,0,0.489075720310211182,0,277,7367,76561199099995691
1858630,176126008,"WHERE'S THE LOGOUT BUTTON??

oh there it is

we're chill",True,1727747488,2,0,0.493946731090545654,1,196,6081,76561198799998486
1858630,176173240,WHERE IS LOG OUT BUTTON ?!,True,1727808908,0,1,0.5,0,442,2587,76561198255245121
1858630,180266569,i lvoe SAO!!!!!!,True,1732773322,1,0,0.465522319078445435,0,262,262,76561198414913557
1858630,176155742,"Fun game. A little janky but it's the best SAO game and an actual good game as well. It’s also not so secretly Fatal Bullet 1.5. The story is a little bare bones so if you’re coming just for that beware, but the online mode is fun and I can see myself playing this for quite a long time. Recommended.",True,1727792138,1,0,0.502380967140197754,0,399,2639,76561197972289312
1858630,176497924,Solid!,True,1728225485,1,0,0.519999980926513672,0,205,207,76561198336907474
1858630,178160152,The Hype>The Game.,True,1730465304,0,0,0.5,0,307,307,76561199572550784
1858630,176171431,"く__,.ヘヽ.　　　　/　,ー､ 〉
　　　　　＼ ', !-─‐-i　/　/´
　　　 　 ／｀ｰ'　　　 L/／｀ヽ､
　　 　 /　 ／,　 /|　 ,　 ,　　　 ',
　　　ｲ 　/ /-‐/　ｉ　L_ ﾊ ヽ!　 i
　　　 ﾚ ﾍ 7ｲ｀ﾄ　 ﾚ'ｧ-ﾄ､!ハ|　 |
　　　　 !,/7 '0'　　 ´0iソ| 　 |　　　
　　　　 |.从""　　_　　 ,,,, / |./ 　 |
　　　　 ﾚ'| i＞.､,,__　_,.イ / 　.i 　|
　　　　　 ﾚ'| | / k_７_/ﾚ'ヽ,　ﾊ.　|
　　　　　　 | |/i 〈|/　 i　,.ﾍ |　i　|
　　　　　　.|/ /　ｉ： 　 ﾍ!　　＼　|
　　　 　 　 kヽ>､ﾊ 　 _,.ﾍ､ 　 /､!
　　　　　　 !'〈//｀Ｔ´', ＼ ｀'7'ｰr'
　　　　　　 ﾚ'ヽL__|___i,___,ンﾚ|ノ
　　　　　 　　　ﾄ-,/　|___./
　　　　　 　　　'ｰ'　　!_,.",True,1727807369,22,4,0.603074073791503906,6,6,3348,76561198005447651
1858630,181572707,Game is fun to play and best way to past the time with all the original sounds and actors it perfect for any player new or old if yer seen all the sword arts online series then you know the game well well worth the game,True,1733173847,1,0,0.509132444858551025,0,169,169,76561198032337842
1858630,176187331,Game is great.,True,1727827406,0,0,0.5,0,332,2379,76561198008297586
1858630,176201287,i can fly ? im so fkn on this,True,1727849346,0,0,0.5,0,179,3174,76561198139962344
1858630,176535266,"By far the best SAO game that has come out.
What I liked
-Good story, its anime AF but I was expecting that
-Roster has most of everyone's favorite characters from the different series
-Oberon's silly sprint animation gets me every time
-No paid battle pass
-tons of cosmetics are world drops and not paid

What was ok
-missions are a bit better than Granblue, still repetitive but they are at least longer with other things to do besides kill the boss or defeat the waves
-Graphics are pretty standard for these types of games, I'm not really bothered by it since good graphics don't make a game good


What I don't like
-Needs a harder difficulty setting for the story and hopefully they add challenge modes for endgame players
-UI is clearly designed for controller users and fairly annoying
-Limited mission types
-limited enemy types
-bad autolock
-some characters have really awkward combat, namely the recovery animations after attacks feel too slow

If you are fan of SAO its worth getting but maybe wait for a few patches to see if some of the issue get fixed. Like remapping controls doesn't always apply them to every character which is clearly unintentional. Right now it only applied my remapping to half of the characters.
I wish I could put a neutral recommendation because there is potential here.",True,1728264384,0,0,0.5,0,491,811,76561198057219640
1858630,176190934,good,True,1727833051,0,0,0.5,0,425,455,76561198155616398
1858630,176126351,Very fun game with good future if playerbase persists.,True,1727748007,0,0,0.5,0,158,14854,76561198016230271
1858630,176206857,NICE STORY FOR NOW,True,1727858777,0,0,0.5,0,339,1315,76561199068458045
1858630,176563836,"[내돈내산 후기]
구매하시려는 분들 도움되시라고 남깁니다.

완전히 잘 만들었다는 평은 아닙니다.
소아온 전작 대비 퀄리티는 높게 설계는 되었는데 아무래도 반복 미션 등 지루한 점은 있어요. 그리고
원작 소설 기반이나 애니처럼 3D 동작으로 움직이는 액션성은 재미있는 편인데 타격감은 조금 떨어지는 감은 있네요.
게임 스토리 부분은 언더월드편 이후를 짬뽕해서 만든거같은데 재미있는편이네요.
소드 아트 온라인 작품 아무거나 다좋아! 하시는 분들만 구매하시는게 좋을 듯 합니다.
플레이 영상 직접 보시고 판단하시길.",True,1728307838,0,0,0.5,1,397,711,76561199233106139
1858630,180708490,Co-op is fun with friends,True,1732868801,0,0,0.5,0,198,199,76561198130337895
1858630,176127697,"Super Fun Gameplay, highly recommended if you like GBF relink and Monster Hunter games.

The MOBA aspect also puts a twists in gameplay and mechanic.",True,1727750021,3,0,0.541666686534881592,0,233,5053,76561199167306992
1858630,176450475,Finally a good SOA game!,True,1728167132,0,0,0.5,0,526,1370,76561198005145165
1858630,176340554,Surprisingly good,True,1728037249,0,0,0.5,0,408,824,76561198066572860
1858630,176512943,cool combat system,True,1728238137,0,0,0.5,0,403,770,76561199006602460
1858630,206274717,"it's a fun game. the combat is more fluid than alicization lycoris and last recollection, but like most of these sao gameverse games they aren't for everyone. this one incorporates elements from fatal bullet",True,1760030255,1,0,0.492579907178878784,0,255,6788,76561198140691828
1858630,176328990,"Do you Really really like SAO? Buy the game now!

Do you like good multiplayer games but don't care much about SAO? 

Wait for a sale.

Easiest review ever. Give me cookie!",True,1728017580,554,46,0.903617382049560547,4,396,27695,76561198035891412
1858630,176128862,"Great game, 0 crash",True,1727751732,0,0,0.5,0,279,1893,76561198068056256
1858630,177083030,"Best SAO game probably, granted that is a low bar to clear. It's fun, but most likely not super enjoyable for someone who isn't a fan of the anime. It had had a lot of potential that wasn't really executed, but by no means a bad game.",True,1728977339,5,0,0.547133326530456543,1,257,351,76561199704953353
1858630,176145010,Really good so far,True,1727778396,1,0,0.512578606605529785,0,491,7146,76561198123532041
1858630,176146230,"Sword Art Online Fractured Daydream is a great entry in the series. While it heavily focuses on the Co-op element, as well as being a Live service game, it has a great launch, with no bugs as far as I can tell. Game runs smooth, story is fun, character selection is alright and most importantly the gameplay is really fun. Definitely one of the best entries from the past games (I am looking at you, alicization). Though I do think that there should be 2 queue options. One for freely picking characters and locked character queue. It would make the game a lot more fun if my friend and I could actually queue as the character we want to play beforehand.",True,1727780304,3,0,0.524159073829650879,0,439,450,76561198311008113
1858630,176137302,i just started the game and i loved it and the online when i tried the beta was so much fun,True,1727765965,0,0,0.5,0,22,1583,76561199067415374
1858630,176261974,its just relink (this is a good thing),True,1727929089,0,1,0.5,0,439,1587,76561198088392160
1858630,176746193,"Really, really fun. I'm loving it!",True,1728553129,1,0,0.516998589038848877,0,491,564,76561198424036565
1858630,200734715,good,True,1753516161,1,1,0.5,0,187,188,76561199501096588
1858630,199429611,"great game, plays fast, I have only done the multiplayer parts not single player yet so I cannot say if that is good or not, but multiplayer is extremely fun, the game does hit slow downs here and there but I feel every SAO game has  been like that.",True,1752127908,0,0,0.476190477609634399,0,323,1754,76561198296853488
1858630,176174539,香,True,1727810147,0,0,0.5,0,375,4569,76561198246090514
1858630,176174004,best SAO game so far,True,1727809625,0,0,0.5,0,368,8210,76561199467482018
1858630,176864515,"if you like the SAO games and have played previous games, this game is definitely for you. get it",True,1728701246,0,0,0.5,0,260,2075,76561198244702526
1858630,176201729,"Argo my beloved 
⠀⠀⠀⠀⠀⠀⠀⠀⠀⠀⠀⠀⠀⠀⠀⠀⠀⠀⠀⠀⠀⠀⢀⣠⣤⣤⣤⣀⠀⠀⠀⠀⠀⠀⠀⠀⠀⠀⠀⠀⠀⠀⠀⠀⠀⠀⠀⠀⠀
⠀⠀⠀⠀⠀⠀⠀⠀⠀⠀⠀⠀⠀⠀⠀⣀⣀⠀⠀⠀⢀⣴⠟⠉⠀⠀⠀⠈⠻⣦⡀⠀⠀⠀⣤⡀⠀⠀⠀⠀⠀⠀⠀⠀⠀⠀⠀⠀⠀
⠀⠀⠀⠀⠀⠀⠀⠀⠀⠀⠀⠀⠀⠀⢸⣿⣿⣷⣀⢀⣾⠿⠻⢶⣄⠀⠀⣠⣶⡿⠶⣄⣠⣾⣿⠗⠀⠀⠀⠀⠀⠀⠀⠀⠀⠀⠀⠀⠀
⠀⠀⠀⠀⠀⠀⠀⠀⠀⠀⠀⠀⠀⠀⠀⠀⠉⠉⢻⣿⣿⡿⣿⠿⣿⡿⢼⣿⣿⡿⣿⣎⡟⠉⠀⠀⠀⠀⠀⠀⠀⠀⠀⠀⠀⠀⠀⠀⠀
⠀⠀⠀⠀⠀⠀⠀⠀⠀⠀⠀⠀⠀⠀⠀⠀⠀⠀⣼⡟⠉⠛⢛⣛⡉⠀⠀⠙⠛⠻⠛⠑⣷⠀⠀⠀⠀⠀⠀⠀⠀⠀⠀⠀⠀⠀⠀⠀⠀
⠀⠀⠀⠀⠀⠀⠀⠀⠀⠀⠀⠀⠀⠀⠀⠀⠀⢠⣿⣧⣤⣴⠿⠿⣷⣤⡤⠴⠖⠳⣄⣀⣹⠀⠀⠀⠀⠀⠀⠀⠀⠀⠀⠀⠀⠀⠀⠀⠀
⠀⠀⠀⠀⠀⠀⠀⠀⠀⠀⠀⠀⠀⠀⠀⠀⠀⠈⣿⣀⣟⠻⢦⣀⡀⠀⠀⠀⠀⣀⡈⠻⣿⠀⠀⠀⠀⠀⠀⠀⠀⠀⠀⠀⠀⠀⠀⠀⠀
⠀⠀⠀⠀⠀⠀⠀⠀⠀⠀⠀⠀⠀⠀⠀⠀⢀⣼⡿⠉⡇⠀⠀⠛⠛⠛⠋⠉⠉⠀⠀⠀⠹⢧⡀⠀⠀⠀⠀⠀⠀⠀⠀⠀⠀⠀⠀⠀⠀
⠀⠀⠀⠀⠀⠀⠀⠀⠀⠀⠀⠀⠀⠀⠀⢀⣾⡟⠀⢦⡀⠀⠀⠀⠀⠀⠀⠀⠀⠀⠀⠀⠃⠀⠈⠑⠪⠷⠤⣀⠀⠀⠀⠀⠀⠀⠀⠀⠀
⠀⠀⠀⠀⠀⠀⠀⠀⠀⠀⠀⠀⢀⣠⣾⣿⣿⣿⣦⣼⠛⢦⣤⣄⡀⠀⠀⠀⠀⡀⠀⠀⠀⠀⠀⠀⠀⠀⠀⠀⠉⠑⠢⡀⠀⠀⠀⠀⠀
⠀⠀⠀⠀⠀⠀⠀⢀⣠⠴⠲⠖⠛⠻⣿⡿⠛⠉⠉⠻⠷⣦⣽⠿⠿⠒⠚⠋⠉⠁⡞⠁⠀⠀⠀⠀⠀⠀⠀⠀⠀⠀⠀⠘⢦⠀⠀⠀⠀
⠀⠀⠀⠀⠀⢀⣾⠛⠁⠀⠀⠀⠀⠀⠉⠀⠀⠀⠀⠀⠀⠀⠀⠀⠀⠀⠀⠤⠒⠉⠀⠀⠀⠀⠀⠀⠀⠀⠀⠀⠀⠀⠀⠀⠈⢣⠀⠀⠀
⠀⠀⠀⠀⣰⡿⠃⠀⠀⠀⠀⠀⠀⠀⠀⠀⠀⠀⠀⠀⠀⠀⠀⠀⣑⠀⠀⠀⠀⠀⠀⠀⠀⠀⠀⠀⠀⠀⠀⠀⠀⠀⠀⠀⠀⠈⡇⠀⠀
⠀⠀⠀⣰⣿⣁⠀⠀⠀⠀⠀⠀⠀⠀⠀⠀⠀⠀⠀⠀⠀⠀⠀⠀⣷⠀⠀⠀⠀⠀⠀⠀⠀⠀⠀⠀⠀⣾⣧⣄⠀⠀⠀⠀⠀⠀⢳⡀⠀
⠀⠀⠀⣿⡾⢿⣀⢀⣀⣦⣾⠃⠀⠀⠀⠀⠀⠀⠀⠀⠀⠀⠀⠀⣾⣀⠀⠀⠀⠀⠀⠀⠀⠀⠀⡰⣫⣿⡿⠟⠻⠶⠀⠀⠀⠀⠀⢳⠀
⠀⠀⢀⣿⣧⡾⣿⣿⣿⣿⣿⡷⣶⣤⡀⠀⠀⠀⠀⠀⠀⠀⢀⡴⢿⣿⣧⠀⡀⠀⢀⣀⣀⢒⣤⣶⣿⣿⠁⠀⠀⠀⠀⠀⠀⠀⠀⠀⡇
⠀⠀⡾⠁⠙⣿⡈⠉⠙⣿⣿⣷⣬⡛⢿⣶⣶⣴⣶⣶⣶⣤⣤⠤⠾⣿⣿⣿⡿⠿⣿⠿⢿⣿⣿⣿⣿⣧⠀⠀⠀⠀⠀⠀⠀⠀⠀⠀⡇
⠀⣸⠃⠀⠀⢸⠃⠀⠀⢸⣿⣿⣿⣿⣿⣿⣷⣾⣿⣿⠟⡉⠀⠀⠀⠈⠙⠛⠻⢿⣿⣿⣿⣿⣿⣿⣿⣿⠀⠀⠀⠀⠀⠀⠀⠀⠀⠀⡇
⠀⣿⠀⠀⢀⡏⠀⠀⠀⢸⣿⣿⣿⣿⣿⣿⣿⠿⠿⠛⠛⠉⠁⠀⠀⠀⠀⠀⠉⠠⠿⠟⠻⠟⠋⠉⢿⣿⣦⡀⢰⡀⠀⠀⠀⠀⠀⠀⠁
⢀⣿⡆⢀⡾⠀⠀⠀⠀⣾⠏⢿⣿⣿⣿⣯⣙⢷⡄⠀⠀⠀⠀⠀⢸⡄⠀⠀⠀⠀⠀⠀⠀⠀⢀⣤⣿⣻⢿⣷⣀⣷⣄⠀⠀⠀⠀⢸⠀
⢸⠃⠠⣼⠃⠀⠀⣠⣾⡟⠀⠈⢿⣿⡿⠿⣿⣿⡿⠿⠿⠿⠷⣄⠈⠿⠛⠻⠶⢶⣄⣀⣀⡠⠈⢛⡿⠃⠈⢿⣿⣿⡿⠀⠀⠀⠀⠀⡀
⠟⠀⠀⢻⣶⣶⣾⣿⡟⠁⠀⠀⢸⣿⢅⠀⠈⣿⡇⠀⠀⠀⠀⠀⣷⠂⠀⠀⠀⠀⠐⠋⠉⠉⠀⢸⠁⠀⠀⠀⢻⣿⠛⠀⠀⠀⠀⢀⠇
⠀⠀⠀⠀⠹⣿⣿⠋⠀⠀⠀⠀⢸⣧⠀⠰⡀⢸⣷⣤⣤⡄⠀⠀⣿⡀⠀⠀⠀⠀⠀⠀⠀⠀⢀⡆⠀⠀⠀⠀⡾⠀⠀⠀⠀⠀⠀⢼⡇
⠀⠀⠀⠀⠀⠙⢻⠄⠀⠀⠀⠀⣿⠉⠀⠀⠈⠓⢯⡉⠉⠉⢱⣶⠏⠙⠛⠚⠁⠀⠀⠀⠀⠀⣼⠇⠀⠀⠀⢀⡇⠀⠀⠀⠀⠀⠀⠀⡇
⠀⠀⠀⠀⠀⠀⠻⠄⠀⠀⠀⢀⣿⠀⢠⡄⠀⠀⠀⣁⠁⡀⠀⢠⠀⠀⠀⠀⠀⠀⠀⠀⢀⣐⡟⠀⠀⠀⠀⢸⡇⠀⠀⠀⠀⠀⠀⢠⡇",True,1727850161,0,1,0.5,0,512,10642,76561199182115998
1858630,179095882,good,True,1731710620,0,0,0.5,0,290,351,76561199241977321
1858630,176139985,"Loot shooter with SAO characters with big boss raids that do AOE attacks like FFXIV

I'm having a fun time with it so far",True,1727770453,4,1,0.541049659252166748,0,321,5635,76561198048111741
1858630,176122435,"My RTX 3070 Ti just dead. I have to find my old GTX 960 4GB in storage room to play this game.
Set the graphic to 720P lowest quality to play this game at 60 FPS. Most of the time it didn't even go 60 FPS. 
Lol.",True,1727742105,2,0,0.5,0,77,7372,76561198060516248
1858630,176182379,I recommend to buy this game really fun if you play with your friend.,True,1727819413,0,0,0.5,0,516,10367,76561198191240887
1858630,180098641,Its really fun to turn off brain and simply slay a lot of enemies,True,1732744954,1,0,0.519230782985687256,1,440,639,76561199540422515
1858630,177022748,fun,True,1728889236,0,0,0.495252490043640137,0,515,827,76561199581244600
1858630,176650255,Better graphics and gameplay from previous SAO games! can play with others too!,True,1728416819,0,0,0.5,1,159,233,76561199072130656
1858630,176135906,So far the game seems good!,True,1727763543,0,0,0.5,0,209,1423,76561199259196004
1858630,176132899,"Game is fun, Co-op is great, story is okay.
Runs like butter, even with 20 players all spamming their skills.",True,1727758384,11,1,0.615939319133758545,0,334,1534,76561198041432553
1858630,176176391,"fun game to play especially with friends, and people complaining of micro transactions don't really make sense, as there are cosmetics so of course there gonna be micro transactions, but your able to get tickets from the battlepass to be able to buy bundles without spending money, the only thing i'm unsure about is whether the battlepass will stay like that",True,1727812142,0,0,0.470588237047195435,0,244,1927,76561199022199526
1858630,176375797,"It's like Granblue Fantasy Relink, except the story is forgettable.The movement is not as fluid but in an OK spot with the animation cancels. This is a fun looter game to build up characters and play with 19 other randoms in maps with. 60$ worth? No way. Spend it on Granblue Relink. Looking for a looter where you can just jump in with 19 others? Then sure.

SAO FD is cool since I can run around with 19 other people and do quests or free roam where in Granblue Relink I only get 3 people.",True,1728076435,22,3,0.701216638088226318,0,391,464,76561198002678595
1858630,179524539,if you like SAO you will like this ties all the different character lines into one new story,True,1732218696,2,0,0.462903112173080444,0,336,592,76561198016305440
1858630,176122856,"Loving it so far, easy game to run and works well with the xbox controller. No pay 2 win garbage which is great . only thing thats negative would be no custom character creator other than that i always loved the IP .",True,1727742735,7,0,0.519978523254394531,0,121,1850,76561198030187347
1858630,176320308,Welcome Back Subspace Emissary,True,1728003289,1,0,0.50205761194229126,0,150,1206,76561198034548183
1858630,176123116,"Game is pretty good, something nice to mindlessly grind out when you don't have much else to do at times. Also game presets region to asia so should change that. Also for those that did the beta and want your items go to network when you get the lobby and there should be a button to get it.",True,1727743074,2,0,0.5,0,272,1124,76561198842630318
1858630,195470321,This game is excellent game for people who like to explore a new world and a rich story also for ppl who love sao (me),True,1748003797,2,0,0.469234734773635864,0,364,577,76561198965394280
1858630,177186865,fun,True,1729130237,0,0,0.5,0,151,2264,76561198151396444
1858630,176454862,supa fun and actually multiplayer so it's giving sao fr,True,1728173467,0,0,0.491591185331344604,0,240,557,76561198067749777
1858630,176121887,"The game is solid but focuses more on the coop gameplay and live service elements, unlike the past games. This game is for fans who have experienced the entirety of SAO and is not a good starting point. The SAO games are mainly for series fans who love the world and characters. The microtransactions don't seem to be predatory as they are completely optional. You can only buy cosmetics for characters. The currency to buy cosmetics can also be earned in the free battle pass (no paid battle pass for the time being) and from other game modes. The gameplay itself works fine, but it is not for everyone. I enjoyed my time during the beta, putting in over 10+ hours. I got to learn how a few of the characters worked. But also remember that it's an SAO game, meaning it's not a high-budget game. If you're hesitant to buy the game, wait for a sale, as these games usually have steep price decreases.",True,1727741259,24,2,0.688931047916412354,0,66,729,76561198102001096
1858630,176400052,yes,True,1728112888,0,0,0.5,0,271,1580,76561198103075044
1858630,176189031,"Probably the best SAO game ever made, which admittedly isn't saying much, but I can certainly recommend it, especially if you buy it discounted on a site like GMG.",True,1727830043,0,0,0.47826087474822998,0,413,907,76561197976044947
1858630,176160722,Best SAO game fr fr,True,1727797113,0,0,0.466347783803939819,0,332,1287,76561198838876516
1858630,176453290,Most fun I have had with an SAO game since Memory Defrag.,True,1728171091,1,0,0.515413045883178711,0,105,1370,76561198028204613
1858630,187225215,"For me, this is the best SAO game after Fatal Bullet that I also love to play. Also the best in graphic. I also recommend for sniper (i wish they will update with scope). Try to play this game.. Its really good tho",True,1738766396,2,2,0.498257845640182495,1,503,2389,76561199237417907
1858630,177581145,They hid their logout button . . . just like the real Sword Art!,True,1729686472,0,1,0.5,0,429,1227,76561198021869742
1858630,176382163,Best in the series for a good 10 year anniversary,True,1728085101,0,0,0.5,0,250,1035,76561199098322405
1858630,199419358,"This game is actually very satisfying and fun to play, i felt like the combat ran smoothly. Never played much more than fatal bullet, but this one seemed to be more advanced and I liked it. I feel it would have more than 60 players online if they had properly advertised it. Or maybe they did in Japan and I'm just retarded. AAAANYWAYS. I'd say it's pretty good for the reputation SAO games have. I started on Xbox, then built a PC and got this game here too.",True,1752115097,0,0,0.476190477609634399,0,348,441,76561199853969953
1858630,176606955,Great game if you love SAO,True,1728360521,0,0,0.497487455606460571,1,207,295,76561198085971619
1858630,176171886,There is no Logout Button 10/10 would get lost in this game,True,1727807753,3,0,0.541595935821533203,0,291,888,76561198958903323
1858630,179344160,"Fun combat but game is very repetitive, not worth full price.",True,1731988072,0,0,0.5,0,358,408,76561198164431603
1858630,176259957,Yes,True,1727925942,0,0,0.497267752885818481,0,315,2133,76561198089553375
1858630,176452202,almost 6 hrs in and i could not be more in to the game,True,1728169517,0,0,0.5,0,333,666,76561198254468566
1858630,176216433,"I would say this. If you are on the fence on this game with your steam deck it 110% works on it with no issues. Even has an offline mode so you can play it on the go no worries. I give this game a 9 out of 10, I would also like to add thay since there is an offline mode you can perfectly play it on the go just focusing on the main mission and side missions",True,1727872662,0,0,0.484848499298095703,0,172,717,76561198262319627
1858630,176360839,"played around for a while and its a kinda fun game, will definitely be putting some more hours into it. 
Good variation of characters/Classes, doesn't take too long to finish a multiplayer quest so you don't need to be locked on for hours.
i find the controls aren't that great though but its no biggy",True,1728060170,2,0,0.504658401012420654,0,340,1490,76561198128182162
1858630,176444959,I'm Immersed.,True,1728160796,0,0,0.5,0,242,857,76561198272299061
1858630,177433703,pro game,True,1729461755,0,0,0.5,0,57,57,76561199224699238
1858630,176266643,"happy to be alive umu
i love yuuki~",True,1727936879,0,1,0.5,0,118,2248,76561198178121918
1858630,176869345,"This game is amazing.  I do recommend playing on the Asia server.  It does take a while to get a good match on the American server. Just remember that you can pretty much play all of the main characters from the SAO series and learn which play style is best for you.  If you like Dauntless or Monster Hunter franchises, I highly recommend playing this game!",True,1728708279,0,0,0.5,0,388,698,76561198095883798
1858630,176290571,amazin game,True,1727967200,0,2,0.5,0,283,1062,76561199165931136
1858630,176249167,"I wasn’t in the Beta testing, but I preordered it and got the early access for this game. I think it’s pretty good. But it crashed when I was fighting my first boss when I was playing at 60 FPS. And my Steam Deck is way overheating because of this game. When it cools down, I’m going to try to play on 30 FPS. I was wondering how come this game would work and Digimon Cybersleuth wouldn’t. Because both of them are from Bandai Namco. But now I get what the people are saying on the Digimon Cybersleuth community on Steam. xD Probably none of the games from Bandai Namco are going to work properly on the Steam Deck. It’s best to get the game for the port that’ll actually work well on like PlayStation or Nintendo and not crash like on Steam Deck.",True,1727909667,0,0,0.477707028388977051,0,43,43,76561199428464828
1858630,176130784,It's Sword Art ONLINE ... Stop asking for OFFLINE.,True,1727754839,5,2,0.500280678272247314,0,302,14695,76561198391137909
1858630,176160506,"As an SAO fan, I was lucky to get to try the game early in the Closed Beta Test, and from that I immediately knew that I wanted this game badly. Fast forward to now, I would say that this game did not disappoint me, despite its quirks. The character rigging is weird during cutscenes, blocking and dodging can be hard due to the delay and stuff, the map doesn't show the edge of the map makes exploration a tad bit more annoying, the way you start at level 1 on every coop game can get tiring, etc. It's definitely nowhere near perfect, but in a way, that's the charm of SAO games. It basically hits all the marks I expect from an SAO game.

With that being said, this game is definitely not for everyone. If you're one of the people who tells people to buy Grandblue Fantasy Relink instead, you're kinda missing the point of this game. We play and like it because it's SAO, and to me, this is one of the better games in this IP. It kinda has the vibes of Fatal Bullet, but with SAO elements and uncapped fps. If you're not into SAO or you only just knew about SAO, I wouldn't really recommend this game especially at these prices, and you're probably be better off buying that other game or play earlier SAO games to familiarize yourself with SAO games as I personally think this isn't the best game to start the journey. I might be biased, but that's kinda the whole point with games based off of IPs.",True,1727796858,1,1,0.5,1,130,440,76561198292155405
1858630,176729062,Sword Fart Online,True,1728523718,3,0,0.471432358026504517,0,229,229,76561197994566843
1858630,176144593,Just mindless fun with simple RPG and co-op mechanics. It just looks and feels good to play as your favorite SAO character and kill some monsters. Fun game!,True,1727777736,4,0,0.502326071262359619,0,266,1042,76561198117299009
1858630,178601129,i say yes only because the game play and story is good. however older SAO games are better and i don't think its worth the price tag. But if you love SAO and SAO games this really ties everything together between GGO and SAO. Not even sure if this game is cannon kinda mind fky sometimes. Even the graphics are sub par to the last two SAO's. Just my thoughts. Good game over all but could of been better.,True,1731044278,0,0,0.5,0,514,6211,76561198158635264
1858630,176191164,"I WANT A REFUN-- Oh, my game time is already more than 2 hours. Well, I guess I enjoyed the game.",True,1727833415,0,1,0.5,0,244,1373,76561198383469981
1858630,176423069,yes,True,1728139157,0,0,0.498515605926513672,0,515,1169,76561198042034103
1858630,176574621,MMOs if they were good like Phantasy Star again,True,1728319107,1,0,0.52173912525177002,0,159,312,76561198002005976
1858630,176783704,"I cant log out, the log out button Disappear.",True,1728598322,2,7,0.540069699287414551,0,156,684,76561198323684788
1858630,176154537,Pretty Gucci,True,1727790899,0,0,0.5,0,498,834,76561198066312983
1858630,188055647,i luv this game,True,1739721706,0,0,0.47413790225982666,0,239,352,76561199276009620
1858630,177810674,"it's bad, but i enjoy it nonetheless",True,1729983494,0,0,0.5,0,397,1340,76561198436863199
1858630,176205810,"My husband and I met online in the very first SAO game on PS4 (Re: Hollow Fragment), and have continued to play every single one that followed on launch together as well. We can both confidently say that this is the best one so far in terms of fluidity for combat, and as someone who never enjoyed the stories much aside from Alicization Lycoris I'm interested to see where this one goes. The online is the most fun it's been in years (maybe ever), and they have a roadmap for the game as well which is very promising. Overall, it's exceeded my expectations!",True,1727857090,0,0,0.5,0,425,4254,76561198059499088
1858630,176182975,most fun ive had in a sao game the combat is fluid and the multiplayer is fun,True,1727820353,1,0,0.523809552192687988,0,336,12082,76561198858433507
1858630,176200578,good,True,1727848165,0,0,0.5,0,383,1002,76561198978446793
1858630,176155939,"I Love SAO, been a huge fan and always will be.
Even bought the Premium Edition and i have no regrets lol if you enjoy something, just buy it you know?
i knew what to expect after the beta test, might not be everyone's cup of tea and that's fine, that's what makes the world spin is differences .

For those who love the anime, you may love this or you may not.
This game passes the vibe check of SAO Meets PSO2
and i been trying to scratch that itch for awhile. 


Be warned, this game is heavily multi-player base, while there is some single player content, the game is online focused and that may turn some of you off. Once again, i know
what am getting in to and what was expected

Other notable mentions

SAO Realization 

SAO Hollow Fragment 

or even SAO Fatal Bullet

SAO Alicization Lycoris.

See ya on the field.",True,1727792323,1,0,0.52173912525177002,0,126,2608,76561198263254371
1858630,177552253,"This game is really fun, kinda dynasty warriors like but also  remeinds me alot of fatal bullet as well, over all its a very fun game. Ill definetly keep playing it",True,1729635293,1,0,0.50199204683303833,1,426,4028,76561199011765310
1858630,176334636,love this game. It's smooth even when u got 20 players in game,True,1728027346,0,0,0.5,1,455,5549,76561198198204059
1858630,176137822,"didn't expect it to be this fun, please just stay alive",True,1727766908,0,0,0.5,0,221,1980,76561198290797335
1858630,176809794,Goodbye all! I live in SAO now.,True,1728638057,1,1,0.523809552192687988,0,380,799,76561197960303255
1858630,176337084,A fun game to play casually,True,1728031591,0,0,0.5,0,132,282,76561197980828688
1858630,176177402,Great game,True,1727813248,1,0,0.502380967140197754,0,394,706,76561198357884281
1858630,176146447,"GAME IS MASSIVE FUN, GOOD GRAPHICS AND A DIVERSE CAST!
RECOMMEND++",True,1727780648,1,0,0.471502155065536499,0,179,3159,76561198261333731
1858630,181204472,recommended if you like SAO,True,1733016114,1,0,0.523809552192687988,0,394,397,76561198197785741
1858630,176179725,I love SAO watched the anime loads of time probably the only good SAO game besides Fatal bullet 11/10,True,1727815916,2,0,0.520284593105316162,0,112,179,76561199077028896
1858630,176881487,Not as good as granblue but it's fine so far,True,1728726578,1,0,0.518518567085266113,0,353,362,76561198084830808
1858630,176160924,"Slammed this game during open beta and loved it. Combat is incredibly simple, but their is depth to using optimal combos with each character. Also making different element builds to deal with certain bosses is great",True,1727797305,1,0,0.5,0,240,999,76561198067840608
1858630,200802216,this is a good game and it diff from the other sao games,True,1753583164,0,0,0.5,0,217,1892,76561199102111479
1858630,176670233,game is good,True,1728440236,0,0,0.5,0,511,1584,76561198300250591
1858630,176273880,As someone who was a huge fan of most of the SAO Games (Any that arent Alicization) this is for certain the best one so far. Developed by Dimps (Fatal Bullet Devs). The story isnt anything to write home about but the interactions with certain characters are cute and fun to watch. Gameplay feels super smooth and online so far has been stable and fun. Recommend if your a fan of the series and just wanna grind some enemies as certain characters!,True,1727947630,0,0,0.5,0,329,2574,76561198150149269
1858630,176413420,they finally did it,True,1728129631,0,0,0.5,0,370,3423,76561199058056330
1858630,176245908,very fun woohoo!,True,1727904847,0,0,0.5,0,319,696,76561198182015415
1858630,176503674,Makes you actually feel like Kirito.,True,1728230222,0,0,0.5,0,372,927,76561198148881355
1858630,176131244,"Loved the game, the story is super cool and fun to see everyone interact out of cannon.",True,1727755591,7,0,0.540057539939880371,0,156,4512,76561199038365987
1858630,190140779,Awesome!!! Love SAO,True,1741927892,2,1,0.450651735067367554,0,32,32,76561198797389804
1858630,176316010,Best SAO Game ever! (Until a proper SAO PC MMO gets announced obviously) :P,True,1727996298,2,0,0.5,0,278,1915,76561198099487269
1858630,183679406,i love it,True,1735153707,3,0,0.502607882022857666,0,240,413,76561198068015728
1858630,176327398,Very addictive online multiplayer game it was playing with multiple random people online.,True,1728014738,3,1,0.54356849193572998,0,196,2309,76561198150844059
1858630,187238736,Peak Gaming Experience,True,1738779026,0,0,0.5,1,216,354,76561199122352626
1858630,176199661,"Simple

Actually the game the represent the anime. Plus i can use any character i want",True,1727846609,0,0,0.5,0,136,3049,76561198182269967
1858630,180609194,^_^,True,1732831686,0,0,0.5,0,287,712,76561198966287845
1858630,187826495,i love all sao games,True,1739466345,0,0,0.495867788791656494,0,406,8667,76561199507686797
1858630,176124420,"It's simple, fun, and lowkey I love looking at the game.",True,1727745076,1,0,0.501402318477630615,0,60,1009,76561199069919751
1858630,176302021,it's fine,True,1727978754,0,0,0.5,0,432,3998,76561198042437241
1858630,176142066,"The game is great, idk what those negative reviews are yapping about. All items from the beta test carried over smoothly. I like the opening ost too, its as good as the anime",True,1727773750,20,2,0.567393362522125244,0,90,10557,76561198166708771
1858630,176343679,I played for 6 hours straight after downloading. It's good. :D,True,1728041851,2,0,0.438271492719650269,0,377,827,76561199012015853
1858630,184994236,"feeling a bit nostalgic tho , the storyline doesnt confused as expected but not make sense either",True,1736229549,3,0,0.511674046516418457,0,395,1085,76561199004022740
1858630,176452601,one of the best sao game,True,1728170126,0,0,0.491591185331344604,0,100,276,76561198154663760
1858630,176128872,"Good game, story not bad.
Co op is good,
Game play pretty good, not as great as say SAO Vs excell or Sao gungale Fb but still pretty good.

The biggest thing is we got raids now which is pretty well done, each team trys to out do the other for the extra reward via score which is nice.

Over all for what what it is how I rate it currently is roughly 8/10.
As said if they had some of the better combat systems from the older titles it would of been 10 but its still over all good.

If your a SAO fan you like it.
If your not a SAO fan its still a good game if you enjoy action rpg with 20 player co op which has a bit of every thing be tank to sniper/mage an so on its got a nice balance for every one to find a style they like to use.",True,1727751745,1,0,0.507575750350952148,0,211,946,76561198038752967
1858630,176593121,"The game is fun and has a pretty good story catered towards the anime community. My only issue is how every ledge or angled piece of land is literally coated with BUTTER. even the tiniest movement around a ledge will have you slipping and sliding. IT IS MAD ANNOYING, I already know they wont fix it sadly. would give this game a 4/5 if the damn ledges weren't so slippery",True,1728341907,0,0,0.485033333301544189,1,517,3328,76561198354751007
1858630,176987160,like sao story is mid but game play is really fun,True,1728840837,1,0,0.5,0,464,588,76561198335617763
1858630,176182922,super fun come play with me,True,1727820233,0,0,0.5,0,356,2282,76561198036161653
1858630,176609267,Its better then i tough it would be.,True,1728364057,0,1,0.5,0,423,35283,76561198109683352
1858630,202619804,"its fun  if you like anime and if youre an average SAO enjoyer you'll like it if u not an anime enjoyjer you gonna hate this game 
the most i play per session is like an hour maxc just super repptivtive and gets boring aftertt a while but i still enjoy it",True,1755826123,3,1,0.509522438049316406,0,193,239,76561199089635927
1858630,176124557,"The game is really fun!

There is a shop ingame with premium currency but you can only buy skins with it.",True,1727745291,1,0,0.501402318477630615,0,63,1626,76561198073463221
1858630,176331449,The game is fun !,True,1728021874,0,0,0.5,0,466,6291,76561198038305744
1858630,176337175,"I still haven't played long enough, but this game looks similar to Genshin impact with online features",True,1728031745,0,0,0.453224867582321167,1,204,973,76561198316043816
1858630,176334878,Absolutely smashable. Euf.,True,1728027798,0,1,0.5,0,432,1125,76561198055584894
1858630,176360862,peak fiction,True,1728060192,1,1,0.47826087474822998,0,390,2108,76561198165220673
1858630,191706546,my favv game <3,True,1743494212,2,3,0.458333343267440796,0,298,1457,76561198869728438
1858630,176125902,I like it,True,1727747323,1,0,0.5,0,186,1586,76561199053914132
1858630,176377994,give me asuna. please and thank you,True,1728079185,1,0,0.523809552192687988,0,161,161,76561198844023031
1858630,176202290,"Really fun experience so far! In the Open Network Test I already put roughly 17 hours into the game, so total I've had about 25 hours or so. The gameplay is a lot of fun and each character has a unique feel while also giving a familiar feeling to their fellow class characters. 

The graphics are really nice, especially compared to previous entries in the series, and cut scenes are very well animated as well. Story wise, it's pretty interesting and without going too far into it, it's basically the different game worlds in SAO colliding together. Characters are ones that you already know with two new ones that are really adorable and fun to interact with. 

I haven't had any issues with online functionality with the game so far and the connection quality has been great. All the different modes as well are really fun and free roam is quite relaxing to just sit back, get some col while killing monsters. It also helps a lot for when you want to try out some characters before going into coop quest or boss raids.",True,1727851156,2,1,0.470406174659729004,0,467,3657,76561198046516422
1858630,176705846,"SAO comes to life with Fractured Dream. The combat is amazingly smooth, fluid and the animations for every character are top notch. The Co-op experience does a great job at emulating the show and grouping up with other players as you battle your way through levels.

Fractured Dream has fan service, amazing gameplay, active events, great solo play and is a easy recommend.",True,1728492629,3,1,0.523298799991607666,0,212,212,76561198223473912
1858630,176313774,im annoyed that i forgot i bought early access just to completly forget about it. but its fun so far,True,1727992801,1,1,0.523809552192687988,0,22,22,76561199433755398
1858630,179716878,"TOP 3 SAO games:
Fatal Bullet
Memory Defrag
Fractured Daydream",True,1732449131,3,0,0.544152140617370605,0,389,946,76561198048729361
1858630,176139618,LINK START,True,1727769900,0,0,0.5,0,410,5990,76561198350657596
1858630,176120861,"Game is good, story is interesting so far (few missions in), feels like a semi-fresh start for the game series. Runs well, polished (no bugs or connection issues out of the gate), and combat is that of a third-person character action game, with soft-roles you would see in any other MMO-like game. Menus are a tad on the heavy side, and Campaign has two difficulties.

For people interested; look up Havian on YouTube and look at his impressions video. If you bought into the game for the Advanced Access, either you were impressed by the Open Beta to buy in or you were already a fan.

For cosmetics, the co-op quests and boss raids have a chance to drop one of several cosmetics (as in, theres a handful per specific quest/raid) upon completion. There are also cosmetics in campaign missions (they look like the exact same ones in the cash shop so maybe reskins?) that give a bit more replay-ability. You can permanently upgrade characters the more you use them or by spending in-game earned currency on memories. There IS a lot here on display and with a roadmap planned for the next bit, for people invested it will be worth it. My wife says the only gripe in the first few missions is ""we don't know whats going on"" but believes more story beats will hit when we clear more.

Yes there is a cash slop shop, and it looks like every 30 days, if you run the course of the single-track battle pass, you get enough tickets to get a single set of cosmetics. There is NO gatcha to this. I would even say play the campaign and get all of the cosmetics to show off.
I am a slut for SAO so shelling out enough for me and my wife to get all the cosmetics out of the gate is par for the course, but I ABSOLUTELY understand that those more conscious with their funds will get more value spending elsewhere on a game they enjoy.

TL;DR
If you are a SAO fan, it will be fun.",True,1727739571,56,4,0.803158044815063477,4,120,2243,76561198048995724
1858630,182167493,sword art online its really just like musou,True,1733592654,0,0,0.5,0,526,755,76561199197673446
1858630,176206916,"Very good!! Sinon = Very nice, & Admin & Yuuki.......and Liz......",True,1727858869,0,0,0.5,0,433,2741,76561197964778521
1858630,176126301,STAR BURST STREAM AHHHHHHHHHHHHHHHHH!!!!,True,1727747926,0,1,0.5,0,189,4965,76561198346372787
1858630,177369723,"I try to avoid all SAO game as much as possible bc they result to shit. But the game 20 player co-op interest bc is not a recurring idea to implement that type simulation in most newer games.

But I must say this the best SAO game I've played yet the world is not too laggy aswell as the combat style is not clunky like the other SAO games. PLUS all the character have their own specialty to be effective in battle. 

TOTALLY RECOMMEND trying out!!",True,1729383638,0,0,0.5,1,232,426,76561199110100792
1858630,176390031,"Finally a REALLY great SAO game!

I think I'm gonna cry... BUY IT.",True,1728097163,0,0,0.5,0,461,2208,76561198151102577
1858630,176439168,good item,True,1728154579,0,0,0.5,0,181,4176,76561198294188326
1858630,176384224,Best SAO game so far.,True,1728088350,1,0,0.520547926425933838,0,30,3670,76561198061416403
1858630,176179365,"Advanced Access Review

I know I don't have much playtime, as I literally just played through the tutorial, but I have posted a review on pretty much every SAO game on steam outside of IF so here are my first look thoughts:

1 - Combat feels good to use. It is a bit different from all of the other games, being most similar to that of IF. I may just not have played far enough, but it looks like the art chaining isn't in this one
2 - The game has a season pass. I haven't played enough to get an idea on how balanced it is.
3 - The game has LITERALLY Pre-launch Microtransactions... Sure, its all cosmetics, but even still... It looks like the currency you can get in game, but I haven't played far enough to know for sure.

This being said, these are all first looks in. Like I said, I just barely made it through the tutorial. 
- Gameplay feels great. 
- The Menu feels like it is based heavily off Free To Play FPS style games such as Halo Infinite and Splitgate.
- Several of the previous games Recollections and Memories are viewable in game. This includes Infinite Moment (Which isn't on steam), but does not include Last Recollection.
- Bonus items if you have Fatal Bullet. Maybe later other games will support this too.

Premium Edition:
I would not recommend getting this right now unless you REALLY want the artbook or Soundtrack. This being said, it does come with something not listed in the comparison chart - A survivors type minigame with Kirito. This can easily be beaten, and you can get every item and max them out in a single run. This costs an additional $40 at the time of writing, and while the soundtrack is great, and the art is cool, it is not worth the extra $40

Tl;Dr - If you like SAO, this game is a good one to play with friends. I would recommend waiting for a sale though, as I feel like it doesn't quite warrant $60.",True,1727815482,2,1,0.519883871078491211,0,42,42,76561198368661745
1858630,176141296,"this is THE best sao game to come out. i’ve had nothing but a blast since playtest and now with release it still holds up.

people complain about such small things but overall it’s super good and solid",True,1727772500,0,0,0.5,0,406,5357,76561198328575151
1858630,176340263,Best sao game so far,True,1728036796,3,0,0.521276593208312988,0,150,366,76561199237607076
1858630,176276146,"One of the best SAO game yet beside Fatal Bullet which also one of my favorite game. 
Dimps Corporation Really did a great job.",True,1727950811,0,0,0.479186832904815674,0,441,4878,76561198005446662
1858630,176232596,"An actually good SAO game? NO SHOT! 
Action-packed plot and levels that don't take you ages to get past, followed by well-designed characters, this is the most revolutionary SAO game by far. 
If you're able to learn how to chain combos, nothing can stand in your way. This is an SAO game everyone can, for once, be good at.",True,1727889574,14,3,0.628302276134490967,0,260,2104,76561199624681498
1858630,177612696,Fun game i enjoy it. It's my first SAO game.,True,1729725204,0,0,0.5,0,165,2148,76561199785755562
1858630,176130519,"Really surprised how fun this game is, defo recommended.",True,1727754418,0,0,0.5,0,99,707,76561198078977529
1858630,176143270,so far so good,True,1727775715,0,0,0.5,0,471,2427,76561198417854863
1858630,176135991,10/10 Has jiggle Physics,True,1727763694,0,1,0.472972989082336426,0,30,981,76561198330900288
1858630,176125185,"This is one of the good SAO Games. Combat is extremely fun. Also for the people worrying about the micro transaction, battle pass is free with no premium upgrades or anything like that and you can get the cosmetic in the shop for free by progressing through the battle pass. Cross-play is also a major factor that will hopefully will keep the game thriving.",True,1727746249,1,0,0.519950926303863525,0,150,5588,76561198135545257
1858630,176129079,So far I love it!!,True,1727752125,0,0,0.48828125,0,181,3960,76561198052698696
1858630,176591081,kinda ass ngl,True,1728338890,1,0,0.509116411209106445,0,107,1367,76561199176978257
1858630,176248203,Where Bercouli,True,1727908166,0,0,0.5,0,306,4701,76561199118902676
1858630,182748693,SAO=10/10,True,1734200022,3,3,0.487887561321258545,0,27,5356,76561198884715159
1858630,178851086,fun multiplayer really covers up alot of this games faults. bottom line... it's fun to play,True,1731362160,0,0,0.476190477609634399,0,526,637,76561198360898428
1858630,176179903,"Jiggle physics like calamity doing the jubilation dance pre-patch.
10/10",True,1727816124,2,1,0.545454561710357666,0,123,576,76561199025267282
1858630,176136388,"Extremely fun SAO games, probably the most polished we've got.
No P2W stuff, don't listen to anyone. All you can buy are skins/cosmetics like any others games nowadays.
You have a FREE battle pass, no paid tier or option, made so you can farm something online.
Story is very interesting so far, co-op is fun.

Not the best game ever, far from it, but probably the best SAO game out there with clearly a love for the series behind.",True,1727764405,2,0,0.523809552192687988,0,190,4059,76561198118765598
1858630,176190685,"Dimps is back! Have give us Fatal Bullet they now give us Fractured Daydream, my first impressions (coming from the open beta) is an overall smooth gameplay and good performance, the story (the bit I saw) is very fun While there is a focus on co-op and raids and some live service elements, those where quite fun to play and don´t take too long (also the map design, compared with the corridors of LR, is way better), you also have story mode and a free roam (which sort gives you a large map to explore).

So far this is my GOTY.",True,1727832656,0,0,0.5,0,114,41350,76561197991732326
1858630,177181912,The game is great and fun but need update cuz sometime stop working for me idk why,True,1729121593,1,0,0.504658401012420654,1,33,68,76561198316528575
1858630,176190213,This game reminds me a lot of PSO2 before NG. Great Co-op game,True,1727831908,0,0,0.5,0,472,2050,76561198121944441
1858630,176141607,"Sword Art Online: Isekai

Honestly it's a really good game after so many failed games, they are going the right direction with this game.",True,1727773027,0,0,0.5,0,330,3850,76561198259821086
1858630,183191780,fun fun fun fun fun fun fun fun fun fun fun fun fun fun fun,True,1734700805,1,0,0.475677400827407837,0,344,2645,76561199136455830
1858630,176169353,Made by Dimps that did fatal bullet?  Say no more fam,True,1727805675,0,0,0.5,0,229,17966,76561198244976178
1858630,176253466,"Pretty great game! I know people are concerned about price tags, which is no different than other AAA titles but fans finally get to experience something close to an mmo with 20 person raids/dungeons. Each character has their role and it feels like the fit those roles well.",True,1727916241,1,0,0.509493708610534668,0,285,310,76561198069386273
1858630,176138372,yes,True,1727767815,0,0,0.5,0,223,2296,76561198102962683
1858630,176442074,"its a great and fun game, i refunded it tho since id only recommend you getting it in a sale because its simply not worth the 60€ price tag, for 30ish its certainly worth it",True,1728157691,35,5,0.673444271087646484,0,29,29,76561198045628901
1858630,176157676,"Ngl, this is the best SAO game I’ve played so far and I’ve been waiting for a game with an original story for so long and it’s finally here. But if it’s possible, please add single player quest for people like me who prefer to play with AI to defeat bosses. (Just like how it’s done on Granblue Fantasy Relink). Otherwise, the game is a solid continuance to the latest season of the anime.",True,1727793939,5,0,0.571792721748352051,0,51,1423,76561199171483351
1858630,176487792,this game us good 8.5 out of 10 if you are a fan of SAO other wise it is a 7.5 out of 10,True,1728216235,0,0,0.5,0,315,642,76561199085822007
1858630,176158489,"Finally an SAO game that actually has quality.
So glad the devs of Fatal Bullet is back for another SAO game. Aquaria tarnished the game verse with AL and LR. I hope they are dropped completely as it shows they are either incompetent or unable to keep up with the times.

Back to this game, the game does have a bit of animation lock issue that while makes combat feel weighty, makes it feel restrictive at the same time. I hope they fine tune the combat a bit more. Aside from that I have no complains. I hope this game succeeds and we get more expansions/DLC and Aquaria never get to develop another SAO game ever again.

I hope at some point we will be able to have a customized character like in FB even if its with some basic abilities.",True,1727794842,1,0,0.519999980926513672,0,145,3821,76561198114387061
1858630,176379601,Hehe... Sinon ultimate go BOOM hehe,True,1728081362,1,0,0.5,0,447,465,76561198307166307
1858630,176319341,Omg! its just like the actual anime! it removed my ability to leave!!!! LIKE I WISH I WAS JOKING I HAD TO ALT+F4 AND NOW IM IN THE HOSPITAL?!?!?!?!?!,True,1728001764,12,10,0.627301931381225586,0,97,1997,76561198121829615
1858630,176183956,"No real issues here—combat is smooth, the character variety keeps things interesting, and the co-op focus makes it perfect for playing with friends. The story does a good job of guiding you into the co-op quests and boss battles, so you know exactly what you're up against. Plus, I've only seen microtransactions for in-game costumes so far, which is a nice change!",True,1727821829,0,0,0.5,0,499,3756,76561198310458870
1858630,176135561,"I feel like a lot of people post reviews about this game comparing it to the likes of Granblue Fantasy ReLink(great game) without looking at the game as it's own thing. MOST complaints are gonna be about the lack of character customization that was in Fatal Bullet but I think that this is a step in the right direction to get a more MMO type of experience in an SAO game. This game could lead to a more open world SAO game in the future that allows us to create our own characters but for what it is now, its pretty fun. The ""micro transactions"" are all cosmetic and optional so theres no P2W elements.",True,1727762989,4,1,0.550102293491363525,0,282,1658,76561198146919653
1858630,185996606,no,True,1737351503,0,1,0.5,0,462,2068,76561198995860890
1858630,176397628,"Lowkey pretty fun. Has a gameplay loop which seems fun so far! Only major gripe is issues with my mouse and DPI, as well as the lockon feature feels a little jank from time to time. Overall a great game, albeit a lil overpriced but I enjoy SAO so, maybe wait for a sale!",True,1728109057,0,1,0.5,0,402,2787,76561198153409412
1858630,176622214,fun but over priced~ and over hyped,True,1728385688,1,0,0.523809552192687988,0,370,840,76561198386452800
1858630,176165214,Second best SAO game after fatal bullet,True,1727801597,2,0,0.523809552192687988,0,386,5458,76561198044153535
1858630,176156771,Game was better than i expected when waiting for the early access i was so excited and i wasn’t even excited enough because the games so good and the story concept is really good and unique,True,1727793130,1,0,0.507575750350952148,0,131,1896,76561199585534802
1858630,176370625,"This is honestly the only review I’ve ever written (and probably ever will write), so I’ll be brief. The game has been really fun so far. Every single character feels unique, and that’s huge for me in a game. I love it and definitely recommend it!",True,1728070605,0,1,0.5,0,170,1070,76561198135410982
1858630,176612978,[h1] I WANNA BE AN ANIME!!! [/h1],True,1728370104,2,0,0.540742218494415283,0,55,178,76561198134572353
1858630,176129437,"Great first impressions, super excited to see that there are lots of things from Fatal Bullet that I was not expecting, and overall plays smooth and fun. A little early to review, but great game.",True,1727752694,6,0,0.516129076480865479,0,60,1876,76561199233325220
1858630,176367779,good stuff,True,1728067387,0,1,0.5,0,221,235,76561198874923834
1858630,176131047,"General Opinion:
This is a solid base for a fun experience. The game looks and feel well. This is by gameplay one of the more fun SAO experience since you get to play it with many other players and it can get pretty entretaining. But it is also very grindy. It very much depends on how it is managed in the future to see if this keeps itself alive or not. For me it's a solid 8/10.

The graphics are by far one of the bets for any SAO game.
Story is very mid, it's like a wattpad fanfic.
Gameplay it's fun, some characters are not very fun tho. 

This is an Online focused game. Expect the same model as any other online game. Battlepasses,skins, that type of stuff.",True,1727755289,0,0,0.5,1,187,4351,76561198147353874
1858630,208703772,"If you're a fan of SAO , this is a decent story.",True,1762597963,0,0,0.472274303436279297,0,358,767,76561197974007582
1858630,176148326,"Fun, mindless fun",True,1727783469,3,0,0.529085874557495117,0,274,1161,76561198338859178
1858630,176416382,Best sao game in terms of gameplay and smoothness so far and finally a real sao game where your multiplayer score numbers Matters to flex to other players,True,1728132833,0,0,0.5,0,495,1572,76561199049490732
1858630,176134518,"Pros: 
Launched with UW support
20+ characters with different playstyles
Matchmaking works 
Bots aren't completely useless in single player
Cash shop is for cosmetics

Cons:
No SUW support (it's UW with black bars)
Flight controls are a bit stiff
Cash shop is for cosmetics

Verdict: Better than Space Marines 2.",True,1727761165,0,1,0.417570501565933228,0,424,7869,76561198009064207
1858630,194081616,helll a fun,True,1746221571,0,0,0.5,0,277,2267,76561199781384366
1858630,181223575,"Great hack and slash, good amount of characters, typical SAO storyline.",True,1733024600,4,0,0.514652431011199951,0,198,366,76561198020172797
1858630,176202444,very fun,True,1727851429,0,0,0.5,0,321,691,76561198089907644
1858630,179280664,Very good,True,1731901778,0,0,0.5,0,60,6924,76561199104833163
1858630,176122728,Kirito Experiences Schizophrenia:  The Game,True,1727742533,0,0,0.5,0,129,129,76561198133758253
1858630,176391594,Best SAO game so far,True,1728099573,1,0,0.512711822986602783,0,338,716,76561198141516143
1858630,177860363,Great,True,1730045668,0,0,0.49222797155380249,0,73,1091,76561199670950481
1858630,176262457,"Not bad at all so far. There's some cash grab packs for cosmetics, which is why we're all here.. right?",True,1727929886,0,0,0.5,0,142,2062,76561197966571058
1858630,208233749,fffffff,True,1762096196,0,0,0.475730806589126587,0,510,510,76561199692777457
1858630,176675099,Easily the best SAO game to date. No excessive cut scenes and what few there are you can skip with a single button. Combat is super smooth with various modes of play to help break up the monotonous game loop,True,1728447738,0,0,0.473915398120880127,0,319,354,76561198010022959
1858630,176142574,goated game,True,1727774584,0,0,0.5,0,290,1118,76561198847035212
1858630,176706724,"interesting story, the 20 man raid is pretty fun",True,1728493609,1,0,0.523809552192687988,0,416,2844,76561199174243577
1858630,176658122,good sao,True,1728422735,0,0,0.5,0,1092,1377,76561198060306214
1858630,176149709,gratz,True,1727785300,0,0,0.5,0,686,6309,76561199224613954
1858630,177005224,",.",True,1728860076,0,0,0.5,0,1596,1941,76561199032439446
1858630,176402605,"FUN STORY
online is fun too very good no lag, and runs very well",True,1728116374,0,0,0.5,0,1337,3886,76561198302557250
1858630,176230101,Quinella's FEET,True,1727886913,2,1,0.502372443675994873,0,763,1794,76561199076670149
1858630,176453904,"I grew up with the Sword Art Online series, and with the last 2 games being pretty much unplayable for me, this game is a refresher. They even reused some of the soundtrack from some of the older games",True,1728172024,0,0,0.5,0,935,6759,76561198815580589
1858630,176674343,"games repetitive, as long as you dont play boring characters its fun. is it worth $60, no imo this shouldve been a $20 game with dlcs that would cost 10-20 each,",True,1728446532,7,0,0.604850411415100098,0,753,1191,76561198103491884
1858630,205975063,great fighting great anime and i play this game for the plot.,True,1759688145,1,0,0.475730806589126587,0,1169,3635,76561198002571078
1858630,176276196,Actual good 1.0 release and a fine SAO game,True,1727950876,0,0,0.479186832904815674,0,863,7645,76561198321755903
1858630,180318785,i really enjoy the way the game looks and plays but it can get very chaotic fast,True,1732783362,0,0,0.5,0,1512,1669,76561199128715497
1858630,176644735,"The gameplay loop is fun and addicting. For most characters it's fun to simply spam attacks without much thought. It's a bit mindless at times but it's fun to just turn off your brain and watch the chaos of particle effects unfold.
However unlocking characters can get a boring if you try to unlock them all at once. Characters only seem to be unlocked through the campaign, some of which you need to go quite a ways into it to unlock.",True,1728410812,0,0,0.5,0,1352,8223,76561198128650541
1858630,176156743,The game is super fun so far story is long and interesting and all the characters are enjoyable to use as well. Only thing that sucks is the small amount of early access players but cant wait for everyone else to play soon. 10/10 game !,True,1727793104,1,0,0.502380967140197754,0,667,14252,76561198969415339
1858630,176389249,"---{Graphics}---
☐ You forget what reality is
☑ Beautiful
☐ Good
☐ Decent
☐ Bad
☐ Don‘t look too long at it
☐ MS-DOS

---{Gameplay}---
☐ Very good
☑ Good
☐ It‘s just gameplay
☐ Meh
☐ Watch paint dry instead
☐ Just don't

---{Audio}---
☐ Eargasm
☑ Very good
☐ Good
☐ Not too bad
☐ Bad
☐ I'm now deaf

---{Audience}---
☐ Kids
☑ Teens
☑ Adults
☐ All

---{PC Requirements}---
☐ Check if you can run paint
☐ Potato
☑ Decent
☐ Fast
☐ Rich boi
☐ Ask NASA if they have a spare computer

---{Difficulity}---
☐ Just press 'W'
☐ Easy
☐ Significant brain usage
☑ Easy to learn / Hard to master
☐ Difficult
☐ Dark Souls

---{Grind}---
☐ Nothing to grind
☐ Only if u care about leaderboards/ranks
☐ Isn't necessary to progress
☑ Average grind level
☐ Too much grind
☐ You‘ll need a second live for grinding

---{Story}---
☐ No Story
☐ Text or Audio floating around
☐ Average
☐ Good
☑ Lovely
☐ It‘ll replace your life

---{Game Time}---
☐ Long enough for a cup of coffee
☐ Short
☐ Average
☑ Long
☐ To infinity and beyond

---{Price}---
☐ It’s free!
☐ Worth the price
☑ If u have some spare money left
☐ Not recommended
☐ You could also just burn your money

---{Bugs}---
☑ Never heard of
☐ Minor bugs
☐ Can get annoying
☐ ARK: Survival Evolved
☐ The game itself is a big terrarium for bugs",True,1728096009,212,29,0.827141106128692627,0,1548,12836,76561198176525662
1858630,176539456,a long grind if your into that ツ,True,1728270750,0,0,0.497737526893615723,0,1405,2009,76561198202469200
1858630,176268495,"one word, PHENOMENAL!",True,1727939903,0,0,0.5,0,1454,18694,76561199236770962
1858630,176331198,The best SAO game to date. My personal favorite is Fatal Bullet and this is by the same team.,True,1728021413,0,0,0.5,0,1455,2041,76561198033460818
1858630,176309211,"It's a good game. I'd say at least a 7.5 out of 10 if you're being critical. There's nothing game changing about the game. it isn't going to make you stay up all night. It becomes really fun with friends and even solo online after you finish the story. The story did feel more tedious than fun to complete but others might have different opinions. All in all the combat is genuinely fluid once I learned you need to change the settings for each type of character class (Flying Class, Normal Class, Shooter Class) in settings so swapping feels fluid. The target lock feels restricting but the hitboxes for skills are big enough you don't need auto lock. I can see it having a small community for a while",True,1727986739,1,0,0.502212405204772949,0,672,866,76561199207873952
1858630,176152148,"TRANSFER BETA ITEMS FROM SETTINGS, THEY DO NOT AUTOMATICALLY APPEAR",True,1727788217,1,0,0.5,1,583,1160,76561199013827486
1858630,177309432,good pick up and play in between other games kind of game,True,1729310128,0,0,0.5,0,1329,1339,76561199195807647
1858630,176579617,"is the game good? i think is plays great. 
gamplay? solid, altho, not much to do later on. 
grind lvl? allot... sadly thats my huge problem with this game. In the beginning its fine, but when you want to get to the more higher lvl stuf... it will take a while.


I still give this game a thumps up. but wait for a sale.",True,1728324873,0,0,0.489904999732971191,0,994,994,76561198056208414
1858630,177896098,I don't understand why I love this game so much... something about its game play is both relaxing yet engaging... Price is high but if its ever on sale or you got some cash to burn... BUY IT!,True,1730091054,0,0,0.49222797155380249,0,1088,1680,76561198124553537
1858630,176288236,i like it,True,1727964822,0,0,0.481283396482467651,0,1467,2277,76561198208617216
1858630,176497573,I love it so much!,True,1728225178,0,0,0.5,0,987,8900,76561198378722694
1858630,177618713,"Game has great music, easy to play with tons of characters and a decent story mode. UI is easy to navigate.",True,1729735357,1,0,0.50199204683303833,0,1201,3600,76561197993920415
1858630,176214773,"SAO Fractured Daydream is newest SAO game made by DIMPS, same developer who made SAO Fatal bullet.

Pros(+):
+ Arguably best SAO game so far.
+ Good scenery. Good art style.
+ Each character has different playstyle.
+ Story pretty intriguing.
+ Multiplayer mode is fun.

Grey(*):
* No skill tree for character customize.
* Free roam is limited to 1 hour per session.
* Looter game.

Cons(-):
- Lack of text log.
- Cosmetic store
- Battlepass (it's free though)

All in all, the game is very worth it for SAO fan, for general anime fan, you probably need to have a bit knowledge of SAO world to enjoy the story. But that aside, the gameplay loop is pretty good for looter game.",True,1727870660,50,4,0.745334148406982422,0,1319,7952,76561198145446117
1858630,176170093,"I love the game! I will definitely be grinding it out.
UPDATE: THE STORY IS SO WORTH IT!!!
UPDATE 2: Main story was so worth it, multiplayer grind is fun. I can feel my characters getting stronger with each loot drop after each quest/raid.",True,1727806309,1,0,0.523809552192687988,1,1227,1257,76561198128414586
1858630,176416198,"I've been having a ton of fun with the game. Currently finishing up story, then will focus on multiplayer content. If you're looking for a game to just chill & enjoy the world and characters then give this a try! I'm a long time sao fan and well the games haven't really been good since after hollow & fatal bullet. I was skeptical at first but got in on the beta and gave it a try. It's especially more fun when you co-op with friends and play with others. The developers were successful in making a fun sao game, hopefully they will continue to support it and add things to the game. The environments are absolutely stunning, the areas really look like they are apart of the world they are set in. The characters look great, the outfits are well detailed & the combat is different but somewhat smooth. I'm happy to be back in Aincrad, Alfheim, Gun Gale & the sao universe.",True,1728132662,0,0,0.5,0,530,2093,76561198420370029
1858630,181067264,"It's a great game but got repetitive real fast, but I do see myself playing more in the future and waiting for content. (Really need to be Rank 90+ for the content)",True,1732977866,0,0,0.5,0,1327,1451,76561198059356327
1858630,176367792,"Sword Art Online: Fractured Daydream is a thrilling, immersive experience that captures the magic and intensity of the SAO universe. From the moment I stepped into its fractured world, I was drawn into a narrative that masterfully blends action, emotion, and mystery. The game expands on the series’ beloved themes of virtual reality and survival while introducing fresh mechanics and challenges that keep you on the edge of your seat.

The story is compelling, full of twists and turns that made me emotionally invested in the characters and their fate. The complex world-building adds depth, making every location feel alive and intricately designed. The visuals are stunning, with vibrant environments and beautifully detailed character models that bring the SAO universe to life in a way that fans of the series will truly appreciate.

Combat is fast-paced and strategic, offering a satisfying balance between swordplay and magic. The customization options for characters and weapons allow for a personal touch, making the experience feel unique for every player. The multiplayer aspect enhances the fun, allowing for seamless co-op battles and an opportunity to bond with other players in a shared journey through this fractured dreamscape.

In short, Sword Art Online: Fractured Daydream is a must-play for both long-time fans of the series and newcomers alike. It combines an engaging storyline with stunning visuals and dynamic gameplay, making it one of the best entries in the SAO franchise. Whether you’re exploring solo or with friends, this game promises an unforgettable adventure that you won’t want to wake up from! 10000000000/10",True,1728067411,0,2,0.457604289054870605,0,568,6484,76561198412329614
1858630,176955669,Not a very very good game but its the best SAO game by far,True,1728810417,1,0,0.507297396659851074,0,1167,2298,76561198140639658
1858630,176215562,"Very cool, reminds me of old PSO2 in a good way, get it if you like grinding~",True,1727871603,1,0,0.523809552192687988,0,850,4018,76561198360412041
1858630,177084823,fun to play,True,1728981159,1,0,0.5,0,754,1654,76561198397102994
1858630,176262708,It's a fun game. I'd play it with friends.,True,1727930291,0,1,0.5,0,855,4787,76561198034287623
1858630,176140907,"Overall the game is good, I didnt really pay attention to the story but the levels are fun. Seeing a lot of similar stuff to fatal bullet was cool. Character unlock progression was a bit tedious but not too bad. The repeatable content seems interesting. Kinda just a kill stuff, get better stuff, kill stuff faster. just that is kinda similar to monster hunter prog. (not comparing the games, just similar loop for reference) 

Overall decent content so far. Will update review later.",True,1727771889,1,0,0.507575750350952148,0,535,5611,76561198276539327
1858630,206689808,"bought this to play with my wife, turned out she was lesbian",True,1760420939,27,29,0.724576830863952637,0,766,766,76561198287092232
1858630,179298173,Fun game play love the game,True,1731930282,0,0,0.5,0,617,794,76561198376480660
1858630,178653349,I've loved Sword art online for quite a while and this one was just as fun! Also I played it completely on the steamdeck and it worked like a dream ♥,True,1731115384,0,1,0.5,0,1596,1596,76561198271181540
1858630,179493427,Its really fun to play and the story is interesting i might just be biased about this though,True,1732186318,0,0,0.487421393394470215,0,1480,3343,76561199276548030
1858630,177237959,"One of the better Sword Art Online games. But that isn't saying much at all really. Not worth the price, but I bought it on CDKeys for £36. Still not worth that price, but it is a step in the right direction with SAO games. I just think SAO games don't have the budget they need to be good really. Just give us what we want. Sword Art Online, like actually SAO as an MMORPG where we start lvl 1 and go all 100 floors. So simple, yet we won't get it because SAO heads NEED to play as their asspull power-up Kirito or one of their underage fanservice female characters. So the games need to follow those character's group unfortunately. But, I'm fine with £36 on the game and am playing with friends. It's a good time waster. If I wasn't playing with friends, I would say this game is not worth recommending at all. So be wary of my thumbs up for this.",True,1729206118,86,3,0.833411097526550293,0,782,782,76561198057862800
1858630,186623248,This is lot's of fun to play with friends. #WEMUSTSAVEMYFAMILY,True,1738090944,1,3,0.5,0,707,945,76561199443965258
1858630,178699028,I like the game it has a great multiplayer behind it but I don't think they focused enough on it. The developers locked characters behind the single player mode which takes place in the maps made for 20 people so it is overly long and boring. overall I hope the next game is better focused and doesn't lose all the players in a week it feels so lonely in here.,True,1731172522,0,0,0.5,1,930,4996,76561199230722209
1858630,189394090,i love this game 👍,True,1741130365,2,0,0.482102513313293457,1,1281,2673,76561199019450065
1858630,181344172,"I LOVE ASUNA <3
⠀⠀⠀⠀⠀⠀⠀⠀⠀⠀⠀⠀⠀⠀⣀⣤⠖⠊⠉⠀⠀⠀⠀⠀⠀⠀⠀⠀⠀⠀⠀⠀⠈⠉⠓⠢⣤⡀⠀⠀⠀⠀⠀⠀⠀⠀⠀⠀⠀⠀⠀⠀⠀⠀⠀⠀⠀⠀⠀⠀⠀⠀⠀⠀⠀
⠀⠀⠀⠀⠀⠀⠀⠀⠀⠀⠀⢀⡴⠞⠁⠀⠀⠀⠀⠀⣀⡤⠤⠶⠶⢤⣀⠀⠀⠀⠀⠀⠀⠀⠀⠀⠀⠉⠳⢄⡀⠀⠀⠀⠀⠀⠀⠀⠀⠀⠀⠀⠀⠀⠀⠀⠀⠀⠀⠀⠀⠀⠀⠀⠀
⠀⠀⠀⠀⠀⠀⠀⠀⠀⣠⠞⠉⠀⠀⠀⠀⠀⢀⡴⠚⠉⠀⠀⠀⠀⠀⠈⠙⢦⡀⠀⠀⠀⠀⠀⠀⠀⠀⠀⠀⠙⢦⡀⠀⠀⠀⠀⠀⠀⠀⠀⠀⠀⠀⠀⠀⠀⠀⠀⠀⠀⠀⠀⠀⠀
⠀⠀⠀⠀⠀⠀⠀⢀⡼⠁⠀⠀⠀⠀⠀⠀⣠⠏⠀⣀⣀⠀⢀⣀⠀⢀⣄⡀⠀⢳⡀⠀⠀⠀⠀⠀⠀⠀⠀⠀⠀⠀⢻⣄⠀⠀⠀⠀⠀⠀⠀⠀⠀⠀⠀⠀⠀⠀⠀⠀⠀⠀⠀⠀⠀
⠀⠀⠀⠀⠀⢀⣠⠞⠀⠀⠀⠘⠁⠀⠀⢠⡇⠀⠀⠚⡟⠀⢈⣿⠀⢼⣿⡁⠀⠀⡇⠀⠀⠀⠀⠀⠀⠀⠀⠀⠀⠀⠀⠙⢦⡀⠀⠀⠀⠀⠀⠀⠀⠀⠀⠀⠀⠀⠀⠀⠀⠀⠀⠀⠀
⠀⠀⠀⢠⡞⢩⡟⠀⠀⠀⠀⠀⠀⠀⠀⢸⠀⠀⠀⢠⣧⠀⠈⣏⠀⠚⣻⡇⠀⠀⢹⠀⠀⠀⠀⠀⠀⠀⠀⠀⠀⠀⠐⡄⠀⣿⡄⠀⠀⠀⠀⠀⠀⠀⠀⠀⠀⠀⠀⠀⠀⠀⠀⠀⠀
⠀⣀⣀⡴⣿⡟⠀⠀⠀⠀⠀⠀⠀⢀⠀⢺⡄⠀⠀⣘⣋⠀⣠⣯⣤⠐⣾⠀⠀⠀⡏⠀⠀⠀⠀⠀⠀⣀⠀⠀⠀⠀⠀⠘⢆⠈⢿⣆⠀⠀⠀⠀⠀⠀⠀⠀⠀⠀⠀⠀⠀⠀⠀⠀⠀
⡾⠛⢋⣀⣼⣧⣄⠀⣀⠀⠀⠀⡰⠋⢀⡾⣧⠀⠀⣿⣧⣤⠚⠛⠛⠂⠙⠀⠀⣠⡇⠀⠀⠀⠀⠀⠀⠸⣄⠀⠀⠀⠀⠀⠘⣆⠘⡟⣆⠀⠀⠀⠀⠀⠀⠀⠀⠀⠀⠀⠀⠀⠀⠀⠀
⡴⠟⠛⣾⠓⢶⣿⢯⣉⣹⡶⠾⠷⢶⣿⡿⠉⢧⡀⠚⠿⠛⠀⠀⠀⠀⠀⢀⡰⣿⠁⠀⠀⠀⠀⠀⠀⠀⣷⢤⣤⠀⠀⠀⠀⠘⡆⠸⠘⣇⠀⠀⠀⠀⠀⠀⠀⠀⠀⠀⠀⠀⠀⠀⠀
⠀⠀⠀⣿⣷⣾⣧⡀⢹⡛⠳⢤⡀⢨⡿⠀⠀⠀⠙⢦⣀⠀⢀⣀⣀⣠⠴⠋⠰⣿⡀⠀⠀⠀⠀⢀⣀⠠⢻⠘⠛⣧⠀⠀⠀⠀⠸⡄⢃⠘⣆⠀⠀⠀⠀⠀⠀⠀⠀⠀⠀⠀⠀⠀⠀
⠀⠀⡀⣯⠃⠀⠿⢷⡶⣿⠀⢀⣳⡾⠁⠀⢀⠆⠀⠀⡏⠉⢯⠉⣩⠆⠀⠀⢀⡏⠉⡙⡟⠒⠂⠉⠁⠀⢸⡆⠀⠘⡆⠀⠀⠀⠀⢱⠠⠀⠹⡄⠀⠀⠀⠀⠀⠀⠀⠀⠀⠀⠀⠀⠀
⠀⠀⣿⠇⠀⠀⠀⢸⡇⠘⣆⣀⡿⠁⠀⠀⣼⠀⠀⣸⢀⣌⡟⣰⣃⣀⣀⣀⣾⠁⢰⣷⡇⠀⠀⠀⠀⠀⢸⡇⠀⠀⢻⠀⠀⠀⠀⠀⣧⡇⠀⣳⡀⠀⠀⣿⣿⡇⠀⠀⠀⠀⠀⠀⠀
⠀⠀⢯⠀⠀⠀⠀⡿⠀⠀⠀⣽⠁⣠⣤⢄⡿⢀⡇⣟⡞⣼⡿⠋⢉⣽⠿⠉⣿⢗⡾⢳⣷⠀⠀⠀⢠⠀⢸⠃⠀⠀⠈⡆⠀⡀⠀⠀⢹⢱⠀⣏⣇⠀⠀⣿⣅⠀⠀⠀⠀⠀⠀⠀⠀
⠀⠀⠸⡆⠀⠀⢠⠇⠀⠀⢰⠷⠾⠞⠁⢸⡇⢸⢳⣿⣽⣿⣠⡴⢋⣁⣀⣴⣿⡏⠀⢸⡿⠀⣰⣼⣸⢀⡟⠈⠉⠉⠉⣟⠒⡆⠀⠀⢸⣿⡀⢸⣾⠀⠀⣦⡦⠀⠀⠀⠀⠀⠀⠀⠀
⠀⠀⠀⢹⡀⠀⠞⠀⠀⢰⠏⢠⠀⠀⠀⣼⡇⣼⢸⣿⣿⣿⣿⣿⣉⣻⡟⠻⣷⡁⠀⣼⡇⢰⣏⣿⣯⡿⢠⣤⣔⣠⠄⣽⢀⡇⢀⠀⠀⣿⣧⠈⣿⠀⠀⣿⡿⡖⢀⡀⠀⠀⠀⠀⠀
⠀⠀⠀⠀⢷⡀⠀⠀⢀⡟⢀⡏⠀⠀⠀⣿⡇⡿⡸⠿⣿⣿⢿⣿⣿⠿⠃⠀⠈⠁⠸⣻⣠⣿⣿⣿⡿⢤⣿⣿⣿⠹⣿⣿⣸⢸⡘⡄⠀⣿⢿⠀⢸⠀⠀⣿⣿⣗⠈⠀⠀⠀⠀⠀⠀
⠀⠀⠀⠀⠈⢣⠀⠀⡼⠀⡸⠀⠀⡄⠀⣿⣿⣷⡇⠀⠈⠻⣌⣛⣿⣿⠂⠀⠀⠀⣰⣷⡿⢃⡾⠋⠀⣟⣿⣿⡛⠀⠨⣿⡟⡿⣧⣧⠃⣿⢨⡇⢸⠀⢀⣿⣿⠀⠀⠀⠀⠀⠀⠀⠀
⠀⠀⠀⠀⠀⠈⡆⣸⠃⢰⡇⠀⠀⡇⠀⣿⢢⡇⡇⠀⠀⠀⠉⠉⠉⠁⠀⠀⠀⢠⠟⠉⠀⠊⠀⠀⠀⢷⣿⡽⠁⠀⢀⣿⢳⣿⣽⣿⢸⢻⠘⣧⡏⠀⠀⠀⠀⠀⠀⠀⠀⠀⠀⠀⠀
⡇⠀⠀⠀⠠⣄⣿⡇⠀⣼⠂⠀⠀⡇⠀⢻⡜⣷⡇⠀⠀⠀⠀⠀⠀⠀⠀⠀⠀⠀⠀⠀⠀⠀⠀⠀⠀⠀⠈⠁⠀⠀⣼⣯⣿⠿⢿⣿⡟⣼⣴⡟⠁⠀⠀⠀⠀⠀⠀⠀⠀⠀⠀⠀⠀
⢧⡀⠀⠀⣴⢋⣿⠀⠀⣿⠀⠀⠀⡇⠀⢸⡇⣟⡇⠀⠀⠀⠀⠀⠀⠀⠀⠀⠀⠀⠀⠀⠀⠀⠀⠀⠀⠀⠀⠀⠀⣼⣿⡿⠁⢀⣾⢿⢠⣿⡿⠁⠀⠀⠀⠀⠀⠀⠀⠀⠀⠀⠀⠀⠀
⠀⠱⣄⡼⠁⣸⠇⠀⢸⣿⠀⠀⠀⣇⠀⠸⡇⢻⣱⠀⠀⠀⠀⠀⠀⠀⠀⠀⠀⠀⠀⠀⠀⠀⠀⠀⠀⠀⠀⢠⠞⢱⣿⠃⢀⣿⠏⢸⣿⠏⠀⠀⠀⠀⠀⠀⠀⠀⠀⠀⠀⠀⠀⠀⠀
⠀⠀⠀⠊⢠⡿⠀⠀⣾⣿⠀⠀⠀⣿⠀⠀⣷⠸⣿⠀⠀⠀⠀⠀⠀⠀⠀⠀⠀⠀⠀⠀⠀⠀⠀⠀⠀⠀⠐⠁⢀⣿⡇⠀⣜⣟⢀⣿⠃⠀⠀⠀⠀⠀⠀⠀⠀⠀⠀⠀⠀⠀⠀⠀⠀
⠀⠀⠀⠀⢸⡇⠀⢸⣧⣿⡆⠀⠀⢸⡆⠈⣿⠀⢹⣧⡀⠀⠀⠀⠀⠀⠀⠀⠀⠀⠀⠀⠀⠤⠀⠀⠀⠀⠀⣠⠿⣾⡆⢸⣽⣿⣼⠏⠀⠀⠀⠀⠀⠀⠀⠀⠀⠀⠀⠀⠀⠀⠀⠀⠀
⠀⠀⠀⠀⢸⡇⠀⢸⢿⢹⣷⠂⠀⢸⢿⠀⠘⡇⠈⣿⠙⠦⣄⠀⠀⠀⠀⠀⠀⠈⠙⠛⠁⠀⠀⠀⠀⣠⢾⡯⠀⡿⠁⢸⠻⣯⣏⠀⠀⠀⠀⠀⠀⠀⠀⠀⠀⠀⠀⠀⠀⠀⠀⠀⠀
⠀⠀⠀⠀⢸⡇⠀⢸⢸⢀⣻⡄⠀⠀⣟⡄⠀⠹⡆⠘⣇⠀⠈⠙⠦⣄⠀⠀⠀⠀⠀⠀⠀⠀⣀⣴⣿⠁⡿⠀⠀⡇⠀⣿⡇⣿⣞⢦⡀⠀⠀⠀⠀⠀⠀⠀⠀⠀⠀⠀⠀⠀⠀⠀⠀
⠀⠀⠀⠀⢸⡗⠀⡟⢸⠀⣿⢿⡀⠀⢹⣳⠀⠀⠸⣆⢹⣄⣀⠀⠀⠈⠙⠲⢤⣀⠀⣀⣤⣞⡉⣿⡇⠀⡇⠀⠀⠇⢰⡏⢇⠹⡿⣧⡳⣄⠀⠀⠀⠀⠀⠀⠀⠀⠀⠀⠀⠀⠀⠀⠀
⠀⠀⠀⠀⣸⡇⠀⣇⢸⠀⣿⠀⣷⡄⠀⠟⣇⢆⠀⠘⢮⣳⡈⠙⢦⡀⠀⠀⢸⢯⠉⠉⠀⢿⡄⠸⡇⠀⡇⠀⠀⠀⣸⡇⢸⡀⠱⣝⢿⣪⡗⢄⡀⠀⠀⠀⠀⠀⠀⠀⠀⠀⠀⠀⠀
⠀⠀⠀⠀⡟⡇⠀⣿⡀⠀⢿⠀⣿⣷⡄⠘⠘⡜⣧⠀⠈⢳⣷⡀⠀⠑⢦⣤⣾⣿⢸⡀⠀⣼⡇⠀⢻⠀⡇⠀⠀⡄⣿⡇⠈⣧⠀⠈⠢⡈⠳⢤⣉⠒⠦⣄⣀⠀⠀⠀⠀⠀⠀⠀⠀
⠀⠀⠀⠀⣏⡿⡀⣿⡇⠀⢸⣆⣻⣻⣿⣆⠀⠹⡜⣧⡀⠀⠙⣷⡀⠀⣸⢿⠊⣿⠸⡇⠀⢯⢧⠀⠘⣧⢷⠀⠀⠀⣿⢿⡄⠙⡆⠀⠀⠉⠦⣀⠈⠛⠲⢤⣀⡉⠙⠁⠂⠀⠀⠀⠀
⠂⠀⠀⠀⢹⠇⣷⣿⣧⠀⠈⣿⠋⠉⠉⢿⣷⡀⠠⠘⣷⣤⡄⠈⠳⣄⣏⢸⡇⢿⠀⢳⠀⠸⣿⡄⠀⠸⣾⡏⠀⠐⢿⡞⢷⡄⠹⠄⠀⠀⠐⢮⡓⢄⡀⠀⠀⠉⠓⠢⣤⡠⠄⠀⠀
⠀⠀⠀⠀⠀⠄⢿⢻⣿⣆⡼⠃⠀⠀⠀⣘⣿⣿⡆⡀⣿⣾⣦⠀⠀⠘⢿⣞⣷⠸⡇⠘⣇⠀⠹⣷⠀⠀⣿⣾⠀⠀⢸⣇⠘⣿⣆⠰⡀⠀⠀⠀⠻⢦⡉⠳⢄⡀⠀⠀⠀⠈⠓⠦⣀
⠀⠀⠀⠀⠀⠀⢸⡜⣿⣿⡀⠀⢀⣴⡿⠋⠙⢻⣿⣆⠀⠀⠻⣷⣄⠀⠀⠙⠿⣧⣧⠀⢹⡄⠀⢻⣧⠀⠸⣿⣤⡀⠀⣿⡄⠘⡜⣦⡙⣆⠀⠀⠀⠀⠙⢦⣄⡙⠲⣄⠀⠀⠀⠀⠀
⠀⠀⠀⠀⠀⠀⢀⣷⡿⣿⣳⡀⠛⠋⠀⠀⣀⡀⢹⣿⣆⠀⠀⠘⢿⣷⣄⠀⠀⠙⢿⣇⠀⣧⠀⢀⠹⣆⠀⠹⣿⡵⡀⢹⣷⡄⠘⣞⣿⣌⠳⡀⠀⠀⠀⢮⡻⣝⠶⣌⠙⢦⡀⠀⠀
⠀⠀⠀⢀⣀⡠⠋⠁⠀⢹⣿⣷⡀⠀⠀⠀⠀⠙⠳⣛⣿⣷⣄⣀⠀⠻⣟⡳⣄⡀⠀⠙⢦⣺⣧⠘⢇⠹⣧⡀⠻⡽⣧⠀⢻⣿⣄⠘⣮⣻⣷⣌⣳⠤⠀⠀⠙⢮⣳⣌⡳⣤⣘⠳⢀",True,1733069639,0,0,0.476190477609634399,0,811,1532,76561199569918203
1858630,176865999,"It's a pretty fun game that includes a campaign to learn the basics and unlock all the characters to use in multiplayer. However, the main focus is on the co-op experience, with no PVP.

In basic co-op mode, you can play with a party of 4, but there are a total of 20 players, spread across 5 groups. Each group explores its own section of the map, though there are times when sections intersect. At first, you work with just your party on specific objectives, but as you progress, groups temporarily combine to take on bigger challenges. At the end, all groups come together to fight the final boss. It's pretty exciting!",True,1728703341,1,0,0.501402318477630615,0,1383,1820,76561199119702513
1858630,181607513,uuuoooh asuna feet,True,1733193620,0,0,0.475605100393295288,0,559,559,76561198169010634
1858630,178869419,Game play is fast paced and feels fun. the wide range of characters from the anime make it feel engaging to experience a wide range of play styles. character customization options are nice as well. Overall enjoying the game,True,1731393732,5,0,0.553032159805297852,0,685,1249,76561198062200889
1858630,180869902,"Pretty good SAO game, I enjoy it, a little confused on how everything works still but if you're an SAO fan it's a good way to kill some time and have some fun.",True,1732911047,0,0,0.5,0,1444,1676,76561198194945230
1858630,176334502,"Honestly, one of the best games if not THE best SAO game I have played in the franchise. The story was extremely reeling and the gameplay felt fun and fluid. Really made me feel like I was experiencing SAO for the first time all over again seeing all the characters from Aincrad, ALO, GGO, OS, and the Underworld come together and fight evil. 100% recommend.",True,1728027102,0,0,0.5,0,1276,1683,76561198855521155
1858630,176781542,I can call it Sword Art Online Fatal Bullet Ascended,True,1728595412,0,0,0.5,1,1520,12258,76561199192536697
1858630,181362707,"Surprisingly great fun online. The game mechanically is a little janky, combat could be a little better but the story is nice and it's always great to meet the gang again. Definitely for fans of the franchise and even then it's definitely a better sell on sale.",True,1733075918,0,0,0.5,0,1495,1928,76561198392475848
1858630,176637235,"Pretty solid game, there's a campaign that you play through to learn the ropes and unlock all of the characters to use in multiplayer, but obviously the multiplayer is where you're expected to spend most of your time.

The multiplayer is a completely COOP experience, no PVP. There's a basic coop mode where you run through a normal mission with a party of 4, but there's 5 parties in each mission, so you have 20 players total, but each party is sent to their own section of the map which overlaps during certain points, so it's kind of cool because at first you're doing objectives with just your party and as you progress you temporarily combine parties to complete even bigger objectives and then ultimately all parties join up at the end to fight the end boss.

There's also a raid boss mode where you just go straight into the big boss battle with 20 players and just try and take down the big boys.

Aside from that there's something called free roam which I haven't spent too much time on, but it is a good way to just grind resources and learn a character without feeling like you need to focus on completing objectives.

The game is just really fun, I haven't watched the anime or played any of the previous games, so I cannot comment on that aspect, but the loop is fun and the different playstyles linked to the various different character archetypes is really fun.",True,1728402998,44,0,0.817778289318084717,0,920,1173,76561198086330653
1858630,177428187,"I enjoyed the story.  I never played a SAO game before and liked most of this game. It can't really be compared to Relink, which is a masterpiece. If relink is a 9.5 out of 10 then this is probably a 6.5. Liked the more unique characters and the way ranged classes play. Love running around with dual grenade launchers and floating in the air as I blast both of them. Things I like- Art design,combat,characters. Things I didn't like- No English VA,easier than gran blue and combat was more janky, musical score was not as good either. I do really think it is a good game but a bit overpriced.",True,1729455178,0,0,0.5,0,694,1150,76561197992434535
1858630,176166770,"Fun game, love the boss fights with many people (Fills in with computers if not enough but usually not an issue to get at least 10 and this is before the full release) Love the gear and loot, the open field is also cool for grinding gear and money. All in all I can see me spending a long time on this game.",True,1727803198,1,0,0.5,0,610,2484,76561197974158748
1858630,176296897,เนื้อเรื่องดี เกมเพลย์ใช้ได้ เพลงดีโคตร,True,1727973465,1,0,0.523809552192687988,0,1032,1967,76561198084152985
1858630,176301922,better than the last 2 sao games that have come out by a mile,True,1727978671,2,0,0.54356849193572998,0,630,1860,76561198018609404
1858630,176330302,this is the best SAO for current time!.,True,1728019792,1,0,0.523809552192687988,0,541,1273,76561198394105280
1858630,177505871,"Leafa 👍
Asuna 👍
Silica 👍
Lisbeth 👍
Quinella 👍
Yuuki 👍
Strea 👍
Yuno 👍
Alice 👍
This game is good 👍",True,1729576585,0,1,0.469314098358154297,0,747,1838,76561199072700941
1858630,176520200,The story is really good. If your an SAO fan you will like this game! Multiplier is also fun to run with your friends.,True,1728245019,1,0,0.523809552192687988,0,912,1513,76561198082324800
1858630,176489407,Very good game,True,1728217812,0,0,0.5,0,815,1328,76561199639147282
1858630,176306919,First Sao i bought since Fatal Bullet worth,True,1727984123,2,0,0.444437563419342041,0,1169,10279,76561199406387558
1858630,176373152,I have been absolutely loving this game so far! Was worried at first how the Single-player story would be like since the focus was aimed more towards it's Multiplayer content. The levels get more interesting the further in the story you get. The cut-scenes before and after a mission have been more engaging to watch then the previous games. The multiplayer has been a lot of fun to play in between the story missions to mix things up. Once I finish all the story content I see myself putting a lot more time into the multiplayer. Every character has been great to play. All of their kits are very different so no one feels like a copy. If you're a fan of SAO this isn't one to skip.,True,1728073334,4,1,0.537856459617614746,0,1219,7502,76561197975388234
1858630,176199842,Good dopamine simulator. Raids v good content 10/10 would lose to the Japanese again,True,1727846929,0,1,0.5,0,1007,4459,76561198041896344
1858630,176721787,It's a fun game taking place after the show.,True,1728512137,0,0,0.5,1,562,815,76561199080674645
1858630,177128470,not bad,True,1729039251,1,0,0.507042229175567627,0,1411,4163,76561198271959171
1858630,176204272,Very Good!,True,1727854474,0,0,0.5,0,723,1706,76561198144705481
1858630,194626460,its fun,True,1746900783,0,0,0.5,0,1142,1458,76561199110920936
1858630,176374659,"This is a great improvement from the previous sword art online games, specifically the combat style. 
This is my own opinion about the game:
Story: [9/10]
Combat mechanics: [9/10]
Graphics: [8/10] Great for an anime game.
Server connectivity: [10//10] Never disconnected or crashed.
Character Variety: [8/10] Will change in the future when more are added.
Character Customization: [10/10] Fits the game's goals.
Grinding Rate:[9/10] Requires good amount of grinding for loot, but its not hard.
Controls: [8/10] Personally, I see them great, except for the flying mechanics and shooting, could get some work done.",True,1728075051,0,0,0.5,0,1074,2425,76561198327300787
1858630,176184073,i am a huge fan,True,1727821962,0,0,0.5,0,695,16563,76561198064048114
1858630,176487277,yes,True,1728215711,0,0,0.5,0,1074,1142,76561198175444627
1858630,179036896,Good Game Has Good Jiggle Physics :Discord_Thumbs_Up: 100% Best Purchase no Scam 2024 :),True,1731640007,2,0,0.545454561710357666,0,1406,11162,76561199097818569
1858630,176263200,"very fun game, would recommend. especially the asuna swimsuit set",True,1727931074,51,35,0.6776772141456604,7,904,4452,76561198445777931
1858630,178284806,"I don't really see why this game's got bad ratings. It's not bad at all. It's fun, has a partially open world mode, it's got some fun gameplay, and it's a bit grindy if you're looking for perfection.
So overall, definitely worth the money! ^^",True,1730602730,2,0,0.51768261194229126,0,904,1408,76561198042813385
1858630,176211215,,True,1727865606,0,0,0.5,0,545,4404,76561199161179711
1858630,185481329,"Sword Art Online: Fractured Daydream delivers a great deal for the franchise, offering an engaging story and the chance to team up with beloved characters. While I believe it stands as the best Sword Art Online game to date, elevating the series to new heights, its repetitive gameplay and lack of content variety may hinder its long-term appeal. While its nostalgic charm shines, whether this can sustain players' interest long-term remains uncertain. Still, I'm optimistic that future installments will build on the strengths Fractured Daydream has introduced.",True,1736729643,5,0,0.496255487203598022,0,972,2168,76561198069621405
1858630,176188895,Amazing..Absolutely amazing and I am still learning the game mechs but so far really fucking good worth buying..,True,1727829836,0,0,0.5,0,1397,15357,76561198145445177
1858630,176317639,Support this game so we can get more Bandai Namco Crossplay games! The game has its flaws but I would definitely recommend it to anyone looking for a game to play with friends on different consoles or in general. 9/10 in my Opinion.,True,1727998986,0,0,0.476190477609634399,0,1036,1887,76561198040181815
1858630,176359125,great game everything about it from the story to the open world is well thought out and is well worth buying,True,1728058437,1,0,0.5,0,1017,10577,76561199280551170
1858630,178146963,"Honestly, i love the game, but there are some flaws those made me stop playing the game :
- Every characters only have 3 skills, no other customization
- So called legendary weapon also available to drop in early stage of game at random rate. I prefer you can craft those weapons
- Multiplayer is fun, but the waiting is not. Joining the game with room more than 10 bots isn't fun. The multiplayer is too ambitious
- Boss raids are awesome, but sadly locked behind rank limitation

If you want to buy this and want to try its multiplayer, i suggest to do it quickly before the game is dying
If you want to play its single player, you can wait for discount",True,1730445992,1,0,0.5158730149269104,0,1188,1188,76561198065503951
1858630,176377012,"Having a great time so far. Absolutely the best SAO game we had so far.
This game is a warm bath after the previous two games.",True,1728077937,0,0,0.5,0,826,1458,76561198107432770
1858630,180827324,Game-play wise its probably the most like my favorite game SAO has put out Hollow Realization with each character being relatively unique. Everything else kind of falls flat though. The battle pass is way too grindy and so FOMO heavy. Weapon grinding is super dull and they cap you at crafting 100 weapons per day to limit progress which is BS cause it means you have artificial walls placed to force you come back to get the best weapon you can. Overall though I still have enjoyed my time playing it but i recommend getting it on sale instead of paying full price.,True,1732900311,0,0,0.5,0,1022,1393,76561198002590927
1858630,176538249,its just a ok game fun to play but if i was u maybe wait into price drops to much money,True,1728268922,1,0,0.51021730899810791,1,964,2011,76561198316321253
1858630,176268828,God I love Strea,True,1727940418,1,2,0.52702707052230835,0,1250,3541,76561198166738747
1858630,192177937,its a good story and gameplay and i very much enjoy it so idk why so many ppl have hated it. but normally when i find games everyone hates i love them even more,True,1743979050,2,1,0.474820166826248169,0,1163,1417,76561198042092042
1858630,176248330,good,True,1727908353,0,0,0.5,0,1146,4467,76561198796418513
1858630,177712063,NIce Gameplay,True,1729870139,0,0,0.5,0,1541,1641,76561198267924958
1858630,176490037,"Great game! the characters are solid, the combat is fantastic, and a 20 person raid is cool too BUT the only thing... you cant multi player the story line! its a bummer when you want to play with your friends but all the character are locked behind the story line and its lonely .. at the very least you should be able to multi player the story line, with one friend at the very least.

The game is worth playing but the 60$ price tag and the limited multi player, wasn't worth the price if i would've known, I would have waited for a discount.",True,1728218405,0,0,0.5,1,997,1622,76561199222366938
1858630,176421562,"If you are a SAO fan, I recommend waiting for a sale. The main story took me 15 hours (I completed 1 side quest, as well as several coop missions). It started off really interesting but gradually kind of fell off. The ending felt rushed, as well. The coop, while fun initially, is kind of pointless. It's a gear and cosmetic grind, but also feels a little pointless as of right now. Fighting well looking good is nice but you're fighting the same levels and bosses over and over again. I might be too low of a level but I only see 2 bosses for myself currently.",True,1728137771,35,0,0.786409497261047363,0,1009,3391,76561198033217891
1858630,176262741,The best game in the sao franchise handsdown,True,1727930333,0,1,0.5,0,988,4935,76561199473771807
1858630,206579291,Good game,True,1760297619,0,0,0.5,0,1534,1568,76561198054977969
1858630,176578568,"Best SAO game 2024. They combine all their game in one game and really love it. to all sao games that i played, i think this is my favorite among all",True,1728323652,1,0,0.49136015772819519,0,793,1457,76561199364983315
1858630,179077036,The opening song feels like this will be the last SAO game,True,1731691090,1,0,0.50777202844619751,1,638,6584,76561199017287996
1858630,176708343,Just finished the story n it was nice. I wished it had more proper cutscenes n a longer story ;((,True,1728495378,1,0,0.523809552192687988,0,710,923,76561198321186457
1858630,178386945,"Great story, and the dynamics between characters who do not even know each other was amazing. OST was great and the opening movie with the song by ReoNa was great.",True,1730731699,1,0,0.50199204683303833,0,1223,2815,76561199123208101
1858630,187107353,GIVE ME MORE ARGO CONTENT PLEASEEEE ILL DO ANYTHINGGGGG,True,1738623587,0,1,0.454545468091964722,0,1601,1845,76561198829550321
1858630,178560634,FUN GAME,True,1730989013,1,0,0.5,0,1440,1519,76561198077371083
1858630,176377893,"Really fun game - especially if you're an SAO fan. I do have some small gripes about the game, but they're overshadowed by how much I genuinely enjoy playing it.",True,1728079078,1,0,0.523809552192687988,0,868,3789,76561199706666665
1858630,206175155,love it,True,1759910927,1,0,0.475730806589126587,0,673,821,76561199093525357
1858630,176314205,deathgun,True,1727993400,1,0,0.494699627161026001,0,1561,2311,76561198044243853
1858630,176535570,"feels even more grindy than GBF relink, except the SAO game is a lot worse 
the only better part is that it will get more updates...
time waster until uma musume global release

Best part of this game is Kayano Ai",True,1728264794,0,0,0.497487455606460571,0,583,631,76561198016504109
1858630,203922103,i really love the fcat you can play as charcters wish there a town but its good game,True,1757391245,1,0,0.456431567668914795,0,888,1680,76561199393959028
1858630,176251691,Playing this while listening SAO ost is absolute chuunibyou peak,True,1727913565,0,0,0.5,0,564,1005,76561198861559354
1858630,176189694,Really fun,True,1727831121,0,0,0.5,0,549,1118,76561198275324819
1858630,176489007,sinon,True,1728217382,2,1,0.532100081443786621,0,1541,2293,76561197995998650
1858630,176466704,good game,True,1728191021,1,0,0.523809552192687988,0,684,981,76561198301037663
1858630,176212550,I recommend this game if you want a co-op game to play with your friends. I don't recommend it if dealing with several minor bugs at the same time is something that is going to bother you.,True,1727867596,0,0,0.5,0,1250,6490,76561198124949199
1858630,176141711,"Very fun game, didnt expect it to be as good based on the recent SAO games. the multiplayer runs smooth and the story is very intruging. characters are all fun to play as. PEAK anime game",True,1727773187,1,1,0.472821712493896484,0,630,4292,76561198311202205
1858630,176511645,"PEAK GAME (saying this as an SAO FAN
Storyline , they cooked
Character model way better than last two game ( Fatal Bullet model was good , i meant lycoris
Gameplay 8/10 , target lock mechanic kinda werid
BUT 20 PLAYERS TOGETHER THO ??!?!! 
PEAK",True,1728237015,0,0,0.5,0,1068,2203,76561198448697794
1858630,176832822,"its actually decent for a sao game, but its not worth full price",True,1728664365,2,0,0.53499758243560791,0,767,2378,76561198864081119
1858630,176459093,Very Linku Starto,True,1728179785,0,0,0.491591185331344604,0,1115,1533,76561198153370732
1858630,206646659,This game is incredibly enjoyable. The combat is quite fluid. The story is fun. The maps look amazing. It feels like an mmo almost without actually being one. I've played every one of the SAO games and this one is definitely one of the better ones. Highly recommend.,True,1760374286,1,0,0.492579907178878784,0,1159,3324,76561198281064551
1858630,176264949,"I dont know much about the SAO franchise or lore, but I do know 20 Player co-op caught my eyes and I'm glad it did. This game is fire for co-op junkies such as myself. Boss Raids and Co-op Quests are great (the game has crossplay with PS5/Xbox, WITHOUT USING Epic Online Services) BUT you also get the added benefit of a full Offline single-player story mode which is fun as well and is helpful to learn new characters. Deff Recommended,",True,1727933955,0,0,0.5,0,754,2962,76561198307021880
1858630,176185013,"This game has made me viciously wet. I've been waiting for a Sword art Online Game (SAO) with multiplayer focus for a long time. Although it's not the Massively multiplayer online role playing game (MMORPG) that every SAO fan would have desired, it has made my chair almost impossible to sit in, with the level of moisture i've produced, as I play multiple characters through this Moba style game, I can safely say I am addicted and will have to swim to the bathroom when necessary. 

Hopefully players stay loyal to this game so it doesnt die long enough for somebody at Bandai Namco to finally come to their senses and realise that we deserve a MMORPG game as the next title. If that day comes, I will definitely die from dehydration. But for now, i'm just dripping uncontrollable slow.",True,1727823358,2,5,0.536784708499908447,0,967,8149,76561198115444256
1858630,176578912,"Solid gameplay, made by the people who made Fatal Bullet, Freedom Wars, and a bunch of other great games. I wouldn't say it's quite worth full price unless you're an SAO fan, though.",True,1728324050,12,0,0.5952567458152771,0,1024,6965,76561198001429166
1858630,176514582,Good game,True,1728239647,0,0,0.5,0,1353,1646,76561198049602721
1858630,176121881,"seems like a more polished sao game combat is fun, there is a shop but you can get everything if you play the game and its seems to be just cosmetic.
EDIT: Shame the game died within a month",True,1727741239,4,1,0.521514356136322021,0,1110,1110,76561198424008263
1858630,211379686,Actually extremely fun but lacking a few extra QOL features and extra content overall,True,1764328570,0,0,0.5,0,549,555,76561199115679081
1858630,176808935,sick,True,1728636734,0,0,0.5,0,716,1546,76561199075102919
1858630,192573193,"A 7/10 game. Great character choice, decent combat & graphics, but bogged down by very linear missions that get boring after awhile.

You're also forced to do super linear story missions to unlock characters before being able to jump into co-op. It takes an average 1.5-2mins to find a match.",True,1744459353,0,1,0.476190477609634399,0,609,822,76561198205925580
1858630,176198656,"I've been an avid SAO fan since I started watching anime & I have to say that most of the SAO games never really peaked my interest; Fractured Daydream however has! Hollow Realization was my first SAO game & the way it was setup (rapport & combat) wasn't my cup of tea. This led me to never really touch or look into other SAO game releases...but recently I started getting ads for Fractured Daydream & decided to look more into it. Needless to say, the game is really fun so far.

Story is pretty good, not something to rave about but, it really does its job with testing all the characters & and setting up the premise of the game. The combat itself has a great base & some depth to it. Each character has a different playstyle/unique abilities that fits their theme well. I find some abilities of characters  unresponsive (Requires multiple inputs to actually initiate). The generic block & dodge of each character also feels slightly unresponsive, especially after using a characters ability. The camera can also use some adjusting, especially on gun characters when they ADS. Otherwise, the combat is quite fun & slight changes to it would make it one of the best anime combat games I've played. 

Can I recommend the game? Yes... especially if your an SAO fan. So far I've only made it to Chapter 4 of the game & haven't touched multiplayer at all so if that tells you anything about a game that is supposed to be multiplayer focused then yes, the game is pretty good.",True,1727844793,0,0,0.5,0,581,1197,76561198142104724
1858630,176196046,You can play as Oberon.,True,1727840592,0,2,0.47826087474822998,0,1094,18636,76561198073581354
1858630,176215129,"Best SAO game in years, they finally listened and gave us a multiplayer experience (even if the characters are locked behind single player) this game has a lot of potential if they keep updating it frequently and don't abandon it I could easily see it being the best. The game is by no means perfect but is easily on track to be one of the best in the franchise would heavily recommend especially for hardcore fans who enjoy grinding progression is slow but rewarding game-play loop is very fun combat actually flows well which has been a major issue in most of these games (Especially the last 2). micro transactions while they do exist aren't being slammed in your face like in other games (E.g OW2 Valorant COD) overall very good game with high potential cant wait for more",True,1727871079,0,0,0.5,0,926,3008,76561198862369148
1858630,176159773,"Even though I’m a total fanboy and gobble up every game they drop, can we just take a sec to appreciate how far we’ve come? We finally got a full game with some legit, top-tier cutscenes and of course as alway the voice acting is impecable.  Also hhas some of the smoothest combat in the series.",True,1727796104,1,0,0.519999980926513672,0,695,7383,76561198066616850
1858630,176193665,GOOD GAME,True,1727836992,1,0,0.471664160490036011,0,748,2412,76561198109387172
1858630,179446238,"I give this a positive, it's definitely a step in the right direction compared to every title since fatal bullet, but still not there yet. The time gated grind is pretty annoying, and mandatory 5 players to start a coop game is rough when the game is dead already. But the battle system is pretty fun, the CGI cutscenes are much better than older titles. They need to DUB IT. It is really offputting to fans who prefer the dub and have come to love all the characters through their EN VA to not get it in any of the games. Not saying everything out of JP must be dubbed but if you dub the entire anime, you should dub the game. Same downfall as Blazblue CF.. I would literally pay $15 extra for EN dub DLC if that is the issue. Graphics are great, would like to see more in the open world free roam, spawn some bosses in there already.

All in all, best SAO game since Fatal Bullet, still not an amazing game in it's own right but enjoyable and serviceable for fans of the series, unlike Aquria games which I cannot force myself to play past a couple hours they are so bad. I would be more harsh normally but this is a great improvement over other entries so I want to support that momentum.

I should add the caveat that the coop needs 5 players to queue and quests and content are locked behind coop because bots cant do objectives. It's already pretty slow to find groups on the lower world tiers. So yeah, if they don't do something about this parts of the game will just not be accessible when it's dead, so YMMV.",True,1732129292,1,0,0.488538682460784912,0,1462,3312,76561198317666125
1858630,176394082,"For an online focused game... the single-player story had no right to be as enjoyable as it was. Now, i have a very mixed opinion on SAO as a whole but by Jove, i was invested in this one. Nothing groundbreaking but I was hooked. I expected it to be an annoying 'extra' that i had to put up with to unlock all the characters but instead, i wanted more, more story, more interactions between the cast. 
I jokingly want to say that i hate that i like it.

I guess before i go to deep in my wall-o-text. Unless you're really into SAO, it's probably a 'wait for sale' game. Well, even if you're into SAO, you'd probably wanna wait still. Ignoring that i got the game even though i'm a selective enjoyer of SAO.

Some of my gripes with the single-player side is that there isn't a quick way to replay the missions for missed collectables or better ranking as you have to skip the story scenes which would be fine if it was just once at the start and one at end but the skip only applies to the current scene, so you'll have to hit skip like 3 or 4 times. 
Another issue is the map doesn't show the boundaries of the stage which would be nice when trying to find the collectables. 
In the same vein, it's hard to tell sometimes when it's time to explore, as the some stages have a 2nd objective while others don't and so you can end up clearing the stage when you wanted to explore. Sometimes Named enemies (drop collectables) won't spawn until after the 1st objective is done. I also accidentally clear a stage by stumbling onto the final boss and beating it while the 1st objective wasn't completed.
On the note of replaying stages, i kinda wish we could use anyone we've unlocked after the first time.

I'll confess, one of the main pulls this game had for me going in was playable admin/Quinella. I've got no attachment to that story arc but i just like her design and she isn't playable in the other SAO games (to my knowledge). I liked her role in the story and the smug grin she constantly has was perfect. The other pull is playable Pitohui, gotta wait for that one but i look forward to it.

To my surprise, the AI didn't drag down the experience. While very much lacking, it did the job. I think the only noticeable issues were getting stuck on platforms sometimes and trying to fight on stairs where they try to attack an enemy above/below them. Thankfully, it can fight, use skills and most importantly revive. I guess once you get the full party, the reviving isn't an issue because you auto-switch so you can just do it yourself.

I've only played it a few times but free-roam was fun. The only issue so far is having to wait for the matchmaking, i kinda wish you could just jump in regardless of player count, since it's more on the 'solo' side. Oh, i guess i also wished you could pick a full party with a swap-in setup.

I have yet to try co-op and boss raid (excluding the ONT) since i've been busy with the story. I'll probably edit this review to expand on this bit.",True,1728103394,26,2,0.718988120555877686,0,1343,2329,76561198021737317
1858630,179884017,only issue is it takes alittle awhile to load a co op mission because lack of players im guessing,True,1732673644,0,0,0.5,0,1332,1469,76561199514776319
1858630,202813547,gud game,True,1756068616,0,0,0.482879698276519775,0,687,1803,76561199402928117
1858630,176228176,This is the best sao games so far after the fatal bullet..,True,1727884996,3,1,0.50799095630645752,0,1620,41045,76561199528053551
1858630,176513144,Good game,True,1728238313,0,1,0.5,0,1064,4087,76561198253834630
1858630,176660457,Yuna my beloved,True,1728426083,1,0,0.523809552192687988,1,1007,1412,76561198277968610
1858630,180283816,"⢀⣠⣴⡦⠀⠀⠀⠀
⠀⠀⠀⠀⠀⠀⠀⠀⠀⠀⠀⠀⠀⠀⠀⢀⡴⠏⠄⣺⠃⠀⠀⠀⠀
⠀⠀⠀⠀⠀⠀⠀⠀⠀⠀⠀⠀⠀⠀⣰⡋⢚⠄⠊⣿⠀⠀⠀⠀⠀
⠀⠀⠀⠀⠀⠀⠀⠀⠀⠀⠀⠀⠀⣰⢏⣔⣤⢲⣋⣿⡀⠀⠀⠀⠀
⠀⠀⠀⠀⠀⠀⠀⠀⠀⠀⠀⠀⢠⠏⠁⡔⠻⣿⢡⠼⢧⠀⠀⠀⠀
⣾⣷⠶⣤⣀⠀⠀⠀⠀⠀⠀⠀⡜⠀⡰⠋⠀⣙⣀⣰⣽⡀⠀⠀⠀
⠙⠻⣤⠐⢺⡗⠤⡀⠀⠀⠀⠀⠇⢀⢃⣴⡿⢋⠤⠾⠯⢽⣄⠀⠀
⠀⠀⠀⠙⠢⢄⠀⠐⠴⣄⠀⠀⣰⣻⡿⢛⡉⠉⠀⠀⠐⠀⢿⡀⠀
⠀⠀⠀⠀⠀⠀⠙⢴⠁⣠⣵⢶⣿⣾⢭⡭⠤⣀⠀⠄⢀⠁⠀⢧⠀
⠀⠀⠀⠀⠀⠀⠀⠀⠁⠿⠁⠈⠫⠻⣷⣝⡢⢄⠀⠀⠀⠈⠱⣾⠁
⠀⠀⠀⠀⠀⠀⠀⠀⠀⠀⠙⢦⣄⠀⠈⠻⢿⣶⣤⣄⣀⣀⣴⠉⠀
⠀⠀⠀⠀⠀⠀⠀⠀⠀⠀⠀⠀⠙⢦⡘⡄⠹⣦⠈⠉⠉⠀⠀⠀⠀
⠀⠀⠀⠀⠀⠀⠀⠀⠀⠀⠀⠀⠀⠀⠈⠒⠢⠽",True,1732776653,0,0,0.476190477609634399,0,674,674,76561198329207949
1858630,177155790,great,True,1729088219,0,0,0.5,0,650,2288,76561199567218217
1858630,178414805,"Great Game with tons of fun characters to play with and try to master. Fun story mode, The raids are a blast. And if you only have 30 minutes to play you can knock one out pretty quick. Overall a 4 out of 5.",True,1730764100,0,0,0.5,0,871,990,76561198139607491
1858630,176149961,"Fun game, story is what you'd expect if you've played any of the previous SAO games. The story alone will give you a decent amount of content if you try to S rank every mission and get all the collectables. Combat is pretty fun, I still miss the old games where you'd spam out hundreds of skills then go in and one shot everything but this works. The 20 player boss raids are great, competing to be MVP and best party is fun.",True,1727785606,3,0,0.526843488216400146,0,695,1504,76561198043233208
1858630,176162621,"First SAO game, and the gameplay is very enjoyable and entertaining that I didn't notice I played this amount of hours straight lmao",True,1727798991,0,0,0.46875,0,933,3640,76561198402521635
1858630,177759611,great !!,True,1729930073,0,0,0.5,0,1038,2666,76561198315466351
1858630,176532576,Pretty fun game similar to gbf relink.Story pretty good for SAO Standards.,True,1728260267,1,0,0.523809552192687988,0,748,1496,76561198174344591
1858630,176920240,finally a decent Sword art Online game :3,True,1728764644,0,1,0.5,0,559,729,76561198009300472
1858630,176567578,Argo is best girl,True,1728311881,0,0,0.5,0,1228,4216,76561198018892518
1858630,181621619,I know a lot of people would probably disagree but I say this game is worth having a chance at Game of The Year,True,1733203578,0,1,0.471864759922027588,1,1270,12519,76561199626808691
1858630,176855778,Fuuka wasnt as big as a fucking idiot as i thought she was,True,1728688615,0,0,0.5,0,1442,1446,76561198447551184
1858630,176163553,Playable Heathcliff,True,1727799858,0,0,0.487421393394470215,0,618,4611,76561198932615739
1858630,177861792,great,True,1730047027,0,0,0.49222797155380249,0,828,3622,76561199123769612
1858630,176275129,"So, I've been playing this game a lot the past few days and I personally think the game is worth it for you if:

-> You like grinding.
-> You don't mind doing the 2-3 hour story (skipping in this scenario) to unlock all characters.
-> You don't mind getting punished for spamming attacks, that's right. Some people say the gameplay is ""clunky"" however, it is very responsive for me. I have been playing on the Asia server with ~200 ping and I have had 0 issues. People think the combat is clunky because you actually get punished for spamming attacking without dodging/guarding when you clearly have the opportunity to.

This game has crossplay across all consoles + pc, definitely something that will help keep the game lively for sure, you can play with anyone.


I will not say the game is perfect by any means because, it is not. It has flaws for sure, I heard people got softlocked here and there, mostly in freeroam, but, surely it'll get fixed.
I also heard of someone relogging and losing their item that they had before logging out which also is a major issue.

The real question: Is it worth $60? 
This is only a yes if you feel like investing a lot of time in a chill grindy game whether it's solo online(with randoms/AI) or with friends.
If you are a completionist and into the story, then the yes becomes more transparant. I did not finish the story myself since I prefer the online play but, for the completionists the story is nice I've heard and you'll have a good amount of stuff to collect.",True,1727949429,47,1,0.802003383636474609,0,1604,8459,76561198162205409
1858630,176391965,PEAK,True,1728100119,3,0,0.531598508358001709,1,1065,1660,76561198991122531
1858630,176278233,Not worth the price but a lovely game nonetheless. Can only go up from here - can't wait.,True,1727953508,0,0,0.479186832904815674,0,645,1376,76561198880540777
1858630,176591639,"I mean, It's good. Good enough for live service game with some rpg like elements to the mix of things. Although I do love the amount of unique characters with it's own weapons, skills, styles & etc.",True,1728339722,1,0,0.521302103996276855,0,708,709,76561198127600487
1858630,176297359,it's alright,True,1727973951,0,0,0.5,0,1200,2990,76561197976884627
1858630,176235348,There's an Among Us reference in game.,True,1727892433,0,1,0.457823246717453003,0,1111,5136,76561198192765886
1858630,176393662,"The things i hate about this are the cut scenes. Some scenes need to be arrange properly like the one after the credit cut scene, they should just put those before the credit and combine them together.
2nd, There's no auto-skip like auto-skip once you already saw the scene.
The game is good especially if you like SAO. 
Price wise, just lower it a little bit. 
Online is enjoyable though..",True,1728102712,5,0,0.552033126354217529,0,1505,2222,76561198199639891
1858630,176264964,Yes,True,1727933968,0,0,0.5,0,906,1896,76561197988602761
1858630,176127933,"Actually enjoying the game. I haven't played much of the SAO games but I do know the Anime. My one main question tho is,

Where is the LOG OUT BUTTON? XD

But outside of that, This game is good and has potential for sure.
Great mechanics especially for KB, Good progression system and an interesting story. 
Compared to the other SAO games I think this one has a lot more potential for later add-ons and modes.

EDIT

Go to options and then press backspace. Back to title screen to log out!",True,1727750387,1,1,0.52173912525177002,0,1061,1061,76561198358930424
1858630,183404550,If ur a fan and are able to get it it's worth it. Mechanics can be adjusted but personally fun imo plus it's still new,True,1734889520,2,0,0.509132444858551025,0,864,44307,76561199582482566
1858630,176626653,"We finaly have a good SAO game. Yes, for real, this game is actualy really good. The multiplayer is rly fun, especialy with friends, and I've also been enjoying the story mode a lot. Highly recommend, even if you're not a big SAO fan.",True,1728391765,6,1,0.551020383834838867,0,925,2979,76561198170578522
1858630,179144556,"Would I recommend this game? Yes and no. If you got friends to drag into the game with you? Yes, the gameplay is fun, the characters have pretty cool kits and all its lacking is players really. The thing is, as I'm writing the review, I've watched the first episode of GGO S2, done chatted with folks on discord, set up Kate to compile C++, started work on a locally running AI and I still haven't found a coop quest match.

It's been 59 minutes already... please, for the love of everything, someone play the god damn game! So yeah, play as a 4 stack maybe, then you can actually reach the endgame content.

I've played this game on Arch Linux all throughout and the game is very much playable without issues. Time to go back to writing more AI code, maybe I'll have my own implementation of Yui before I get into a match.

Also, 40$ is already a hefty price for this. I know how much work flows into games like these, but 30$ would have been the sweetspot, not 60$
I cannot motivate any of my friends to buy this game if they have to play through a mediocre story with cool characters that they may or may not be able to play next mission or won't find online coop quests to get to the endgame content that was the goal to reach to begin with.
With that, have a wonderful day, I shall get back to work now. Cheers!",True,1731761387,22,5,0.739110887050628662,0,986,1220,76561198055400006
1858630,179229850,This game is very good and perfect,True,1731847169,0,0,0.469798654317855835,0,592,950,76561199641992185
1858630,176636517,"The story is great, the customizations are awesome and the combat is fast and fun. I just wish they would have added a chat system and more interactive stuff so it would be easier to communicate with players on the free roam mode. but overall this game is great! Would totally recommend, especally if you're an SAO fan.",True,1728402251,0,0,0.5,0,734,1921,76561198184938519
1858630,176624874,"Definitely one of the best of the franchise, it is not perfect but it is closer to what it could be. This is so worth it compared to the last one. This game is not a waste of money.",True,1728389482,10,0,0.633175015449523926,0,761,1515,76561197989867895
1858630,195002764,peak!,True,1747398668,2,0,0.525316417217254639,0,1137,1462,76561199001755561
1858630,176611065,GOATED. if u like sao this is easily the best game in the series,True,1728366802,0,0,0.5,0,1405,2538,76561198366722288
1858630,176807892,"So far?

Game plays fine. Combat is solid, no real issues with the controls or anything, and the story is really interesting. I'm enjoying seeing the different interactions between characters that should be dead, or outright enemies, sometimes both.

Was it worth full price?... Ehhhhhhhh...",True,1728635040,3,0,0.547668755054473877,0,1303,3431,76561198145105496
1858630,176223771,"Seems okay, need a little more polish on mechanical issues from certain characters. Other than that I recommend in normal price.",True,1727880477,0,0,0.5,0,612,2167,76561198203443010
1858630,177009497,"This is a pretty fun SAO game that has intense potential with updates and a hopefully retained populated playerbase, but It feels a lot more stiff in almost all aspects compared to other SAO games. Other games like Hollow Realization looks and feels great to play, but Fractured Daydream is so comparatively harder to play and just looks worse, with a hint of modern day unoptimized performance. 

The game itself is fun yes, and there is a decent amount of stuff to do (more so if you wait for updates (as you should)) and the idea of endgame being the hunt for cosmetics is fun, there just isn't enough right now to justify the price tag. If SAO fan like me, sure buy it, but it would still be wise to wait for multiple updates and/or wait for discounts.",True,1728866415,1,0,0.512578606605529785,0,1100,1100,76561198119595025
1858630,205547184,love sao already and the game is pretty good too,True,1759243305,0,0,0.466055899858474731,0,694,694,76561199505778442
1858630,176503874,Amazing game!,True,1728230388,0,0,0.5,0,695,886,76561198031860338
1858630,176244019,Time for MONKE,True,1727902533,0,0,0.489075720310211182,0,937,1760,76561198799037984
1858630,180082156,good,True,1732742937,0,0,0.5,0,835,862,76561198327378898
1858630,176465316,">Be Me
>Proceeds to Co-Op Quest
>Click Play
>Matching...(3/20) (00:21:38)

Legends say i'm still waiting.",True,1728188935,1,0,0.523809552192687988,0,1373,1419,76561198168501262
1858630,200695861,Amazing game,True,1753470976,0,1,0.5,0,821,866,76561199134180295
1858630,176318180,"Must-play for SAO enjoyers. It's gorgeous, fun, authentic and the music feels straight out of a 2000s eastern MMO game (good). The character interactions are endearing and often funny, cute, wise or emotional. The way characters smile after delivering a line of dialogue is adorable, and the lipsync tech they used is very enjoyable to look at.

The combat is satisfying for several reasons, but I think the one I'd like to bring up is the iconic red slices that appear as your blade slashes an enemy, accurately displaying where your attack landed. Combine that with weak points on monsters and it makes for a combat system that feels very deliberate and cool.

Every character feels unique to play as because of their different abilities. Not just attacks, but movement as well. There is some skill overlap of course, so as you play the game and increase your familiarity with the mechanics, you'll get better with every character. So don't hesitate to try them all. Loot is fun to collect and I love that there's alternate outfits and accessories to find in each level.

Overall the game has a very pleasant atmosphere that sucks you in and makes you want to keep existing in its world. A rare sight indeed these days. Of course, you should watch at least a couple seasons of SAO before playing this, as it is a game for the fans.

Speaking of, this game is so good it got me to watch Ordinal Scale and start Alicization as well. I basically wake up every day and put on my metaphorical NerveGear to watch SAO, before fulldiving into this game and experiencing more SAO. Then I go to bed and dream about SAO. This game really makes you FEEL like Kazuto Kirigaya.

⫻ LINK START ⫻",True,1727999914,4,1,0.550343871116638184,0,1212,9929,76561198001991343
1858630,176327830,Best sao game by far. Controls feel a bit clunky at the start but you can get used to it. Story is around 15-20 hrs depending and multiplayer is fun so far.,True,1728015511,0,0,0.5,0,1629,6230,76561198043404410
1858630,176140319,"So far so good in my opinion if you want a fun RPG to play with friends and grind all night long. This game has a lot of good traits I really enjoy the character customization and how your custom character can appear in cut scenes that can cause some good laughs. I really enjoy the multiplayer aspect much more than other SAO games and I can see a clean future for this game as updates soon to come out. Now I do have some complaints about this game first the graphics are on the low side for a 60-dollar game however when it comes to action animation that's where their budget truly shined. Now a lot of people are comparing this to Gran Blue fantasy relink and I don't think it's a fair comparison gran blue was a huge passion project that took 8 years and has a much richer story. However, this SAO provides better multiplayer in my opinion. In conclusion, if you want a good RPG game for friends to play this is your pick!",True,1727770966,1,0,0.507575750350952148,0,545,1444,76561199114714517
1858630,176479206,"If you like DC/PS2/NGC generation games, you will love this one, including the chuncky controls, bad camera etc. It does feel dated, but it is also addictive at the same time.",True,1728206923,0,0,0.5,0,1244,8620,76561198035462656
1858630,179083142,"Interesting crossover story, fun game in general. Still annoyed that Oberon is in the game at all tho.",True,1731696904,0,0,0.5,0,540,3861,76561198004452008
1858630,176465656,"I've been a casual enjoyer of SAO games since Hollow Fragments on the PSP Vita. Hollow Realization was probably my favorite. That being said, I'm genuinely enjoying this game. Story has been on par with what I've expected and offers an environment to try out the characters you come across without the anxiety of letting fellow players down in Co-Op. That could just me me though. 
Co-Op quests are fairly quick, which is nice. I like how you're starting out in a 4 man party and as you clear objectives you start meeting up with the other parties to take on the boss. It gives the feel of forming a raiding party to take on bosses, which is a staple concept throughout the OG series.
It's pretty clear at this stage that the limited number of Co-Op quests will get repetitive, but I'm hoping that they start adding more variations, objectives, or areas.
There is a battle pass and in game store, as most modern games have these days. Battle pass will eventually give random legendary items, otherwise it's cosmetics. It feels fair, and you gain progression for every quest you do along with specific tasks given daily/weekly. There are a fair number of cosmetics that are unlocked through gameplay though which is fantastic. Hope they keep adding more free cosmetics.
Overall, I recommend this game.",True,1728189394,0,0,0.5,0,1051,2503,76561197997378130
1858630,176206642,Admin can shoot kamehameha,True,1727858444,0,0,0.5,0,841,4253,76561198097007714
1858630,176285653,+1,True,1727961964,0,0,0.481283396482467651,0,897,6403,76561199427182185
1858630,176542520,"I really like the introduction movie 
Multiplayer is good",True,1728275607,1,0,0.51021730899810791,0,1063,2008,76561199089057677
1858630,177471126,kirigaya kazuto makan ikan sepat.,True,1729524318,0,0,0.46875,0,1070,1596,76561199031251847
1858630,177514828,Link Start !!!,True,1729595240,0,0,0.5,0,1366,1391,76561199115987435
1858630,176438039,"Mostt fun i've had in any SAO game.

Please add Sumeragi from Lost Song in the future... :(",True,1728153485,0,0,0.5,0,1013,6026,76561198859160672
1858630,178586527,"A good SAO game! An original story, you fight bosses that appeared in the anime but also newer bosses. Great co-op although if you didn't purchase the game early you might wait quite some time in the lobby (but if the game detects that there are not a lot of players, it will be filled with bots/npcs)

Overall I'd buy this only if you are a SAO fan as it is quite expensive. But for me it's worth it! It's great to see all the characters together in the story and they are all playable in co-op and other modes! Some cute kirito and asuna moments aswell in the story <3",True,1731020303,0,0,0.5,0,830,830,76561199065579746
1858630,176542106,"This game is a grind, and some aspects definitely could be better, but I have been playing it nonstop and having a ton of fun. There are still a few minor bugs that need some fine-tuning as well (finally get a drop I was grinding for and the game bugged out as if I had never done the mission; lost the xp, drops, and challenge progress from it). The story is incredibly mediocre, but the missions themselves are fine. Still haven't finished the story; I just unlocked the characters I wanted from the story and have set it aside for now to grind multiplayer, which is really the fun of the game. 
Best with a party of people, otherwise some aspects, such as tracking kills on enemies, only goes to whoever last hit the monster (which can be incredibly frustrating for some missions). Overall enjoyable and worth it, thought would say wait for a discount. I can see myself playing this game for quite a long time, as long as it stays alive.",True,1728274920,0,0,0.5,0,1450,7189,76561198027572898
1858630,176302768,"This game make a lot of fun, even grinding makes fun. 
Btw battle pass is free! :3",True,1727979532,1,0,0.502212405204772949,0,1627,25806,76561198250049658
1858630,176234065,best sao game ever it looks like gran blue fantasy relinck  but in sao style amazing story and no 2d talking pics like the rest well done!!,True,1727891117,1,1,0.517667829990386963,0,1250,2518,76561199239296145
1858630,176701054,Good story line and characters for nostalgic!,True,1728487540,0,0,0.5,1,781,976,76561198331662661
1858630,176473895,"Fun co-op SAO themed game, raids as a team are really fun!",True,1728200472,1,0,0.51327437162399292,0,1106,2854,76561198251770910
1858630,177849512,"I don't usually write reviews, but I feel like I have to say how amazing and underrated this game truly is. I tried playing previous SAO titles as they were coming out through the years, mind you they were on consoles and might I add not the greatest game series I have played. Which is why I have decided to write a review on this game.

[b] Story [/b] The story in this SAO title is a lot better than the last games. This time around the story takes place after the main anime, so they had a ton of freedom to really do something they wanted here, which really shows. The story is unique enough to have kept me quite engaged. As you progress through the story, you slowly unlock characters to use in the amazing multiplayer 20 man raid, which might I add is insanely addicting and very fun to play.

[b] Multiplayer [/b] This in my opinion is the main reason I am writing this review. I haven't played a game with such addicting multiplayer game-play in years. There are three different multiplayer options you can choose from after completing the main story, being free roam, co-op quests and boss raids. These three online modes are all extremely populated, which are always absolutely popping off no matter the time of day at the time of writing this review, mainly because this SAO game has cross-platform play, ignore steam charts as this game easily has 50,000 people playing at any given time. The combat feels insanely fluid, the mobs feel fleshed out, the zones are beautiful and the community in this game are very helpful. Even if on the very slight chance you find a quite game, you will wait max 60 seconds before you are placed into a co-op mode that fills the remaining player spots with bots until another minute later the lobby rapidly fills with players. 

I would rate this game a solid [b] 9.0/10 [/b]",True,1730035484,0,0,0.49222797155380249,0,976,1262,76561198086982675
1858630,176750832,"Here's an honest review so far; I like the game so far. I can tell they're slowly getting better at animating characters in video games in the ""anime-like"" format, however, the characters still feel a little clunky. There is also not a lot of detail to the maps and they reused quite a bit of art on entirely different dungeons. In consideration of that, the game can feel a bit repetitive and there is the factor of getting burnt out of it fast due to that. Story-wise, it was alright. It is enough to keep your attention but not enough to wow. 

Given the bad consideration, there is also plenty of good in this game. If you enjoy grinding dungeons and bosses for gear, and are addicted to collecting things and leveling, this game is for you. The drops are enjoyable and it can feel rewarding. There is a leaderboard-like scoreboard at the end of each co-op mission. So you can and will see your progression. The bosses are kind of fun :).

All this in consideration, I do suggest the game and enjoyed playing it. I can't wait to get on and grind some more :) Enjoy. See you in the dungeons!",True,1728560574,7,0,0.597978770732879639,0,1482,2263,76561199025332815
1858630,176371120,Grind,True,1728071164,0,1,0.47413790225982666,0,712,10408,76561199075196157
1858630,183542842,I've been playing the game since launch and despite what others might say it is a fairly active game. However everyone is playing over on the japan servers (and they've been doing this since launch as there was a bug that set everyone to it automatically). It is fun however there are somethings I do wish they'd change. For the record I am currently max level and have 8 of my characters at level 100 from doing a bunch of offline grinding while I was traveling. They've added only 3 raids bosses since launch and no new maps (there were 5 raid bosses at launch). They have been adding more cosmetics than anything with the passes along with the store. The game isn't horrible and it is fun to play. I just wish more was put into it honestly.,True,1735020882,5,0,0.519845664501190186,0,831,831,76561198083330057
1858630,176189123,Best SAO Game I've played,True,1727830196,0,0,0.5,0,1557,9136,76561199088800163
1858630,176528202,Great game just need frame rate issue fixed,True,1728254070,0,0,0.5,1,1481,3420,76561198385283051
1858630,176177334,We Must Save My Family!,True,1727813168,1,0,0.502380967140197754,0,649,2385,76561197961854038
1858630,176988707,"Peak ass game, peak ass story, It has my baby girl Eugeo! Need i say more?",True,1728842254,1,0,0.476190477609634399,0,1083,1951,76561198406532740
1858630,177441672,"enjoy story? like smashing buttons and pretty lights? like seriously how adhd are you? if you answered yes to any of these you should give sword art online fractured daydream a try. description with three epic multiplayer modes its hard to pin down think fortnite versus monsters pitting teams against on another to score higher.

you unlock modes by doing story until you get co op quests.  think of the story as the tutorial it brings you into gameplay mechanics through story. personally i love this part. as you progress through the story you unlock more characters to play. if you really need to you can skip most cutscenes. WHY other than time would you want to?  

honestley really great game not for everyone however its a great melding of game genres. waaay go peoples yall have made a great game. hands down looking forward to raise my ranks. :}",True,1729474398,0,0,0.5,0,1496,2317,76561198089878416
1858630,176139518,"LOVE THIS GAME. Have not stopped playing since early access, every character feels great to play, story is entertaining if your a fan of the anime series. 

Would recommend for anyone looking for a fun hack n slash looter game or if your just a fan of the franchise as a whole. 








ALSO MORE EUGEO!!!!!!!!!!!",True,1727769719,3,0,0.530685961246490479,0,547,7406,76561198186567994
1858630,176315563,ᗜˬᗜ,True,1727995591,0,0,0.5,0,1407,2287,76561199033789640
1858630,176524682,I love video games,True,1728249795,0,0,0.476190477609634399,0,1587,5598,76561198083191937
1858630,176166490,1 hour into the game and I'm struggling with the control.,True,1727802906,0,0,0.5,0,875,2272,76561199043918989
1858630,176252805,"This is the SAO game I've been wanting for YEARS!
I'm somewhat of an SAO casual and I've played many of the games in the past but non have really grabed my attention as much as this one has.
The story is just okay, but the characters all have different play styles from one another.
Each with their own skills, gimmicks and ultimates. And when I say everyone has their own gimmicks, I mean EVERYONE.
So no matter your play style you'll most likely find a character to play!",True,1727915138,0,1,0.5,1,1278,8583,76561199636035872
1858630,193642583,just for multiplayer..thats it... (maybe the last boss design too :)),True,1745687165,4,1,0.54098355770111084,0,610,10904,76561198412442908
1858630,176225789,Not bad for first timer playing SAO game. SO HYPE for me,True,1727882547,3,1,0.495255500078201294,0,844,2278,76561198241678664
1858630,176748117,5555,True,1728556352,0,0,0.495252490043640137,1,898,2619,76561198282618473
1858630,176512407,"[h1] The Best SAO Game [/h1]

[b] What I Liked [/b]

I'll start this off by saying the point of the game isn't the story.  The story isn't bad.  There are only so many ways stories in SAO can play out.  The story is the only way they could justify bringing in characters from the anime over.  That being said, if you're a fan of SAO, then you'll like the story.

The combat is where the game shines.  I've tried a few SAO games over the years, and none of them felt quite right.  This one though makes me feel like I'm in SAO.  The characters move and play like they would in SAO.  The enemies behave as if they are their counterparts in the anime.  The combat is great.

Of course, the point of the game is the grind.  It's a huge, huge grind.  It's all about leveling up and grinding for gear.  Doesn't make it bad at all.  With 21 characters, there is a ton to grind for.

The graphics are good, and again, I feel like I am in SAO.  I wish more locations from the anime were in the game, but it's good for what it does.

[b] What I Did Not Like [/b]

I'm an old guy, so the game hurts my hands after awhile.  There is a bunch of button mashing.  More than likely I'll have to give it up because it's too hard on my hands.

Playing online is the primary point of the game.  Doing co-op dungeons and boss fights.  The problem is that will get boring after awhile since there isn't a huge variety of areas.  The other issue is that the player population is low, and half the time bots filled in for a live person.  But, they were decent bots who fulfilled their role decently enough.

Day one DLC is also a downer, along with microtransactions.  They aren't required though.

[b] Why I Stopped Playing [/b]

Haven't yet, expect I will once it bothers my hands too much and I tire of the grind.

[b] Disclaimer [/b]

I have been a gamer for over 30 years.  I tend to play mostly PC games.  I also bounce around between games A LOT.  I may purchase a $60 game and play it for 2 hours or spend $10 on a game and spend 50 hours on it.  Even if I played a game a short time, it does not mean it is bad.  It just means another game caught my attention.  I also complain about flaws in games a lot, even about the littlest of things.  Keep that in mind when reading my reviews.  If I do not have a complaint, then the game must be special!",True,1728237660,37,3,0.725086510181427002,0,873,887,76561198003174259
1858630,177148444,"Not as ""SAO"" as I hoped, more of a JRPG with MMO aspects",True,1729078372,0,0,0.5,0,654,9197,76561198067031946
1858630,176387242,"When Fractured Daydream was initially revealed, it do not catch my interest much at all. I used to play the SAO games back in the PSP and Vita days. Good times, but even back then they weren't games I ended up diving into super hard. Fatal Bullet was always the standout for me. A real good time that one was. So of course when I eventually learned that good ol' Dimps, the team behind not only Fatal Bullet, but also one of the teams involved with Freedom Wars, were heading up this project, my ears sure did perk up. Kept my peepers on the game, and once early access dropped and I started to see more content on the game, I took the dive.
Starting out the game was definitely a rough time, at least for me. Been a real hot min. since I'd played an SAO game, and these games have always had a feeling of jank or awkwardness to them, A lot of that kinda stems from the intentional design of these games. But once I got the flow down and snagged up some characters I jived with a lot better, it clicked real nice. I'm a little over halfway through the story, and have dipped my toes into the multiplayer content (all of which has been a surprisingly fun time). Gameplay alone this bad boi is worth a pick up, but it'll also depend on your preferences on games. It's a very classic repeat multiplayer missions to get better gear and level those characters kinda game, which is a bit of a depeature from the SAO games I remember at least. And while even though these kinds of games aren't my cup of tea, I can see myself picking this up, having a solid few hours of anime fun here and there, and moving on for the day.",True,1728092974,2,0,0.52173912525177002,0,625,2633,76561198046966618
1858630,183930045,Yes,True,1735343218,3,0,0.500723838806152344,0,630,6207,76561198402695053
1858630,176175955,"Best SAO game I've played out of all that I've owned (didn't own Fatal Bullet.)

The characters included with the base game (which hopefully grow with more DLC) is plentiful.

That being said, some of the characters classes don't make sense to me (Liz being a fighter and not a tank/Alice being a tank and not a fighter.) Although I suppose if it's going along with the anime, Liz being a fighter can make sense but eh.

I'd personally give the game a 7.2/10 currently, might change when more people buy the game and Co-Op has a lot more people.",True,1727811647,2,0,0.545454561710357666,0,639,7414,76561198078734824
1858630,180974274,"Beautiful graphics and appearance of locations compared to other games in the SAO series, interesting development of characters from the gameplay point of view, good gameplay in general, a little overkill in terms of difficulty of completing the battle pass, half-dead online (only the American server with a ping of 100+ is somewhat alive).

It is also a pity that you can't assemble your own character like Lost Song, in order to travel around the world as them and not as anime heroes. Weak character customization except for a couple of details - only full suits, hats and accessories on the face.

In general, a good game, but it is difficult to recommend it to everyone - it is for an amateur, especially for its price tag.",True,1732949705,0,1,0.5,0,1417,3085,76561198280810302
1858630,176119174,"My hot girlfriend told me that I got  69 award She will be wearing a hot sinon cosplay  It will be the most amazing cosplay I have seen in the house help me guys this my RLY DREAM I JUST CAN FUCK SHINO :p 

Hey guys I blew my tires and disconnected from my girlfriend That bitch asked me who's more important me or the new Sword Art Online She doesn't know I'm impatiently waiting for this game and counting the minutes and ya plz help me  i need just 69 reward and gg for her 

So will we really live the first part of the anime series? I am very hopeful.
I have so many feelings now, I don't know what to say, but I will say it.

Man I get a thrill out of fighting with a whole team This is the best game for me Sword Art Online: Hollow Realization Deluxe Edition
 If you think that I am just a normal fan of the game and the world or the anime, you should go to my profile. I am completely obsessed with 
I want to say that I am very excited to try this with my girlfriend and friends. I can finally experience some of the real taste of the world unlike the VR game. I hope the game develops on VR because this is my real dream. something called Sword Art Online


My favorite part was Sword Art Online: Hollow Realization Deluxe Edition
I played for 2000 hours without getting bored. I hope this part has the same value, tasks, world and game methods
The most important thing is to curse everyone who doesn't think that SHINO should be a main character instead of Asuna, who only screams Kirito kennin.

I promise you there will be an update for the review. 
I'm so excited to see Shion in her underwear on the bed in this game. Will her underwear be pink (or will her pussy be pink)? 
First review update
I tried the beta and it was really amazing. The fighting is in another world almost like anime
I love the collaboration that happens in the Sword Art Online community. Well it's a first review so there's an update in the coming days
I have concerns that the game will die quickly. I hope that the game's community remains active because, as I see now, the game focuses a lot on online and co-op play.
The game is really great. The characters and abilities are awesome in every sense of the word (the best thing is that the leaders are not stupid or easy to kill). I feel and believe that the game does not want to laugh at us with this part. Finally, they may give us something beautiful and wonderful for the game. 

Update number two
 I highly recommend playing the story mode it's very good the story is great the gameplay is great and your level will rise in a somewhat satisfying way",True,1727736789,16,7,0.351548165082931519,0,899,25117,76561198268765024
1858630,177518134,if you die in the game you die for real,True,1729599414,2,2,0.54356849193572998,0,894,928,76561198014496843
1858630,176187391,"Wow, SAO finally made a good game since fatal bullet. took some time but here we are XDDDD 
(This is a joke and if you are offended then that's your fault not mine.)",True,1727827504,0,0,0.5,0,535,1428,76561198273997600
1858630,180851274,Asunaaa and Yuukiii ❤️❤️❤️,True,1732906184,0,0,0.5,0,1624,1889,76561198256368646
1858630,176593119,"Co-op is heck of a fun
The story is okay too

But playing single player mode is meh
Traversing the maps is a bit of a pain unless you are a flying character finding the collectibles
Makes me miss the UFG from fatal bullet because there were ways to abuse it to travel fast and high",True,1728341907,0,0,0.485033333301544189,0,1354,10268,76561198186002975
1858630,188141132,10,True,1739819347,0,0,0.5,0,890,1446,76561198844871479
1858630,176613769,"Redoing this whole review because time has progressed since launch. 
1) progression can feel stale, I suggest turning some music on and just playing for your own pace. 
2) Solo play can be abit overwhelming when your getting ganged up on, Just remember keys 1-3 are your skill attacks usually, and 4 will always be you healing. 
3) Invest in story mode first in my opinion. It helps level you up several characters before you drive into the multi-player.

I still recommend this game purely as solo play/mullti-player is balanced to a degree. When in coop you can do a switch with team mates and deal additional damage.",True,1728371405,0,0,0.476190477609634399,0,1597,1597,76561198379840006
1858630,178059754,W game,True,1730322600,0,0,0.5,0,1337,1349,76561199542522315
1858630,176230955,"Feels like dumbed down version of fatal bullet with multiplayer focus. i can see how this isn't for everybody, but i'm loving it so far.",True,1727887801,2,1,0.519726991653442383,0,978,7000,76561198325083975
1858630,176380134,Best SAO Game Title ever EVERYONE MUST GET ITS AMAZING!!!!!!!!!,True,1728082123,1,0,0.476190477609634399,1,605,1481,76561198244728338
1858630,176390746,"🌟 A Dreamlike Adventure in the World of SAO! 🌟

As a long-time fan of Sword Art Online, Fractured Daydream is everything I could’ve hoped for in a game that perfectly captures the essence of the SAO universe. From the moment you step into the game, you're immersed in a beautifully crafted world filled with stunning visuals, epic battles, and a gripping story that keeps you hooked.

Pros:

Incredible Graphics: The environments are breathtaking, with detailed landscapes, vibrant towns, and fluid animations that bring the world of Aincrad and beyond to life.
Engaging Combat System: The action-packed combat strikes a perfect balance between fast-paced, strategic play and the RPG elements we love from the series. Sword skills, abilities, and cooperative team strategies make every battle feel dynamic and rewarding.
Rich Storyline: The plot is not just a retelling of the anime but introduces new, exciting twists and characters, making it a fresh experience even for veteran SAO fans.
Character Customization: The character creation and progression system are deep and flexible, allowing you to mold your avatar to fit your personal playstyle. Tons of weapons, outfits, and skill options mean no two players will be alike!
Multiplayer Mode: Whether teaming up with friends or facing off in intense PvP, the multiplayer aspect of Fractured Daydream is highly addictive. Coordination and teamwork are key, making victories feel incredibly satisfying.
Cons:
Occasional minor bugs and performance hiccups, but nothing game-breaking, and the developers seem committed to addressing these issues quickly with regular updates.

9.5/10 – A fractured dream you won’t want to wake up from!",True,1728098308,0,0,0.5,0,1316,4418,76561198215621123
1858630,176208051,"Most people are here because of the title rather than the gameplay im sure of it. It's so funny they included LLENN in the story, and there's Eugeo and Quinella uhhh, all of their interactions are so interesting. My only question why Yuna didnt sing when Ulting or skill??? why you made Yuna mute lmao , its only just a few sec why not included a cut of her music.",True,1727860743,0,0,0.5,0,827,1107,76561198871195214
1858630,176581584,"From what I see the game needs a little imrpovement on pc with m&k control. Overall it is a fun game to play in between other games. Nothing now in this genre but you can play with friends or random people online. Maybe they will change how the party composition will be for quests and bosses. If i would rate the game it is a solid 7,5 nothing more and nothing less. If you like anime games were you can grind go for it if not..wait for another game.",True,1728327203,0,0,0.476190477609634399,0,708,907,76561197966454375
1858630,176321155,best sao game in years,True,1728004657,2,0,0.525179862976074219,1,903,4593,76561198416348684
1858630,176149776,Eugeo my beloved.,True,1727785368,0,0,0.5,0,779,4511,76561198135857122
1858630,176297210,really nice,True,1727973805,0,0,0.5,0,944,5035,76561199226584162
1858630,176471502,"Ah Yes, Wapam",True,1728197433,0,0,0.5,0,779,1059,76561199123144212
1858630,186901239,Hm it's good but there are several things need to be improved,True,1738413189,1,0,0.474412351846694946,0,1616,2703,76561199363517841
1858630,176605398,Cute girls with guns A++,True,1728358481,0,0,0.497487455606460571,0,1550,2443,76561197987451171
1858630,176733288,Better than previous SAO games.,True,1728530468,0,0,0.5,0,1037,2581,76561198993580039
1858630,176318518,"Ah yes, bullet line lmao

But seriously. If you don't really like SAO it is not really worth the money. Other way around though if you are a diehard SAO fan.

Gameplay is there, although I think a bit unrefined. Grindy yes, but quite engaging I would say. No actually make that VERY grindy.

One thing that makes me instantly buy this game though, I can snipe with sinon in this one lol",True,1728000406,1,0,0.5,1,1136,5709,76561198371570813
1858630,176375859,good,True,1728076506,2,0,0.526901662349700928,0,704,902,76561199392469766
1858630,176173728,10 hours in and really enjoying the game,True,1727809370,0,0,0.5,0,649,3005,76561198130851343
1858630,189796394,not bad,True,1741534782,3,0,0.480602115392684937,0,1327,1644,76561199232593318
1858630,176234499,Very enjoyable.,True,1727891494,2,1,0.503559648990631104,0,1503,2641,76561199164196920
1858630,178707514,"has a really good plot and gameplay is amazing,",True,1731180955,1,0,0.50199204683303833,0,913,1330,76561199639635298
1858630,176539594,"Game feels fresh and fun. As a not too prevalent Sword Art fan I was pleasantly surprised by the story, and the multiplayer flows really well for the most part. If this game can polish its connectivity issues and balance the game to be more rewarding for certain modes like Free Roam the game would be perfect, and I expect they will with upcoming patches.",True,1728270944,0,0,0.497487455606460571,0,656,1420,76561199274890891
1858630,176478243,"It's a great game if you're into Sword Art Online series or into cooperative/raid play. The stories dialogue and writing is surprisingly pretty good.

But I will be honest, in order to enjoy this game you will have to come in with an open mind because this isn't a AAA game, it's an obvious budget title. You'll have to put up with outdated graphics, gameplay and animations. It sounds bad, but the game still gets the job done where it needs to. Multiplayer runs great and connecting with other players is pretty easy since there's crossplay with other consoles so you never really have to worry about a player shortage at all. Pro tip: The Asia server is the most populated and barely any delay at all.

For a budget production title, $60 seems too much... but on the other hand there's easily 100+ hours you can get out of this if you're into collecting gear and cosmetics from dungeons/raids.

I just hope the developers don't give up on this game and consistently update it with good content because it is definitely a fun game to play with others.",True,1728205786,3,0,0.514783918857574463,0,1070,1231,76561198053478807
1858630,176682850,WE ARE SO FUCKING BACK,True,1728462569,0,1,0.476190477609634399,0,1727,2822,76561199049000669
1858630,178014010,"The game is actually fun, but the problem i have are when you have some players bopt moving on the edge of the map or not moving at all. BUT don't mix the ones standing still considered leechers, the game is known for Fatal errors right before the lobby loads into the boss fight and i think AFKing too long auto kicks you. They should add an option for Party leader's to kick someone from the party if they are leeching or not helping with raids. Its probably because the EXP to get for player rank takes forever and so they just bot move the way up. so adding an option to kick them would be nice

PS: Also, i'd recommended removing the anonymous settings for self user name. im not sure if its your screen only. but it makes it IMPOSSIBLE to report anyone whos just AFKing in raids, not helping and they have the username ""Kirito_4"" hiding their real username.",True,1730258438,0,0,0.5,0,6364,28596,76561198069924027
1858630,176503445,Good replacement after grandblue relink died,True,1728230050,2,0,0.541241884231567383,0,3087,6984,76561198122533012
1858630,177252255,"THIS GAME IS HIGHLY RECOMMENDED 100% ULTRA, PLAY THIS GAME TRUST ME IT'S VERY WONDERFUL AND GOOD. WE MUST NEED MORE PLAYERS TO PLAY THIS GAME.",True,1729230943,6,0,0.488600105047225952,0,16244,48793,76561199156375489
1858630,176508892,"This is the first SAO game that I truly feel addicted to. This game is not like others when it comes to story, where characters stick to the usual pairs. It goes beyond and gives fresh dynamics while staying true to the character which is very enjoyable. Co-op is cross-console which gives you more players/fans to team up with. It does truly feel like a anniversary game celebrating SAO as a whole. If you love this series, I completely recommend giving it a try. Even if it's just for your favorite character.",True,1728234579,1,0,0.5,0,2092,2709,76561198451207977
1858630,177445878,"Step 1: shing shing shing (doesn't drop legendary)
Step 2: repeat",True,1729481592,0,1,0.5,0,2697,3022,76561198186229838
1858630,176572791,"This is no masterpiece, but I did have fun with it. Plays like a less refined version of Granblue Fantasy ReLink, where you get dropped in a map with other people and rush to the end to beat the boss, which in turn drops loot for your characters, and you rinse and repeat to further upgrade said characters.

Playing through the levels made me wish they had done Fatal Bullet 2 instead, since you visit a few locales from GGO. Playing on a condensed map from a game where the whole world was exploreable made me feel a bit nostalgic and wishing for a true sequel. Then again, I went into it knowing what to expect.

Game has offline mode, but the online 20 people PvE modes are the focus of this game. There is premium currency for skins, and the first battle pass is free.

All in all, a fun game. The best? definitely not. But surely not the worst.",True,1728316979,0,0,0.493809819221496582,0,2155,2228,76561197972264350
1858630,199189118,fun game,True,1751883607,0,1,0.47826087474822998,0,2160,4000,76561199537549774
1858630,176525904,"Best Sao game we've got since FB , this is just a gem of its kind , multiplayer is pretty good , with a good grind to do to get gear / cosmetics !
The solo story is pretty mid doe , nothing crazy , but overall solid gameplay and multiplayer",True,1728251184,0,0,0.5,0,1844,2374,76561198276148683
1858630,177588926,"Not a perfect game but still a good SAO game. Story alone takes around 20~ hours, and while the maps/bosses for multiplayer are not many right now and can get a bit repetitive, I am around 50 hours in and still having fun trying all the different characters. If you are a fan of the series you will probably enjoy it.",True,1729695896,21,3,0.740363419055938721,0,2899,7870,76561199220500945
1858630,176304608,"Now that the game has been updated and it has its fourth DLC, it still somehow manages to disappoint me because they made no changes to the disastrously slow sensitivity, BUT it can be fixed if you make a couple of changes in one of the files.

But yeah, you can actually find games now since quick match finally exists and if you don't want to even queue just wait a little and an AID request will instantly pop up. If you like grinding or even SAO, then this game MIGHT be for you because it can get monotonous real quick. That or one squad is full of real players and no one can compete for MVP or the mission is already done.",True,1727981572,0,0,0.47826087474822998,0,4530,4539,76561198333474822
1858630,208497934,"this game exists on the cusp of both being good and being mediocre

Problems, in no short order:
[i]Most, if not all, servers are based within Japan.[/i] Previously, there were three distinct regions: NA, EU, and JP. All the servers were consolidated together due to low player population on any server that wasn't JP during most hours. Unless you're playing single-player, you'll probably have 200+ ping if you're non-JP.
[i]Slow update cycles, for those who are inclined.[/i] The development team [b]seems[/b] to be relatively small. While they're dedicated towards this game, the amount of content they can churn out may be a bit of a turn-off for those who are expecting substantial updates per season.
[i]Always-on(ish) game.[/i] The game can be played in single-player and offline in limited function but key things will be missing. Any DLC characters will be disabled until you reconnect. Any shop-bought cosmetics, for those who prefer fashion before form, will also be disabled.
The core gameplay is tied to the online matches, so you'll be unable to enjoy the full experience offline. [b]They are testing a single-player/offline mode that allows for full access to the game. Props to them.[/b]


Aside from those problems, the core gameplay of a dungeon-raiding/boss fight experience is highly tuned though. 
Balancing in-game ensures no character is particularly weak, nor is a specific character a must-have for a team setup. Most characters have a clear identity within their class, and there's few instances of ""oh this character is just x but better"".
[u]Ignoring the latency problems[/u], all the bosses have clear reads via the damage indicators that appear.
The various equipment items you can equip have a degree of customizability, and can be tailored for a specific experience or boss. [i]The entire end-game turns into a loadout-setup simulator essentially. If you enjoy it, bonus content for you![/i]

The game's alright, despite the steep asking price. So long as DIMPS continues to churn out content for the game rather than letting it fall by the wayside, the game is shaping up quite nicely since its rocky launch.",True,1762369283,4,0,0.522614836692810059,0,8910,9003,76561198261097668
1858630,176822393,pretty fun,True,1728654508,0,0,0.5,0,1970,5877,76561199447135309
1858630,176234260,The best SAO game we got so far.,True,1727891277,1,1,0.460020720958709717,0,1645,1735,76561198263216055
1858630,176612319,"Only about a week in so far, so I'm in the honey moon phase, so keep that in mind. Also keep in mind the main selling point of the game is the multiplayer.

In terms of SAO games this one is a breath of fresh air.  DIMPS is now 2 for 2 on their track record for making games I enjoy in this IP.  Combat definitely takes some getting used to, you can dash cancel out of your normal attacks but can't cancel out of skills or ultimate.  Ultimate isn't a problem because you have Invulnerability during the animation.  For skills, you just need to be a bit careful and not lock yourself into one during an attack, or just put some effort into positioning.

Story was IMO pretty mid, it was inoffensive but nothing that hasn't been seen before and didn't take any risks.  I'd compare it to room temperature water.  It's not bad but it's not exciting either.

Progression I am super mixed on.  I like the amount of things there are for me to unlock, and I don't mind that it's pretty grindy and slow progression wise, but for a lote of people I imagine it might be a bit of a deal breaker.
Boss Raids, and Co-Op quests have unlock requirements.  You need to have the required Player Rank, and and clear the required Co-Op quests or Boss raid to move onto the next.  Assuming you play through the whole story first, you should be somewhere in the rank 20 range, so you should be able to do the first 3 co-op quests and the first boss raid.  The problem is that the Rank requirements DRASTICALLY increase later on.  If you get bored of running the same few quests over and over, you're not gonna last long enough to unlock the 3rd boss raid.  Which is a big downside because the first 2 boss raids are static, but the 3rd rotates through what the boss will be (I somehow can't remember if it changes daily or weekly).

Now if that sounded bad to you, I have more bad news, which for me is good news because I like grinding but I understand not all do.  Each character has two Passive slots.  Each character has their own passive by default.  Raising a character to Character Rank 30, unlocks that passive to be used on all characters.  This is a problem.  Not all passives are created equal, some are basically dogwater, and some are absurd once you find out the numbers.  You'll probably want passives that benefit whoever you want to main, and for some characters, that means both of those are from other characters.  That means you'll have to level two characters you might hate playing, to build your character the way you want to.  This is a baffling decision because this means you'll have to put in the time to level two characters other than the one you're intending to main.  You also get passive BASE STAT increases at certain character ranks, so two of the same character with exactly the same gear won't perform equally, and because of how multiplicative scaling works, base stats mean a lot.  The reason all of this is a problem is because you're gimping yourself by doing this.  You get extra EXP at end of mission for doing things like getting MVP, which will be harder for you to do against players who only focuses on their mains, because they will simply be doing more damage than you possibly can, and if you're not getting MVP you're getting less EXP and that means having to do more runs of quests, and that means wasting more time.

If you've read this far you're probably willing to read a bit more, and you also might be someone who'd be able to enjoy the game despite these issues, or you're literally just me.  I enjoy super grindy slow burn types of games, so this is actually perfect for me.  I don't know how this game will pan out longterm, but currently I'm having a lot of fun slowly chipping away at stuff, ticking boxes off my checklist of things to grind out.  First 3 dlc characters are funny greatsword girl and two more characters from GGO Alternative, which I really liked so I'm excited for that.  I am able to play as a funny magic lady with big hair who can fly, shoots big lazers, drops a funny sword man on people, and is voiced by Maaya Sakamoto (Jalter and DAO my beloved).  This game doesn't cater to everyone but it certainly caters to ME SPECIFICALLY.  Obviously the game has issues, but what game doesn't in current year.  My last hopes for games to be good were ground into the dirt, poured gasoline on, and burned, by SEGA when they killed PSO2 with the slap in the face that is NGS, which I still play on occasion because I have attachment issues and get overly invested in my MMO characters.  If you play on JP I might see you, if you play NA, still might see you but not as likely.

TL:DR Game grindy, Story Mid, Multiplayer focused, Not perfect but I like it.",True,1728368952,5,0,0.577121257781982422,0,3814,5498,76561198033319466
1858630,176494001,Fun,True,1728222102,0,0,0.5,0,1668,3137,76561198365993259
1858630,187750351,"If you’re looking to get into this game for the first time I would keep your expectations at a reasonable minimum. While there is SO much to offer a brand new player, once you reach the highest rank, and once it’s time to grind for gear… it gets… boring. There’s not so much of a reason for anything. There’s no reward for grinding this game except maybe bragging rights.

4 months into this games lifespan and it feels… a little uninspired. It’s difficult to say whether or not we can trust the developers to give this game a healthy lifespan because as of right now it’s not looking super promising. There is a LOT of potential for content in the future although I fear these developers won’t deliver.

Fractured Daydream is fun with friends, and overall an enjoyable pass-time experience for a game. But I don’t find much replay value. And it’s only been 4 months…",True,1739361430,2,0,0.512658238410949707,0,18677,34423,76561199388915238
1858630,177915370,"I like this game. It's fun, most of the characters are fun to play. It's a great time. BUT there is a hat cosmetic that I really want from the first co op quest, It's also in a later quest as well but I haven't gotten that far yet. I have played this game for 50 hours, most of that was doing the first co op quest. I've grinded for hours and hours and every time that hat doesn't drop, my soul dies a little. It's like the game knows I want that hat, It's taunting me. Feels like there is less than 0.1% chance for a cosmetic to drop. in the like 100 times I've done that quest, I've gotten 1 cosmetic from it. It's driving me crazy, but I will get that hat. It will be mine. No one can stop me. And once I get that hat, once this legendary cosmetic item is finally within my grasp. I'll probably stop playing to be honest, I've put way too much effort into getting the hat that it's actually killed my enjoyment of the game a little. But good game :)",True,1730123391,4,1,0.551076591014862061,0,3087,3436,76561198079053909
1858630,176153316,hehe,True,1727789504,0,1,0.5,0,6566,6770,76561198996376727
1858630,177215815,"Amazing game! Good animation, fast paced game play and nice story.
Co op missions are pretty fun too though it may get somewhat grindy but I am okay with that hehe.",True,1729178211,0,0,0.5,0,1927,5328,76561198092088724
1858630,176419589,absolute cinema,True,1728135987,1,0,0.491835713386535645,0,3929,7383,76561198383644224
1858630,196111605,"I recommend this IF you are a very huge fan of SAO. It's very similar to Fatal Bullet but with a lot of the content being online. That said, queue times are not always very good. Parties don't fill up all the way and you may end up with just a handful of p layers and a mostly AI team. When you get matched up with people it can be fun but you are going to run into a fair number of groups that will blaze through the content so fast you may not see the boss room even. I didn't heed any of the reviews and just went for it because of the love of the SAO universe. It is a very odd choice that there isn't a lobby/city area to walk around in, as other reviews warn. I do miss a hub of some kind like in Fatal Bullet but this works. The end game is a very huge grind so if that's not something you're interested in, you've at least been warned.",True,1748732926,1,0,0.474536359310150146,0,6105,6197,76561198002569074
1858630,176485725,"Finally a new SAO game that plays like Fatal Bullet (FB). That is, as long as you play a character that uses a gun, as his main weapon.

[b]The good[/b]:
+ Fun gameplay, with some depth to it;
+ Tons of characters to choose from and play as;
+ Long story. The devs said it takes 20 hours to complete. Took me 50+;
+ Fun coop experience;
+ Huge roster of characters to play as.

[b]The bad[/b]:
- Always online and an anticheat. I don't have a huge problem with that, but not everyone is going to like it;
- Lack of extra singleplayer content (you do get some tower thingy, once you finish the game, but I wish there was more);
- Fairly steep price atm;
- Seems kinda grindy;
- In-game monetization;
- Currently there's not many maps/bosses to fight.
- Various connectivity issues/bugs

[b]How it compares to FB[/b]:
I'd say it's an overall better game than FB. Though, currently, FB has more singleplayer content, BUT FD is still a brand new game, so you gotta cut it some slack.",True,1728214186,1,0,0.5,0,22840,97723,76561198023703042
1858630,176268125,"so far have really been enjoying the game and just the feeling of leveling. the co-op really reminds me of the game play of memory defrag from back in the day but so much more fleshed out and engaging

Edit: after playing for a while i get where people have issues with the game; and very rightfully so. However I really do enjoy logging in playing a couple of co-op and boss runs and hop off. Really fits my more casual approach to playing games ive depeloped",True,1727939298,0,0,0.5,0,14013,32036,76561198135141973
1858630,176670699,not bad of a game has some problem but is pretty fun and love the coop 20 ppl <3 they need to add in all the character from all the serics like all the sao fb character into sao dd plz... <3,True,1728440919,0,0,0.5,0,4452,4457,76561198103519998
1858630,204227353,game was fun for a week,True,1757760111,2,0,0.457946181297302246,0,2812,2812,76561198974207785
1858630,176478397,very fun game story mode is great I really enjoyed the story and found it interesting and not just boring. I find that some of the prev sword art online games were alot of dialogue and not as much game play in the main story but in this you actually felt like you could actually play the game and enjoy what content it has to offer then continue the quest and go on to the next part of the story. Story took me about 2 days of unconsistant playing to beat (excluding the side quest) which in my opp is not that bad for a person like me who doesnt or rarely plays story games. but if you find that thats too short then later on they do plan on releasing more dlcs in the future as they already have one out but it not yet playable yet. overall on the story mode im going to give it a 8.5/10 really enjoyable. As for the multiplayer aspect of the game I also really love and like as it feels like a actual sao game where you go out as a party and fight bosses together and whoevers team has the most score gets mvp at the end which is cool. Now its not just boss fight modes theres also other modes where you start from lvl 1 and work your way up leveling up and getting to the boss which in my opp is really cool and neat and making the game feel fresh instead of brainlessly fighting the same boss over and over and these modes still have the MVP at the end making it feel like your trying to win soemthing or you could completely ignore it and grind and fight for fun. There are PLENTY of bosses in the game as of now and bosses that I didnt even know were in the game till I got to the end so dw if you feel like there wont be enough content because there will be and stuff for you to grind. There is also a free roam mode which is the more chill grind ver pretty straight forward go around in the map that you get in free roam and go fight with other people to loot around the map. I really love the multiplayer aspect in the game and hope that the players will continue to stay active since the multiplayer aspect of this game really carries it so overall for multiplayer im going to give it a 9.5/10 since multiplayer is heavily based on this game and in my opp super fun even without freinds. if your hesitant on buying then game then I would say just wait for a sale or coin flip fr. Other then that game is really fun and I would recommend playing this game with or without friends and if your a sao lover then I would HIGHLY recommend and this is going from a person who never writes reviews on steam lol. Overall 8.5/9 out of 10 game,True,1728205979,6,0,0.532577931880950928,0,1859,1980,76561199088467379
1858630,176949453,"An SAO game with no dating sim?? NOWAYING

Jokes aside this game is ok, not good but an enjoyable ok.

[h1] Storyline [/h1] 
The beginning to middle are ok, but the ending...feels like they ran out of ideas and slap the Alicization Arc and call it a day.
Also you need to watch the whole SAO to know these characters and their relations, otherwise you won't get what they're talking about.

[h1] Combat [/h1] 
It's janky but playable, could use polishing. Honestly it feels like it's not meant for keyboard and mouse. 

[h1] Multiplayer [/h1] 
There is a holy trinity system...but you only need dps and healer. The tanks in this game doesn't feel like I'm tanking, but rather it feels like another dps. 
The raids are brain dead fun, as in kill anything that moves. If you're expecting strategy in these raids, don't,,,just don't.
There is free roam for casual play which is nice.

[b] OVERALL: 6.5/10 [/b] 
The game is going in somewhat in the right direction, but it's a small step. 
Also not worth the full price of $60, the DLC doesn't look any better for additional $25.",True,1728802327,0,0,0.5,0,3043,6856,76561198109829540
1858630,180358152,good,True,1732790416,0,0,0.5,0,2256,2260,76561198420953536
1858630,176671187,"It's about what you expect, nothing more, nothing less.

For those that have played Re: Hallowed Fragment, It's very much like that game. The pros are that the graphics, combat and the online coop missions are better. The neutrals are that while the combat is better, it still is stiff and janky, which some might not find acceptable in 2024, there are many frustrating animations and attacks. The negatives are that there are no skill trees and no skill sets. You can not learn new moves and set them, you get 3 skills, a special and an ultimate per character. That is it. It's very bare bones.

For those who have not played Re: Hallowed Fragment, this is a typical looter shooter type game with a lot of problems. For loot, you have 1 weapon and 3 accessories to choose from. You just farm those 4 slots and that's about it. You can rip off effects from legendary/epic items and put them on other legendary/epic items, but that's it. You also have one passive that you start with on each class, and leveling that class to 30 unlocks that passive to be used on all other classes. You can have 2 passives active at once. That's the end of the RPG mechanics.... Bare bones is about the best way to sum up this game.

Story: The story in this game is overall mediocre. I think the PREMISE of the story is great, but it lacks in dialogue and execution. It felt a little rushed, a little lacking and overall underwhelming. I watched all the cutscenes, but found myself WANTING to skip so many of them and I enjoy SAO as a franchise very much, despite the anime also having major problems as well. The Length of the story is about 10-20 hours depending on how much you care about cosmetics, 100% collection and max score, which is... fine, but way, way shorter of a story compared to the other SAO games. This is fine because this game is billed as a live service with a story, not a singleplayer game with multiplayer tacked on, but worth mentioning so people know.

Combat: Very hit and miss. Literally. I love a lot of it, it's the same principle and feel as the other SAO games, with some smoothness added in, but also a ton of jank still left in and even more problems due to monsters having faster attacks and this being more action based than the older games. One step forward, two steps back, basically. Most moves have NO tracking, meaning if you fire them off, especially charged attacks, bosses won't be there when you land it and it will be wasted, this includes your long cooldown ultimates. You get stuck in animations, some of which you are NOT invincible for, and you will get pelted by bosses. They need to fix combat very badly, as fun as it is at times, it's equally frustrating just as often. The dodging is also really bad. You can only dodge in 8 hard directions, not exactly free aim, which makes it feel a bit awkward in this day and age. When locked onto a target, sometimes you will not dodge the way you want to and it causes you to get hit, or you will slam into small enemies and get stuck on them, very, very shitty. Aiming projectile moves is also shitty for similar reasons, I will be locked onto an enemy and aiming right at them, and Healthcliff's projectile shield will shoot to the right and hit nothing.

Maps: The maps are okay. They feel like something out of a 2010-ish game, not a 2024 game, but in terms of variety and overall design, they are fine. There are a lot of instances I will get almost-stuck and have to wiggle out of it. I will hit rocks and have to run around them. Dodging, and this goes into combat as well, is very shitty. You will dodge into a random rock and get hit because of it.

Overall, I am recommending it because I enjoy playing it, despite how shitty it is in a lot of ways. I knew what I was getting when I bought it, and I got a key for $50 off a reputable site. I would not recommending paying more than that, and if you aren't a major SAO fan and haven't played and enjoyed the older games, I wouldn't recommend buying it at all unless it's on sale later for $10 or something. I am hoping they fix it, but knowing Bandai and how their games are, this is probably what we are stuck with, and all we will get are new characters and maps going forward, which may be fine for me, but probably not most people reading this.

Hardcore SAO fans that played/liked the other games:    8/10
Non-SAO fans or people who haven't played the others: 5/10",True,1728441638,15,0,0.69961082935333252,0,2468,4093,76561197994396229
1858630,196902192,Pretty fun just make sure to swap to a non EN server if you want to get into games more often,True,1749575110,6,0,0.546221733093261719,1,13514,16915,76561199437512808
1858630,176279298,"Don't worry.
Go to settings then press the backspace key.
You can log out.",True,1727954885,1,2,0.505102038383483887,0,1776,15752,76561198096351229
1858630,176447377,"Good game, like most SAO Games good gamplay, and this time you don't have to hit an anymore for like half a hour to kill him. Story is good, well atleast i thought it was good till like the last chapter, then it got all sao gameverse again with there chars, 

But good game i have fun",True,1728163336,1,0,0.484797298908233643,0,1646,3009,76561198858779038
1858630,176428628,fun,True,1728144261,1,0,0.5,0,2079,3074,76561199203232325
1858630,176807589,yuuki best girl.,True,1728634493,0,0,0.5,0,2066,2142,76561198118879665
1858630,176201232,"The closest to the show SAO game made so far, same developers as from Fatal Bullet.
Faithful to the series, first one to include the red 'pixel' hurt on sword slashes

Multiplayer feels smooth even as a tiny region like Aus connecting to SEA/Japan. The open area mode did feel choppy at times but the boss fights and dungeons which are the main game felt full smooth.

For people worrying about microtransactions there is costumes and effects in the game, that is it. There is no damage or ability changing ETC.


I have a very low tolerance now for grinding / dailies or any other forced login nonsense, and this game is a live service game filled with it, so for that reason I can't say this game is perfect, if they reduced the grindyness this would be a 10/10, but forced dailies/weeklies/monthlies are a nono especially after we've already paid 100$ for this game.

Regardless would recommend it and hopefully these developers are given the rights to keep making SAO games as both of their games so far have been by far the best in the franchise, with the other titles definitely being low effort slop. Pray that the next title will be fully single player, or at least with no time gated / daily grinding",True,1727849244,0,0,0.5,0,2092,2092,76561198076567478
1858630,187013874,"Enjoyable story, great multiplayer fun. Definitely better if you have people you know playing with you. People complain about the grind, but I'm already rank 40+ and have had no issues so far. I am a huge SAO fan, but this review isn't based on bias or whatever. I just really think the game is fun, but being a fan I think is definitely a prerequisite or nothing will make sense.",True,1738518725,1,0,0.5,0,2476,13861,76561198993737272
1858630,180407140,Decent fun game to play with friends if you're tired with other games. Intuitive controls. Runs well.,True,1732798167,0,0,0.5,0,2101,2113,76561199075502055
1858630,176173517,oof so good!!!!,True,1727809157,0,0,0.466321229934692383,0,1807,2690,76561198895298263
1858630,177353153,"Yes I'd suggest this but 

This game has random crashing
If for whatever reason the game has a network error twice you'll get a penalty
If you're not playing in Asia you might not have a quick que into co-op
This is the kind of game where if you're not in it early, when you pick it up later the online may be dead.

This isn't a bad game and they clearly worked hard on this game, but it feels like they need to work on it more. If the anti cheat is the reason why the game is having issues I'd suggest they remove it, because there's cheaters in the game anyway. I haven't ran into a cheater, but seen clips of them. This is probably the best SAO game they've made, but the thing that holds it back is the game crashing or having network issues, hell I JUST cleared a stage and the game crashed meaning I lost my progress and time.",True,1729363567,0,0,0.5,0,3111,15476,76561198447621795
1858630,176521151,"They call me a beater. Not because I'm a cheater or that I played the beta, but because I beat my wife.",True,1728245954,2,13,0.5,0,1946,2357,76561198322744744
1858630,178807866,"I think people are being a bit to harsh on this game. Its not perfect, but its not even close to bad.
Game looks great, runs well, and its enjoyable to play. Especially if you like SAO or the past games.
:)",True,1731303212,1,0,0.461425155401229858,0,3663,6896,76561198134709821
1858630,180718582,"Honestly, Its the best official SAO game you can get. And the amount of stuff it has is nuts. I'd say its a 9/10",True,1732872546,0,0,0.5,0,1693,1921,76561198375513822
1858630,176727546,"If your an SAO fan, you will enjoy the game",True,1728521269,0,0,0.47803962230682373,0,4592,6723,76561198409335923
1858630,183234390,"[h1] Spoiler : Don't buy this game if you're not a fan of SAO. [/h1]

Now, if you really want to see if it's worth : 

[h2] Pros : [/h2]
[list]
[*]Very good graphics.
[*]You can play 21 characters (from this dumb*** of Kirito to Silica passing by Heatcliff or Administrator).
[*]Story is good if you read it.
[*]Cosmetics are pretty good either paid or not and you can equip them to anybody of the same gender (and muscular type, sorry Agil).
[*]Each characters has unique skills and once you character is level 30, you unlock his passive skill and you can equip it on everybody.
[/list]

[h2] Not Pros and Not Cons (Or Pros and Cons) [/h2]
[list]
[*] Memories are cool you can see or re-see some scene from the other games but it shouldn't boost your stats. So you HAVE to unlock them to be stronger...
[/list]

[h2] Cons : [/h2]
[list]
[*]The level progression is truly demoniac. You have to grind one dungeon to pass lvl 35 (for example) to grind another dungeon over and over. 
[*]The late game is empty. Except for the Ultra hard raid lvl 95+ (if you die : you die. No revive) which spawn when the dev want to. You don't have anything. So once you're lvl 100 : You completed the game. Congratulations on completing SAO è_é
[*]The character balance is inexistent. How the F* my Yui (support) does 15M damage and Kirito (attacker) not event 5M ? Yo wtf ? (And I don't talk about Sinon bruh).
[*]You are forced to play in group of 4 (except in free roam). Why can't I play Kirito alone like in the manga/anime or whatever you want ? If you want to play with 1 friend, you HAVE TO play with two randoms (or bots (but honestly it's even worse than to play with randoms). Let me play Sinon and Death gun alone ! It would be fun XD
[*]You have only 6 dungeon and 5 raids. I know the game was released on Oct. 4. But come on dev. We're in December (at the time I wrote the review) and no update ? No content added, just bugs fixes...
[/list]

[h2] Conclusion : [/h2]
15 / 20 if you are a fan of SAO
8 / 20 otherwise

[h3] More personal opinion [/h3]
I really think this game will die in 6 month or 1 year. 15 minutes to find enough people to launch a dungeon on the EU server. If you want to play this game. You'll have to play on Asian server. But be ready to feel useless.
I still recommend it because I'm a fan of SAO and also because I paid the Deluxe Edition on  Instant Gaming (for $60 instead of $80 woaw) but honnestly the game is worth $30-45. No more.",True,1734735855,5,0,0.572299599647521973,0,3380,3380,76561198057792129
1858630,176565808,This is by far the best SAO game ever made!,True,1728310020,1,0,0.512820541858673096,0,2359,16010,76561199214018855
1858630,176323866,favorite game,True,1728009098,1,0,0.5,0,1786,10669,76561199099911337
1858630,176315909,Best in the series in my opinion. Just wish I could change controller bindings.,True,1727996149,0,0,0.5,0,1814,8957,76561198807316427
1858630,206906708,peak,True,1760682382,0,1,0.476190477609634399,0,7734,7734,76561199340562218
1858630,176999020,"I like it. I had fun and I'm still having fun at 101 hours in. Some of the people criticizing this game are trying to shame fans for being ""numb"" to the flaws of the game. They say that they're only saying it's good because it's a ""good SAO game"". But my experience says otherwise. I'm having a blast.

The Pros:

-The animations are nice.
-Having 20 players to play with every raid or dungeon crawl feels good.
-The loot system is triggering my addiction.
-The stats restrictions on characters and weapons on lower dungeons makes it so that newbies don't feel left out. You're not going to see someone do 20k per hit, while you deal 20 per hit.
-The raid bosses feel great to fight.
-Didn't try to break my graphics card or overheat my PC on launch unlike another certain game that haters keep comparing this to.
-LLENN, Shinohara Miyu (I'm using her real name because STEAM thinks her game name should be censored for some reason), Sinon. Playing as a ranged character just feels amazing.

The cons:

-The camera man has ADHD and will randomly spin 180 sometimes.
-Playing as melee needs getting used to.
-The costumes aka Appearance Items' drop rates are abysmal. I'm not sure what's the rate, but I've been farming the final coop dungeon for 2 days now but I still haven't gotten the item.
-The price feel a bit steep.
-Story mode isn't something to be excited for.
-Some characters can only be unlocked in doing certain chapters of the story mode. Because story mode isn't too good, it becomes a bit of a drag.
-Items called 'mods' are sometimes hard to find, and getting the one you want is even harder. I wish I would get a ""crit rate up"" every time but instead I get a ""guard damage reduction up"" on a character THAT DOESN'T HAVE A GUARD FUNCTION. Your luck will really be a big factor in your coop experience.
-Some dungeons encourage speed running the entire thing because if you get left behind, other groups will take all the experience for themselves which means now you're fighting a boss at level 10.

As you see there are more cons than pros so maybe you'd think I won't recommend this game. But... no. It's fun. What can I do? I know many of you hate the anime. There are probably some of you reading this who decided to just hate on the game because it had ""SAO"" on the title. But the truth is that it's just fun. The feeling of spamming emotes after finishing a dungeon beside others who revived you because you carelessly stood in front of a 1-hit kill mechanic is wholesome. It feels like you're a part of a community who's just enjoying the game for what it is without trying to min max anything. If you're the kind of person who likes competition there's also a ranking page after runs. Being in a 20 player raid gives a different feeling that other games that only allow up to 4 players just can't give. If that's a feeling you're looking for and want to share in, then this game is for you. If it isn't, then go buy Sparking Zero. Either way you'd be giving money to the same company lol.",True,1728852398,28,2,0.737348377704620361,0,6102,13283,76561198169169714
1858630,179872995,I like this game but I wish they made the game actually like the anime where you have 100 floors and a guild system. They would have made such an amazing game if they did it like the actual story line where you choose how you will try o survive being stuck in a video game. Such a missed opportunity. Otherwise this is a fun way to past time but it is just battling and no other things to do. I prefer a game with mixture of battles and cozy time where i have a house to build and decorate. I expected more from SAO but the game is decent. Kind of need a neutral button.,True,1732656638,0,0,0.5,0,2040,2040,76561199045926276
1858630,176731893,best sao game so far. if you like grinding and coop you will love this game,True,1728528276,1,0,0.523809552192687988,0,5217,9054,76561198288664259
1858630,178627815,"Very fun combat, the characters vary alot in playstyle. You are bound to find someone that you enjoy playing as! Big replayability potential! If you like to grind rare drops from bosses it's a great game. Reccomend for any SAO fan.",True,1731084271,0,0,0.5,0,11569,30440,76561198243213652
1858630,176667377,"Still waiting for full dive technology to become a reality probably well after im dead, will continue to buy these games as i love the story and gameplay",True,1728436055,97,9,0.851844072341918945,0,2817,4933,76561198048418100
1858630,178661579,"For context, I've completed the main story (both main and side quests) with all rank S, have played a lot of multiplayer. and am like level 45 or so. I've heard the grind becomes boring after like level 70+ so I can't comment on that.
Regardless, I've really enjoyed the game. I should preface this by saying you really should only get this if you're a big SAO fan. The negative reviews aren't necessarily wrong, but I haven't found the negative points (somewhat repetitive grind and stuff) to be that important to me. I enjoy grinding co-op and the bosses, and just playing as characters I enjoy has been fun. Also I really enjoyed the story, but also I have a really low bar when it comes to enjoying stories so perhaps that doesn't say much. Yeah the story is a bit cheesy and predictable but I don't mind it at all. 
I also want to talk on price a bit. I think whether the game is worth it is highly subjective. I don't think the reviews saying it isn't worth it are wrong, but also I think it was pretty worth it for me. Even if I dropped the game today (after having finished the story like yesterday) which I have no plans to do, I got a solid 50 hours of game play out of this. Tbh there are definitely better value games, so I think generally you should try and get this on sale unless you really like SAO or the game play seems really interesting to you (both of which are are true for me).",True,1731127391,6,0,0.593527436256408691,0,3184,10461,76561199248025464
1858630,177045220,The price is too high. It should be $20 but I'm a SAO fan so I'm so excited to play this game.,True,1728921759,0,1,0.492957741022109985,0,2748,8501,76561199216465856
1858630,176268061,"Death Gun's voice lines being so loud has made him the best character in the game. o7

Exploration in the story was tedious and not that enjoyable but the story itself was good and the multiplayer is fun.",True,1727939199,0,0,0.5,0,2025,7727,76561198148470582
1858630,176249849,please make Gabriel playable...,True,1727910759,0,0,0.513745129108428955,0,19678,19884,76561198085669336
1858630,195590447,"It's not bad.
there's some growing pains when it comes to learning the ins and outs the systems present and how each character interacts with the systems present",True,1748137656,2,2,0.509493708610534668,0,1713,5809,76561198015206600
1858630,177328956,great game but it is and isn't an mmo at the same time,True,1729338969,0,0,0.5,0,4972,13239,76561198411264973
1858630,176609472,"Let me gush out on the [b]music[/b] first as review opening: It goshdarn [b]loops seamlessly[/b], and [b]field-to-battle themes blend & change very well w/o playing back to the beginning! Thanks to Criware and Bamco sound engineers.

The music itself is great all things considered. Maybe I'm not feeling it much for boss themes, but I am [i]heavily biased towards field themes[/i]. I've known SAO to have great field themes, and this one is no exception.
Music in-general can be hit or miss; for instance Lakeside Woods's BGM didn't initially catch me when I first heard it during ONT, so I was worried what the BGM quality would be at the time. Upon release though, once I heard [spoiler]what sounded like remix + battle version of [url=https://store.steampowered.com/app/840720/Sword_Art_Online_Lost_Song/]SAO:LS[/url]'s Woglinde theme[/spoiler]? Ohmygahd, chills. And that was it, I was locked-in to the game.
...Perhaps that was an exaggeration, but nevertheless I got alot attached to it in conjunction with the lore presented at this early moment. Now I'm just curious as ever how the story will pan out, while tuning & exploring the fields made available.

[u]The rest is uncategorized ramble.[/u]
Let me get these informationals out: [b]Offline-able Story mode[/b], online-only 5~20 players [b]cross-play[/b] co-op matching with option to pre-create the team of 4 w/ friends, online-only near-MMO-like experience free roam, no-cost monthly-ish ""battle pass"" w/ no buy-to-tier-up, cosmetics-only outfits wearable by set/s of characters, unlockable illust + short dialogues across past SAO games, PlayStation controller glyphs although though no X/O confirm swap...alot more [i](personally)[/i] unexplored. 

Now, if only they made the [url=https://steamcommunity.com/app/1858630/discussions/0/4848778527771054571/]story's maps more navigate-able[/url]... The game is not w/o its flaws in terms of hopeful QoLs, movement/camera refinement, [url=https://steamcommunity.com/app/1858630/discussions/0/4848778527771054571/#c4848778527771327730]story map's invisible walls[/url], farther & bunch of mobs spawning on sight, among other things. We'll see [url=https://steamcommunity.com/app/1858630/discussions/0/4848778527769416094/]how Bamco responds[/url] to alot of the feedback & concerns.

Speaking of, [url=https://www.reddit.com/r/SAOFD/comments/1fufhsx/comment/lq22kwm/]turn off AntiAliasing: TAA[/url]; FXAA looks fine enough in movement and screenshot stills for a significant resource allowance & lowered GPU temps.
Otherwise, if you still want TAA, hope that they implement AMD FSR or similar here then; or implement other AA.

I understand the comparison to [url=https://store.steampowered.com/app/881020/Granblue_Fantasy_Relink/]GBF:ReLink[/url] and really, I like both. Do keep in mind that [url=https://steamcommunity.com/app/1858630/discussions/0/4848778732125981654/#c4848778732126957765]they can coexist[/url] and both are enjoyable. We have only a few big anime-style wins in such a genre that aren't wholly/strictly live service. Please, avoid friendly fire amongst ourselves.

I did say ramble; I didn't have a particular format for this, but my wish to praise the music is up there. And I've shared it to you now. Apologies for the many links making this review looked scuffed, but I wish to give readable context for each statement for everyone's information.
As a not-as-dedicative and casual SAO enjoyer, I personally like this game greatly. <3",True,1728364362,0,0,0.5,0,2334,14126,76561198056024664
1858630,176718990,Grindy but lots of fun,True,1728508205,1,0,0.525316417217254639,1,1974,14840,76561198192491275
1858630,177022502,good ambiance,True,1728888705,0,0,0.495252490043640137,0,2892,2985,76561198273530236
1858630,195624879,"Straightforward online only dungeon crawl with many classic SAO characters to choose from, each character feels unique to play and can be customized with a variety of skins and accessories.

There is a single player component with a story, but the main purpose of the game is to go online and play dungeon or boss raids.

The game supports cross-play and only requires six human players to start a match, the rest of the slots will be filled with bots. I have played in several timezones and at all times of the day, and matchmaking has never failed. At most I have to wait 4 minutes, but usually it is much shorter. It depends on what quests you are taking on.

I really like the graphics, presentation and music. Just don't go in expecting this to be the deepest game.. it really is just a simple dungeon grind where you work together with other players to clear the objective and have a chance to earn rare cosmetic drops and level up your characters.

I’ve put in over 200 hours and still play regularly. I usually log in daily to complete missions and raise my battle pass to rank 15 each month, which unlocks all the rewards. It’s become part of my morning routine—about 30 minutes of chill gameplay.

Highly recommended if you enjoy co-op dungeon runs and especially if you’re playing on a Steam Deck or portable PC. The game’s structure is perfect for handheld sessions.",True,1748179773,35,0,0.748832106590270996,6,13026,20472,76561197991669382
1858630,183217046,"I have mixed feeling about this game, It's got great potential and still has but for what it has to offer at the moment it's not worth your money unless it's on a sale and you're well off to waste your money, I do recommend this game if you like SAO tho as the story will be good for you if you are and if you're not, this game is not for you.

Game has had a QoL update yet still is dissapointing because it feels dead at times, the game needs the quick play update ASAP and we need a Tower of Determination 2-4 player multiplayer mode for end game, it also needs more bosses, just port the Fatal Bullet Bosses over please because this game needs more content to hold up to that expensive price tag.

Adding my old review back when i only had 40 hours on it:

After 40+ hours of this game after buying it on sale I can finally say that all of these people saying the game is dead are liars, this game has never been more alive, and if you don't find people to play with that's most likely because the US and UK servers are empty because everyone is mostly on the Asia server. Does it affect ping if you don't live near Asia (for example you live in South Africa like myself)? No, in fact if you have a stable connection you won't be having any problems with your ping, plus you can freely transfer from servers.

Now for the story and gameplay.
Story: The story of this game is great and it's pretty consistent, the story of the game follows where the anime ended in War of the Underworld, so instead of following the SAO games it follows the anime, so Hollow Fragment, Realization, Lost Song, Alicization Lycoris etc didn't happen in this game's story, so SAO games original characters like Philia, Premiere Kureha and etc aren't in the game.... yet, I say yet because Strea is a game original character from Hollow Fragment and she is a character in the game, as far as I know she has her own unique story in this game that comes with her DLC, the quest reintroduces her into the story in a unique way, we can expect this for other game original characters. I love the interactions between different characters in this game, especially how everyone treats Oberon, even Heathcliff doesn't like him, Eugeo's reaction to Yui was fantastic as well.
Overall story is 8/10.

Gameplay: the combat in this game is extremely good as you can play a total of 21 base game characters from SAO, all with unique skills and passives for each character. All characters have 3 advanced skills, 1 ultimate and 1 unique skill(That's what they call it in game) so a total of 5 different abilities, while for melee characters there is a light and heavy attack in game each also have a charged attack if you hold it and you can do combos from light to heavy, for example : Light, heavy......Light, light, heavy, hold light. The characters won't do the same attacks if you combo chain with heavy, light and charged attacks. there is also a guard and lock on system. For Ranged characters they play the same as they do in Fatal Bullet, they don't have a guard but they can aim and deal a ton of damage if you hit a weak spot, Sinon and Sterben especially are toptier in this game for that reason. There is also a flight system for ALO based characters and Administrator which is MUCHHH better than the flight system in Lost Song and Accel x SAO.
Combat is overall 8/10 as well as I enjoy playing different characters and playing different roles each match.

This is a grindy game, but it has a free battle pass, you don't have to spend V bucks to earn stuff from it for free, obviously not all skins are available to unlock in the battle pass but you can earn a SAO ticket each season to buy skins from the shop and you can put these skins on anyone(of the same build or/and gender) and i mean it, if you rank far enough with a character you can equip their costume on any other character, you unlock skins and stuff by playing the story and doing multiplayer quests, basically play the game and you'll just earn Appearance items, whether it's a quest reward or battle pass or the story you will just get it, people like to complain that it's too grindy but I'm gonna be honest that's the point of the game and the drop rates are better the better you perform in the lobby, getting top 10 in most damage, healing, revives and no downs and getting MVP team and the last attack on the boss will give you a higher chance of Legendary and Appearance items to drop. This game has 9/10 cosmetics if you pair the right accessories and costumes together XD.

There are also a large amount of weapons types you can earn for each character and each have a unique look as well, There are elements in the game and certain enemies and bosses have a weakness to specific elements, so depending on the Boss you face you would want to switch out your weapons so you can get more damage on the boss through their weakness, Boss Raids are hella fun to do, if you can, try to unlock all boss raid quests so you don't constantly get spammed with just Skull reaper Boss Raids

Queue time in this game isn't as bad as some make it out to be, it usually takes about 2 minutes to 8 minutes to queue anything, if 5 minutes have passed already and there are 5 people in the lobby it will begin the quest or raid, and more people will join as the quest or raid goes on, I've joined at least 20 lobbies mid quest or raid and had to catch up to my team mates, sometimes I join right as they defeat the boss, you still get the rewards tho so, ur leaching off of doing nothing lol, but even then right after you're done with a quest you will get another multiplayer request to join in about 20 to 60 seconds of exiting a Lobby, I haven't even finished the full story yet lol, but Story is gonna be a breeze as all the characters have higher rank equipment now because the multiplayer keeps me busy all day lol.

Buy the game if you like SAO and anime in general but wait for a sale, this game doesn't need to be this expensive lol.

Overall 8/10 game and it's getting new content beginning of January and rn there are exp bonuses and Item drops boosted rn. I'm already rank 67(100 max rn, but in Jan it's 130).",True,1734720472,0,0,0.5,0,13390,14302,76561199023001383
1858630,177678163,SAO HAS COME A LONG WAY THIS GAME SHOWS JUST HOW FAR ITS COME AS A SAO FAN I RECAMEND  THIS TO ALL SAO FANS,True,1729821334,0,0,0.465686261653900146,0,1911,3140,76561198931402542
1858630,177165085,Anime girls with big titties,True,1729098863,2,1,0.5,0,4548,17950,76561198013079451
1858630,188612446,if looking for adventure this be the game for it plus get to play with friends.,True,1740344254,4,0,0.504835546016693115,0,7014,7667,76561198762278662
1858630,183344052,"I've really enjoyed this game so far. It's fun party-based fun, but it can be difficult to find a lobby without all bots. I really like the game play and characters, but I worry about the game's longevity given the always online modality. I am sure that grinding would be much faster with more human players! Game would benefit from some updates to bring players back! Drop rates on cosmetics are incredibly low.",True,1734837645,2,0,0.5,0,2616,2641,76561198315008590
1858630,176459270,Great game among all the SAO series~,True,1728180049,0,0,0.491591185331344604,0,1915,2327,76561198005710116
1858630,176467853,It's good (even without Pitohui),True,1728192600,2,0,0.521441876888275146,0,7476,44490,76561198042490191
1858630,196808746,Great for SAO Fanclub. Good co-op game with high competition that team win will got MVP but too slow released new content.,True,1749482935,8,1,0.552132368087768555,1,65435,80179,76561199651416449
1858630,176281717,"once i saw eiji, i busted. (im a girl btw)",True,1727957847,2,5,0.545454561710357666,2,2095,4412,76561199227541924
1858630,180496660,can can la,True,1732810663,0,0,0.5,0,2806,2886,76561199002646363
1858630,179394175,"8/10
- Good Story
- Good Gameplay
- Pay Cosmetic",True,1732055941,0,0,0.487421393394470215,0,5644,13353,76561198848024165
1858630,180658238,.,True,1732848879,0,0,0.5,0,2912,2946,76561198350278461
1858630,178918732,"not the best game, not the worst, still fun.
i can recomand this game, if you want to kill time.",True,1731463451,0,0,0.5,0,4307,4421,76561198140776876
1858630,177883131,This is the SAO game I've wanted forever. Every fan should play this.,True,1730069884,1,0,0.503340244293212891,0,2111,2926,76561198376292175
1858630,177071526,Best game of 2024!,True,1728955254,0,1,0.488342374563217163,0,1890,4015,76561198289353246
1858630,176193440,I'm addicted (help),True,1727836637,0,0,0.5,0,2566,4076,76561198153256290
1858630,176625241,One of Best SAO game of the series so far. =)),True,1728389966,1,0,0.523809552192687988,0,5551,59216,76561198253025507
1858630,176513720,"A game for SAO fans primarily.

For newcomers, just know it's not a good action game in today's gaming standard and NOT worth the $60. Small indie studios does worlds better than this new installment.

I'm sure you've already heard much about it in a negative light and most of them are true.

- Clunky Combat

- Clunky Movement

- Pretty grindy.

- Terrible Lock-on

- No Character Customization

- No Sword Skill customization. Each character only has their 3 set sword skills. BUT Legendary Weapons affect how and what certain sword skills do. Legendary Accessories do give special effects to the user as well.

- No open world. It's takes on the PS02 dungeon instance mode. There is a free map roam though only 2 maps are out right now.

- Graphics are bland. Nothing wrong with PS02 graphics but it's very boring. At the least, it's mildly acceptable.

- Most of the SAO games are cash grab, this is no exception albeit it's a little more consumer friendly. Cosmetics are in the Shop but we can farm Shop currency to buy what we want via season pass unlocks. (Season pass is FREE). Character DLCs is standard in this franchise, the profit is made here and most likely will be overpriced on character DLCs.

- Story is typical of an SAO game. But it has some nice, certain character interactions that we thought we'll never see again or never thought of happening.

So yeah, not good, however WITHIN the SAO games, this IS one of the better ones we've gotten so far. Obviously it's a terrible metric but it's all it's got going.

If you're an SAO fan, it's probably worth the money. 

If not, hard pass. I'd recommened Granblue Fantasy:Relink if you want a solid, AAA quality Action JRPG game. That game is what SAO should've been after so many years. Bandai sucks.

Aight. At 134 hours. Level 100. 

Doesn't get any better. More to add.

- Leveling is a drag. 

- Grind is awfully terrible for improving Weapons/Accessories. Basically, hit Level 100, then farm whatever weapon/accessory you want. Then farm for more weapons/accessory for their substats. You remove those substats and put those in your loudout. Only Legendary and Epic stuff can get their substats removed/replaced. Nothing below Epic.

> The problem is, the RNG and lack of rewards is god awful terrible. Rewards are gained from killing the final boss, but what you get may not even be related to the class you're playing, much less the character. And 95% of the boss rewards are blue and below.

> This limits your investment to basically one character if you want the best performance out of said character. 

- Coop Raids/Boss Raids are poorly designed, repetitive, and boring. Naturally, towards higher tier raids, most players are simply rushing towards bosses, as it's our only real incentive for getting any rewards. Nothing in the coop raid offers drops or anything. Just the boss. Time vs Reward. There are clashes within the community against speedrunners, but Dimps is the culprit for enabling this.

- Cheaters do exist, not that I blame them. The lack of rewards and incentives is just that bad. The grind is that bad. Dimps has taken action and threw waves of temporary bans on said cheaters.

- Yeah, the grind/the RNG system is absolutely terrible.",True,1728238816,21,0,0.628468573093414307,1,8045,10651,76561198114290835
1858630,178062154,"I'm loving the game so far, I think that in the future it could get boring if they don't add new bosses, maps and other things to do, there are people saying they are waiting 30 minutes in queue, what a lie! The game adds AI when it no longer finds players and this takes a maximum of 2 to 3 minutes... There are still a lot of people playing, just choose the correct region according to timezone that there are people playing like switching to Asia sometimes (the ping is ok and at least I don't have lag)..

I loved the game in so many ways, mainly for mixing common mechanics with those of ALO and GGO. I believe that the game still needs some ""repeated"" characters but in other classes, for example Asuna from GGO and ALO.

The main story didn't hold me as much... I just played to unlock the characters, but the online makes up for it, I know a lot of people expected it to be a large-scale SAO MMORPG but this game is enough to have fun.

The game is very niche so it may not appeal to such a large audience, but it's a good game anyway.

I believe the graphics are ok, but the combat needs to improve (for example: you can get stuck with enemies when you try to dodge, there are long-range enemies and sometimes you have your sights fixed on another and can't see the attacks behind you) so it can be very easy to die because of it. I loved the skills and combat mechanics other than that, the number of bosses is not that large but for now it is enough.

I also believe that the free-roam mode could have more enemies, have a bigger map, have dungeons and quests to do in groups or solo. and the timer for the instance to end is a little bad, it should be unlimited and players can join the sessions that are already in progress if they are not full.

In general I loved the game, it's a really fun game, it's something I've always wanted (to play with more people on a large scale) the only negative point is that I've always been waiting for one mmorpg and not just 20 (which I don't always find because sometimes we fall for AI) I bought it at full price and in my country it is very expensive, but I recommend it on sale.

This review may be edited in the future.
Link start!",True,1730325663,10,1,0.62158811092376709,0,3767,3868,76561198142736339
1858630,181368465,"Very fun game, very similar to the anime",True,1733077879,0,0,0.5,0,3659,9081,76561198356004971
1858630,176398129,yeah again,True,1728109826,1,0,0.523809552192687988,0,7294,10209,76561198074046641
1858630,176533915,this game is a 10/10  i  recommend to  all,True,1728262363,0,0,0.5,0,5127,13155,76561198970554234
1858630,177200407,Im addicted to this game screw valorant lmao,True,1729156599,1,0,0.5,0,3398,4307,76561198279525287
1858630,177385248,"EDIT - I WANT ACCEL WORLD CHARACTERS AS DLC PLEASE PLEASE

the story is way better than other sao games, the characters are unique, you may swap a character and it's like switching a weapon class in monster hunter world. it has anything you want
free roaming in big maps, co-op dungeons and boss raids, melee, full auto smgs, sniper rifles, mages with flashy AOE attacks, flying, singing, and dancing

not saying that it's great in all aspects tho, but by SAO standards it's the best of it
the netcode is great, in my 190h i got disconnected mid match like 4 times total, and i'm connected with 4G simcard
the ping is great too, ain't feeling any lag at all even if they're in NA or EU and connected to ASIA server

difficulty wise it's on easy side, with boss raids taking 5 to 8 minute normally and co-op quests 9 to 15 minutes

the cosmetics are great accessibility wise , all females have access to all female outfits
all males the same except agil, cuz he's built different
you gain character's default outfit for others by playing with him/her and ranking said character to 50

the grind is long, you might defeat each boss like 50 times and you might not get half the cosmetics available to that quest
the drop rates are low, specially for outfits, legendary weapons and accessories are good, but the pool is huge, weapons are specific to one character and accessories are specific to one class, and there's 6 classes

there's Account Rank ( level ) and Character Rank ( level )
account rank means the max lvl rewards you get and what quests are open to you
each character has character rank and gives reward for that specific character as you play more with a character
mostly cosmetic and emotes, with a small boost ( around 6% ) if you reach 100 i believe

there's also Awakening Level, a system in co-op and boss raid sessions, that limits your gear powers and gives it little by little by genocide enemies and how much dmg you did to the enemy before they die

it's not that bad in co-op but in boss raid's it's pretty bad, the first 10 seconds of match determines if you're gonna be MVP or nah, who genocides faster in first 10s ? that's entirely up to your teamwork and character abilities
i hope they remove A-Level from boss raid

but hey, what MVP gives ? small boost in character rank gain from match, nothing more 
being the best has another advantage, finishing quest early, sometimes boss raid's done in 3min :)

so yea what i'm trying to say is, not being hardcore MVP doesn't take away your rewards, as long as you contribute, and not die, dying decrease one reward each

dropped rewards and mods in match is same with all 20 players, and when someone picks up rewards, all players get the reward as well, at result screen you all have that legendary rewards, but when you analyze it, it'll be different legendary than what your teammate got

the cosmetic drops of quests are only pickable by you, an no one else can see or pick it up, but if you don't pick it up after final boss defeat and timer goes off (20s) it's gone, so check for legendary glowing coat icon after boss defeat

ASIA Server is the way to go if you can't find 20 players in NA or EU, 20 players fills in 2 seconds in ASIA

aiding mid-match sessions gives 1 more reward, you start from mid-match ( faster quest completion normally ), and your rewards are matched to your account rank, you're able to get rank 100 gear from early-easier quests that way

the shop bundles are purchasable by Tickets ( obtained by the always free battle pass called Trials ) and SAO Medals that you can purchase with real money, the first BP gave 2 tickets, cheapest bundle is 1 ticket and most expensive is 3 tickets

there's no premium battle pass, all content of battle pass are open to everyone 

SAO Medals ( in-game premium currency purchasable by real money ) do not expire, they do for japanese players but anywhere aside japan is safe,

also you can create 100 items daily, it's the same as completing quest, quests give +15 items, it's like 6 quests worth of loot, if you're playing daily you have money to create 100 items daily no problem

i love this game",True,1729406833,3,0,0.498412251472473145,4,11626,18423,76561198194067053
1858630,191502613,THE game is great just needs more content,True,1743279965,4,0,0.492805033922195435,0,13225,17473,76561199793209341
1858630,177798601,It has its flaw but I'm having a lot of fun and I have no regret about buying it,True,1729969919,0,0,0.5,0,2271,2936,76561198271059722
1858630,181264695,"The game runs surprisingly well on Linux, with only minor technical hiccups. The most notable issue was the mouse sensitivity being too low even at maximum settings, though I managed to solve this with a custom script. The keyboard and mouse controls could use some polish - while generally functional, menu navigation can be awkward, particularly when crafting spheres where you can select items with the mouse but not affixes.

The visual presentation truly shines with proper anime-style character models that stay faithful to the source material (no weak western monstrosities like we often see in recent AAA releases). While the characters are undeniably charming, I slightly miss that classic season 1 fanservice magic. The character roster is impressively varied, offering plenty of choices with distinct playstyles and abilities. The cutscenes are particularly well-crafted, bringing the story to life in true SAO fashion.

Regarding monetization, it's a mixed bag. While the base game is a one-time purchase, there's a cosmetic cash shop and character DLCs. The monthly quest system (battle pass) offers some premium currency, but the rewards have become less generous - previously enough for one dress pack out of three, now not even that much.

The multiplayer aspects are quite engaging - from cooperative scenarios to boss raids and free roam. However, the long-term enjoyment might depend on your grinding tolerance and the pace of new content releases.

For SAO fans, this is definitely a must-buy that captures the essence of the series. Others might want to watch some multiplayer gameplay videos first, as the story alone might not justify the price tag if you're unfamiliar with the characters and universe.",True,1733043953,7,0,0.542793750762939453,0,9083,22183,76561198035412554
1858630,177762831,Best SAO game made so far,True,1729934407,0,0,0.5,0,2525,2873,76561198387443435
1858630,176385451,"""Has anyone here seen scanners?"" - Kayaba",True,1728090209,0,2,0.5,0,2053,2880,76561199229414245
1858630,176798700,It's a fun game that feels like its from an era that's passed. I like it. That's all,True,1728620405,1,0,0.5,0,4439,5935,76561198430733813
1858630,177289202,"I love this game so far.
Up until now i played alone but now getting a few friends to joins me.
Honnestly i don´t get that people complainy about the Grinding, like have you never played anything in that sort of farming/ Grinding gerne and why are you complaning just play another game for a while and then play this game again and you cant complainy.
I also love the way the characters interact in the story and in the side stories, for a long time fan of sao.
overall i can definetly recommend it to everyone liking SAO as Anime and anyone who played any of the previous games. 
an awsome addition to my Library",True,1729281395,0,0,0.5,0,2255,3848,76561199136550207
1858630,177019329,Very fun gameplay.,True,1728882435,0,0,0.5,0,6421,27430,76561198033176406
1858630,176853511,"This game is really fun. Combat is surprisingly engaging and deep with dodging, loot/stats, parrying, item builds, 21 characters with different playstyles, some are just third person shooters and others are normal hack and slash combat. Im aware of SAO storylines and its characters but would not say im a fan. However with such a large cast to chose from there is still a handful of characters I actually like. LLEN, Healthcliff, and Deathgun for example.

There is really 1 a single major issue with the game. The devs seem to barely care the game has released. There has been no patches to adjust things whatsoever. Its just kinda been flopped onto world and left alone with the exception of 3 DLC characters coming later. Its a bit repetitive later on and doesnt have any sort of End-Game which is unfortunate.

The game core mechanics are fantastic but with the small playerbase and I doubt any proper support coming later its hard to reccommend unless you snag it now before everyone loses interest. Still giving a postitive review because the game IS good.",True,1728685447,0,0,0.5,0,3413,3611,76561198044822134
1858630,185326250,"This is a very nice game, no P2W (i mean, u must buy the game ofc) but the gameplay is free
the fashion things are nice, Raids, mission COOP, the original voices, all is nice ♥

I feel that the game would have more players if the game were not so expensive, at least if they lowered it a little, it would have more players and would be a little more accepted by the general audience.",True,1736578185,2,0,0.532100081443786621,0,3770,13098,76561198882925795
1858630,177018009,I don't really know how to explain the game but it does get repetitive and isn't crazy at all but I do fun it and enjoyable to play,True,1728879958,3,0,0.530201315879821777,0,2280,2677,76561198971042247
1858630,177346749,i just play,True,1729356878,0,0,0.5,0,1805,1898,76561198403931001
1858630,176724476,I love Eiji.,True,1728516354,0,0,0.437622576951980591,0,8582,29127,76561198330773895
1858630,176275596,"Great game, sadly is online only and lacks content, but for playing boss raids and just have fun for a bit it's great.
A good SAO game? I cannot believe it.
People that cry over not being able to find games, just enable crossplay and switch to Asia region, is not that hard lmao
Get the game only on sale, and get it now before it really dies.",True,1727950077,2,0,0.413303166627883911,0,23037,26329,76561198117060021
1858630,176885729,GG,True,1728731815,0,0,0.5,0,2335,9527,76561198196930909
1858630,176455767,"Wait for a Sale, the only thing you do in the game is grind character levels on the same missions to get cosmetics. All characters have 3 preset skills/attacks, there is no customization except for clothes and weapon skins.",True,1728174842,218,5,0.915523946285247803,0,1676,2673,76561198077503920
1858630,178472537,grind slop,True,1730849550,1,1,0.463651031255722046,0,9097,23242,76561198053705163
1858630,189309651,"As a lover of SAO. This is your dreamboat. You ought to do research however as this game is still a live-service. Making it a complicated mixed-bag for some fans. Especially if you are not a console gamer. Don't expect full lobbies at this point in time. 

They may curate this game in the future I expect until the PS6 release. Please keep in mind it's keeping the Asian audience in mind. Reona is the star player along with Kirito. You get to hear her awesome music and concerts online. You also get the chance to try new things and meet people you'd otherwise wouldn't expect. The discord servers are active.

As of today I can't recommend this game for everyone. As it was a impulsive buy after watching the Nintendo Direct 2024.

I thought it would be a cool pickup seeing how I was already buying SAO games on-sale for Bandai. 

Unfortunately I have to say this game is not optimized for PC.
I still recommend someone with a RTX4080 opts in

They added a demo*

As someone who spent hours fixing my own and others PC to make this game ""playable"" I can't recommend this unless you have a high-end PC game. Even then be prepared to grind your face off. It's a time commitment. Otherwise a imperfect beautiful game. It's a bomb story with a addicting multiplayer when done right.",True,1741050305,16,0,0.536654114723205566,0,93331,99268,76561198118462890
1858630,176908630,"Game's a bit clunky, but it's good fun and every character feels different and fun. The interactions between the cast show a lot of care for the source material.",True,1728753709,0,0,0.5,0,2684,7822,76561198240547206
1858630,177659996,"Sword Art Online: Fractured Daydream is a new beginning for SAO games as it features fun combat that truly shines in the 20 player online raids. If you are an SAO fan, or just want to play something that scratches that hero shooter-like itch, this game does that

Pros:
Best looking SAO game to date, with good models and some of the best animation work the game series has ever had with a lot of real time cut-scenes

Customizing your favorite character out of this roster of 21 with costumes and accessories. 

Depth in a very simple weapon and item craft, as you search for skills to make your build different from other players

With this game's Story Mode being based off the events of the anime and not the previous SAO games, you can jump on in and learn what these characters are about, as they try to stop an app gone haywire, merging all the VR worlds together. Kirito teams up with friends and foes from the many arcs to solve this problem

Online Crossplay! You can play with your friends on other systems

Cons:

Price. I'm not gonna sugarcoat it, this should of be at least a 40 dollar game if not free to play. It's got live service model all over it, with battle passes and real money costumes to buy. As cool as the single player stuff is, the game's heart is the multiplayer and the game could of been the selling point alone. Battle pass itself is not great, although it's free, the rewards aren't too good and it's pretty grindy to do weeklies for it

Drop rates are pretty bad, Last Attack Bonus should drop the costumes

Bots that fill your online team are kinda dumb? They will heal, fight and revive, but they don't follow you unless you swing the camera their way? Weird?

No english dub. Yeah I know that's just me, but damn give Bryce Papenbrook his money!

So yeah, fun game, cost a bit too much, wait for a sale unless you a big Agil fan and wanna see him Klein and Silica be important for once lol",True,1729796081,3,2,0.561752974987030029,0,5073,5711,76561198068564821
1858630,177169960,Sword Art Online ภาคนี้สนุกมากเลยทั้งเนื้อเรื่องและระบบการเล่นเรียกได้ว่าเล่นได้สะใจเลย,True,1729104885,0,0,0.5,0,3076,10805,76561198038975954
1858630,177485614,so far my favorite SAO game from a gameplay perspective. really looking forward to seeing what the devs do in terms of future bosses because the ones in the game are all awesome.,True,1729541630,1,0,0.50199204683303833,0,5107,5594,76561198260891990
1858630,177125814,So far seems to be the best Sword Art Online game that has come out since Lost Song on the vita,True,1729034733,2,0,0.53499758243560791,0,1900,7646,76561198175466557
1858630,177025795,Janky but fun!,True,1728895375,0,0,0.495252490043640137,0,1636,1703,76561197960713076
1858630,176418525,"Good Story, exiting game, mix playstyle using gun & sword",True,1728134935,0,0,0.469798654317855835,0,1676,11990,76561199563799398
1858630,178269826,Its a fun game but if I'm being honest it feels like its in Beta or Alpha. Many times objectives never spawn so I have to leave co_op which gets a penalty if you do it too much. There needs to be balancing because some hero's just suck. There also needs to be a place to hangout with people like a hub. Whole point of online games is to socialize.,True,1730585082,2,0,0.518750011920928955,0,2897,5285,76561198302901843
1858630,180893111,"Good game, love the story, game play got pretty stale after a few weeks, but none the less a good game.",True,1732917832,0,0,0.5,0,6538,7480,76561198890417411
1858630,178060745,i have very much enjoyed this game as a big fan of the anime i loved the storyline. this was also one of the first non mobile sao games i've played and i was very impresed.,True,1730323834,0,0,0.5,0,1846,2461,76561198859111023
1858630,176129004,"This is my first expensive purchase and my first experience in MMO games. I still remember if I hadn't found this anime, I do not know how I would have lived on, this anime gave me so many cool emotions and even gave me a purpose in life and a dream (And yes, I am from Russia so I use a translator) 

And I would like to repeat the words of 1 person: "" I have concerns that the game will die quickly. I hope that the game's community remains active because, as I see now, the game focuses a lot on online and co-op play.
The game is really great. The characters and abilities are awesome in every sense of the word ""

And what this person said, I fully support The game is excellent, there are a couple of flaws and it's worth pouring some more hemorrhoids on the hills, but the game itself looks great and gives hope that the time spent in this game will pay off sooner or later    [And by the way, this man is ayanokoji a Palestinian]




I'm waiting for a neurohelm",True,1727751980,1,0,0.501402318477630615,0,10542,10678,76561199433831806
1858630,179953255,Fun to play with other people.,True,1732732037,0,0,0.5,0,1685,1688,76561198061111107
1858630,186008804,"game is good, the multiplayer feels amazing, you can even help people on lower levels and get rewarded with stuff of your level, now with season 2 they changed a lot of stuff and made amazing improvements, now all dailies and weekly quests give an absurd amount of exp for player acount and its easier to level up, of course the people playing the game is still not massive because its a sao game and its expensive so yeah it would be limited to specific people.
its good if you can get this game on a sale, and play on ASIA SERVER because its where all the players are, the other 2 servers are dead sadly and even with 200 ping it plays fine",True,1737371178,11,0,0.631384193897247314,0,15306,34082,76561198256407174
1858630,176980573,The best SAO game to date,True,1728835403,0,0,0.5,0,1673,3439,76561199007435578
1858630,180150494,I have never seen the anime but my friend had recommended this to me and I have been enjoying it!,True,1732752891,0,0,0.5,0,1901,1981,76561198018804106
1858630,176806580,if you like Sao i would recommend game but if you dont I would wait for a sale to buy thsi,True,1728632698,0,0,0.5,0,6235,9891,76561199575731210
1858630,177445999,"""large roster of characters"" pfffff yeah right Eiji Nochizawa is the only one :3



wtb administrator feet pics",True,1729481841,0,0,0.470085442066192627,0,3369,3614,76561198042553933
1858630,176444104,"SAO FD is a good game, story is interesting so far (few missions in), feels like a semi-fresh start for the game series. Runs well, polished (no bugs or connection issues out of the gate). The Campaign has two difficulties (easy and normal). The graphics are much better than the other SAO games.
The skills of the playable characters cannot be customized. There is a battle pass, but at least it's free. As in the other SAO games, there are SAO tickets (you can like them, but you don't have to).
As a SAO fan, I enjoy the game and can recommend it to other fans of the series.

Unfortunately there are no Steam cards. :(",True,1728159850,0,0,0.5,0,5360,19293,76561198264054495
1858630,192706859,حلوة لكن تحتاج تنويع,True,1744596153,1,1,0.481566816568374634,0,2739,6690,76561199262260326
1858630,182421259,"Over all a very good game imo, does it have it flaws? yes, would i still recommend this game? if you are a fan of SAO then yes, or if you're looking for a kinda simple hack n slash, with different classes.
The story is also pretty oki, nothing too special but it's good.

Biggest flaw is sadly it's popularity, since it is an online game, so sometimes it does take a little to find enough players for a match, non the less i've quite enjoyed it so far.",True,1733842919,2,0,0.532100081443786621,0,7341,15476,76561198032428112
1858630,176894507,"Personaly i would recomended this game iam having alot of fun with it.
Story mode is fun to do and once the story is over you can still do alot of co-op quests,boss raids,free roams.

As for the combat its not diffcult pretty easy to get into.
Every chrachter has his own abilty's/moves what offers alot variety between different charchters.

If you an SAO fan i would defintly get it if your not an SAO fan probaly best to wait for a sale but i think even if your not a fan there is still a big chance you migh enjoy the game",True,1728741194,0,0,0.5,0,1709,18462,76561198059023195
1858630,176193367,Eines der besten SAO Spiele. Das letzte war ein reinfall aber das hier ist supi :),True,1727836540,1,0,0.523809552192687988,0,11727,12006,76561198931041727
1858630,180547887,"This is not your typical SAO game, more like a dynasty warrior game but more complicated and mechanics.  Great for SAO and warriors games fans.",True,1732818683,0,0,0.5,0,2068,2803,76561198283913449
1858630,177576138,it may not be the best game out there but honestly I like having a game to mindlessly grind,True,1729678925,2,0,0.503383219242095947,0,4470,6747,76561198096141206
1858630,176779607,I really like the variety of characters and roles!,True,1728593050,0,0,0.5,0,2164,8928,76561198843763504
1858630,178095303,"Fractured Daydream is a solid entry in the SAO series, catering especially to dedicated fans and those who enjoy casual co-op quest and boss raid.  Hoping the developers roll out more free updates to keep the content fresh!",True,1730379350,1,0,0.50199204683303833,0,3229,4888,76561198122914007
1858630,177420232,"very fun game,it is a bit of a grind but hey it wouldnt be fun without the grind",True,1729446795,2,0,0.525616705417633057,0,2118,16303,76561199481903355
1858630,176325353,"i still hold my review of the beta this game is FUN not perfect  but way better than Lycoris and the cold water bucket that was LR from same devs as fatal bullet one of my favorite SAO games 
The good: The game have lot to grind since you have until rank 100 (i supose from videos) on all characters  you can do builds and such the story is there is not super wow very warriors orochi if someone is familiar with this ''worlds collide'' stuff the focus finaly being online cause SWORD ART ONLINE where the online was puny before was even comical
now the bad the bad is you cant make or costumize a character yeah i dont care much but for some people is a big deal and i get that even if you are not Forced to be kiritoad here, The skills is sad you cant actualy change skills the grind is massive for me too i dont care but yeah you will be redoing stages a lot and same bosses for a lot of time for loot or daily/weekly whatever but the worst is the MVP system that some people just flat out refuse to co op or race to it wich is against the idea of the co op of the game a very extra system that dont needed to be there 
I recomend the game sinceraly i played all sao games even the mobiles my favorites being the sadly dead Memory Defrag and Fatal bullet and after i got let down by the other recent releases this one for me i a step foward again",True,1728011416,0,0,0.5,0,1978,4505,76561198050536542
1858630,176215125,"Guess I'm a beater huh?

Games good. Lotta character variety to play with and learn (don't sleep on Klein).
If you like grinding, then there is plenty to grind, and if you don't, then you can still play without doing so, you'll just fall behind the pack.

Remember: Dodge is your friend, but becoming a Perfect Guard God is Omni-potent.

Yui is overpowered btw.",True,1727871076,2,1,0.523022294044494629,0,13956,14076,76561198395098604
1858630,201605580,"Overall a great game. Sure, the game has some flaws, but the development team does their best to fix these and appease the player-base. Of all the Sword Art Online games I see on Steam, this one is by far the easiest to play. The non-complicated game-play is definitely one of the games best features for me. That, and getting most of the same voice actors and actresses to reprise their roles for this game. Side note: If you want to understand everything in this game, I highly recommend watching Sword Art Online in its entirety, and watch Sword Art Online Alternative: Gun Gale Online.",True,1754527386,2,0,0.47966158390045166,0,11994,27593,76561199304205242
1858630,191190411,i was really skeptical to get this game. But im glad i did. its sooo much fun. the only real downside is the playerbase is kinda small so if you dont mind waiting in a lobby up to an hour id pass but its not alwaysthat bad plus there is the discord to find people to play with.,True,1742948023,2,0,0.501901149749755859,0,1713,1947,76561197996133165
1858630,177726126,Fun sword game. Consumed all my spare time.,True,1729884568,0,0,0.5,0,4738,5208,76561198232503120
1858630,176533967,"Great gameplay loop, very grindy, just how i liked it.",True,1728262449,0,0,0.5,0,2204,6664,76561198204470945
1858630,176662610,Asuna goated,True,1728429215,0,0,0.5,0,1832,2161,76561198378806484
1858630,177188490,this one actually quite good if you're ok with the endless grind for equipment and character rank level,True,1729133090,0,0,0.5,0,3953,7825,76561198095844547
1858630,189246022,great game is fun if you can get friends on,True,1740986605,4,0,0.470283389091491699,0,7585,14047,76561199091684463
1858630,181193673,"⠀⠀⠀⠀⠀⠀⠀⠀⠘⣦⣤⣀⠀⠀⠀⠀⠀⠀⠀⠀⠀⠀⠀⠀⠀⠀⠀⠀⠀⠀⠀⠀⠀⠀⠀⠀⠀
⠀⠀⠀⠀⠀⠀⠀⠀⠀⠙⣿⡇⠙⠢⣀⠀⠀⠀⠀⠀⠀⠀⠀⠀⠀⠀⠀⠀⠀⠀⠀⠀⠀⠀⠀⠀⣀⣀⣤⠄
⠀⠀⠀⠀⠀⠀⠀⠀⠀⠀⠈⢣⡀⠀⠈⠳⣄⠀⠀⠀⠀⠀⠀⠀⠀⠀⠀⠀⠀⠀⠀⢀⠠⠒⠉⢹⡿⠋⠀
⠀⠀⠀⠀⢀⣀⠀⠀⠀⠀⠀⠀⠙⠢⡀⠀⠈⢣⠠⠴⠒⠒⠲⠤⢄⡀⢀⡠⠚⠁⠀⠀⣠⠟⠁⠀⠀
⠀⠀⠀⡰⠁⠀⠉⠒⠤⣀⠀⠀⠀⠀⠈⢑⡆⠀⠀⠀⠀⠀⠀⠀⠀⠈⠋⣀⢀⣀⠴⠊⠁⠀⠀⠀⠀
⠀⢀⠞⠀⠀⠀⠀⠀⠀⠀⠉⠲⢄⡀⠀⡘⠀⣴⠶⡄⠀⠀⠀⠀⠀⠀⠀⢘⡅⠀⠀⠀⠀⠀⠀⠀⠀
⢀⠎⠀⠀⠀⠀⠀⠀⠀⠀⠀⣀⣤⡉⢳⢇⣀⠻⠿⠃⠀⢠⠀⠀⢸⣭⣷⢀⡇⠀⠀⠀⠀⠀⠀⠀⠀
⠚⠠⠤⣄⣀⠀⠐⠒⠒⠀⢸⠁⠀⠑⢾⡁⢉⡧⠀⠐⣶⣾⣦⡤⠀⠉⣡⣀⡇⠀⠀⠀⠀⠀⠀⠀⠀
⠀⠀⠀⠀⠀⠈⠉⠓⠒⠤⠤⣆⠀⠀⠀⠙⣏⠁⠀⠀⡟⠛⣻⠃⠀⢸⣡⣸⠇⠀⠀⠀⠀⠀⠀⠀⠀
⠀⠀⠀⠀⠀⠀⠀⠀⠀⠀⢀⡜⢆⠀⠀⠀⠈⢦⠀⠀⠘⠚⠁⠀⠀⣠⠝⠁⠀⠀⠀⠀⠀⠀⠀⠀⠀
⠀⠀⠀⠀⠀⠀⠀⠀⠀⣠⠋⠀⢼⠳⡀⠀⠀⠀⠀⠙⠶⠖⠂⢠⠊⠀⡆⠀⠀⠀⠀⠀⠀⠀⠀⠀⠀
⠀⠀⠀⠀⠀⠀⠀⠀⠀⠉⠒⠦⢄⣙⡾⠖⠀⠀⠀⠀⠀⠀⢰⠃⠀⠀⢹⠀⠀⠀⠀⠀⠀⠀⠀⠀⠀
⠀⠀⠀⠀⠀⠀⠀⠀⠀⠀⠀⣠⣾⣿⠀⠀⠀⠀⠀⠀⠀⠀⡌⠀⠀⠀⡜⠀⠀⠀⠀⠀⠀⠀⠀⠀⠀
⠀⠀⠀⠀⠀⠀⠀⠀⠀⠀⠀⠙⠻⡇⠐⢋⠟⡒⢄⠀⠀⠀⡇⠀⠀⢠⠋⢢⣶⠀⠀⠀⠀⠀⠀⠀⠀
⠀⠀⠀⠀⠀⠀⠀⠀⠀⠀⠀⠀⠀⡀⠀⢸⡀⢳⠀⠀⠀⠀⣉⡑⠒⠃⡰⠃⡽⠀⠀⠀⠀⠀⠀⠀⠀
⠀⠀⠀⠀⠀⠀⠀⠀⠀⠀⠀⠀⠀⠱⢄⡁⢇⠈⣀⣀⣀⣀⠀⠈⠉⢲⠁⡼⠁⠀⠀⠀⠀⠀⠀⠀⠀
⠀⠀⠀⠀⠀⠀⠀⠀⠀⠀⠀⠀⠀⠀⠀⠀⠉⠒⠁⠀⠀⠀⠀⠉⠉⠙⠊⠀⠀⠀⠀⠀⠀⠀⠀⠀⠀",True,1733012020,3,0,0.563492059707641602,0,9870,10628,76561199163090697
1858630,199517839,I love this game coop sao maxing fun with friends even people but hope more update forward new things stuff,True,1752220064,8,6,0.536830484867095947,0,16717,18572,76561199052899296
1858630,193871070,"I'm seeing ppl say the game is dead or multiplayer is broken bc they get stuck with bots and others are teamed up. You'll be stuck at lower tiers, or something that ppl just want to complain about. 

Look i started a week and a couple days ago and already im in tier 3 almost tier 4 so you wont be stuck down in lower tiers so forget about that. Multiplayer isnt broken most ppl are just partied up! The game has been out since Oct. i think. Most ppl have groups of ppl to play with but that doesnt mean you wont get paired at all with someone you will at some point or you can join a discord server with ppl that play the game as well that can possibly help you. The game yes isnt full lobbies all the time or close to it at time but its still fun and enjoyable to play. I'll even admit i was nervous about getting it when i saw the mixed reviews but most of the reviews in my opinion are just ppl wanting to hate on it. Make your own judgement on the game. I think youll like it.",True,1745966540,9,1,0.522168397903442383,1,3147,11815,76561199507022015
1858630,176950454,"I've been scared of trying SAO games since a few gens ago. 
I like it so far, i love the characters. I AM annoyed by some of the keyboard options not being recognized (like CAPS LOCK) or some useless keyboard buttons that only are useful for specific characters like TAB +3 to return to oberyn's teleport portal, but the skill tree TAB is not needed on keyboard/mouse so i moved it to X , and now it's just clunky as hell to use for that ONE character when the advanced skill ability ITSELF could have easily been a ""recast while on cooldown to return, while cooldown is ticking in background"" (that's just an example, there's a few nitpicks more) to avoid the extra binding FOR NO REASON.

I also think that the borderless option has a bug where it doesn't properly detect monitor ""edges"" so it keeps clicking out of the monitor.
Sometimes, if you press the TAB or ` key or while clicking the mouse on the screen, the character FREEZES and input control is completely lost for the game unless you ALT TAB out to another monitor, and then alt tab back in... The game still recognizes mouse clicks when it happens but not keyboard, so it KNOWS it's an active screen for mouse but not keyboard... and i feel like this is a developer bug, not a setup bug, due to inconsistency.  And that bug happening is sometimes frustrating when you freeze and eat too much damage at the worst time while panicking.

The camera work needs fixing... often i feel like i cannot rotate the camera properly to match all my character's movements and the enemy that i'm fighting is practically where ""i"", my physical irl body, is sitting, because the camera is putting the enemy behind it instead of allowing some rotation to match the keyboard and mice inputs.

Flight in this game is frustrating, especially on Leafa. It's good for mobility but flight combat or in-air combat needs to be FIXED along the vertical Y axis. What do i mean by that ? I mean that when you are attacking the enemies is just always below you and you waste skills or get stuck hovering above them while trying to drop to hit htem... I feel like the fighting mechanic there could easily do a ""lock on"" for the enemiy and keep you facing it at a tilt with the camera and attack it there (i'm thinking similar to spiderman games... ) 
I feel it would make combat much more interesting even for non-fliers... 

I just feel like the developers of this game were too scared to work with the camera. They have the field of view being just the screen's X Y axis, and only looks straight for the character, almost like a 2D character,  and any jumping feels like they just moved the 2D fight up a bit , but it's still 2D.. They didn't venture properly into 3d fights, especially at inclines and the camera work is definitely one of the WORST parts of this game... 

Another thing: I feel like free roam's ""revive"" timer is stupid low and stupid high at the same time. What do i mean by that ? I mean that in free roam people are all over the place and not 2 inches away from you... There's a timer to get revived like 10s but that's not even close enough for anyone to come revive you, so if you drop, you almost always lose half your cols and some items, so it begs the question: why even force me to wait nearly 30s for the timer and the respawn...for nothing? Either give me more time to wait for someone to save me.. Heck, i'd even be willing to SIT in free roam for 4 minutes straight and vibe to LiSA songs while someone comes to save me if it meant that i would save the 6k Col that i have on me... 
AND put a damn ""revive now instead"" option.  If no one is going to save you, especially in large roam maps at night, at least offer me to ""accept ur Col lost dumbass, but revive earlier, go finish that objective on time instead""... but yeah... I feel like there are some design decisions that could be improved. (i speak as a software engineer myself and a former game dev)..

That is something that needs fixing.
But, i love the characters and my nostalgia is kicking in a bit but it's a good turn-off brain and roam thing.
The quest and story line is nice, but could use more elaboration.

I also wish SAO games offered a bit of backwards compatibility... Like: ""replay the story of fatal bullet or lycoris"" with this game's control system. (basically , port the story line from previous games to this.
And I would PAY the extra cost almost like a dlc option to play the previous games without having to buy all of them as separate games and learn their clunky controls or bugs...

It would also allow the consumer to have a yearly ""go to"" game where the can just play the new version of the game and import former STORIES (i'm not talking about mechanics or features or skins either, but just the STORIES being told almost like an anime... the current ""stories/memories"" is not enough. 
I wish i could unlock those stories at a slow pace with the gems and be offered a ""pay for convenience option"" to redownload former stories in bulk if i want to, or grind for it, like a self-selected a-la-carte DLC for the former games's story lines...


But anyway, i digress. I enjoy the feel of it, it's better than the one from last year, but i will say: the ranger characters like sinon felt more enjoyable than the sword fighting kirito not beacuse of the fighting style or damage ...but purely because it allows me to stay back and do damange to creatures ON MY SCREEN vs kirito or melee fighters's ""where the hell did they go"" panic moments when the camera is being a dogshit paid actor.

PS: For ranged attackers, You REALLY need to provide a hitbox highlighter for them when they press the ADS aim button, because 60% of the time that i'm trying to shoot an enemy in the middle of my teammates/party characters swarming on top of it, i cant even see the creature where it is anymore... 
the red crosshair is NOT enough for color blind people or even contrast sensitive people: it's a lot of noise to find the enemy and aim it.
Put a big highlighter on the enemy  countour and even an arrow obe their head when a button is pressed during the ADS to help ""find it"" better.",True,1728803628,1,0,0.5,0,1675,9254,76561198059118087
1858630,177000026,Yeah it's aight,True,1728853519,0,0,0.5,0,4259,5493,76561198000946352
1858630,176264588,"Recomended if you like GBF Relink
the combat is not good as GBF Relink but it is not bad
co-op focus with 20 players,raid boss and free roam mode small open world like PSO2 while GBF Relink not have this.
Free battle pass give you a tickets to exchange for 1 set of costume in store you like for free.
If you like grinding stuff for gears and for all your characters same GBF Relink you will have a great time for sure.
If you do not like grinding and wish for a lv100 gears while you are lv 10 and crybaby for a progress this game not for you.
this one is good of all SAO games, hope they not abandon this game like GBF Relink did and keep adding more contents in a future.

8/10
-1 the combat is not smooth ( GBF Relink is more better ) but acceptable.
-1 you can not change a character you want to show in the lobby",True,1727933393,8,1,0.572496712207794189,0,15524,15879,76561198225402904
1858630,177219773,"for overall gameplay and graphic very good for me like 8/10, already add party maker so can playing with friend.

can play chill or hardcore (if have a time), drop weapon and accessories still fair, for co-op play enjoyable and drop for gears is share for whole party it's very good no competitions for now",True,1729182754,0,0,0.475113123655319214,0,5692,11955,76561198406598966
1858630,176642204,8/10 needs more scenes with quinella,True,1728408067,1,0,0.523809552192687988,0,1698,6387,76561198293066557
1858630,177824907,"Needs to be a little bit more polish.
Fun when playing with friends.
Drop rates suck.",True,1730003680,0,0,0.5,0,13617,74235,76561199161429916
1858630,184532309,"Fun game, especially for fans of SAO. It can be a bit repetitive at times due to same quests and boss raids. I quite enjoy different kits for every character and I'm glad to see they'll be improved as the time goes on (upcoming S2 update)

One thing that bugs me are micro-transactions. With the already-hefty price point it just feels a bit greedy. 

I recommend playing on Asia server as it is by far the most lively",True,1735826759,3,0,0.510389983654022217,0,8929,11596,76561198348868019
1858630,180719772,this tickled the SAO game itch the older games never quite reached,True,1732872986,0,0,0.5,0,2519,2519,76561198067303207
1858630,176190379,"Pretty Fun in My book!

 Liking the aspect of Free Roam, and the combat is pretty nice in my eyes.
A bit Janky at times but I can work with it.

Editing this after a while, I do love the game, though the lack of content and people kinda make it a bit rough, I do hope that there can be more game modes that can motivate people to play and more stuff that we can grind for. 

Overall, I'll play it once in a while cause I want to see it through to the end.",True,1727832196,0,0,0.5,0,10674,18676,76561198262752126
1858630,179554771,its addicting if u do not grinding forcibly,True,1732261380,1,0,0.462903112173080444,0,10055,20739,76561199781979388
1858630,176762279,"What a surprise. This is the best SAO gameplay ever done. The roadster is really fun to play. A lot of action rpg mecanics and a retro rpg vibe that i really love.

* Graphics : very good on 4K + ULTRA + TAA but not perfect.
* Music : not good, the HUB theme is maybe the best of this soundtrack
* Gameplay : perfect. A lot of newcomers, the roadster is really fun from SAO to GGO or ALO
* Equipement : great variety of weapons, stats or loots. no armors but accesories and skin 
* Story : skip
* Mecanics : A story mode, a free roam mode and co-op dungeons. The games add weakness by elements or  type of attacks, switch, a system of class like tank or support or dps. Really great
It could have been a better game with more focus on co-op but its actually focus on a damage challenge with 20 players who rush the end of the quest. I could not say its a co op game",True,1728573887,0,0,0.5,0,6657,6657,76561198079986749
1858630,177004307,one of the best sao games to release,True,1728858759,0,0,0.5,0,2342,2714,76561198974376540
1858630,180173156,"I ensure that this is the best SAO Game that I have ever played. No matter what people think about this game, I still love this anime and be ready to support it till the end of tale.

10/10 Soundtracks
8/10 Gameplay
10/10 Stories
10/10 Character Design",True,1732756972,1,0,0.523809552192687988,0,9898,13342,76561198144486138
1858630,176474496,"It's alright
If you are playing in NA, best play in ASIA because most of the players are there",True,1728201294,1,0,0.51327437162399292,0,1893,2318,76561198126147351
1858630,176472096,"Granblue fantasy relink formula without the polish and is ready to milk your wallet dry truelly a namdai banco moments 10/10 
would play again",True,1728198219,3,2,0.549444139003753662,0,2158,8208,76561198326841840
1858630,176263704,You can equip Yuna's Bundle Outfit (1 Trial Ticket) on Administrator. Best game ever.,True,1727931918,0,1,0.5,0,2093,6004,76561198060028696
1858630,176171022,"not a bad game overall needs some work on some small details 
i finished the story after 30 hours or so more like 20 its crazy good really liked the ending and the plot it makes you figure out the plot and interacts with your brain",True,1727807066,0,0,0.5,0,2161,2509,76561198081337399
1858630,207440149,Good game if like sao,True,1761284802,1,0,0.499539285898208618,0,2041,2122,76561199624956431
1858630,176553464,"If you are an SAO fan it's worth every penny. This game is a love letter to the fans, its packed with fan service moments (not the ecchi kind); the writing and interaction between characters is perfect, every line is voice acted (Japanese Dub). The main story is basically another season of SAO that takes place right after the War of the Underworld Arc; it does not continue the gameverse canon so most game original characters will probably not be playable/appear. Cutscenes are all 3D in-game engine, similar to Alicization Lycoris but better, with some pre-rendered 3D animation cutscenes for the fights. Without skipping cutscenes, it took me about 25 hours to finish the main story. 

If you are an SAO fan and you love the characters & universe and want to see your favorite characters interact with characters from different seasons in ways you never would of thought (kind-of like Isekai Quartet), you'll enjoy the story.

The multiplayer is essentially Fatal Bullet with more melee weapons & special attacks added, but without the main city hub, unique player character, or PvP. You need to progress through the main story to unlock characters for use in multiplayer, so keep that in mind if you are thinking of buying it just for the multiplayer. It isn't a traditional RPG like Hollow Realization/Alicization Lycoris so if you do not like the gameplay loop of grinding the same 3-5 dungeons (with slightly different variations of tasks & enemies) to unlock new skins or experimenting with different characters and classes this game may not be for you. If you liked the PvE in Fatal Bullet you will probably like this game.

The combat is greatest it has ever been for an SAO game: You have a Basic Attack & Alternate Basic Attack, Heavy Attack & Alternate Heavy Attack, 3 Skills and an Ultimate, all of which are unique to each character, as well as Dodge and Block. Each character's playstyle is completely different, if you are great with 1 character if will not translate to another. It's a lot like a fighting game in that aspect. The only complaint I have would be that the skills do not follow enemies, if you activate a skill and the enemy moves, your character will not follow and you are just stuck attacking air; everything else feels fluid though.

The leveling can get grindy & repetitive, but each character has a completely different moveset which helps keep things fresh; no two characters are alike. There is an overall player rank and each character has their own rank; as you level up player rank you unlock harder difficulties and leveling up characters unlocks new skins and emotes. There are weapon skins, overall appearance skins, and 2 accessory slots you can customize per character.

In Co-Op you complete various tasks in Aincrad, GGO, OS, or Underworld maps with 5 squads of 4 eventually fighting a boss depending on the map. There is no voice chat, only a preset emote wheel. If there are not enough players, AI fills them in taking into account the real player's classes to ensure parties are well rounded (has a healer, tank, etc.). As players join they replace the AI. The AI is skilled enough that you wouldn't notice the difference between a team of AI vs Real Players, except maybe that your AI teammates revive you more reliably & stick with you. You can pre-select your favorite character so you don't get matched with another player who uses that character, but there may be duplicates in another squad. There's about 3 stages in each mission that you teleport between: the first stage you are just in your squad of 4, the second stage you meet up with other squads, and the last stage of the map is the boss. Each game can take about 20-30 minutes. As you go up in difficulty there are new/additional enemies/mechanics added to the maps & bosses; the enemies never felt like they just have more health/tanky. The enemies have just the right amount of health as you would expect them to; they are not sponges like in Alicization Lycoris or Last Recollection.

In Boss Raids you only fight more difficult bosses that do not appear in Co-Op, which can take about 20 minutes. There's also a solo mode where you fight waves of enemies with just 1 character and no healing items. 

Both Co-Op and Boss Raid Modes have unique appearance items that the bosses can drop but they are pretty rare. There are micro-transactions but they are purely cosmetic, some of them can change the character's ultimate slightly. The equipment crafting is a RNG/gacha system but using the in-game currency. There are common, rare, epic, and legendary classes of gear/weapons that you can upgrade; legendary class weapons/gear can change the way your weapon skills work or give you permanent status buffs/debuffs that incentivize you to change your playstyle.

The multiplayer makes you feel like you are clearing floors in Aincrad with other real players. I can definitely see myself sinking well over 100+ hours into this game. Recommended if you like the Dungeon-Raid gameplay loop.",True,1728294665,1,0,0.523809552192687988,0,1946,8649,76561198010059759
1858630,180183423,If your a SAO fan and loved Fatal Bullet play this game it supports causal and endgame players,True,1732758809,0,0,0.5,0,4261,8713,76561199039416380
1858630,176196618,"This game has been great. The gameplay is fun, the story is skippable, and more importantly, Alice is playable.
I haven't closed the game since launch, its been 28 hours... Yes its pricey, but oh well. The in game purchases are reasonably priced. And while Oberon may be unbearable to listen to and see walk around, you can dress him up to look like a dummy.",True,1727841512,0,0,0.5,1,1727,14177,76561198847692785
1858630,201610394,"Game is fun if you're fine with a grind. Sometimes matchmaking can take a minute, but it's usually pretty fast now that they added the Quick Match.",True,1754534915,3,0,0.512137651443481445,0,6279,6966,76561199269075889
1858630,178758814,so much better than the last one.,True,1731246018,1,0,0.515625,0,4642,5617,76561198050848147
1858630,176858730,gud game very grind,True,1728692770,0,0,0.5,0,7235,8411,76561198073037380
1858630,179333694,"Actually surprised me with how good it is. Especially the cutscenes, they actually were given a budget! I've liked all of the SAO games to varying degrees but Alicization Lycoris and Last Recollection were a bit clunky and had some extremely obtuse mechanics. This game goes for a much simpler combat system that I think was much needed. While the game does have some flaws like a somewhat repetitive endgame (The game was recently updated to make the endgame slightly less repetitive), I think you should try it out if you like SAO.",True,1731974609,1,0,0.50199204683303833,0,9988,14003,76561198355847313
1858630,177059246,"Don't simply believe whatever nonsense total strangers say - 
Play it for yourself
Decide for yourself
..if I allowed opinions of random people to decide for me
I would miss out on alot of fun tbh",True,1728937136,0,0,0.5,0,32781,35571,76561198040324687
1858630,176920207,another good sawo game since fatal bullet,True,1728764609,2,0,0.52173912525177002,0,3554,9628,76561198102711813
1858630,176294370,This really is our fractured daydream,True,1727970965,0,0,0.5,0,1751,20432,76561199061064145
1858630,176647278,help me,True,1728413409,1,0,0.5,0,4400,14439,76561198962924591
1858630,176930185,Only If you are SAO fan and you don't need to of played the other games to get into this one :).,True,1728775776,0,0,0.5,0,3233,8506,76561197986515541
1858630,176329722,fun,True,1728018772,0,0,0.5,0,2429,18619,76561198046345340
1858630,177122562,"If you're an SAO fan who's been waiting for a good SAO game that makes you feel like you're actually playing the game that so many of us want from the anime we grew up with this then this is as close as it gets currently! The multiplayer is really fun, although sometimes it's a tiny bit buggy and the grind for in game items and equipment is addicting. Not to mention building up your favorite characters to max rank... (shout out all my fellow Argo and Lisbeth fans)",True,1729029657,1,0,0.5,0,1881,5723,76561198304788433
1858630,176642639,"Big damage make me happy, sometimes COM is better than actual players on my team…",True,1728408511,0,0,0.47413790225982666,1,1947,3862,76561199188294292
1858630,177070646,good game for coop.,True,1728953846,0,0,0.495252490043640137,0,2213,5968,76561199029915560
1858630,176931313,"first time playing a sao game, it's good.",True,1728777318,0,0,0.5,0,4558,6436,76561198185360513
1858630,177058517,"Feels a bit like a warriors type of game, somewhat rough along the edges, but still very enjoyable and fun for what it is. 
This is probably a love it or hate it kinda game, so check a proper review before you buy.",True,1728936299,0,0,0.495252490043640137,0,2342,12089,76561198017126180
1858630,177620685,"Very good representation of the characters and in a fun setting! 

W game. :D",True,1729738793,1,0,0.52173912525177002,0,2318,3344,76561198055985281
1858630,176471796,"This game clears the whole gameverse in terms of Gameplay.

Story is actually surprisingly very very good.

10/10",True,1728197819,8,1,0.52054673433303833,0,1688,3438,76561198282652550
1858630,176334246,"Honestly even tho I pre-ordered the game and love SAO, i can agree the price is a bit much. That being said I'm loving the game so far. The grind for the multiplayer is pretty good and the Story is alright. Not bad nor the best thing ever.

If you don't mind spending the money I highly recommend the game :).",True,1728026744,3,0,0.510235309600830078,0,1651,2048,76561198805796569
1858630,176536357,"[strike] PSO2 concept is actually nice and gameplay is foon, but game barely gets new content. Maybe if game had somehow frequent content updates it could've make it somewhere [/strike]

Well game got its content theres plenty of things to do, getting high rank is relatively fast and high rarity gear drop rate was increased. The online is small but given theres only one server now you can easily find matches in certain modes especially free roam or time limited modes such as boss gauntlets, theres also aid quest feature that lets you get in already started quest with guaranteed legendary reward which motivate higher level players join low level worlds.",True,1728265933,0,0,0.4844246506690979,0,7429,10704,76561198338142572
1858630,181511993,better than alicization lycoris :\,True,1733149177,0,0,0.5,0,2450,2450,76561198129757635
1858630,180789507,"Sword Art Online Fractured Daydream still have big potential depending on how the dev team continue to maintain and improve it's content. As for now, I like the customization and number of playable characters. The way they make it anime accurate also a bit more interesting. If they continue to add more playable character in SAO universe, more maps through aincard, ALO, and Under World, I think I can play this game for a long period.",True,1732891792,0,0,0.5,0,3894,9623,76561198082300992
1858630,176858489,"Season 4 Update: They mostly fixed matchmaking with Quick Match, and added a few small QoL. While this is definitely enough to make me swing the review back to positive, it isn't all good. The worst change is that a few maps allow for gear 5 levels beyond the current cap, yet don't drop gear of that level. So now you're 5 levels behind on damage if you didn't get the low percentage drop of the right level weapon from a raid that isn't available for a few months. Character balance is still laughable and they haven't directly nerfed any character since launch so they probably never will. They also barely buffed anyone this patch so most of the mid tiers just can't catch up to the broken top tiers. And most importantly, they still don’t scale quest difficulty with player count so 99% of the time boss health will be inflated compared to what it was designed for. But still, the change to the matchmaking letting you actually play the game is enough for me to recommend this on sale if you like SAO. Just not the DLC, that's too overpriced for what it is.

Original review: Fun action game. Good story with some incredible cutscenes and light humor, but the real meat is the co-op. Minor gripes would be the 3 characters who really should've been in the base game but were held back for DLC (M, Pitohui, and Mito), and the lack of outfits for things like Alicization Kirito/his tree sword or other drippy fits from the series like Stacia Asuna in the game. Other than that the game encourages trying out different characters and is just dumb fun, especially with friends. Must have for SAO fans since the main draw imo is being able to play extremely faithful recreations of the main cast in a fun setting. Keep in mind that it is pretty grindy (although it has gotten much better with updates), which I view as a plus but it’s definitely not for everyone.",True,1728692376,1,0,0.518716573715209961,0,102452,140418,76561199052954555
1858630,178541366,"I LOVE THIS GAME
WORTH THE NEAR 100 I PAID FOR IT
ONLY BUY IF YOU MEGA LIKE SAO
PEACE OUT GANG",True,1730955156,2,0,0.50199204683303833,0,9024,16684,76561198880314988
1858630,176354380,"I enjoyed the story, and it's got a very enjoyable grind, lot of fun to grind out gear and levels.

If you like SAO, if you like to grind, if you like a relaxed gaming experience you will enjoy this.

If you don't like grindy games, if you want something difficult/stressful this game is not for you.

If you don't like SAO, why are you reading this?",True,1728053681,1,0,0.495563119649887085,0,2844,10568,76561197978592552
1858630,187107666,"honestly would rather eat nails and toast with extra cyanide jam, but its a really good game 10/10",True,1738623975,1,7,0.523809552192687988,0,10824,13079,76561199088518800
1858630,178754659,One of the best SAO game,True,1731241608,1,0,0.523809552192687988,0,3007,4301,76561199228477192
1858630,178086731,"I had so much fun playing games for a month without really knowing anything. After a month, I learned the depth of the game after learning and understanding various skills, items, and game systems. Thank you for the sincerity of the creator. Steam Deck is no problem, but I need to buy a PS5.",True,1730367389,0,0,0.477707028388977051,0,19486,236633,76561198446714405
1858630,177260040,"This game is really good and amazing for those who love the sao franchise. its also decent for being a multiplayer game, ive had almost no lag and its consistent.",True,1729246578,0,0,0.5,0,5338,9496,76561198810856337
1858630,176182478,"---{ Graphics }---
☐ You forget what reality is
☐ Beautiful
☑ Good
☐ Decent
☐ Bad
☐ Don‘t look too long at it
☐ MS-DOS

---{ Gameplay }---
☐ Very good
☐ Good
☑ It's just gameplay
☐ Mehh
☐ Watch paint dry instead
☐ Just don't

---{ Audio }---
☐ Eargasm
☐ Very good
☑ Good
☐ Not too bad
☐ Bad
☐ I'm now deaf

---{ Audience }---
☐ Kids
☑ Teens
☑ Adults
☐ Grandma

---{ PC Requirements }---
☐ Check if you can run paint
☐ Potato
☐ Decent
☑ Fast
☐ Rich boi
☐ Ask NASA if they have a spare computer

---{ Game Size }---
☐ Floppy Disk
☐ Old Fashioned
☑ Workable
☐ Big
☐ Will eat 10% of your 1TB hard drive
☐ You will want an entire hard drive to hold it
☐ You will need to invest in a black hole to hold all the data

---{ Difficulty }---
☐ Just press 'W'
☐ Easy
☑ Easy to learn / Hard to master
☐ Significant brain usage
☐ Difficult
☐ Dark Souls

---{ Grind }---
☐ Nothing to grind
☐ Only if u care about leaderboards/ranks
☐ Isn't necessary to progress
☑ Average grind level
☐ Too much grind
☐ You'll need a second life for grinding

---{ Story }---
☐ No Story
☐ Some lore
☑ Average
☐ Good
☐ Lovely
☐ It'll replace your life

---{ Game Time }---
☐ Long enough for a cup of coffee
☐ Short
☑ Average
☐ Long
☐ To infinity and beyond

---{ Price }---
☐ It's free!
☐ Worth the price
☑ If it's on sale
☐ If u have some spare money left
☐ Not recommended
☐ You could also just burn your money

---{ Bugs }---
☐ Never heard of
☑ Minor bugs
☐ Can get annoying
☐ ARK: Survival Evolved
☐ The game itself is a big terrarium for bugs

---{ ? / 10 }---
☐ 1
☐ 2
☐ 3
☐ 4
☐ 5
☐ 6
☑ 7
☐ 8
☐ 9
☐ 10",True,1727819558,1,0,0.523809552192687988,0,6915,9606,76561199242008583
1858630,176129414,"Fun game yes yes

Still fun game after many hours yes yes",True,1727752651,0,0,0.5,0,9680,15163,76561198194505498
1858630,177283719,"I'd be honest, this game is only meant for the fans of the series; there's an infinity of other online JRPG out there with better gameplay, but as a fan, I absolutely enjoyed this game after all the garbage from the other games of the saga, which I also enjoyed btw. This is the best SAO game nowadays.",True,1729275457,9,0,0.632870197296142578,0,3773,4589,76561198863409351
1858630,176611414,"incredibly good for a sao game but okay at best in general
60 is asking for a bit too much but definitely get it if it's on a sale

don't listen to the people complaining about the battlepass or the ingame shop, you get FREE currency from the FREE battlepass to buy COSMETICS from the shop people are literally just trying to find anything to complain about this game isn't perfect by any means but it's not as bad as some people are saying",True,1728367374,0,0,0.5,0,3155,4158,76561198897379012
1858630,184771849,"""buys deluxe version"" ""plays for 2 days game unbelievably fun and tons of people to DEAD. #best100$everspent. Now to FINALLY play the game.",True,1736022266,6,1,0.494030505418777466,0,4469,4749,76561198086114816
1858630,177562878,"This game is really fun I am having a blast my only complaints are the servers are basically all Asia servers and like no one on Europe or North American servers and like almost no one is doing quests just boss raids which is fine and all but missions give better Rank XP for the player while boss raids raise character levels more, and if you want cosmetics from either well good luck! Grind is there and its a grind for sure, all 20 characters in base game play very good and are all fun too! I give an 8/10 highly recommend",True,1729652220,0,0,0.5,0,5650,6273,76561198054481786
1858630,198778723,"Decent story, good enough graphics. Gameplay is fun.  Not enough to do.  The grind is a bit too grindy.  Not enough characters, and there will be a variant in DLC 4? I would have rather had one of the at least dozen other characters from the previous games.",True,1751496031,3,2,0.512658238410949707,1,36944,47002,76561198349257951
1858630,181690321,One of the best SAO game IMO. the movement is a bit clunky but after sometime it's alright. Not enough end game content however and it's too pricey.,True,1733241852,7,1,0.560579538345336914,0,5467,5585,76561198121965820
1858630,177966112,U like SAO right? then yes,True,1730196483,1,0,0.523809552192687988,0,2606,2637,76561198338431816
1858630,181246415,good game,True,1733035697,1,0,0.5,0,2418,3045,76561198298371787
1858630,176724244,I love this game dearly however it has really low player counts even with crossplay they added a option to play solo to be able to level only thing that sucks is you cant invite friends for private lobbies however 95% of the playerbase is max level that being 150 it doesnt take that long to hit you will hit 150 before you get a character to level 100 even if you only play as them from the start but the game has really satisfying combat if you wanted something that play like it and is fully soloable and with slots for friends get granblue relink its melee focused and has two three ranged characters,True,1728515987,0,0,0.5,0,18392,18404,76561198150063786
1858630,180184231,SAO,True,1732758941,0,0,0.5,0,7187,7235,76561198107897916
1858630,176664328,"Probably the most fun ive had with a game all year. Steamdeck runs this great, online works well, frame rates dip a little in a couple odd spots like one  forest section but otherwise even hectic 20 player boss fights dont see any noticeable performance drops. its a great game.",True,1728431688,0,0,0.5,0,2048,5378,76561198119802477
1858630,178075055,"Its honestly really fun but I dont expect it to last as long as they're probably hoping for. There's not enough in it for it to be some kinda live service game, which seems to be what they're going for. Also, its really expensive for most people. The storymode is a fun time, the co-op... is very repetitive. And unless they add more to it, I dont see it lasting long. It s a fun idea, an amazing idea, but. The player base isn't even really there for it.


Edit: Having now finished the Storymode, I can honestly say its worth it if you just want a good game. The co-op is also fun, however, its definitely not enough to keep the game alive as any kind of live service.",True,1730345344,0,0,0.5,0,2377,2377,76561198198278458
1858630,176998888,I think the hype for this game died way too quickly. It takes a bit to find lobbies. You kind of end up with a bunch of computer players. I like the grinding of the same level over and over again but I feel that'll be stale for a lot of people. I think they had something here but it's still missing something to make it a really good game,True,1728852247,1,0,0.5,0,2051,2396,76561198121614074
1858630,182586373,"Good game with all best stuff from the previous ones.  EU servers are rather empty but there is no problem in changing to Asia or NA (there are  lots of players to do boss fight, co ops ...)
Nice combos, cosmetics, outfits, etc. Fun to play. 
SIngle palyer story is not so bad either (story line) but quest there are a little repetitive. 

Overall, - for all fans of SAO is must have. for the otherr - good choce as well.  like 7,5/10.",True,1734027272,14,0,0.649466872215270996,0,6689,8429,76561197994262079
1858630,194325609,Thankfully i ignored they negative reviews and gave this game a shot. So much Fun,True,1746496770,5,2,0.534221887588500977,0,1969,2888,76561198045119263
1858630,181752652,"Is great, I enjoy it !",True,1733268445,1,0,0.524231970310211182,0,4250,14506,76561198044011832
1858630,177693092,ENHANCE ARMAMENT,True,1729846818,0,0,0.476190477609634399,0,19968,20649,76561198358090598
1858630,181108527,"Fractured Daydream is a departure from the previous SAO games; it's not in set in the same universe and it focuses a lot more on the multiplayer aspect.

There are issues like there not being enough multiplayer content, not being able to rejoin a session if you disconnect and queue times in lower levels now being considerably higher than in World Tier 3 (stick to the Asian matchmaking server or you might have a bad time).
Aside from that, this is an excellent game with a great story, solid combat complemented by a very good roster of characters than are fun to play and a nice multiplayer mode reminiscent of older Monster Hunter/God Eater or even PSO2.",True,1732987998,1,0,0.5,0,7118,10330,76561198050280289
1858630,176302957,Good game but really should be f2p with micro transactions would have been such a nice live service game. Hopefully the future is bright,True,1727979750,1,0,0.471441537141799927,0,1990,7363,76561198160609854
1858630,176137517,"**UPDATED REVIEW**

Game is playable on steam deck ONLY if you install it on the main hard drive! 

It runs smoothly, game is very fun, I do wish they would add a reconnect button, maybe in the future? Also a few more bosses would be cool. Hope to see more games like this!

Right now this is the best SAO game on the market and I highly recommend! :)",True,1727766341,1,0,0.523809552192687988,0,1796,4267,76561198135945956
1858630,176705023,"Currently a 7.5/10 

-refuses to elaborate further
-leaves",True,1728491762,0,0,0.476190477609634399,0,10414,10508,76561198276160515
1858630,177525163,Swimsuit Yuuki.,True,1729606771,2,0,0.471947222948074341,0,2113,2425,76561199201594660
1858630,206238645,"i've had the game for like a week, it's pretty alright. 

once you reach the player rank cap though it's really only fun to go back to for events or for small bursts of gameplay. there's no real ""end-game"". they really like to push the ""cosmetic"" system even though the droprates are absolutely abysmal for multiplayer and the cosmetics you get from the story mode/dlc are pretty meh. and when you *do* get a cosmetic online you better pray it's not one of those stupid filler t-shirt decal outfits, seeing a cosmet drop after a boss raid is awesome until you realize it's one of those and it instantly feels like you got screwed out of literally anything better",True,1759985952,4,0,0.541209101676940918,0,5502,6138,76561198795654141
1858630,180042614,"Gameplay Good But they not much content to play. It may not be worth the price for some people But if you fan of SAO it worth to paid it.
Story Mode Kanda Very Good There is no character whose role is small.",True,1732738940,5,0,0.542857170104980469,0,19485,109700,76561198137708479
1858630,176306798,"Good game indeed, the level 2 suit is... good i now play the game with 1 hand thank you.",True,1727983971,0,1,0.476190477609634399,0,2130,4636,76561199407191462
1858630,177113925,fun,True,1729018613,0,0,0.5,0,3307,5107,76561198102124448
1858630,176462455,"Like all SAO games leading up to this, there is a grind for end game which can be a problem for some players who are more casual oriented.

On the combat side, its one of the more responsive SAO games, although it can be quite stiff, and sometimes drops inputs for attacks of some characters for some reason? DIMPS pls fix. I find that its a slightly slower version of PSO2:NGS combat so if you're a pso2 addict im sure some of the characters may have a familiar feeling to some classes.

Gameplay is quite repetitive and you'll be most definitely be rerunning maps and bosses if you care for the cosmetics that drop, or to grind ranks, weapons, and accessories (the grind never stops). Free roam is dare I say similar to PSO2:NGS, aka there really isn't any thing to do but to kill mobs and walk with the occasional treasure chest every now and then. It'll be interesting to see on what DIMPS does with the free roam if anything at all.

Overall, its a pretty decent game, but for $60 its quite a steep price considering the content involved, not to mention DLC's if you care about that. I would recommended getting it on sale if you're not a SAO fan.",True,1728184718,0,0,0.5,0,1930,4898,76561198429844540
1858630,179741611,"Probably the best Sword Art game in a long time but the online which is a majority of the game is basically dead, im not sure if theres crossplay but if there is then there isnt much hope for the main way they intend for u to play the game after the story",True,1732472644,0,0,0.5,0,2703,2830,76561198011884177
1858630,178181661,"I had decent expectations for Fractured Daydream as I had fun with the closed and open betas and this one was made by Dimps, who had previously made SAO Fatal Bullet, which was a really fun game even if the game was lacking in content compared. Gameplay was much smoother then previous SAO games, all the characters felt unique and bosses were a lot of fun, my main worry was will the game be as glitchy and janky as previous sao games or would this one be different? I was pleseantly surprised that the launch was solid, it was way less buggy then previous SAO games and the jank wasn't as bad as I thought it would be. Story was pretty decent, combat is solid and the bosses are good. I thought this game was gonna be great with no bumps until I got to around rank 70, around there is when I realize that they backloaded alot of the content for some reason and all the bosses I fought in the campaign were locked behind a rank 85 raid that rotates bosses on a daily basis. I am hoping they eventually sprinkle Kraken, Droz'l and sword golem as raids between rank 35 and 85 to provide some varity. There are some QOL things Id like to see like 20 player lobbies but overal I am pretty happy with the game. As long as they can add new bosses at a resonable pace and add some more extreme fights I could see this game staying around for the long run and quite possibly being the best sao game ever.",True,1730486754,0,0,0.5,0,9135,12791,76561198276540854
1858630,177726274,"Better than other SAO games.But sometimes it can take a long time to find players.
As an Asuna fan, I can't wait for the Stacia costume to come.
Give a chance ^^",True,1729884727,7,0,0.596273303031921387,0,2907,8679,76561199053842910
1858630,190772713,its foking dead,True,1742528603,4,1,0.548610448837280273,0,2462,2462,76561198867939599
1858630,179864692,"Edit as of 2025-01-09
Big changes came with season 2, alot of good ones, and hopefully something that will bring old players back, and some new ones.
Before the weekly trials could be a hassle for some, i didnt have much problems with it, except like one.
But the changes are
15 Boss raids with said class (now its 5)
15 coop quest with said class (now its 5)
5 Synchro counters with said class (now its 2, very happy)
7 free roams with said class (now its 3,  but you could just jump in and out and it counted)
500 enemies defeated with said class (now its 100)
5,000,000 damage dealt with said class (the same)
equip 20 mods (think this was 50 before, not sure?)
But it makes it easier, and hope it makes someone happy.

There is also 2 new free roam maps (i think only tried one)
1 new coop quest map, that i've seen, but think there was supposed to be 2, but it might rotate. lvl 115
Also tier 4 for all maps that came before (rotates, most welcomed)
Tier 4 boss raid that rotates aswell.

There is no longer any element restriction in weapons regarding characters, which is good.

These are good changes, and it seems like they have listened to feed back.
1 new character Fuuka.
And 2 new on its way.

I myself am very happy with all these, and i hope it helps someone make a deciscion! 

Well, what can i say?
I enjoy the game, for what it is.
I jump in a few hours a day before bedtime and waste some time.

But i get the negative reviews.
This game really needs to add something, if it wants to stay alive.
Becuase yes, at some point doing the same boss raid or co-op quest, will get devestating, especally since the weekly passes demands it, but you only have to do them up to 16, then it doesnt matter.

But to point out some stuff people have issue with.
- Hard time finding matches: I find matches all the time? Don't get how others don't 
And with that i mean, full servers 20/20, sometimes i don't but most of the time i do. And i am 80% of the time in a match within 60s.
- The lock on is bad: No, you are, i have no issues with this.
- The weekly are impossible to finish within a week: No, not really, you can finish them by doing only 6 matches a day.
And like i said, it doesnt matter, up to trial 16 is good, the rest doesnt really matter
- Getting knocked down and ""stunned"": Ye,, alot of games do this? Just dodge and you're good. 
- Drop rate is really bad of cosmetic: Well yes, but thats the point. BUT, i bigger issue is that players move on the higher their ranking, so its hard to find matches on lower ranking maps. So yes i get it. But i played since launch so i got most of them. But i understand it.
- Animations are stale: Its like all fighting games, the routine of your moves repeat.. soo, why is this considered worse? If anything, it moves waaaay more smoothly compared to the older games, THEY are stale.

Now is it all good? No, but for me mostly.
Matches goes quick, finding a new one is easy (for my rank), i don't mind the grind.
But there is stuff i have issues with, that i think people should know.

- Finding matches (like i said) on lower ranking maps, can be hard, most player moved on which leaves these in the dust.
They really should do something about the ranking on these maps.
- Boss raids has 3 tiers with the first two being the same ones over and over, but they changed this, so that on tier 2 (rank 45? or 50) That boss alternates, big change. Very good.
- The loop is pretty closed, day 1 launch players, (like me) only do the higher tier boss raids and co-op quest, so it is very, very repetive. They should add more modes, or do something about the co-op quest. Rotate it so earlier maps, gets higher tier or something.

I do enjoy the game, but coming in late, its gonna be harsh.
They didnt think at all about that part, those of us that are ahead, don't go back, becuase we get nothing out of it.
I still play a few hours a day, because i do enjoy it still.
But they need to keep content flowing or it will die.

So if you're considering buying it from the day of this review, atleast wait for a sale.
But i don't regret it.",True,1732646869,1,1,0.495412856340408325,0,12583,17591,76561198003798680
1858630,178352236,Very accurate to the anime and loved every second of it. 10/10 would watch anime first before playing.,True,1730677354,1,0,0.512578606605529785,0,1718,1718,76561198325569054
1858630,177254490,Sword art online is back with its redemption,True,1729235863,0,0,0.5,0,7130,8853,76561198807097106
1858630,176588772,Reloado sphere.,True,1728335794,0,0,0.487492591142654419,0,3000,38844,76561198056476044
1858630,178468954,"STORY IS PEAK. 

The game gives us good difficulty and i hate the mecha boss. The co-op is fun but i hope they add rotation for boss. 

Can we have new pvp feature? Or some upgraded story?",True,1730844142,0,0,0.5,0,2096,2479,76561198315274616
1858630,199573442,"There is a lot to do, but the sad hard truth there isn't a whole bunch of fellow players. The game does compensate with adding Ai controlled ""players"" to allow the game to continue to be enjoyed. I bought this when it first released, but dropped it. I got back into playing recently and have really been enjoying myself. The story is decent for what it is, and the meat of it the online play is fun.",True,1752273123,0,0,0.466497033834457397,0,1637,10316,76561199643267533
1858630,178255483,"Now, where to start. First off, story is decent, just like their other game, I'ts non canon. Created simply for the game itself. The combat is where the game sold me. Different characters require different playstyle. It felt good, the switch system, the combo, It's all fells nice overall and I like it. 

Oh, and the game is not gonna be fun AT ALL if you're only buying the game to play purely for singleplayer/story. IMO the dev definitely planning the game to be a live service game with continuos updates over time, The grind is also there. If you've played SAO Fatal Bullet, you will know what im talking about. 

The contents is locked behind player level. For some, they will not like it. For me personally, It's understandable, the level locked content makes you play the currently available content repeatedly so that you familiarize your multiple character playstyle, combo, skills, the enemy's attack pattern, the boss's attack pattern and the dungeon's layout. 

Now, lets talk about the 'battlepass' of this game or in this game, It's called Trial Challenge. the trial challenge requires you to complete certain tasks daily and weekly. By doing this tasks, your trial level increases and you will get something for each level. The max lvl is 25 but the only important thing in that are the 2 tickets imo. and for that 2 tickets, the second ticket is locked at lvl 16. These tickets are to be used for exchange in the store for COSMETIC items, thats all. With times, the game will add more different type of bosses, events and characters. 

All in all, I feel like this game is following the direction of the old SAO mobile game, SAO Memory Defrag and that is good. It's definitely a recommended game to play 7.5/10.",True,1730571004,2,0,0.523562073707580566,0,4082,8191,76561198312824448
1858630,176316331,came here for Silica,True,1727996773,2,1,0.52173912525177002,0,2405,2849,76561198211563365
1858630,177131304,"I give 8.5/10 score
+ co-op experience, story, graphic, unique gameplay each character.
- Lock-on camera, no character tutorial.

Recommend to person
- Who want to play games with friend
- Who love grinding games
- Who have free time

Not sure if this worth my money but I buy this games just for playable Argo.

Sorry If I wrote something wrong because I just want to practice my English writing skills without using google translator.

Thank you!",True,1729044128,31,0,0.738247692584991455,0,14627,26932,76561198787924139
1858630,177207297,ok,True,1729168000,0,0,0.5,0,1788,3013,76561198320882084
1858630,178523658,"Had a lot of fun with this one. The story is fun, and the fan service is perfect. Now to begin grinding to top level!",True,1730927003,6,0,0.530182242393493652,0,1715,2828,76561198117283644
1858630,177867879,"Its the best SAO game iv played i really enjoy it, the charcters feel nice, the mission are fun, 20 player co op, loot and grind isnt to bad. If you have never played an SAO game before i highly suggest this one.",True,1730053107,1,0,0.516049385070800781,0,4226,4320,76561198134197015
1858630,176406440,Man I'm just glad we finally got a good sao game. It's hard out here bro.,True,1728121184,2,0,0.541984736919403076,0,1862,2364,76561198977926991
1858630,177859924,This game is super fun to play. Simple game mechanics make it easier to create numerous type of builds. Crossplay make this game more accessible to play with other players from other platforms. The main story is quite engaging and I do enjoy it overall.,True,1730045211,0,0,0.469135791063308716,0,6854,13828,76561198072812666
1858630,176903390,"Probably the most fun SAO console game I've played in the series.

There's a lot of characters and playstyles, plus a story that doesn't require playing any of the other games.(though it does assume you saw the anime/light novel all the way up to the end of War of Underworld)

It's still got a fair bit of jank and graphically speaking, it ain't no Sparking ZERO, but the grind and playing online with friends trying to get MVP can still keep you busy for quite a while.",True,1728748904,1,0,0.522293031215667725,0,1856,8028,76561198038222063
1858630,182874611,best SAO game that you want to play,True,1734330223,2,0,0.510389983654022217,0,1902,2519,76561199653366780
1858630,181042766,I've played a few different SAO games and all i can say is that this tops Fatal bullet easily as its got a great story line with lots of my favourite characters like sinon and lizbeth as playable characters and along with that i love that we can fight some of the old bosses like Skull Reaper and Gleam Eyes with a full raid party of 20 players as it gives it that true to the anime feel,True,1732971277,0,0,0.5,0,5092,6263,76561199479125242
1858630,176327825,"In my opinion this is the best sao game ever made,its plays great and the combat is fantastic. even the servers (for me) have been perfect with no lag",True,1728015503,0,0,0.5,0,1784,4157,76561198069793994
1858630,209800197,"pretty good game if your a fan of Sword art online. my only complaints are the outfits having really low drop chances, and lack of content,",True,1763765304,0,0,0.5,0,7547,7701,76561198349397183
1858630,177596512,best game ever🥰,True,1729704493,0,0,0.5,0,2832,11780,76561198906214731
1858630,176439445,"game looked fun, after playing for 20m, I refunded it, the gameplay is so clunky and dumb, the animation in the dialogues is so bad, after looking the menu, I realized this is just a cash grab. This game looks like a mobile game. I dont recommend you to buy this bad quality game.",False,1728154900,1,0,0.441836178302764893,0,20,20,76561198876351691
1858630,176387273,"Snoozefest. Gameplay is super linear. Got boring after 5th main story mission. Not much to the landscape and they expect you to explore these areas to get an S rank for the mission. Also, you think you can run up something or jump onto something, think again. You freeze in place and the game tells you no and it is obviously a tiny step up lol Get it when it's on sale.",False,1728093021,0,0,0.425824165344238281,0,42,42,76561198440215258
1858630,176411278,"GBFR is way better. 

Played for 2h, this is nothing special.
Multiplayer is ok, but not at this price.
Returned, will reconsider it when it’s on a 40%+ sale.",False,1728127131,3,0,0.494646608829498291,0,140,874,76561197963504935
1858630,176635597,"I wish there was a maybe button instead of yes or no. The story mode is nothing compared to the other sao games out there. I'ts a ""mission"" based story compared to the other ones. where this game shines most at is the coop and boss raid modes. though I do not like the loot system in this game. it's first come first serve for the rare loot. another thing that leaves a bad taste in my mouth is that this is a full priced game and it has multi transactions. If this was a free game I wouldn't mind as much because that's sadly the norm in video games, but for a full price game to have a store, battle pass, multiple currencies etc is just a cash grab game. so I can't recommend this game to anyone.",False,1728401335,4,0,0.535903811454772949,0,554,1226,76561198018773155
1858630,176134770,"[h2]สิ่งที่ไม่ชอบ[/h2]
- การขายของในเกม
- ระบบ Battle Pass, Daily/Weekly Quest ถึงแม้จะไม่เสียเงิน แต่มันทำให้ความรู้สึกที่เล่นเหมือนเกมมือถือฟรีทั่วไป วันไหนไม่เข้ามาเล่นมาทำ quest ให้ครบวันนั้นจะรู้สึกขาดทุนหรือเสียผลประโยชน์ เหมือนเป็นการบังคับเล่นทุกวันกรายๆ แทนที่จะอยากเล่นเมื่อไหร่ก็เล่นได้แบบเกมอื่นๆ (ที่ไม่ใช่เกมมือถือ)
- Character Customization ไม่มีอะไรเลย แค่ตีมอน ดรอปของดีขึ้นระดับสูงขึ้นมาใส่เรื่อยๆวนไปทั้งเกม ดูน่าเบื่อไปหน่อย
- ด่านน้อย Content น้อย คือน้อยมากจริงๆจนเหมือนเกมยังไม่เสร็จ
- Mode CO-OP ซึ่งจริงๆควรต้องร่วมมือกัน แต่เกมออกแบบมาลักษณะนี้ แทนที่จะร่วมมือกันกลับเป็นการแย่ง MVP กัน แย่ง Damage อันดับ 1 กัน เพื่อนตายไม่ค่อยมีใครสนใจจะชุบ เพราะกลัวเสียโอกาสทำ Damage ไม่แน่ใจว่าเป็นเพราะการแจ้งเตือนการตายมันมองเห็นยาก หรือเพราะต้องการแย่งทำ Damage กันจริงๆ (ส่วนนี้ควรเอาอย่าง Granblue Fantasy Relink ไม่มีครั้งไหนที่เพื่อนตายแล้วจะไม่ถูกชุบ ทุกคนรีบแย่งกันชุบด้วยซ้ำ เพราะการตายมันส่งผลต่อเกจการตายโดยรวมของ party)
- Balancing แย่มาก Support=DPS, Tank=DPS, Mage=DPS ... คือทุกๆตำแหน่งคือ DPS และที่แย่สุดคือ Yuna แทบจะเป็น Best DPS in the game ทั้งที่เป็น Support แต่มีแต่สกิลโจมตีทั้งเดี่ยวทั้งหมู่ แต่ Rogue ที่ควรจะเป็น DPS จริงๆกลับ DPS ด้อยกว่าตำแหน่งอื่นๆ
- บังคับออนไลน์ ... แน่นอนว่า ""Sword Art Online มันก็ต้องออนไลน์สิ"" หลายคนอาจจะคิดแบบนี้ แต่ภาคก่อนๆหน้าไม่เห็นจะบังคับออนไลน์ ถึงจะบอกว่าออฟไลน์ก็ได้ แค่เล่นด่าน co-op, free roam, raid boss ไม่ได้แค่นั้นเอง.. แต่นั่นคือ content หลักของเกมเลย ไม่มีใครอยากเล่นแค่เนื้อเรื่องหลักซ้ำๆอยู่แล้ว (ส่วนนี้อยากให้ดู Monster Hunter / Granblue Fantasy Relink เป็นตัวอย่าง ที่แม้ว่าไม่ต่อเน็ตก็เล่นได้ทุก content อยาก solo ก็จัดไป หรือจะให้ NPC มาร่วมทีมก็แล้วแต่)
- Mode เนื้อเรื่อง บังคับเล่นตัวละครตามส่วนเรื่องนั้นๆ ไม่สามารถเลือกตัวละครตามที่อยากเล่นได้ (ส่วนนี้เข้าใจว่าอยากให้มันสัมพันธ์กันเนื้่อเรื่องส่วนนั้นๆเลยบังคับเลือกตัวละครมันถึงจะ make sense แต่หลายๆเกมก็ยอมไม่ make sense ส่วนนี้เพื่อทำให้เกมสนุกขึ้น ถ้าเกมแนวเดียวกันก็ Granblue Fantasy Relink ผมไม่เคยต้องฝืนใจเล่นตัวผู้ เล่นตัวที่อยากเล่นได้ตลอดทั้งเรื่อง)
- เนื้อเรื่องทำได้ไม่ดี ไม่อิน มันดูมั่วมากกว่า แต่ภาคนี้น่าจะไม่ได้เน้นที่เนื้อเรื่อง พอเข้าใจได้
- งานภาพ Graphic และ Movement ไม่ได้มีการปรับปรุงจากภาคเดิมๆ
- Mouse Sensitive ปรับยังไงก็เหมือนเดิม น่าจะเป็น Bug ของเกม
- ราคาแพงมาก เทียบเท่าหรือสูงกว่าเกม AAA (ส่วนตัวมองว่าเกมลักษณะนี้ส่วนมากฟรีด้วยซ้ำ แต่เข้าใจได้ว่าเป็นเกมจากเมะ)

[h2]สิ่งที่ชอบ[/h2]
- การ CO-OP 20 คน นับว่าเป็นจุดขายหลักของเกมนี้เลย
- Voice Acting ทำมาได้ตามคาดหวัง
- Costume สวยงาม หลากได้ และเราจะได้เห็นตัวละครแต่ละตัวแลกกันใส่ชุด เช่น น้องเล็นน์ใส่ชุดอาสึนะ


ถึงสิ่งที่แย่ๆจะเยอะ แต่ก็ต้องยอมรับว่ามันเป็นภาคที่ดีที่สุดในซีรี่ย์ SAO แล้ว การที่หลายๆคนจะ positive review นั่นก็เข้าใจได้ แต่หากเทียบกับเกมอื่นๆในแนวเดียวกัน ถือว่าสอบตก

แนะนำว่ารอลดราคาซัก 30-40% ค่อยซื้อ ราคาจะดูเหมาะสมมากที่สุด",False,1727761553,8,1,0.458025246858596802,0,698,3138,76561199091359975
1858630,179132234,"[b][u]tldr: It's an okay game at best, a terrible deal at full price.[/u][/b]

[h2][b] General Controls [/b][/h2]
I will preface that I only played on M&KB. General movement feels pretty clunky, you are animation-locked when doing attacks and can only dodge out of it once every couple of seconds or so. This will likely lead to getting hit more often than not if you're button mashing or a considerable DPS loss if you're playing cautiously which feels bad either way.
There's quite a few bits of random geometry you tend to get caught on in the coop maps which is pretty annoying but can be jumped out of which doesn't make it too big of a deal
Flying characters make traversal pretty good but unless you pick em in multiplayer, you're stuck on ground movement which I am not a fan of.

[h2][b] Combat [/b][/h2]
[h3][u]Animation Lock[/u][/h3]
I fucking hate this shit, when you use skills, you are locked into whatever move the skill entails, a considerable number of them will be carried out while stationary and if the target moves, every attack is gonna miss.
Other attacks have some jank-ass movement direction/attack interaction, [i] cough, cough, LLENN S1 [/i] which will lead to you missing all of your attack along the direction of your path and/or cause you to be out of position and eat some fat damage.

[h3][u]Leveling[/u][/h3]
Locking skills behind levels during multiplayer feels pretty bad. Taking away tools from your already limited skillset and putting it behind a mandatory time-gate every multiplayer match feels more akin to a chore than an enjoyable experience

[h3][u]Enemy boss[/u][/h3]
Call this skill issue or whatever, damn near all of the bosses I have seen so far are huge compared to the player with equal large hitboxes.  Granted, sometimes, you can just stand under a boss and chomp at its ankles until it progresses phases and some attacks are telegraphed well with an indication on the ground.

But some attacks feel like they come out without warning, and if you're playing melee while under the boss, the camera is going to bump against the ceiling and limit visibility pretty badly. This exacerbates the feeling of unfairness despite the telegraphed nature of some attacks.
If you're playing ranged, however, some ranged attacks' only indication is the projectiles that are spawned and homing in on you. As a ranged DPS, you have no block, so you better time your dodge otherwise you're eating 1/3 of your hp to a reaction check. Additionally, some ranged attacks have such a wide range that you can't run out of it in time and have to dodge it, without a clear understanding of when your i-frames are during said dodges, you're gonna get hit for like 1/2 your hp.

[h2]Other stuff I can't be bothered to catagorise[/h2]
[h3]Equipment[/h3]
The equipment system sucks, you can't reroll substats and have to rely on RNG rolling 6 times in your favour in order to get a half-way decent weapon.
But you can still do good damage or have good survivabilitywithout perfect rolls, so I guess that's fine? Don't like it tho.

[h3]Battle Pass[/h3]
I honestly don't much care for this system, I get that the dailies/weeklies/whatever wants you to play different classes for forced variety but each multiplayer match is like 10-20mins and unless I can knock out multiple missions in 1 match, it's really not worth the PITA of picking characters/classes I dislike just for 1/5th of the battlepass bar to go up.

[h3]Story Mode[/h3]
The story is meh, the presentation is meh, the locking of characters behind story completion is a source of great annoyance. I want to play all the characters from the start, it's not like the multiplayer is narratively affected by story progression anyway. (I think?)
There's a bunch of unlockable stuff in each story mission but it's a hidden collectible that's a massive PITA to collect all if you want some cosmetics so you gotta look up a guide to catch em all. Without a flying character, traversal is slow if there's a river in the map and you missed a collectible on the other side before crossing.

[h3] For 80 bucks, this was definitely not worth the price tag. I should've gotten ReFantazio instead [/h3]",False,1731749415,12,2,0.603630900382995605,0,663,663,76561198064720880
1858630,176540017,I know a bunch of people enjoy the game. I however do not. My biggest problem is that the game doesn't feel anywhere close to what an SAO game should be. It feels like they wanted to make a Rouge LIke with extreme Gacha elements. I'd argue that Risk of Rain 2 and even the first one is a more enjoyable in the genre. I want character customization and all the sorts with my SAO game.,False,1728271587,15,4,0.592045068740844727,0,201,201,76561198269197103
1858630,176175222,"The Premium Upgrade isn't worth it, considering the items they offer for such a high price. I believe the base price already supports the company sufficiently.",False,1727810918,3,1,0.491588294506072998,0,86,86,76561198147958911
1858630,176515173,"It literally just came out its been like a day ago and im over here thinking i can do everything in a minimum team but nope they force you in a matchmake thats okay i dont mind i suppose id rather be with friends only or alone,so here we all go running through the map and soome bozo 1 shot the boss that was our rank or lower,i shouldve alt f4 but i stayed and shook my head and as soon as the reward screen came up we all got boosted and our anticheats now detect it,comepletely unplayable cant even new game option no more so its unfixable,every time a matchmake is in session bam anticheat kicks and then we have a large penalty,if anticheat is so strong and powerful how did that ja even get in the lobby in the first place just pisses me off now i got this expensive garbage sitting in my library.",False,1728240224,11,0,0.598219811916351318,0,190,204,76561198816213002
1858630,176387420,"Good game but it has one giant flaw being if the server disconnects you randomly, you can just lose a lot of progress because rewards are only given when you exit a stage or complete the mission. When you get disconnected all the stuff you collected is invalidated and gone.
If this is fixed I will buy it again.",False,1728093237,1,0,0.431645572185516357,0,209,209,76561198063072962
1858630,203794479,I hoping for free roam feature on offline,False,1757252526,3,0,0.496065050363540649,0,152,336,76561198351289870
1858630,177433441,I really wanted to like this game. I haven't played an SAO game in forever. Almost zero content to this game. You blitz through the story to unlock characters. No open world to explore or in depth systems like weapon crafting. You just pay lots of in game currency to craft giant batches of garbage weapons. Then as far as progressing in the game (leveling up to get higher level equipment) you just run the same raid like 100x+ until you reach the rank to unlock the next one. EXTREMELY REPETITIVE. I feel like this game was just a test on the new unreal engine and they threw it out there to see if they could get any money out of it. It basically copies the new granblue fantasy game but does it TERRIBLY.,False,1729461396,2,0,0.52173912525177002,0,595,595,76561198083941234
1858630,176488982,"The combat is way too simple to my liking and the matchmaking will surely be dead in less then a month. save your money unless you are a big SAO fan or have a group of friends to play trough all of it with.

Tho be warned there are very few coop missions and  the exploring mode is really lacking",False,1728217363,7,1,0.551967203617095947,0,53,53,76561197971768331
1858630,186207318,Fun enough. Dead game,False,1737619691,3,0,0.518918931484222412,0,664,664,76561197969156622
1858630,187894617,"straight butt cheeks, Hollow realization is so much better even tho it was made in 2016.",False,1739550463,36,5,0.672302722930908203,0,140,140,76561198875367417
1858630,176367431,"I bought this hoping for something like Granblue Fantasy: Relink... this is not that. Movement and controls feel like a mobile game, not something you'd spend $70 on.",False,1728066988,4,1,0.519037365913391113,0,17,17,76561198061467418
1858630,176142612,"Lame Typical Anime cringe story.
Combat feel downgrade from previous one.
When will they change combat???
Bad ports control and keyboard setting are so messy.
Why Japan UI so bad.
How many click do you need to close the game?
Japan (Bandai) Become greedy with Microtrans+Mediocre game now.

Oh and lastly 12 YO SHITTY FANBOI.",False,1727774651,4,3,0.419419437646865845,0,39,1542,76561198143099197
1858630,192309358,"from first impressions this game isn't that bad, but i don't like the way you go into story quests. 

the only two good sao games are fatal bullet and hollow realization, consider playing these and not buying this game at full price :D

Edit: sao games are mainly for those mega fans that want ""more"", if you are said fan just go for the previously mentioned games above.",False,1744136883,0,0,0.552089929580688477,0,249,249,76561198817041635
1858630,176125776,"Story missions all ""A"" and ""S"" rewards will take around 8 hours to beat. I did skip over reading all the text as it's plagued with it like most SAO games. I only watched the cut-scenes. Game is $113 dollars for the deluxe edition. You are purchasing this game for the multiplayer, so keep that in mind when you are determining if the 8 hour campaign is worth it.

Current Issues:

- Enemy AI - Stands still doesn't aggro, walks in circles, and is really stupid.
- Can't move camera while performing skills
- *foooooka camera (must aim at the sky and cannot see the ground only her booty)
- Forced exploration to find things during the campaign (memory frags, consoles, and memory cubes)
- Beta item transfer bugged and not transferring.
- Graphics look like 2010 ps2 game
- Combat clunky-ness and fluidity - ranged combat feels great, melee combat feels like mhw greatsword fluidity.
- Movement / stuck on random pebbles / trees / grass particles - Think starwars outlaw mount movement. 
- No RPG talent tree or skill tree or any customization besides Weapons / Accessories 
- Each mission you have 4 set skills that start at level 0 and you kill mobs to re-level the skills every mission. This gets really annoying, and it's not like sometimes you are leveling up your different abilities per mission, you will always do the best skill first.
- Invisible barrier at random places during the story (Does not follow the map at all, it will randomly be in a spot and when you look at the map you'll be like wtf)
- Story in campaign is trash - hardly any high quality cutscenes or voice acting. 

TLDR: Feels like the Devs coded this in 4 months. Campaign mode is trash and forced exploration in a dull environment looking around for consoles, memory cubes, and memory fragments. Exploration is good if passion was put into the maps, unfortunately that's not the case here. Movement, and camera movement is clunky. You cannot move the camera when you use skills, Lenn and *foooooka for example have to aim at the sky and cannot see any ground effects. I'm seriously wondering if the devs spent 5 minutes playing this game and how they did not notice any of these 1000 issues. 

So much potential here. Combat loop is decent and addictive. Team mechanics, and raids are a blast.",False,1727747148,4,0,0.400758117437362671,0,302,922,76561198143764584
1858630,176143590,"How is the sales of your other online game going?

=======================================

Hours later, still can’t recommend
Terrible mouse input, seems like I'm forcing an analog stick with the mouse
Last time this issue appeared in MHW, but think about how long ago that game was
The control of the characters is very bad, and it almost doesn’t feel like this is an RPG game with action elements
All melee characters have no forward movement when attacking, so you have to choose your own distance to stand still and attack
Long-range weapon attacks have terrible recoil, and the special effects and damage figures of complete firearms cover the monster's little head, You never cant to see them all the time
Terrible inventory management system, nothing and not need to say about it
Character model accuracy is no different from ten years ago

I don't understand the idiots who give good reviews
You all must take responsibility for the existence of this shit game and eat it forever",False,1727776180,2,0,0.490959197282791138,0,432,4580,76561198114846231
1858630,176419140,"This is disappointing, I want to like it, but it's a step back in my ways from the previous titles. 
Characters all feel incredibly clunky, and attacks feel claustrophic in range. Certain menus were not made with mouse and keyboard in mind, you are forced to press 'enter' at random points through the gameplay loop with no way to rebind it.
There's no move progression for characters. Once you played each one for 4 minutes, you've played all it's ever going to be.
Items are all just stat boosts, short of the 'legendary' items that just add a minor change in effect to how one of your 4 skills work. 
Leveling is extremely repetitive, and multiplayer is very samey and lacking in weight. Hope you like fighting a slog of monsters that don't matter and drop nothing of use, to then beat the same boss who will not do much better.
There's no character creation and there's barely any visual customization. You collect 1 wearable per story mission, multiplayer missions drop only 5 clothing pieces each and they're all 'rare'. The characters can only equip 1 fullbody outfit and 2 head accessories.
The story collectibles only amount to 1 outfit per mission, 1 jpeg of a memory per mission, and 3 needles in a haystack that only give you Col (the game's currency). The jpeg collectible also clipped into a rock and became unobtainable for me twice today. 
There's microtransactions for skins and a grindy battlepass. 
Sincerely, I hope the next title goes back to Fatal Bullet and tries again from that point. It was a game that far better respected your time.",False,1728135532,21,3,0.633966624736785889,0,383,658,76561198018106421
1858630,176133230,"I thought this game would replace GBF Relink, but it didn't. I have mixed feelings about this game. The character models are very stiff, and the facial expressions look like they came from 2010 games . I can’t comment on the story right now because I’ve only played a few hours. The gameplay is hit or miss, the camera is worse. The game is really pricey compared to GBF Relink. If you have mixed feelings, it’s better to wait for a discount.",False,1727758974,3,1,0.460696637630462646,0,169,3181,76561199185901896
1858630,179644008,"this game isn't worth the price I'd say its worth  20$ easy. character movement feels like its sliding enemy AI i awful. ( and simply put more dose not solve that problem ) Combat mechanics are not bad but not really note worthy. Characters don't seam to fit in with world as there textures pop out but not in a good way leaving the world to be extremely boring. I stomached 5 and a half hours of game play to try and finish the game but game play is BORING AF.
 On a Positive note some of the characters having there preferred game gave different play styles but as i said bad AI and not so notable combat mechanics left it to be boring. 
So i leave this for anyone interested in the game",False,1732368481,1,0,0.523809552192687988,0,338,338,76561198855860595
1858630,178416433,i like the game play but it just dont feel like a sword art game. The biggest issue is the matchmaking sometimes instant other times waiting 30mins for a team to start a mission. for what its worth i will recommend the other sword art games over this one!,False,1730766712,3,0,0.550702869892120361,0,647,647,76561199781647404
1858630,203725344,"No custom parties.
Highly limited questionable limitations to offline play.
Everything other than Story mode requires online mode.
Every mode that requires online mode presumably hosted by Bandai Namco on questionable hardware, which seems to be unable to run these servers on any kind of stable TPS.
You will see a ton of rubberbanding, teleporting and inactivity of the AI in for example free roam.
Not to mention you can't really do private coop.",False,1757186142,3,0,0.467985093593597412,0,49,49,76561198095942916
1858630,181925026,"Can't queue up for Co-op quest
Absolute dog water",False,1733366831,0,0,0.483266592025756836,0,465,483,76561198031667833
1858630,176317342,This game is fresh ass. Combat is so stale. I suppose if you like SOA you could get into it but wait until it's on sale or free.,False,1727998481,4,3,0.456677466630935669,0,30,30,76561198166728691
1858630,176317042,"dislike because i hate dynasty warrior type games. I was under the impression that wed get our own people, or that there was more to the online-aspect of the game. Or heck, that it would be more like an open-world rpg not a re-run of content weve already seen from anime like they do with every single one of these dynasty warrior re-re-re-makes.

Combat and artstyle and effects are all fine and nice. But i was really expecting something like EXO-PRIMAL",False,1727997974,1,2,0.359683483839035034,0,19,19,76561198068870533
1858630,176320717,not even worth it,False,1728003954,0,3,0.330528467893600464,0,38,585,76561199126744455
1858630,176347879,this is shit from ass,False,1728047054,4,4,0.419527143239974976,0,16,188,76561198201695722
1858630,176135183,tbh idk why i got this game,False,1727762313,0,0,0.5,0,372,372,76561199214459344
1858630,197314439,"Game is multiplayer only. There aren't many players, so you literally can't play and will be stuck in queues forever.",False,1750004321,6,0,0.580457031726837158,0,686,743,76561198094752392
1858630,205411604,want good story mode with open map. and end up getting quests after them you teleport back,False,1759077008,3,0,0.474636107683181763,0,68,68,76561198985997729
1858630,176125500,"I wish I had better things to say about Sword Art Online: Fractured Daydream, but unfortunately, this is a major disappointment. Let's start with the combat system—it feels clunky and uninspired. There are so many ways it could be improved, yet it seems like DIMPS didn’t put much thought into making the gameplay feel fluid or rewarding. The frustrating part is that the game doesn’t even use a traditional leveling system for characters. Instead, it forces you into a player ranking system, which just feels disconnected. You’re not building up your character through personal progress—it’s more about grinding and increasing your rank as a player. This system not only limits your sense of progression but also ties into the free roam mode, where your player rank determines the quality of the drops you get. The higher your player rank, the better gear and materials you’ll find in the open world and in crafting, which pushes you further into an endless grind for better loot.

On top of that, you have to constantly grind for better equipment, and the game doesn’t make it fun or rewarding. Equipment is the main way to improve your character, so rather than focusing on leveling up or skill-building, you’re stuck chasing gear to make any meaningful progress. The crafting system is equally shallow, forcing you to gather materials from drops that are gated by your player rank. The whole system lacks balance and depth, making the grind feel more like a chore than actual progression.

One of my biggest gripes is the lack of the ability to create a character. Once again, we’re forced to play as Kirito. Seriously, why? Who actually wants to keep playing as him every single time? The absence of a character creation option is a significant miss, especially in an era where player choice is such a major draw in RPGs. It further adds to the feeling of restriction and repetitiveness.

The story mode isn’t much better. You’re sent off on uninspired objectives—exploring the map, doing time-wasting events, or fighting mini-bosses to unlock some cosmetic rewards. The exploration in the story map feels very restrictive, limiting your ability to wander freely and enjoy the world. Additionally, the game features pickups for health, max HP, and attack power boosts. The more you collect these pickups, the higher the percentage increases for those stats, making them more effective. There’s also an RNG system for perks that come from chests dropped around the map, adding another layer of frustration as you might not get the perks you actually want. However, this system feels tacked on and doesn’t add any real depth to the overall experience. Once you finally reach the main boss, it’s a standard battle, and you get some rewards. It feels more like Memory Defrag in 3D, but with none of the enjoyment. To make things worse, you’re forced to slog through story mode to unlock all the playable characters. This whole system would be more suited for a free-to-play mobile game, not a full-priced console or PC title.

Then there’s the freeroam system, which initially sounds interesting because it supports up to 20 players, but the execution is frustrating. The map is divided into different ""regions,"" each locked behind a level gate, meaning you have to work your way through lower-level areas before gaining access to more difficult regions. This setup slows down exploration, making it feel restrictive instead of exciting. You’re constantly grinding to reach the next region, but the division by levels ruins the flow of the game, especially when you just want to explore freely with other players.

Speaking of the online mode, it’s even more chaotic and poorly designed. Every time you enter an online session, your character is reset to level 1, regardless of how much progress you’ve made in other modes. This destroys any feeling of progression you may have had, forcing you to constantly start from scratch. To make matters worse, nearly everything in the online mode is shared among players—whether it’s resources, enemies, or objectives—except for equipment perks and loot drops. So, while you’re working as a team, you’re still stuck in a race to secure the best gear, creating tension and frustration. Imagine running the same mission repeatedly, finally getting that one piece of gear to drop, only for another player to grab it before you can. Why would they design it like this?

There is, however, a somewhat interesting system where the more you use a specific character, the better they get. You can unlock passives tied to that character, which can then be applied to others. While this idea has potential, it still doesn’t fix the core issues with progression or make the grind feel any more enjoyable.

And don’t get me started on the unnecessary penalty system. You’re penalized if you quit an online session before it ends. Sure, it’s meant to prevent ruining the experience for others, but what if your internet cuts out? Or you have a sudden power outage? Or, worse yet, the game crashes? The penalties get more severe the more this happens, and it feels completely unfair, especially when the circumstances are out of your control.

Oh, and did I mention the battle pass and microtransactions? Yes, this game already has those, adding insult to injury. There are daily and weekly missions tied to the battle pass, pushing players to grind even more for rewards, which only adds to the overall sense of frustration. While the transactions are only for cosmetic items, it still feels like a blatant cash grab after you’ve already spent your hard-earned money on a subpar game. It’s as if they’re saying the initial purchase wasn’t enough.

TL;DR: Sword Art Online: Fractured Daydream suffers from a clunky combat system, a frustrating player rank instead of traditional leveling, a lack of character creation, and a restrictive story mode. The freeroam mode, despite supporting 20 players, feels linear due to level-locked regions. Online play resets characters to level 1 each time, and the grind for equipment and loot drops is tedious. An RNG system for perks adds further frustration, while a cash grab mentality with cosmetic microtransactions and a battle pass leaves players feeling exploited. Overall, the game feels like a disappointing cash-in on the franchise.",False,1727746722,9,6,0.437629878520965576,0,89,1066,76561198289910434
1858630,177246995,"30 min was all i could do. Fan of the IP and litRPGs in general, but this was too stiff and janky. Returning this. Maybe I'll try again if it goes f2p, but probably not.",False,1729220909,1,0,0.469624489545822144,0,29,29,76561198032609806
1858630,176403459,why i cant even play this game.always say failed to load save data,False,1728117473,0,0,0.451877951622009277,1,21,54,76561198197067282
1858630,176725245,save your money and go play hollow realization,False,1728517568,5,0,0.421555459499359131,0,96,96,76561198139770915
1858630,176620730,"First off, the positive reviews are SAO fans saying that this is good for a SAO game. When they say it's good for a SAO game, it means that they have just accepted that the major flaws that makes this game unpleasant to play is just the nature of a SAO game, and they've all just become numb to it and lowered their expectations in order to enjoy it. To non-SAO players this game is extremely unpleasant to play. If you are a SAO fan that hasnt avidly played past games, this game will be anger inducing.

The targeting system is as bad as Lost Song which makes it unplayable. The game will have enemies surrounding you from on screen and off screen. The problem is that when you kill the targeted enemy it will not automatically lock onto the enemy off screen like every other game out there. Sometimes the targeting system wont work at all like it should. The targeting system in game says that it will automatically switch to the next enemy, which in most cases it wont. The camera will not reposition itself when targeting.

The camera is terrible too and makes it frustrating trying to fight hoards of enemies without getting blind sided and hit. I put the camera sensitivity up high and it didn't improve anything.

Combat isnt great. For some reason you kind of lock up randomly when you're attacking and trying to move. Which leads to you swiping at the air and unable to stop to chase an enemy when they jump away. A lot of time you're going to be standing still, unable to move, and swiping at the air for a second while the enemy jumped away and it hitting you. Combat should always be fluid no matter what.

You can dash/dodge, which is great, but it's clunky. There is a one second pause after dashing/dodging that breaks the flow of battle. This is frustrating when trying to chase after enemies and dodging attacks. Dashing and dodging should always flow into combat and vise versa without pause. Imagine if Elden Ring had a one second pause between dodges and attacks, or attacks and dodges. Oh, and they added a dodge system to dodge attacks, but it doesnt work. Even when you press the button to dodge before the enemy is going to hit you. 70% of the time you will still get hit.

The flow of combat in this game is the second worst I've played in a video game. The first being Lost Song. It's so strange because the Gun Gale Online game's combat, targeting, and camera were great. Im baffled as to why the failed at implementing the most basic gameplay elements.

Everything in this game is chunky, the animations are stiff and low qaulity, the characters look lifeless, and the overall qaulity and feel of the game reminds me of PSP games, and low budget late PS3 to early PS4 era games. Capcom did not fund this game well and it shows. This is unacceptable for a $60 game in 2024.",False,1728383388,71,8,0.683326482772827148,0,101,101,76561198060413189
1858630,182679641,"Ran terrible on a gtx 3090. The combat is boring, the item systems are awful, the mass amounts of tutorials thrown at you at once is annoying. Do yourself a favor.... Just don't",False,1734130066,1,4,0.448008805513381958,0,17,17,76561198010543154
1858630,176119284,step in the wrong direction this feels like a bad arcade hack and slash,False,1727736954,3,3,0.331292867660522461,0,24,24,76561198166226501
1858630,176202951,"This game had hopes and dreams of being a fun new SAO game, I was wrong....

Clunky, and just downright feels bad to play. Hard to even put it in to words, but seems like the game will only care about money in the end.",False,1727852256,2,0,0.444357573986053467,0,32,32,76561198880669012
1858630,201062306,"listen don't get this game. like seriously don't. it's a good game and i mean GOOD. i don't think i've seen an sao game captivate me with it's game play since like...  hollow realisation. 

but here's the thing... it's online only. this PAID GAME cannot be played without an internet connection even IN single player. not only that they treat this as a ftp game. there's micro transactions besides from it's dlc AND i'm pretty sure theres like a battle pass system. i dunno i haven't played much to check that one

you wanna know why i didn't play enough to check it? well that's a good question... IT COMMUNICATION ERRORED ME. i was playing through the single player campaign, i watched the opening and boom. i legit just gave up after that. this game is fun and what sao should be in terms of gameplay. i've always held that opinion for hollow realisation. and hollow fragment even if it's outdated. the fairy games could have been way better and ggo... well i guess i can't hold that against them it's adapting a shooter. the Alicization games could have been better too and started the whole ""transactions in a paid game"" thing for sao. 

but this is scummy like WAY. and they probably wont ever make it single player when the game dies. don't waste ur money and just buy hollow realisation. that really was the last sao game that to me was good. it's peak sao and if any of u wanna fight in the arena i'll be happy to",False,1753876866,16,0,0.553122520446777344,0,30,30,76561198981013638
1858630,176257276,"If you like the other SAO games and Granblue Fantasy Re:Link, you'll enjoy this game and I would highly recommend this game to you.

Story mode is a big trial of all characters - characters you'll unlock after completing each level. Then, use these characters in co-op. Co-op is (imo) the main part of the game and the most fun offered. You'll complete missions in massive groups split into squads of your favourite SAO characters across several arcs.

The price is the absolute worst thing about this game. This game is NOT worth what you pay for.
(A$ 84.95 Standard)
(A$ 122.95 Deluxe)
(A$ 144.95 Premium)",False,1727921931,0,0,0.515503883361816406,0,105,1120,76561198034428434
1858630,176120220,"Game keeps crashing during tutorial mission with ""Fatal Error"" - Discord server has no English support for tech issues.",False,1727738497,3,3,0.404617220163345337,3,36,36,76561199492209258
1858630,176422397,"its boring , same mini quests each time fights are pretty pointless except  what you need to clear the mission",False,1728138540,5,1,0.509257674217224121,0,512,512,76561198095823901
1858630,199591428,"I refunded the game after completing few story quest and trying out the exploration. I would say it has potential but with the consistent DC from the lobby and long queue for multiplayer, I would say its a hard pass. Also they have cash shop for cosmetics which I believe its just waste of money to invest in when there isn't any solid player base. 

If this is just a free to play game or at least sell 20 USD, I would reconsider and playing it longer.",False,1752295271,10,0,0.54926764965057373,0,119,119,76561198837159481
1858630,188595132,Apparently even just making a hub world is too much effort now.,False,1740329151,11,0,0.562797307968139648,0,39,39,76561198011032344
1858630,176196186,"I was excited for this game for a long time and was gifted the game to play with a friend. But in reality, the game feels stale and I thought that there would be more depth into the gameplay and abilities like in SAOHF or SAOAL. In the end it doesn't matter because the game crashes from time to time and steam won't give my friend a refund for the game even during early access.",False,1727840823,20,20,0.464791834354400635,0,235,235,76561199506260597
1858630,176566484,"I see so many good reviews about the game but the truth is..
GGO was and is still the best SAO game they released.

Sadly people encourage dev's and Publisher with all those good reviews so yeah.. own fault that SAO still looks like a ps2 game for 59,99€ and include ingame transactions.

This game itself feel like Pso2 CLASSIC, also the older version who isn't a bad game but this one does everything worse.
- Invisible walls everywhere and you only see them when you touch them.. annoying asf.
- Cheap content to make you collect items in every map (Story)
- EU server is almost death (4/20 players most of the time), switching to NA and everything is fine.
- Server crash ?
- Attacks and input are bound to your characters animation, also no skip.
- Combat system feels like a phone game with 3 skills 1 ult and 1 unique ability.
- Micro transactions for skins who gives you a exclusive ''skill'' ...
- Controller touch binding doesnt exist, you can only chose btwn a pre build, A-B-C.
- Character Roles ? dunno if someone already noticed but DeathGun/Shino do more damage with their sword/knife than normal close-combat chars lol
- Some skills are just more than useless, Admin's Ult is a joke.. where the big robot spawn and miss every hit
- in FreeRoam if you play a gunner you can kill bosses from last zone just by holding the right distance, they will just stay in one place and you can finish them slowly, also AI is really really bad.

I think i cut it here, enough.

If you still wanna give it a try, take it on STEAM ( dont take a key ! ) so you can refund it after 2h, it will be enough to shatter your hopes.",False,1728310737,19,1,0.649672746658325195,0,356,1234,76561198813414432
1858630,196855773,"Got baited by group of friends to get this. Went in blind thinking that it might be as fun as Fatal Bullet back in 2017. Boy was I wrong.

Just get GranBlue Fantasy Relink instead.",False,1749530583,10,1,0.543668568134307861,3,637,637,76561198142024070
1858630,178675536,"Wow.... This is the most boring Sword Art game I have played.  The series went from cool exploring vertical world to explore, to pretty large open world games. Then senior closed but like 80 playable characters,  what was a downside to this.....

Every mission map same objectives. Your party members dont keep up with you, lag, combat feels sluggish. Game is just not fun, or relaxing, vs older titles. I don't think I will preorder a SAO game again.

Lets hope Ys X has a better combat, story then this trash.",False,1731148491,2,0,0.411915749311447144,0,362,1196,76561198052292988
1858630,176431575,"Not recommend for who looking for solo/offline game. This game focusing on multiplayer/online and lack of offline content. 
With no internet connection you can just play story mode.",False,1728147018,9,3,0.490062415599822998,0,624,852,76561198046305932
1858630,176430299,"Honestly, I loved the Anime.  I really wanted to like this game,  but after playing for 1 hour, my impressions where the following: 

1. Cheap game design, akin to a phone game or something that belongs on the switch. 
2. Game mechanics are very disconnected and don't take in consideration the PC in some parts, and a controller in other parts. 
3.  The fighting mechanics are clunky and the camera work is dizzying and falls short of any resemblance of polished game design.  

Conclusion: DO NOT PAY 60 dollars unless you just wanna try it on steam and refund, this game is worth 25 dollars at max.",False,1728145784,5,1,0.542989253997802734,1,44,44,76561198001822125
1858630,176539052,"Game is fun, and I will continue to play it, but the way boss drops work is abysmal in the online-coop",False,1728270135,1,0,0.508074939250946045,0,301,6096,76561198119178806
1858630,194625305,"Bought this game at launch and refunded it.

Control scheme is terrible, K&M controls are inconsistent across characters and controller button functions can't be re-mapped.  That alone was enough for me to give up.",False,1746899757,12,5,0.625174880027770996,0,86,86,76561198095924552
1858630,200630128,"Horrible game, i wouldnt buy it on sale. Stay away, waste of 90+ CAD",False,1753405303,2,1,0.510076403617858887,0,393,393,76561198204111485
1858630,176868874,Disappointing,False,1728707616,0,0,0.454545468091964722,0,50,50,76561198178749651
1858630,190212038,"Don't even bother with this game. The game has confusing settings, such as HOW MUCH GRASS DO YOU WANT IN THE GAME LEVEL, that acts as if it's a trigger... but only has Low, Medium, and High as options. Not to mention that looking into the distance in levels lags the game to the point where you basically lose the ability to look in that direction.",False,1741998928,8,5,0.424815744161605835,0,225,225,76561198068788676
1858630,176782223,"I bought this game thinking it would be similar to previous installments of this title however, that is not the case. I should of done my research beforehand. So if you like the RPG feel the previous games had i recommend skipping this one. 

I am compairing this to previous games of this title...

This I do not like

You do not actually have a character ""level"" as much as a rank that gets you bonuses the higher rank the character is.

You can not change any of the skills a character has other than passive(2 of them). The passives are only the main passive for each character that unlocks for use for all characters at rank 30 with that character.

Not open world. Has a free roam neat but mostly its accepting missions from the lobby. Not really a downside but here for information for those who care.

But if you are not looking to play a game like the previous installments of this title then maybe it is something to look into check out those positive reviews! 

Overall the game is not bad if you are into that type of game. Has a few interesting mechanics that are fun but for me the skills not being able to be change really gets me. Playing my favorite characters just it get stuck with skills that are just meh.",False,1728596358,6,0,0.56081080436706543,0,550,5085,76561198034707559
1858630,176119014,"Felt like playing some unfinished game demo, sloppy controls and horrible fighting mechanics. Player models look straight out of a 2010 low poly model, imagine ulting and looking at the player's face and seeing a flat smile with no emotion...

It also has a store inside the game... after you pay that amount to buy the game you still have to pay.

0/10 do not recommend, dont buy, bought then refund, stop this BANDAI slop",False,1727736537,9,8,0.345562726259231567,1,21,21,76561198981182061
1858630,179025003,"Short review after 11h game good, history good, combat good, progress slow. THE ONLINE OPTION IS POOR, there is like no one playing the co-op version so it takes like 10 mins or more to find people online and thats like the 70% of the game if you want some achievements or progress. I would recommend you to hold till the game gets some discount or the add some more offline options to play with bots.

If you like Granblue saga this game is for you i only put the negative review cause of the lack player base for the online option.",False,1731621436,1,0,0.500704348087310791,0,668,668,76561198026464519
1858630,176434543,"refunded, as much as i love sao so much, this game just isn't worth $50 as it is. the game play feels clunky. story seems interesting though. id wait for a sale.",False,1728149981,9,3,0.511241793632507324,0,30,30,76561198997944058
1858630,176558140,"I had a written a review, but somehow the window closed and completely erased. So ill just list things out.

I will state that I never watched nor played, nor have dealt with anything Sword Art Online related. This is my first and possibly my last. 


1. The campaign is not bad, but whoever decided to have a player run around looking for hidden unlockables was clearly wishing they made spyro the dragon or sonic the hedge hog.

2. The combat could be better but its not. Its a tease between dynasty warriors and some generic mobile game hack and slash. With enough practice it can be enjoyable trying to achieve a never ending combo.

3. The game's critical design element is the 20 player co-op experience but again.... remember that guy I mentioned who wished he made Spyro or Sonic? Well, he brought that mentality into the 20 player co-op, making it a sonic dash to the objective where ignoring all enemies is perfectly fine without penalty.  Good Job Sonic the Hedge Hog Man-- You've done it. 

4. I do get a good feeling that this game is great for those who watched the anime. Having 20 characters to choose from will definitely win the hearts of those who have been dying to control their favorite.

5. 20 player co-op contains objectives but NO ONE will perform the objective that does not require killing. If you expect to accomplish the objective by holding down the interact button...DO NOT EXPECT ANYONE TO DO IT!!!!!!!!!!  NO ONE WILL!!!! TRUST ME! Instead they would rather defend you and kill as much as possible why?  HERE IS WHY!!!!!  BECAUSE YOU GET MVP for BEING THE TOP DAMAGE DEALER!!!!!!!!  YOU READ THAT CORRECTLY---- DAMAGE DEALER, MVP within a hold this interact button to win.    YOU'VE DONE IT SONIC THE HEDGE HOG DESIGNER -- You really made it work! You got Sonic running around, and you got Tails holding the button.... but TAILS is never MVP because Knuckles is killing everyone and sonic just keeps on RUNNING!

6. Free Roam... yea okay.. The sonic designer man strikes yet again.  The Free ROAM.... hahah THE FREE ROAM........ yo the FREE ROAM HAS 5 ENEMIES PER MILE!!!!!!!!!! Yup. YOU RUN and RUN and RUN just to find 1  monster.  You are Sonic the hedge hog basically. 

7. ""Good Job Sonic the Hedge Hog Man-- You've done it."" x infinity.

8. Do i like this game?  Sometimes. I'll be honest, this game would go up a few more ratings if there was a fan service. Kinda strange how more than half the cast of characters are female, and more than 90% of unlocks are female only cosmetics. Good job sonic man, you really tried to make a female sonic. 

9. I'll continue to play this game just because I do believe this game is going to evolve. With how vast and empty the world is, there has to be a real Catch. Perhaps its Fortnite inspired seasons with a meteorite about to crash into the map that took ages to arrive. Maybe some unknown Dr. Strange character is going to introduce the multiverse in some manner; I really dont know.  Its just SOOOOO EMPTY right now!!!!!!! But why?!  Please tell us Sonic the hedge hog man! 

10. ""Good Job Sonic the Hedge Hog Man-- You've done it."" x infinity + 1 more.",False,1728300498,6,10,0.529816627502441406,1,480,5619,76561198012396338
1858630,178114757,"I don't like it at all, biggest 90 euro waste i've ever spend, i am never buying sword art games again",False,1730400218,2,1,0.494931429624557495,0,46,1021,76561199109492215
1858630,176423286,If you like live service games because this is basically what it is. I really wanted to like it and I have bought all but the last entry of SAO games.,False,1728139359,5,0,0.48795783519744873,0,198,198,76561198932997597
1858630,176126424,"This is by far the worse sword art online game I played so far the gameplay feel very water down compared to the older sword art online games. This game is mainly online so if you try to play offline the game locks you out quite a few number of features. Your better off saving your money for ""granblue fantasy relink"" or any other sword art online game. The game fails to disclose that there a in-game store as there no mention of it or a screenshot of it. overall a 3/10 for a very empty sandbox your better off play pso2 ngs it's similar but free.",False,1727748141,5,5,0.390096843242645264,1,169,169,76561199242204627
1858630,176430294,"Repetitive and clunky combat (for Kirito at least), feels like a drawn out tutorial, live service, micro-transactions in a game your own (Sometimes disguised as DLC), shitty animations that cluster fuck your screen, no real progression other than buying character with IRL money and that's not progression.",False,1728145779,9,3,0.499050527811050415,1,21,21,76561198849539010
1858630,176128675,"Typical anime IP cash grab. Very low quality for its price point of $85 for base game + 1st wave of DLC. Granblue Fantasy Relink is $40 with 2 cheap character DLCs and everything is drastically higher quality.

Combat in SAOFD is... ok, generic hack and slash gameplay; however, movement is EXTREMELY clunky with delays between dash, guard, jump, etc. Feels horrible to move around. When changing from moving north to northeast/east there is no turn, the character model just instantly changes position, and there's a lack of physics in general. While the battlepass doesn't have a paid variant, it is still limited time content in a game where you have to pay at least $60 to get a <$20 quality game. Every second I spent playing SAOFD reminded me of how inferior everything is compared to GBF Relink.

It's a shame how the SAO IP is continuously wasted on games that play as if the year is 2010. Low quality character models, low effort physics and movement systems, generic gameplay, limited time content... what's there to like? I had low expectations but still, it's all so... disappointing. Do not buy. There are thousands of games that are worth the money spent and this is absolutely not one of them. I genuinely feel sorry for SAO fans if this is what you have to be excited for.",False,1727751476,44,12,0.525676846504211426,0,35,35,76561199069923997
1858630,176364493,"The combat feels bad. The game feels more like a modern phone game. Maybe the story can be interesting but I don't think it worth the full price. If you are looking for something similar I highly recommend GBF relink instead.

I want to say maybe wait until there is a discount, but at that point you may not find any players online. . .

If you are a SAO fan then maybe you will like it, just like how people like playing pokemon even the gameplay never improved much.",False,1728063828,10,0,0.512505173683166504,0,28,28,76561198034024790
1858630,178843800,"I got 31 minutes into the game...and I already want a refund. Fighting with Kirito feels clunky, slow, and heavy, which just shouldn't be possible with a character that's built with a speedy dual-sword combat-style. How do you mess up so badly that Kirito feels slow???

And apparently there's no overworld, just a menu?

I was hoping this might be a worthy successor to Fatal Bullet....it is not.",False,1731353805,3,1,0.514482736587524414,0,31,31,76561198069379581
1858630,177677799,"Picked up this game blind and boy was that a mistake.
The screenshots look fancy. The video adverts look fancy too.
When ya play it though, it is just... a hub-based mission-after-mission game.
It does not feel like an MMO, it feels like a mobile game.
The game came out 3 weeks prior to this review (according to steam), and its already on v1.1.0 with DLC episodes and gacha up the wazoo.

The last SAO game I played was Hollow Realization (alicization doesn't count).
You play Kirito, and do Kirito things I guess, except there is no real skill tree or anything.
The first few hours you just go to the same one or two maps, listen to dialogue, kill some monsters, listen to more dialogue, and then rinse and repeat for the next mission... and the next mission... and the next mission.

The game explicitly tells you ""you should probably do all the main story before multiplayer"", and as you can see I only spent 4 hours on the game before I realized I was just playing a glorified mobile game- gacha and in-game-purchases included.

The game talks about crafting and stuff, but its really just more gacha- with a daily limit.

I saw in other reviews that people enjoyed the combat, but honestly it felt rather clumsy to me.
I played on a controller, and it was... okay?
When characters only have basically ""attack"", ""heavy attack"", and ""skill 1/2/3"" and ""super skill"", its just... repetitive.
The flying was just clunky, nevermind ""flying combat"" lmao.

I'm grasping at straws to talk about anything positive in this game.
I guess it looked nice?
The story could've been interesting, but is dumped hard on by the glaring gameplay flaws otherwise.

If you want to risk buying it, do make sure you watch actual gameplay videos or streams or something to make sure its your cup of tea, because I wish I would've done it ahead of time as I would've never bought it in the first place.

Take my opinion for what its worth, but this was my first steam refund request in over a decade.",False,1729820737,7,1,0.541112184524536133,0,239,239,76561198050323358
1858630,176460569,"Camera feels slow and clunky, looks and feels like a decade old game. maybe like $20 but $60 is a scam.",False,1728181892,4,0,0.507114768028259277,0,55,55,76561198085266103
1858630,176485929,"Do not recomend, it is practically a gacha game. nothing like the previous sao games.",False,1728214402,1,1,0.413860201835632324,5,49,49,76561199044363263
1858630,189869717,"Game is trash. if you want a decent MMO SAO game go play fatal bullet although that's died off with age.

would not recommend even if its on sale wish i could refund it to buy something worth playing",False,1741613225,62,5,0.737991750240325928,0,642,642,76561199063355097
1858630,176152691,Very nice game! I played it for an hour!! Best hour in my entire life!! would recommend everyone to play for an hour!!,False,1727788829,1,5,0.412755638360977173,0,61,61,76561198129473811
1858630,176698011,"This could be a good SAO game even with its flaws but sadly I can't recommend it at the moment as there are some issues with it 

-first of all, the story should be playable entirely offline, I know you can play it in offline mode (you have to go into the game entirely offline) but that does not solve the problem im going to say. 
the problem is if your network disconnects split second and you lose connection to Steam for a moment, your progress is completely lost even in the story mode. 30 minutes of searching a map for collectibles and killing everything to get S rank are all gone by disconnecting from Steam.

I get that players should not disconnect from online matches, but they should let you keep everything you gathered in the story or free-roam. you have no idea how much of my time was wasted because of this. imagine playing for 50 mins and collecting all sorts of things In free-roam and then disconnecting from servers, you get nothing and that sucks, they should fix that.

-as for the game itself
definitely not worth the price tag, but it's a good SAO game even with its clunkiness in combat and movement
 get it if you're a SAO fan and can handle losing your progress here and there.",False,1728484362,21,1,0.616510629653930664,3,689,689,76561198315680994
1858630,176352754,im a huge fan of the anime but ultimately i thought the gameplay was too boring for me,False,1728052044,10,1,0.554847061634063721,0,63,63,76561197994177100
1858630,188691635,this game is already dead dont buy at full price,False,1740441414,19,0,0.637748658657073975,0,397,397,76561198045112271
1858630,176928713,game can feel repetitive,False,1728773882,5,0,0.551386654376983643,0,214,303,76561198043708827
1858630,176370279,"No challenge, you could let the bots do all the fighting and still win
Launch day still cant even fill a lobby 20/20
Useless game mode free roam, that you can beat the hardest enemies with beginner gear, to further spread the non existent player base up
Battle pass that is currently free but fully expect to see be charged after this first one
A shop for cosmetics in a $60 game
All characters have set skills so cant even customize the way they play
Support heals are worthless and would be better replaced with damage
Non-support heals are better then support heals
100 day limit on crafting weapons which tells me they plan to sell gold for $ in the future
Some jank although not bad, some characters worse then others because of it though
Bought it because I oddly like sao but am not stupid and know this will fail, if you are not getting it day 1 then check the steam database and look if the player numbers actually stay above 2k. If they cant its done for so dont bother getting it. For those who do buy it day 1, expect the game to die in a week since there is no challenge to the fights.",False,1728070202,5,0,0.540665209293365479,0,116,3175,76561198072939291
1858630,177493726,"Please make a Fatal Bullet Sequel, not this live-service MOBA-esque bs. Thanks!",False,1729554016,4,3,0.387163698673248291,0,40,40,76561198241999548
1858630,178292185,"𝙏𝙝𝙚𝙧𝙚 𝙞𝙨 𝙣𝙤 𝙀𝙖𝙨𝙩𝙚𝙧 𝘽𝙪𝙣𝙣𝙮, 𝙩𝙝𝙚𝙧𝙚 𝙞𝙨 𝙣𝙤 𝙏𝙤𝙤𝙩𝙝 𝙁𝙖𝙞𝙧𝙮, 𝙖𝙣𝙙 𝙩𝙝𝙚𝙧𝙚 𝙞𝙨 𝙣𝙤 𝙎𝙬𝙤𝙧𝙙 𝘼𝙧𝙩 𝙊𝙣𝙡𝙞𝙣𝙚: 𝙁𝙖𝙩𝙖𝙡 𝘽𝙪𝙡𝙡𝙚𝙩 2

Jokes aside... it's fun at first, then becomes super repetitive",False,1730612880,4,1,0.481643646955490112,0,11,1936,76561198853086529
1858630,179494450,"Game is fun, i enjoy the mechanics but it feels dead, i cant get a lobby for coop to try out the mode and ive been stuck soloing free roam or doing story. i wish steam would let you do a inbetween rating cuz i feel like the game would be super fun if i can get lobbies.",False,1732187727,1,0,0.476190477609634399,0,289,497,76561198280411130
1858630,176479822,"I'll keep this review brief, to match the effort by Dimps.

Pros first:
- Visually one of the best looking SAO games.
- Well optimized, runs great on my aging PC.
- The characters look great and are decently animated.
- Same studio that made SAO Fatal Bullet.
- Each character feels unique.
- Some of the story interactions are amusing.

Now cons:
- No custom character, a huge disappointment coming from Dimps.
- The cosmetics drop rate is abysmal, I haven't gotten anything outside of story content.
- The battle pass, while free, is horrid and should not exist.
- Story is entirely skippable, only exists for acquiring minor cosmetics and characters to use in co-op.
- Live service structure with a heavy focus on selling lackluster cosmetic bundles.
- Many skills do not target correctly and will completely miss, especially bad with large AoE skills.
- You can apparently fail to acquire rare loot. I've had items just nope out of my loot list.

I'm trying to enjoy this game, but Dimps has gone out of their way to limit the fun.",False,1728207616,2,0,0.490161001682281494,0,259,939,76561198025401144
1858630,176124062,"I had minimal expectations, but the game decided to disappoint me anyways. If you like SAO, maybe the game's for you. If you wanted to have a decent action RPG, try Granblue Relink instead.",False,1727744486,12,8,0.413552552461624146,0,35,35,76561198036263187
1858630,180895373,"While I love having a new SAO game to enjoy, playing with others was something I didn't get to enjoy. I cleared the story to get all the way to unlock Raid Battles and never got a chance to experience any. The story feels like a weird mixed bag. Especially as it throws everyones unique stories in to it. It's feels like GGO x ALO. The Administrator feels out of place as someone that likes Kirito. And having Sterben as an ally, what? Gearing feels like it needs a refresher, the pool is really big and all over the place. Relies heavy on infusing and getting the right sub-stats placed.

Combat is, sigh. It's not rewarding. With the camera angles being wonky it makes it more difficult to utilize the lock on system. Guarding doesn't always work like you wish it would. The abilities are either OP or not. Very dependent. Enemies can just stand there and knock you while you're using one and not take hit frames. Weakspots are confusing. Elemental damage is a lot to remember as it varies per creature and there is plenty. Attempting to combo mix between Light/Heavy is stressful. 

I don't think I can really do justice reviewing this like others do. But it needs an overhaul. Better advertisement.",False,1732918558,0,0,0.5,0,680,680,76561198112741514
1858630,202996748,"скучная игра
вдобавок графика не очень короче не советую",False,1756316343,0,0,0.447154492139816284,0,56,56,76561198969348132
1858630,176373083,"Stripping some of our favourite characters from the base roster in a bid to sell them back to us in a hefty priced DLC is not a move anyone should appreciate, and it speaks loudly of your greed.
If you're already going to make the price tag of the base game the same as the game you're trying to ride on the success of, then you can at least learn from Cygames at the same time as mimicking them.

I appreciate that this game is for SAO fans, and the dev team clearly enjoys SAO themselves, or at least cared enough to study it. But of course Bandai had to stick their grubby, fat thumbs into the pie.

If you can resist, don't buy this until it goes on a HEFTY sale in a month or two when the player count drops off a cliff. Mark my words.",False,1728073262,10,0,0.584298074245452881,0,30,1147,76561198121434816
1858630,177302264,this game is setup as a multiplayer co-op game with battle pass only working if playing co-op.... however you cant play co-op in the campaign and you need 20 players to play the real co-op modes which are horrible what is so hard about making the campaign co-op?! you almost always have at least 2 characters so at least 2 players co-op or even better 4 players.... done with the campaign now and dont really see any reason to use too much more of my time on it since there is no good co-op (bought the game to my mate and found out how terrible it is),False,1729299296,1,0,0.478398323059082031,0,598,700,76561198040552583
1858630,176611825,yes,False,1728368072,0,0,0.5,0,647,1869,76561199103757488
1858630,176246148,"I've played the beta test a bit and played this for 9 hours, but let me tell you... This game isn't great. Sure, there's tons of reviews saying it's great... for a SAO game. Which is teh problem. This broken mess of a game is the BEST that this huge af studio (Bandia Namco) can muster for such a big IP? Clipping into the geometry mercilessly with every character, dailies dont' even count half the time for progression (YES I played on Co-op/multiplayer...), an in-game cash shop for such a huge lucrative IP is actually cancerous on top. 

I wanted to love this game, I had the same thought too, I thought ""Man, for an SAO game this plays close to Granblue Fantasy Relink! Surely this is it!""

It is not. It's not fun as you're just rushing to beat a boss really quickly, exploring is frowned upon, you must grind for everything.

Buy it on sale. Even then... Game will probably be beyond dead by that point. Long queue times only to be met with bots.",False,1727905153,15,9,0.458131909370422363,0,571,571,76561198044187681
1858630,176153797,"edit* How did this game go up in price?

Game is okay. more of a neutral negative.

camera angles are trash, locking the way they are is really bad, especially when you lock on to an enemy and all of a sudden you cant see anything because your cant change camera view(really dumb against large enemies)

The DPI and mouse settings barely do anything, I had to increase my dpi to 3 times the speed and max it out in game while putting cursor speed to 1, just to swivel at a correct speed, that and the close/mid/far zooms feel like a centimetre of difference if that. lets just say this feels like a mobile port when it comes to camera or anything related.

the good, its nice to just go in and grind, i like the fights, some of the combat is annoying but you get used to it and get better at it, which is the point, i dont want it handed to me. i enjoy the levelling, i like the loot system and MNK settings are good enough compared to previous titles.

but the bad outweigh the good enough to make this a negative review, its more increase to Kiritos harem, more females, quick money making cash grab with cosmetics and any you worked hard to earn in beta dont carry across making them pointless.game is purely online, it has a battlepass, it targets fomo. and cosmetics are like 13-20AUD each, for an already highly priced game.

until dpi and camera fixes are made, this will stay negative, if people want to pay for cosmetics they can, but camera angles i cant choose to not have them be trash.",False,1727790040,1,0,0.504276871681213379,4,616,616,76561198082919079
1858630,176447175,mouse controls are actually the worst I've come across to date,False,1728163109,0,2,0.468523293733596802,0,18,18,76561198086394926
1858630,176788710,No character nor skill customization.  Do not buy this game.,False,1728605509,5,2,0.479397058486938477,0,314,408,76561198024492256
1858630,176119693,"$127 CAD buy to play game with DLC, Season Pass, always online live service with limited daily restrictions like a mobile game, battle pass, cash shop currency AND rotating gacha banners. 

This is all you need to know.",False,1727737626,28,3,0.448685944080352783,11,31,31,76561198091378337
1858630,192400027,"I'll be honest I kinda wish I could refund this game, but I bought a ultimate edition key instead of going through steam. The gameplay is okay at best, very clunky feeling. There's so much exposition and I get that they made it so people who arent completely familiar with the SAO series & sequels can follow along, but my god the amount of time spent talking in cutscenes is absurd. Couldnt be bothered to follow along with the story. The multiplayer is where all the clunkiness come from. Thought you got the final hit? Nah some other joker did. Tried to get the loot drops? Someone else picked a faster character than you and grabbed it first. 
Overall this is like a $30 or $40 game, not $60, and definitely not the $100 for the premium edition.",False,1744246983,2,0,0.496240615844726562,0,438,438,76561197998047355
1858630,194960249,game its self is really good but there is no one playing it dont get this game unless you want to play the story and thats it,False,1747333023,12,0,0.573101460933685303,0,3030,3051,76561198985869930
1858630,176977582,"I really wanted to enjoy this game, but unfortunately, it falls far below expectations, especially given the price point. Here's why:

Poor Quality: The graphics, gameplay mechanics, and overall polish feel outdated or incomplete. For the price they're asking, I expected a much higher standard.

Lack of Content: The game feels very shallow, with little to no variety in missions or challenges. It becomes repetitive very quickly.

Not Worth the Money: After spending time with the game, I feel like I didn't get anywhere near the value for what I paid. There are much better games out there for a fraction of the price.",False,1728832739,5,1,0.522443473339080811,2,1821,1909,76561199125200793
1858630,176269080,"Update: it appears i do not need to wait for all the dlc to release as this game is pretty dead due to mismanagement(what a shocker for sao games right?)

TL;DR: a game that once had potential, mismanaged and starved to death, do not buy as you will not find matches. buy one of the others such as Fatal Bullet or Hollow Realization

This game had alot of potential aside from the jank combat system and rather stiff movements, it was at release what we wanted for a while though the roguelite element probably not.

Instead of releasing more content they released serial codes thinking that's what players wanted and implemented a system that requires a certain amount of players to start a match instead of just filling with bots(the bots are bad.. you'd be better off just playing solo if it let you unironically, another shocker).

Original review beyond this point.

Edit: I will be redoing this review once all the dlc drops to judge the final product, as it stands currently fatal bullet is still better but my statement below still stands, this is ""probably"" the best one if they handle it properly
TL:DR: If a fan of grinding, buy now
If grinding can become tedious for you, wait for sale or skip, this game is 100% grind

This is probably the best sao game we got so far, but it is not without its flaws or issues as a long term sao game player you may already know most of them as the formula is similar.

I'll begin with the good points
-The battle pass is free and gives you tickets to buy outfits in the shop instead of spending more money(I am unsure if ones in the future will be paid, considering sao game track record, I wouldn't put it past them especially considering how dimps handled the fatal bullet dlc)
-The gameplay loop isn't to repetitive or tiring to do, the structure allows it to be entertaining similarly to base pso2 or psu
-Each character plays in a different way be it a minor alteration or larger alteration, if your bored of one you can swap to another and have a mostly different experience
-(potentially good/grey area)The gear is ran off of an affix system, for gear hunters this allows you to hunt for the best gear possible, these affixes will impact your gameplay noticeably or minorly depending on affix build

Neutral: this game is like a roguelite from mission to mission in multiplayer, only your gear carries over

With the good out of the way, there isn't very many actual bad points I can personally make note of so most will seem minor
-The story makes absolutely no sense, if you are familiar with sao you are probably used to this as it is a stable basically(I personally don't mind this considering it is a multiplayer pve game, I would just rather the story make sense or be enjoyable considering it's somewhat forced on you)
-The gear drop rate for legendary items is quite low, for gear hunters like myself finding the best affix combo can be annoying especially with low drop rates and when something does drop it has a potential to have entirely useless affixes(similar to how anthem was at launch, for those not familiar with it an example would be a light element weapon dropping with water damage increase or such)
-This game has a habit of dropping inputs if you use a controller so you may often find yourself just standing there for a moment when you try to combo or use abilities

Overall, despite the issues I would recommend to give it a try depending if you need a game to waste time on, if you have played phantasy star(not new genesis) or previous sao games, you will likely enjoy the gameplay loop provided. There is also a hidden game in the artbook/soundtrack called ""Kirito The Hero""",False,1727940790,2,0,0.526372432708740234,0,3276,3276,76561198052108373
1858630,176866888,If only if it was more mmo like instead of dungeon run and skill upgrade or changeable. The fun boss raid and 20 player coop,False,1728704647,4,0,0.538461506366729736,0,847,1022,76561198162550617
1858630,176252005,"I wouldn't tell my friends to buy this game, lol. I've always had low expectations for Bandai Namco Anime games, and this really didn't change my expectations at all. Definitely my first and last SAO game for sure lol. Everyone has to experience an Anime Slop game once in a while!

I was expecting generic slop, and it was pretty much generic slop. Sure I was having fun-- I was having a bunch of fun! But I can clearly see that it's a very flawed game, ESPECIALLY for the price it's asking for. There are times where I get stuck in the warp gates after teleporting, the camera gets all wonky when you lock-in, and though there are a bunch of characters that foster replayability, I'm not sure it will be enough for me to recommend my friends.

Definitely wait for a steep sale before buying, you'll have a bunch of fun then.",False,1727914009,5,1,0.431715905666351318,0,1232,1232,76561198129292069
1858630,178658348,"This grind fest of a game should’ve been 30 dollars at launch, too online focused for such a niche game series. Drop rates are extremely bad and that's not good for a game with such monotonous game play. Its almost like a gacha game the way its so focused on cosmetic battle pass items and costume tickets from you could only get from spending even more money ( or severe hours of grinding ). It's a live service slop game just like suicide squad. Every dungeon is almost the same (there is 9 different dungeon designs and they all have the same 4 variations of gameplay loop before a boss),  and boss raids are a buggy mess. To keep it simple, You don't feel rewarded after playing 20 matches in a row. Animation for attacks and animation cancels are lazy and inconsistent as well. For some reason, free roam mode needs to be online to work.  The story isn't well written so most players just skip through the slop just to unlock their favorite characters and then stop playing it. This is a cash grab title. and its sad because sao fatal bullet as its predecessor (same devs) was a really good game and people thought it would be similar. Also its almost dead already, too many bots as they're barely any na players anymore and you have to switch servers to Asia just to get the full 20 players in a lobby. play granblue relink or monster hunter instead.


edit- this game is now officially dead and discorded have fun with your bot lobbies. should've made it free since its live service trash that trailer is misleading.",False,1731122567,2,0,0.455402016639709473,0,1344,1458,76561199177761930
1858630,177289490,"The Game is good dont get me wrong, however compared to other sao games its a step back down the line. The campaign feels more like a task than anything",False,1729281722,0,0,0.5,0,3089,5505,76561199739651462
1858630,176533873,"game is cool... ish...
This game has a lot of potential but it's not quite there. 
I see why the fans are excited to give this a great score but that's just first impressions.

Let me go through everything:
Story mode - Skipped it. IDk i didn't care about the story only because the missions were so repetitive. Wasn't even challenging. Felt like i was just mashing buttons and dodging without thinking much.
How can I be invested in the story when the gameplay is so dull. Mobs are weak and provide 0 strategy or thought. Missions have 0 depth.

Multiplayer - significantly better than story mode but there's very little content. There's only so many times that I want to do the same missions over and over again (even with different characters) without getting bored. I managed to do okay up to rank 45 ish but like now that the exp grows so slow and there's only 7-8 missions to run  with 90% of the gameplay pretty much the same accross the board... iDK it's gettin repetitive AF. I don't know if i have it in me to repeat these missions a million more times just to get to DLC rank. Why the F did they not include more mission and COOP objectives to make the grind more fun. Anywho, this game seems like it'll be dead in 3 weeks. 
Save your money, hopefully they'll get it right next time smfh.",False,1728262296,1,2,0.479488551616668701,0,1332,1505,76561198000108994
1858630,177020206,combat movement 4/10  Game play  5/10,False,1728884108,3,0,0.438632279634475708,0,2008,2008,76561198019995912
1858630,205453236,"●▬▬▬▬ஜ۩۞۩ஜ▬▬▬▬▬▬●Sword Art Online: Fractured Daydream●▬▬▬▬ஜ۩۞۩ஜ▬▬▬▬▬▬●
It's like a Fatal Bullet II! but a bit worse. I want to like this game but each time I play it, it reminds me how bad it can be
●▬▬▬▬▬▬ஜ۩۞۩ஜ▬▬▬▬▬▬▬▬●Positives●▬▬▬▬▬▬ஜ۩۞۩ஜ▬▬▬▬▬▬▬▬●
There's some positives to this game despite the negative review, I'll go over my favourites.
- Interactive: Due to how it's non game canon yet non show canon, it's fun to see interactions from characters who haven't met (like Llenn and Kirito) or who were enemies (like Death Gun and Sinon) it makes for more of a fun game that's already lacking, and gave it more funny side remarks from characters like Oberon.
- Lots of modes: I haven't tried all the modes yet so I can't go into detail, but there's lots of modes besides the main story, so it's nice to have a variety of things and especially grind a bit like in Fatal Bullet with a mode like Free roam.
- Weapons: It's not diverse like in the Underworld games, but it does have weapons from previous games such as guns from Fatal Bullet and even going as far back as swords from Lost Song!
- Different story from before: Unlike the past Sword Art Online games, this one follows no real story from the actual anime, it's its own story, and that means it's pretty creative despite the problems it has. Many people don't like non-canon games from SAO but it's one of my favourites since it adds a sense of new characters and more varieties.
●▬▬▬▬▬▬ஜ۩۞۩ஜ▬▬▬▬▬▬▬▬▬▬▬●Negatives●▬▬▬▬▬▬ஜ۩۞۩ஜ▬▬▬▬▬▬▬▬▬▬▬●
There's so many issues with this game, it'd be a long book to list them out equally so I'm just going to state what I find problems with mostly.
- Glitches/bugs: I understand it's hard to make a perfect game, but it's so frustrating how many bugs are in this game, and what that means. I had to restart a couple missions because one of the characters were supposed to move and they were stuck inside a gate and couldn't move.
- characters are lacking extremely: Given that the last Sword Art Online game that was made (Last recollection) and how it boasted about having the biggest character roster in SAO games, you'd expect as much from this game. Although that's a dead wrong. There's hardly any characters to choose from outside the main characters, and DLCs just add to the fire, I think all the characters should be unlocked through progression instead of DLCs, it ruins the game, that's already ruined.
- locking onto targets: When you lock onto enemies (E by default on keyboard) it will lock onto the enemy, but you cannot move the mouse by any means. It's nice to lock onto enemies but it's also hard to fight them when all you can see is their underbelly because the camera angle is weird.
- Free roam penalty? Why is there a penalty if I leave a 1 HOUR session of free roam? What if I have to leave because of something major, or what if I just got board? Do I go AFK if I don't want to get a penalty but don't want to play free roam anymore? I understand free roam is also a place where you can grind with other players but given its name, I would've expected a mode where you can slash and shoot at enemies whenever and where ever without penalties, nor a time limit. Most of the map is filled with high level enemies anyway so if you're just starting out and you pick free roam, it's best to stay near spawn. 
●▬▬▬▬▬▬ஜ۩۞۩ஜ▬▬▬▬▬▬▬▬▬▬▬●Conclusion●▬▬▬▬▬▬ஜ۩۞۩ஜ▬▬▬▬▬▬▬▬▬▬▬●
With the majority of this review being negative, it's decided that this game is unfortunately not one I can say I love. I want to love it, since it's supposed to be like a Fatal Bullet II but it just fails on all fronts, and it's too late for them to add in any characters without any of them being DLCs.",False,1759124160,8,0,0.508548557758331299,0,844,1029,76561199003636071
1858630,177604905,"the game is great if you like SAO but the not recommended is because it is quite multiplayer heavy. i am level 41 looking to do the co op quests from levels 35-55 to get gear of my level and the issue is, there are no players and the searching for a game goes on for 10 minuets with only 3/20 players found. so you can't even get into a game to play. and IF you do all your team are AI yet the ""mvp"" team somehow has 4 players this has happened serveral times where i'm mid way through the dungeon and they have already killed the boss.

they seriously need to address the lack of players issue. the game is ""upto"" 20 player raid but you NEED 5+ players to enter a game. why can't you then just cut the 5 team down to 2-3. it's pretty bad when we cant even get into matchs. i have tried both early and late times neither have player anymore. launch was great but it's pretty dead now",False,1729714431,2,0,0.513436973094940186,0,2084,4422,76561198283155767
1858630,178812538,"My pc bricked after plugging in my controller to charge while I was using it via Bluetooth and the combat is janky at best, no way to customize my own controls inside the game for controller. Good job Dimps you've made a product somehow worst than if we were somehow actually stuck in Sao.",False,1731312670,0,2,0.451127827167510986,0,744,1142,76561198261744641
1858630,183073319,"the campaigns to short and you can never find multiplayer games, you can play free roam but the rewards you get from it are not worth the time id say wait for the next sao game and see if they do better then",False,1734561722,4,0,0.528942883014678955,0,3015,4121,76561198351448509
1858630,176305426,"This is my first Sword Art Online game. I'm not a huge fan as you can tell, but I enjoy playing role-playing games. As someone who has never played the previous titles I'm not very knowledgeable on how well the others did.

- Controls -

The camera settings are terrible.

- Combat -

You're expected to guard and dodge a lot.

Combat is a little clunky, flying around can become irritating, getting stuck between/inside things is fun, and taking damage sucks even from trash mobs.

- Loot -

Terrible. With cosmetics feeling non-existent.

- Progression -

Abysmal. Crafting is limited since it's not supposed to be the main source of getting gear. I'm also not sure what the purpose of making character ranks so high was for except wasting your time. It could've been halved giving something each rank. The character rank also boosts their stats but it's very minimal.

- Co-Op and Free Roam -

Matching in NA region is slowly taking longer and longer to fill up. If no one's matching please just let me play with bots. It shouldn't take 5 - 20 minutes for the quest to actually start. If the reason is because you need one real player on each team then makes the bots a little smarter at clearing their objective.

Co-Op Earning points:
Players earn points by successfully completing mission objectives, dealing damage to enemies, supporting teammates, and achieving specific in-game actions during combat.

I've played Woods of Recollection enough to know that if you get the escort and cave objective you're not getting MVP 99% of the time. Those objectives take a very long time, and give very little points. The same can be said about majority of the other co-op maps. Most teams, especially strong ones will just zerg rush to the main objective and camp there to receive the most amount of points.

Free roam is nice because you can leave whenever you want. I also feel like it's a little more reliable when trying to find epic and legendary pieces of gear outside of crafting.

- DLC (Downloadable Content) and MTX (Microtransactions) -

Disappointed, but expected. Hopefully the battlepasses remain free.

Overall, if you're a Sword Art Online fan you probably find my review unfair. That's fair. I don't think Fractured Daydream is a bad game. It has its flaws sure, but I still enjoy it.",False,1727982437,5,3,0.398224890232086182,0,3449,3449,76561198137242720
1858630,176542719,wish I could play this game without the massive frame drop rate and horrible lag. can't even enjoy multiplayer and the aspect of the game without ton of lag,False,1728275940,4,1,0.484830111265182495,0,1078,3888,76561199079053176
1858630,177491431,I can't fully enjoy the game because it keeps crashing out of nowhere. I just went through a whole raid fine and at the end it crashed so i didn't get any of the loot or exp. I have fun playing the game don't get me wrong i just cant keep playing when it keeps crashing like this.,False,1729550047,2,0,0.476592421531677246,1,1952,3417,76561199031807995
1858630,176467406,"I do enjoy this game, it does have a level grind to it and can get repetitive with the co-op dungeons (still fun). Id say get it when its on sale or if you can find it cheaper, the one big complaint I have and that's the penalty for leaving a match. Now anyone who leaves constantly I 100% agree with a penalty but at the moment the servers are not super stable and thus has led to me getting a 5 minute penalty, which is why Im writing this review now. Hopefully this is addressed soon or with the serves now theres a good chance people will end up with 10+ min penalties just because their server crashed out.

EDIT: Im editing this after a long time since i have played it and figured id leave my old review above, I changed it to negative because as much fun as I had and I cant say on their leaver penalty since I cant get in a match, its pretty much dead. Never found a match because now Im so far behind that no one is playing the lower level content. I do not recommend this game to anyone anymore because starting off new you will almost never find a match or be sitting in que for a loooooong time. Sad to see it fall so hard so fast. RIP",False,1728191980,0,0,0.513513505458831787,0,2618,3009,76561199058811556
1858630,176155981,"This game is dead now. A husk of its former self. Any of the positive reviews you see where from people during the amazing ness that was the first couple of months. Then it got repetitive and we all left. Go play fatal bullet instead. Lmao.

Original review:
Probably the best SAO game out there. The story is shockingly decent and its like they took mostly everything that worked from Fatal Bullet and made it better + adding swords and other weapons. It's not a perfect game by any stretch but if you're a fan of Sword Art Online, its a must buy!",False,1727792364,0,0,0.502380967140197754,0,3551,3551,76561198011091784
1858630,180531616,The Soul Reason I buying this game is Sinon that's it,False,1732816069,0,0,0.5,0,1039,1039,76561198365843307
1858630,176685045,"Too many microtransactions
And you have to wait 40min for online games
:(",False,1728466597,0,0,0.5,0,2249,2249,76561199418160508
1858630,186709441,honestly i loved playing this the graphics were really good the story mode was meh but i like the multiplayer wish they could of added more game modes. the sad part is that all these sword art games die out quickly because they grind all the stuff out and not much stuff is released after. i feel like we need an open world mmo/rpg kind of like elden ring online or final phantasy online and then i feel like we would have an active sword art game it would be nice to have one of those. but here in 2025 the game is insanely dead no point in grinding leveling takes to long and gets boring quickly. i did like the game it just had a downfall shortly after. nothing fun about it anymore i came on one day and i guess there was an update and all it was a tshirt.. are you serious? 99% percent of ur matches are playing with bots it feels very depressing. trying to find matches with players feels like it takes years and the game is just to grindy i felt like this game had potential but they just mismanaged its a shame really,False,1738193571,6,1,0.52888178825378418,0,1787,1811,76561199534541681
1858630,176329595,"I'm gonna  start with tl;dr - This is a live service SAO game that is going to be fully dependent on a player base that will move on and we already have to play on asia servers to get a good queue time. This game will become a graveyard in months. 

Now lets get to the long part. This game is a ""celebration"" of all the SAO-verse without bringing it all in at the start. Its a cool concept but its lobby based between each mission, it will become a grinders haven, roles of characters are pretty poorly reflected, with support and ranger being best represented. That said, after finishing the story (pretty poor story too), I honestly feel like I wasted my money and wish I could refund it. There are far better SAO games for various reasons. 

The people who are positively rating this game are coping and if they were asked to re-review their games in months I'd bet they will swap it to negative. The combat is clunky, there aren't enough indicators of damage going out, but they expect you to block/dodge. Any attack you think you can jump over, you can't, you'll still take the damage. If you're doing an attack animation, unless its an ult, you take the damage. The game promotes animation cancelling but doesn't give enough opportunity to do it. The dlc they already have planned is bringing in two characters I've never seen or heard of and I've watched all of SAO media. Where is Philia? Where is Rain? Seven? Edith? They brought Oberon but none of these? There's a lot of ALO characters they can bring in too. 

Just a lot of bad decisions I don't agree with, and this is one of the purchases I completely feel like I wasted my money on. If I want to play an SAO game, I'll just play one of the first four (hollow fragment, lost song, hollow realization or fatal bullet).",False,1728018567,76,9,0.728806555271148682,0,833,850,76561198054809710
1858630,206116739,"i will start by saying, this game was incredibly fun at launch and had immense potential. the combat was pretty fluid, most characters were fun and none felt like you were purposely holding your team back by playing. unfortunately, that's where the the good things to say ends. I noticed real quick that once you were done with the story, the co-op events were the only kind of content you could do. that doesn't sound too bad, but with how low the player count was even on launch, that quickly became a real problem for Australian's, meaning that only about a week after launch, you would either have to wait 10+ minutes, or play on worse servers just to find a game with real players. Now, onto the actual content: nothing. that's right, other than harder bosses, and maybe an occasional different map for the higher difficulties, there was little to nothing different to do. beat enemies, teleport, beat some more enemies, either teleport again or press buttons for awhile THEN teleport, beat the same like 3-4 bosses, rinse and repeat. at first, this seems okay, but once you're deep enough into the game and you start doing endgame content, it becomes extremely tedious and boring. if more unique content was brought out instead of just releasing new characters, this game might have lived for much longer. Now, as I said in the previous sentence, I'm going to talk about the character situation. what the hell. on launch, there was already a decent amount of characters, but of course, for some people, myself included, felt it was weird how certain characters wasn't included immediately, but once it was announced basically before the game even came out that strea was going to be a character you have to buy with real money, it was obvious what they were going to do. sure enough, they started to churn out character packs, all costing real money. I stopped playing around 3 weeks into the game being out, but from what stuff I had heard, pretty much every character that came out after launch was broken in some form. I'm making this review after seeing the announcement of alo kirito, and the fact that it was a skin for base Kirito that changes virtually nothing about him. Sadly, I dont believe this game can be saved at this point, and really wish that a company that actually cares about either sao or making a good anime game that keeps faithful to the original source would takeover.",False,1759844679,36,0,0.779729008674621582,0,1524,1524,76561199053318722
1858630,176558050,"keep in mind for any of you reading:
you need to understand all of the positive reviews are under the pretext of ""for a SAO game""

in other words, the game is okay.... -for a SAO game-

Compared to other polished $60+ action RPG games? It's trash. Compared to a $30 indie game action RPG? It's playable.

Here are some of the things that no one will really talk about because they're fans of SAO and because most of the previous SAO game iterations were even worse, they'll gladly eat this one up despite its rather horrible faults:



-the camera lock on is absolute jank garbage. When you use a skill the camera zooms in on your character, making enemies above, below, and behind you out of your vision. When you do this during a boss fight, the boss will end up out of your camera EVEN WHEN YOU'RE LOCKED ON. And the camera does re-center the boss on your screen, but it feels like it takes forever.

-your characters feel animation locked and movement is generally very clunky. A couple of reasons why this happens is first, your characters do not actually move while attacking much. They feel static and locked in place during animation. Second, the game says you can cancel out of animation to do a dodge/block, but that's not really the case. Third: the game's dash, which also acts as a dodge, makes you dash forward when you do it without pressing any directional keys, instead of backwards. Most action games default dodge without a directional input is backwards, because common sense would let you believe you would dodge things backwards, not forwards. But this game wasn't made with much common sense, apparently.

-maps are rather bland and empty. There are things to collect in the maps during quests, but the game does rather a poor job (or rather, it doesn't do it at all) of actually guiding you towards them in one way or another. You literally have to just mindlessly run around the entire empty, bland map to find these. What they give you also is not well explained. After a quest is done, and you see those collectibles marked as incomplete, all you feel is a sense of conflict as to whether or not it's even worth running around 20 minutes again just to pick up that one data fragment you missed.

-not a lot of enemy and boss variety

-the bosses make no noise. They have no sound. No growl, roar, effect sound before a special move, nothing. Audio is a gigantic part of the immersion, and it's clear the devs have absolutely no understanding of it.

-virtually no sense of progression other than you unlocked the next quest for the story. You don't gain new skills, no passive skill tree of any kind, new gear is just practically the same gear just with higher levels. You can unlock characters to play in multiplayer as you do the quests, but that's only for multiplayer.



If there is one thing the game does well is that you can get a lot of outfits with no MTX just by playing the game, and the multiplayer seems to be decently functional, but that's about it.

The verdict seems to be pretty clear on this one: if you're a fan of SAO, you might enjoy it. If not, wait for a sale. If you really enjoyed Granblue Fantasy Relink like me, and you thought this might scratch your itch, prepare to be disappointed.",False,1728300382,97,6,0.794836699962615967,0,1050,1127,76561198129277054
1858630,176618464,"Would've been a pretty fun game if it released in 2012-2014. As far as i know it's 2024 now and this game just doesn't really hold up well. Co-op mission and raid boss are the only modes that are pretty fun but both of them suffer heavily from the lack of variety (so does free roam, which is probably hurt the most by this). A lot of the technical aspects of the game are awful, like the camera system on auto targeting, the input system with lost/annoying inputs - the whole universe needs to stand still for 3 secs to let the game process an attack hold input.
The skeleton for a game here is a pretty fun class based coop action game, with varied play modes to drop items in. However the whole thing is so anorexic there's barely anything on that skeleton.
Add to that the price tag, dlc with characters on launch day and it's price tag, cosmetics shop and the prices there... just no. Maybe if the whole thing was 1/4 the price it could at least compete with games in the indie territory and have some leg to stand on there.",False,1728379721,26,1,0.63809281587600708,0,915,915,76561197997056979
1858630,176440290,"If you're a fan of SAO you'll enjoy the game, however the game is riddled with bugs that hinder you from enjoying the game. Every 3 co-op quests some sort of bug occurs whether that be the AI gets stuck and you can't progress or simple objects you interact with won't spawn in order to progress",False,1728155756,0,0,0.5,0,886,939,76561198306140908
1858630,194905616,"I have been experiencing A LOT of server disconnect issues that is beyond my internet connection. Lag that is just frequent enough to get me killed during a boss fight, and frequent server disconnect errors that boot me out to the title screen and give support codes I cant even find on the internet. But here's the kicker. A little insult to injury. THERE'S NO SUPPORT FOR THIS GAME ON THE BANDAI CUSTOMER SUPPORT WEBSITE. I also cant find anywhere else besides here on steam to try and get in contact with someone to report these issues to. I'm guessing they only have like 1 server for the entire world at this point and they don't give a shit for anyone outside of the EFFECTIVE range of the server. That said, when the game and server is running right, I enjoy playing the game. It's not a super content heavy game but it passes the time decently enough. You unlock characters and outfit stuff in story mode and you grind through stuff in multiplayer. thats about it.",False,1747257663,5,0,0.489038199186325073,0,2370,11298,76561198299424109
1858630,181827379,"as a fan of SAO, i regret purchasing this game, does not worth the price. The only good thing is you can play as Quinella",False,1733314736,2,0,0.523518621921539307,0,1549,1549,76561198312929815
1858630,176363467,"I love SAO Games, I truly am, but I wish they kept going with the same formula maybe a new fatal bullet game but different world...,
Because the issue with live service games is that they are heavily depend on active players and if it keep declining the company simply abandon the game.., 
I understand the idea and concept behind SAOFD but it really feels shallow and empty,
The first 10-15 hours feels really great but the moment you start the multiplayer side of things which is the main thing of the game it becomes and feels repetitive and grindy really really fast, the rewards most of the time feels like I just wasted my time and worst of all is the gear system feel like half baked,
you cant even have a full layout of your character stats, for example, when you level up your character rank it gets passive stat increase...you cant even inspect that,
and just the way the gear works in the game with stats and each stat have his own level just adds up for the amount of grind is required to gear up one set of classes and not including the amount of materials you need to even think about converting or moving stats from one piece of gear to another...
In the end it feels like they took a good IP/Anime and makeshift a game to cash in extra bucks, hopefully the next game will be better",False,1728062740,0,0,0.5,0,2685,2689,76561197990649748
1858630,177712859,"แม่งทำตัวเหมือนเกมมือถือเลย เสียตังเป็นพันแท้ๆ 
คิดถึง Relink ชิบหายทำไม cygames ถึงทิ้งเกมนั้นไปได้วะ",False,1729870910,2,0,0.499282628297805786,0,3564,4276,76561198060984084
1858630,177509357,"The lock on camera is wonky as all hell, The amount of people who show up at the last second to steal you kill is fucking ridiculous. I know it was common in the lore but as a game I lose more and more interest after spending an hour in free roam unable to kill anything for my weeklies or dailies because people keep showing up and finishing my fights. It would make more sense If I hadn't just dealt 9/10ths of the health bar. Such bull shit. Also. On a less annoying more confusing note. Why do I have to go to the settings to leave the game? took me fifteen minutes to figure out how to close the game without alt+f4.

I'll give it a 5/10. I'll still play through the whole game. But I wouldn't have gotten it if I knew it was going to be this irritating to play with others.",False,1729584184,1,2,0.476592421531677246,0,2224,8461,76561198041819704
1858630,179897191,Don't waste money on this. The game is already dead. You get gears from co-op but the co-op matchmaking takes forever. The only thing you can play offline is the story.,False,1732698406,0,0,0.5,0,1105,1300,76561198959398924
1858630,178126868,So lets just break this down. If you like a story skip this. The story is terrible writing wise but seeing different characters interacting is nice. Game play isn't that bad at all I like the whole combat system though having skill trees would've been nice to see. Now why am I saying this is a fat no. Well I saw a review on here saying after about 3 minutes if you don't find randos you'll get bots and the activity will start. This is a flat out lie I needed to do a co op quest to progress and get higher level gear. I waited 4 minutes on Asian servers 4 minutes on american and I am currently at 12 minutes for eu. All 3 of them have been 1 person aka me in the play list. This absolutely blows and I wish they could just ask if you wanna do it with  all bots. I already hate the co op quests and now I gotta sit here just to progress my gear level. If this gets changed then fine but right now this is atrocious.,False,1730414199,4,0,0.561003446578979492,1,1455,1698,76561198879783187
1858630,177819484,god awful drop rates makes it impossible to build a character,False,1729995950,1,0,0.523809552192687988,0,3142,3641,76561199095463426
1858630,186685756,Wasted Potential. Very boring.,False,1738168560,2,0,0.5,0,1709,1709,76561198194676473
1858630,179876213,"I will admit I had fun for some time playing this game. Tho the biggest problem is in it's gameplay loop, you are constantly doing same missions over and over again. Yeah combat and experience was fun for some time but of course you are going to get bored after doing same thing over and over again. Also the progression doesn't feel satisfying, you only get higher lvl equipment after leveling and there is no real end goal to strive for.",False,1732661073,1,0,0.523809552192687988,0,2531,2531,76561198418500367
1858630,176321554,"update: game is dead. not worth buying. was great in the first month of release. not worth your time unless the game magically becomes free or 90% off.

____________________


Quick tip: When playing online goto settings > network > change region to asia. There is no lag and way more people will be playing on that region from across the globe compared to NA. [i usually swap depending on time of day anyways but asia is very consistent any time of day]

DEATHGUN CONFIRMEED WEEB

game is okay, i prefer the simple itemization compared to granblue re:link. i like sao so its funny seeing everyone interact with eachother. altho i preferred ggo, im glad there are ranger options like LLENA and Sinon f.e. to still allow me to have fun while all the melee users pop off. get if you like SAO. stay away if you are expecting a contender for re:link.

Update: After doubling my hours I thought I could chime in. I still really enjoy the game and enjoy the gameplay loop.
 My only issues atm are:

-- Drop rates for Epic+ gear and cosmetics
   -although I am not going to hard commit to making a strong weapon until I hit WT3 boss it would be nice to pick up more Epic+ gear to have more effect sphere's for when that time comes
    -I have only gotten a single cosmetic RNG drop since I started playing. I know RNG ios RNG but it would feel more rewarding if I got 1 more atleast OTL.

-- The large gap between the World Tier 2 and World Tier 3 Boss (WT3 doesn't unlock until your player rank is 85 so you are awkwardly running Co-op missions until you finish all the WT3 versions)
    -now I dont mind the gameplay loop but running the same co op missions that are just harder versions of the previous missions can get a bit redundant especially since the WT3 boss rotates and seems super fun. I really can't wait to experience it, I just wish it didn't take so long.

--Battlepass mission
    -I am mixed about these, if I am playing roles/characters I like there is no issue but I just wish they could be completed playing any role/character you wish. I don't have as much time to play daily like everyone. I know the weeklies last forever, but ultimately it would just save a lot of time since not everyone has the same time as others. I am just barely reaching Lv.6 and I am just hoping I atleast hit the middle of the battlepass to get everything that doesnt include the random Legendary Accs/Weapons",False,1728005319,0,0,0.5,0,2546,2546,76561198052112938
1858630,208912063,Worse than Alicization Lycoris by such a massive margin it's not even funny. Just wait for another SAO game developed by Aquria instead of buying this.,False,1762810393,1,0,0.523809552192687988,0,1476,1476,76561198044042242
1858630,176198432,"Edit: And of course, this game was left to die :(
Not recommended, but if you absolutely want to play it, switch to Asian servers since they´re the only populated ones.

Original review:
I'm really surprised at how enjoyable this game has been for me so far

While the presentation of the story is not that great, relying heavily on very static visual novel style cutscenes and a few in-engine cutscenes every now and then, and having to navigate menus between each stage, the plot itself has been interesting enough so far and the interactions between characters from completely different worlds might be my favorite part so far

Combat, while still somewhat clunky, feels way better than in past games, tho I really wish characters had more skills that could be switched since I feel the same 3 will get repetitive after a while. Flying characters are extremely fun and gun wielding ones are my least favorite but I haven't tried them out enough yet. Also may be a skill issue but I can't hit anything with Administrator's Ultimate, the cast time is long and the area of effect is quite unintuitive and stationary

I've mostly only been playing Story mode and will do so until I unlock Yuuki but I can´t wait to hop on the online modes!
Really hope this games keeps getting good post launch support as I feel it has a ton of potential, but I'm worried about the game's price tag and item store, as I feel this will rightfully turn a lot of people away even if -for now- it's only cosmetics

also pls add Sortiliena thank u ♡",False,1727844409,1,0,0.525862038135528564,1,2186,2186,76561198153539580
1858630,176981364,"awesome game. love it. having fun with the repetetive challenge of it. Even the hidden tower.
has some nice ""easter eggs"".

EU server at the moment of this review is basically moved to asia.",False,1728836115,1,0,0.476190477609634399,0,2974,3672,76561198124730024
1858630,176160537,Dead game,False,1727796900,0,0,0.476190477609634399,0,2224,2263,76561198018005456
1858630,176339142,dont buy this game is 100% dead,False,1728035072,0,0,0.547562539577484131,0,1230,1230,76561198099198833
1858630,176528794,"best part of the game: 
- is a SAO game
-combat
-character roster
-not enough guide content on youtube
-the game modes (wish there were more)
 
Worst parts of this game:
-flying has stamina
-the grind sucks
- literally the story
- can't really play this game on steam deck if you don't have a internet connection ( you can do story mode i guess)
character seem kinda weak in my opinion ( may be my builds)
-the battle pass seems kinda weak. 
-its a SAO Game

i wish there was a neutral review option for steam to me this is definitely not the best SAO game its decent.",False,1728254849,2,0,0.429061681032180786,0,975,1041,76561198017285093
1858630,176310865,I was on the second to last level of the campaign and got a hard crash which restarted my computer. It wouldn't have been that bad if it didn't corrupt my save file and now I have to start the game from the very beginning. Yea now I'm stuck in horror as I have to start all over again. I didn't even know that your save data could get corrupted in an ONLINE GAME. Having to do the campaign all over again will be a slog and I lost all of my leveled characters.,False,1727988774,5,8,0.433509200811386108,1,738,749,76561198168707126
1858630,176880826,"This game is by far not bad, it makes a decent amount of fun, and can lead to some cool coop and multiplayer expieriences but at the sametime it can be frustrating and clunky...

Let´s start with the pros:
1. It is quite attractive in style and music, doesnt look bad, at all.
2. It has a quite nice story, it´s not lame at least and catched me offguard at least once by a plot twist...
3. Some of the Boss Monsters are quite cool and enjoyable to fight against.
4. The grind is not to monotone, since you have some competetive mission during coop runs or raids for a little kind of PvPvE in case of points and stuff.
5. It is overall pretty fun and the character ineractions are very enjoyable too.
6. The Character roaster is decent and gonna grow. It already covers my favorites at least.

Cons...
1. It´s a Fullprice Title... with microtransactions... okay fine, you dont need to buy stuff so... Oh wait, this pack has a different ultimate when wearing the cosmetic of it... isn´t it pay to win then? cuz it even changes the attribute of your ultimate to the weapon your hold instead of a fixed element... story short, shitty transaction stuff and absurd shop... for a Fullprice Title...
2. Battlepass is free yay, but you get pretty much nothing worth of it except the poses and stamps... even the cosmetic tickets you can get are low worth for a while, you get 2. and for a bundle with a ultimate ability you need 3. so you get it next season at best....
3. Battlepass missions force you to play stuff you litteraly dont like to play...
4. Not realy annoying for me but it needs to be mentioned, the way you move and fight is clunky at best, can be frustrating sometimes... it just doesnt feel flawless..
5. Uprgrading weapons or items at all doesnt feel worth or meaningfull at all, stuff you upgrade become meaningless in a very short of time... save the stuff for reaching the max lvl possible.

6. It´s supposed to be a coop in most things but... i dunno, i get the feeling people just wait for the Boss Monsters to be almost dead and then they litteraly flash everything into them they can just for making the last hit, which isnt even realy rewarded like in original SAO Lore.... you get so little of it it doesnt feel worth yet, everyone saves they ultimates for this last 5% hp... well it´s nothing that hurts anyone anyway but it feels so sad given the fact that they all could used these abilitys mostly twice a fight instead on only once and half of them doesnt even to dmg, cuz the bos is already dead.

Overall it is fun, i would reccomend it. IF there werent this shitty SHOP and Battlepass... I dont mind having a shop, but then atleast make it possible to get stuff by playing and earning the currency ingagme its a god damn FULL PRICE TITLE.... the shitty greed these days can´t be ignored so hard... Full price title can have a store thats okay, but they should NEVER Have GAME CHANGING STUFF, ABILITYS OR DRASTICLY CHARACTER CHANGING COSMETICS THAT IS NOT AVIABLE THROUGH GAME PROGRESS OR CURRENCY YOU CAN´T GET ELSE HOW THAN SPENDING REAL CASH... Absolute no go... I would complain less if the Battle pass at least had 6 tickets.... that would mean you could buy 2 out of 3 Ultimate bundles at least or 3-5 out of the cosmetic shop, but you get jokingly 2 tickets... thats 1 or 2 stuffs from the cosmetic shop... if you don´t wait to the next season you won´t be able to buy even 1 ultimate pack... and who knows when you need to pay for the battlepass by then too...",False,1728725779,5,0,0.569329202175140381,0,2801,2960,76561198003947818
1858630,176290847,"As someone who has played all the SAO games this is a great game for a SAO game, but in general it is horrible. You have a cooldown after you dodge once while attacking, the camera is janky, the story is trash but it's fine bc the main thing you will be doing is the co-op quests. These quests are fun for awhile but become extremely monotonous after awhile when you realize you keep getting horrible loot and when you do get good loot it becomes useless because it cost to much resources to constantly level up a good weapon so you have to essential dismantle it if it is epic or higher rarity and get to choose one mod perk on it to transfer to another weapon. Overall everything in this game is so lackluster that it's not even really fun to play anymore. You only have 3 heals per mission which can be annoying at times when you realize besides these three heals few people actually play characters with abilities that heal you and if they do and your not in range you get no healing. 

So essential we have a game with lackluster and clunky combat with a stupid dodge and block system. Missions take around 10-20 minutes and you only get 3 healing items per mission and sometimes there is a statue that refills these heals, but if it is a boss raid there aren't any refills. The loot system is very dull and gives you tons of trash common and common weapons and accessories for the various characters in the game which forces you to go through each and every character and waste time dismantling all of these trash items that keep stacking up. When you eventually get an epic or legendary item it is sometimes decent, but also will have a dumb modifier. For instance, you can get a weapon that deals fire damage that has a modifier on it that says increase water damage by 5%. There are many collectibles in the story, but there are few indications on where to find certain items like costumes while exploring the large story maps, which makes it feel like a waste of time to spend 10 minutes searching the map to find 1 generic looking costume. The standard co-op quests that have you split up into teams is fun at first, but takes so long to progress through to the boss fight that it becomes so boring that by the time you reach the boss you don't even want to keep playing anymore.

TLDR: For a SAO game it's great, but in general it is trash and not worth the price. The gameplay loop becomes incredible monotonous and the clunky gameplay and camera controls coupled with the lack of healing items and quest duration make it incredible boring after a few hours. If you really want this game I would recommend getting it on sale and understanding that even if you like grindy games, the lack of value of certain legendary items until you essential are on the last few co-op missions in the game, make everything seem pointless because the legendary sword you got a few missions ago, cost too much to level up and is now worse than the common sword you got that only has one modifier. I feel no joy when I see the loot I get even if it is legendary because it does not matter until end game where you don't have to worry about your weapon being under leveled",False,1727967475,0,0,0.5,0,2344,2344,76561198399860503
1858630,176360748,"The premise is fun, but the combat and camera could use a lot more polish.",False,1728060077,7,0,0.596507787704467773,0,1563,1908,76561199066686285
1858630,193464598,"I really wanted to like SWORD ART ONLINE Fractured Daydream, but after the first 10 hours, it quickly lost its charm. The gameplay becomes repetitive, and the grind just doesn't feel rewarding enough to justify the time investment.

What’s more disappointing is that despite being marketed as a team-based experience, the dungeons can mostly be soloed, making the multiplayer aspect feel like an afterthought. There's little incentive to strategize or collaborate, which takes away from the potential fun of co-op play.

Overall, it just feels like a missed opportunity, especially for SAO fans who were hoping for a more engaging and cooperative experience.

Edit 26/07/2025:
The base game already feels overpriced for what it offers, and now they’ve dropped a DLC that costs at least half the price of the full game. It’s hard to see this as anything but a blatant cash grab. If you’re hoping for an immersive Sword Art Online-like experience, prepare to be disappointed. This game caters almost exclusively to the most diehard SAO fans willing to pay no matter what.",False,1745483197,4,0,0.529147982597351074,0,1021,1021,76561198187477855
1858630,176149615,as of this post i say yah i recomend this game we get 21 characters off the bat(unlocked by doing the story) we get tons of skins just by playing and exporing the story missions ill update this reveiw as i go on and play it :edit the game is now dead while i did enjoy it alot sad to see it die so fast,False,1727785183,0,0,0.5,0,973,973,76561198110143870
1858630,177404384,"95% of content is locked behind a buggy and laggy multiplayer needed crapshoot the devs made... like... only commons and uncommons drop in story mode, theres a single player tower mode after the story that requires online connnection for no absolute reason, the devs sell coins for cosmetics which im usually ok with but not in a full priced game, if you dont want to play the buggy 10fps multiplayer (not my pc btw i have a 4080 and i have 1 gig up and down internet ffs) you are locked out of almost all content, if you create items whilst offline and somehow beat the odds and get a legendary, it gets deleted becuase you werent online.. its absolute trash!!!",False,1729431290,2,0,0.460195392370223999,0,777,777,76561198298946443
1858630,179229247,"Don't get me wrong, the game itself is great.  They took the best parts of the older games and put it all together.  But the problem is the need for always online connection.  I was in the middle of a cutscene in story mode and I get thrown into the title screen suddenly because bandai's servers fail to communicate through no fault of my own.  Thats a big problem there.",False,1731846500,219,11,0.903983950614929199,6,762,923,76561198003567892
1858630,176679217,"[b]A neat idea, but complicated execution.[/b]

Fractured Daydream brings 20 players into a raid, to take on parts of a dungeon, only to meet up fighting the end boss together. Only to finish what is a confusing conclusion of this game.

This game wants to be co-operative by working together within your groups and other 16 players, so you don't fail a mission together. Rarely this happens as the game teaches you to grind more, get better gear, and be competitive within the missions. These include getting last hit, highest damage, or better party scores to earn that ""MVP"" end of the game for more rank/stronger characters faster. So if there's a dead player on the ground that needs reviving, or no tower/STM objective being done before the boss, it's probably because the game wants the players to be competitive. 

I'm not sure to call this a PVE MOBA with competitive scores, or an MMO with lots of repeatable grind, or boss raids if everyone can't work together cause of conflicting objective interests.

When you go through parts of the story, or a couple multiplayer matches... you've done the entire game. The only thing different is having stronger gear (if you're lucky or you grinded it) for the same mission with slightly stronger enemies. There is no other variety in the game, for the price of $80 CAD it should be closer to $30-40. 

The flow of the game is to attack small monsters, gain exp throughout, then fight your way to the boss being 'Awakened level 20-25'. You can unlock skills similar to a MOBA when you level up. No other skills per character are different. Once you beat the boss, you get your fancy drops, some exp for the next dungeon or boss and do it again. 
While the grindy game may be a great way to chill and play with friends, there is not a lot for solo or variety combat to enjoy. 



[h1]The Good stuff;[/h1]
- Returning SAO fans will enjoy the story. Referencing previous games/characters and having good dialouge. 
- Environments look well done, models look good, lots of outfits to try on characters. 
- Daily and Monthly objectives for free battle pass rewards to give players incentive to try new roles.
- Crossplay. Didn't have issues playing with others.



[h1]The lots of bad;[/h1]
- Combat is very stiff, feels like this game is better for 2010 era. Using heavy and light attacks, it's not fluid when your attacks or abilities trying to hit targets. You could be swinging in the air for a while, or missing an entire ability, and not because the enemy moved. Most of the time you will be rushing up to the enemies in hopes to stagger them with your attacks before they can damage you. The auto targetting option does help alleviate some issues, but it makes it harder for flying combat or camera adjustments to prepare oncoming attacks for guard/dodges.

- Dungeons are not engaging, not balanced, and are intentionally frustrating. Since you play the same thing over and over to barely get rank exp, you'll be stuck on the same maps for a while. So you will see them 20-30 levels later again just to do the same tile sets.  
5 different groups are split into 5 starting areas, and they are all not fair or balanced. Some starting areas required more travel, or you have to do an escort, or you will have to travel blue boring teleporters, which result less awakening EXP for that match. So the 4 other groups will have a stronger lead on that. 
There's lots of downtime between rooms so most characters with better speeds have yet another advantage. Ontop of traps, bombs, or annoying ""watch outs"" that don't add value to the grind or complexity. The hitboxes of the shadow blades are extremely big and sometimes not where you think you see them. All they do is add a layer of frustration to players ontop of the hours of repeated dungeons to grind out gear and dailies for.
The pacing is also bad while you're trying to catch up to the other groups so you don't miss out on other objectives and exp for the missions. Adding onto the slow/stiff combat, it just favouring stronger gear so you spend less time on the first areas.

- Hit boxes from enemy indicators are very inconsistent. Seeing a red circle before a big enemy attack should indicate to the player to be ready, but often these attacks are too early, too late, or worst - show the indicator after the enemy has already attacked. Sometimes you can stand inside those red circle indicators and not take damage. While others when you try to dodge or guard correctly, may not register thus taking damage. 

- Net code for monsters and players. Good luck playing Sniper (Sinon/Sterben) for aiming boss weakpoints where there's a lot of visual effects and CHAIN-EXTENDED-DOWN pop ups in your screen. There's an objective to turn other players attacks off, but it's not enough. You can still see other buffs from support characters on you obscuring view. Ontop of if you rush into rooms too quickly in dungeons, the enemies and attacks will not render properly so there are often times you will get hit by bad hitboxes from attacks, or invisible enemies.

- Game is heavily unoptimized. Recommended is a RTX 2060, while my RTX 3070 on medium settings is at full throttle. The anti-aliasing option seems to be the biggest culprit. But the worst offender is the mouse sensitivity options for PC is TIED TO THE FRAME RATE. Playing at 144 FPS tightens your movement while 30 FPS turns your DPI to 999999. While you go into dungeons and loading areas, your mouse sensitivity continues to change and sometimes fixes itself throughout the run. 
Game also crashes a lot. Changing appearances/outfits before a raid can have a high chance of crashing your game, especially after playing for 3+ hours. Some other folks I played with crash randomly whether it be after 1 hour or 2 hours. 

- Currently there are 12 different queues for modes (except free Roam). So if you don't have 20 players game can fill them with bots. While that may be seem positive, it requires players to know ahead of time otherwise they will rush the boss being underleveled and have a much harder time defeating him.  Without a full group, you spend more time on that map farming enemies during the tower/STM objective. Which is unfair for solo groups cause they get matched with 3 bots. Less EXP for them, which means they will have to play the game more and longer to get rewards. Hopefully this gets fixed in the future or some adjustment with a catchup system.

- Roles are a joke. Having a Tank or a Support just have 1 dedicated skill to 'fit their role' which doesn't seem to fit their playstyles of a team. In reality, tanks and support characters often do as much damage as ranged or fighter role characters, ontop of the benefit/support they give to their team. Heathcliff and Yuna are AOE machines that will pretty much top majority of the time. 

- The UI is definitely made for console. Menus could be a lot better for finding stuff you need. The SAO memories for permanent buffs are placed very deep in the menus and is probably very important to level up to have stronger characters. Whilist items to enchant, move sphere effects, inviting friends, changing equipment or appearances, playing with funny stamps, etc. I'm not sure why most games are going horizontal on menus, when something vertical or lists would be effective and simple. 



[h1]Overall;[/h1]
Game is enjoyable to turn your brain off and grind and that's it. Once you ran a couple of dungeons... you've done pretty much the game. The rest is a cookie clicker and RNG fest for stronger equipment to get higher numbers.

For the price, no. This game needed another year of work. With only a couple of bosses, and reskinned dungeons you need to repeat - it's a conflict between co-operative and competitive gameplay, with no end goal or incentive for players.",False,1728455373,38,6,0.727416694164276123,3,3099,3099,76561198025244738
1858630,176507087,"not terrible, but seems very bare bones for the price. I did enjoy the story, but after that it's just going round in circles against the same boss or dungeon for the sake of getting stronger and farming cosmetic items (which in about 10 hours of farming I got a total of 2, both of which I didn't want)",False,1728233068,19,0,0.675130784511566162,0,1590,3812,76561198153019295
1858630,176529391,Make a singleplayer / 4 player co-op game with this engine & gameplay.,False,1728255695,2,1,0.538192451000213623,0,1450,1552,76561198149267924
1858630,194783614,"I mean its shit, but if you like SAO go right ahead and buy it.",False,1747097288,3,0,0.478713005781173706,0,941,941,76561198849266577
1858630,181359830,I've played this game for 20 hours now. I want to like this game but It just has so many issues that makes that impossible.,False,1733074895,2,0,0.52173912525177002,0,1173,4515,76561198053941636
1858630,176145323,"Revising this, Strangely enough I had the most fun with the story despite it being a Multiplayer/Live Service focused game.

The online matchmaking is generally awful the wait times are annoying and playing just 1 character isn't engaging enough of an experience to really keep going.
The game should had just focused on doing all the things previous SAO games did well which was a single player experience, gameplay, narrative.",False,1727778919,0,0,0.530020236968994141,0,1281,1281,76561198086758882
1858630,199178871,4/10,False,1751870381,3,2,0.492208093404769897,0,2496,2496,76561198019156280
1858630,176251085,"https://steamcommunity.com/app/1858630/discussions/0/4848778527766603440/
camera issue since forever please fix this",False,1727912644,0,0,0.5,0,1010,1375,76561198314466431
1858630,185411816,"I'll start off by saying I do enjoy this game however, it's not one I'd recommend. 

I wish I didn't feel this way but this game just has one major issue and that's the lack of online players. For a game with a live-service/battle pass setup it's incredibly hindered by the lack of an active multiplayer community. Honestly its sad given that it just came out in October and there's less than a couple hundred players on any given day. Wait times for online raids or co-op quests are very long and at best you'll only match with a handful of players, not once have I been in a game with more than 7. The battle pass is very grindy and is actually hard to complete because to do the challenges you have to be in multiplayer quests, so sometimes when you want to do anything you're stuck in that queue for a good 5 minutes. It would be nice if they would allow you to play quests without anyone else in the queue so you can actually grind out challenges.

Typical for modern games now (unfortunately) there's the good ole lackluster micro-transaction store because paying $80 for a game isn't enough anymore. I would have preferred literally anything else but oh well. At least the items in there are cosmetic.

As expected for a game from DIMPS the combat is very fun and the effects just wash out the screen sometimes. The story although repetitive at times, is interesting and enjoyable. Although sometimes the dialog scenes can drag at times, though that's almost the standard for this series. The maps are nicely detailed and have the best graphics/textures compared to the previous games.

Where bugs are concerned I haven't ran into that many aside from monsters sometimes spawning inside a wall where you cant kill them, sometimes causing doors not to open. Though leaving the area then returning fixed this most of the time.

I guess the best word I can describe this game with is disappointment. I expected a lot more from DIMPS, especially coming from titles like DB Xenoverse 2 and Fatal Bullet. Two games I've put at least 600 hundred hours into each over on Xbox. I am going to keep playing this game as for what it's worth it is fun, there are still planned DLC to be released so I'm hopeful that more people will play around the time those release. If you are a fan of the series you will likely enjoy this game, in any case you can play on the Asia servers instead of the NA ones, there are more players there compared to NA.",False,1736659300,26,1,0.732652664184570312,3,2403,3517,76561198090983758
1858630,177171075,"FUCK YOU 
Why are you removing the cosmetic drop when we die ????",False,1729106239,1,1,0.433070838451385498,0,1600,2620,76561198027236519
1858630,176414453,"This game is fine for $20 as a relatively shallow single player action rpg, despite the absurdly large roster there's not enough depth in anyone's play style to carry it to the 12 hour mark or finish line, let alone live service multiplayer that's either repeating long tedious one note boss fights or running from point to point killing everything or pushing buttons.",False,1728130791,14,0,0.622874796390533447,0,982,1276,76561198005977971
1858630,177309147,"I'm a huge fan of the SAO Series, including GGO and SAO: Lost Song. This is very much like SAO: Lost Song 2.0. Most of my dislikes of this game is purely Fundamental things that should have been done since SAO: Lost song and even before consider those have been out longer.

MAJOR FLAWS:
Optimization-
it's 2024, This game should not be running worse than most Triple A studio games. While it's nice to adjust the quality of the frames for the game. It runs very poor even on high end PC's due to the optimization of the effects, rendering and games CPU usage.

Lag - Once again, many Triple A games have WAY better synchronization when it comes to players with multiple abilities, effects and multiple actions going on. The fact that every player looks like they're ice skating or teleporting is absolute garbage in this day and age for immersion.

Keybinds - The keybinds don't even change immediately and half the settings are bugged, when i remapped them they didn't even update, but would reflect in the options that they are a new key. including Mouse sensitivity. This game looks like it was purely optimized for controller users, And while I've played both KB and Mouse with Controller. The differences I've noticed between using both is insanely different. The camera movement for controller is much faster than mouse and keyboard, even with MAXED 100% sensitivity, which leads me to believe its a bug or it flatout doesn't work. How do you expect the gamers on PC to fully min max their potential when half the keybinds don't even work, nor does the aiming capability for us who use Ranged characters? (before anyone gets at me i have a Level 34 Argo which i used on controller, while sinon is lv 10+, which im using mouse and keyboard with.) the aim/ camera control between the both is INSANELY different.

Overall the game has MASSIVE potential. But the fundamentals are the MAJOR basis of any game and if these aren't corrected, then you can lose majority of the base of PC just due to these lack of simple functionalities. I could go Miles on the gameplay aspects and how inconsistent hitboxes are and dashes and multiple things. But If you love your mental health, you're better off playing Lost Song, than this. cause at least your Gear makes sense and your lag isn't ran into the dirt.",False,1729309676,2,0,0.53608250617980957,0,2200,6708,76561198165615964
1858630,176161859,"I cant belive the day has come. I think this is an actual good Sword Art Online game, The Beta was fun and so far the game and story seem pretty interesting. I am excited to see where this game will go. Color me surprised to see an actual good SAO game. We take what we get and this seems nice.

Never mind after launch and finishing the story this game lacks content you fight the same 3 bosses play the same boring dungeon over and over again while leveling up incredible slow. To much grind and no real reward. Locking the alerady less raides and dungeons with a player level is just a joke and will help you only in finding even less players. This game was a good idea but thats all it ever was. A good idea and it should have stayed exactly that. They should have made the game complety playable in singelplayer our should at least update it to work that way. Otherwise there is no hope left for the game. After the launch there was legit nothing new only ugly low effort shirts as ingame cosmetics.",False,1727798270,0,0,0.502380967140197754,0,3152,3329,76561198931125093
1858630,177364951,"the game is so repetitive , same bosses over and over again even in the DLC, Audio is badly optimized , the DLC character is so weak , Strea is a tank still dies so quickly, crystal traps that can not be killed only stunned for a bit making puzzles so frustrating , story feels like it was cut and so simple but fun , misleading bosses that prevents me from exploring the whole dungeon, makes me kill the last boss without knowing , hard to get the costume from each quest and ends up being merely a weapon skin , so disappointing
questionable bosses and funny enough the last boss was so easy, the only good boss is the huge mechanical thing , SO GRINDY AND EXPENSIVE
but nonetheless it's not a very bad SAO game , it just frustrates me at times",False,1729376861,2,2,0.486786007881164551,1,2576,2681,76561199160222232
1858630,176135984,So much potential. Turned into boring grinding game and this is coming from someone with 2k hours in maplestory.,False,1727763679,0,0,0.5,0,2097,2097,76561198222671116
1858630,176332477,"My take after beating the main story.

Great 20-30$ game - Release day content and general game quality does not justify the price tag.

GBFR for more dollars. The combat is somewhere between better and worse - the character and play style variations are much better in SAOFD than ReLink imo so a lot more replay there. The live service concept is an odd choice given I don't imagine this game will hold very much attention similar to the way GBFR fell into oblivion due to being unplayable once queue times took a dive as fewer and fewer played.

The Bad:
-Insanely limited enemy pool makes for very boring and repetitive missions.
-Dragging story that bars the actual multiplayer content - even skipping every cut scene the story mode drags on for hours and is just repeatedly fighting groups of the same 7-10 enemies from game start to game finish with the bosses being the only real unique experience of any mission.
-Very poor targeting system
-Horrible FoV / Camera
-Ranged enemy design and positioning often more annoying than anything engaging.
-Clunky animations - one of the final bosses spent most of the fight clipping in an out visually like an old oversize texture in a Valve game from 2004.
-Load screens - not duration here but sheer quantity. Even running an m.2 just the sheer number of times the game needs to load when transitioning from mission to cut scene or menu to mission or menu to cutscene to mission back to cut - it's absurd you spend more time waiting for the game to be playable than you do playing in some missions.
-Level design not being linear in some missions and constant back tracking really add to the tedious feeling of killing the same repetitive enemies over and over
-Escort missions zzzzzzz

The Good:
-A lot of different characters with very unique combat styles/roles.
-Bosses are fun
-Cosmetic loot rewards are a refreshing take in world where all cosmetics are monetized in most games.
-20 Person Multiplayer is a pretty awesome experience in a game of this style.
-It's an SAO game that's actually fun to play once you've unlocked and cleared everything.
-Loot!
-Numerous options for building a character.
-Perfect dodges feel good and reward you.
-Play with your friends!
-Dope cosmetics
-Maybe the endgame will be better and I'll change this whole review!",False,1728023756,71,2,0.788659989833831787,6,752,752,76561197987083610
1858630,179193644,"I was hype for this game but as I progress more and more, the core gameplay starts to become the main reason why I don't enjoy the game. 

I used to play it daily until the moment I can access to Amber Maze or Boss Raid mode, I quit. The camera, lock-on, chunky controls, missing skills because they don't lock on an enemy and it moves, can getting stun without chance to get up, are the real enemies I have to deal with, it's very annoying. Not to mention, you have to deal with those while grinding for builds, cosmetics, or battle pass.

I don't mind repetitive contents but they have to be fun, rewarding, and having least or no issue. SAOFD contents are quite the opposite for me. 

I was thinking of playing SAOFD just for killing some time but matchmaking right now is nearly impossible. 

I hope the dev will improve things I've mentioned one day. Fix the gameplay mechanics, input delay, chunky controls, stiff animation, that ridiculous drop rate, etc.

As of now, I couldn't recommend SAOFD in the current state + the price.",False,1731805746,62,6,0.8064461350440979,0,1758,1774,76561198280283855
1858630,177722021,"main story pretty creative and good I give this one for 7/10
multiplayer SUCK!! this is the most disappointed SAO game series I had ever play 1/10",False,1729880272,0,0,0.478983402252197266,0,1034,1042,76561198105382649
1858630,182380553,2 months for now and a game still don't have any new content for player? 60$ for notthing so far,False,1733792951,9,2,0.523834526538848877,0,1288,1288,76561198340265446
1858630,184389222,"Bought the premium edition cuz i played the beta, game seemed cool, today i think my money was better spent on an illegal casino that has 0% chance of winning, the people who give it a positive review are blind and are just big sao fans, the game doesnt even let you enjoy the game with the playstyles you want because you need to play classes you dont want to for weeklies, and weeklies are VERY grindy btw, someone who can get not that many hours in gaming because of personal life cannot have three weeklies done, game promised two tickets for each battlepass btw, but rn it only gives one, the gameplay is a disaster too, characters arent balanced, gameplay is very clunky, dont even get me talking about gears or elements, its REALLY bad, story isnt good overall, it is literally ""welp, we're walking around and found people, oh well bad villain appeared, lets beat it"", i spent 20 bucks on a niche car game called trackmania and have almost 300 hours on it, i dont ask much for a game, but this game cant give the basics, its worth 10 bucks at most, and the servers besides asia are dead, and asia can be dead at certain times too, and the character roster is the most unbalanced thing ive seen, just dont get the game.",False,1735699995,25,1,0.746297836303710938,20,1490,1490,76561199196752473
1858630,176818275,"Game is clunky to play simply because there's no option to always attack in direction of the camera.
It's obvious that not a single dev has played this game for more than 5 minutes.",False,1728650056,3,0,0.453608244657516479,0,1088,1262,76561198304007955
1858630,182589909,"I really tried getting into this game, but there simply is not too much with the game. The story mode is alright, but the rest of the game is just a grind for cosmetics that have abysmally low drop rates, with the only chance increase is a premium item you pay for with IRL money. The season pass is also rough, as it forces players to use characters / classes they do not necessarily like/play to reach incredibly high numbers weekly to unlock the next battlepass level. I've played since day one, but haven't been able to pick it up again since I've dropped it.",False,1734030602,29,1,0.698152661323547363,1,1871,1871,76561198799440362
1858630,176733983,Go play Integral Factor or Hollow Realization.  This game doesn't even know what it wants to be.  Some combo hero shooter/raid simulator or something.,False,1728531631,6,2,0.419112831354141235,0,811,811,76561197995123443
1858630,176586695,"I liked the game. But after 22 hours save corrupted(game never crushed)... Game has cloud save but just one save file and it is corrupted also... Game structured as 99% sessions multiplayer game. Seasons, daily, weekly quests but corrupted safe file and all gone... I don't know what to say, i'm so frustrated....",False,1728333132,1,0,0.46751287579536438,0,1336,1336,76561198053547460
1858630,180622069,"Game itself is very fun, but the way the party system separates players is flawed, especially now that the game has few active players.",False,1732835623,0,0,0.5,0,2719,2797,76561198338230620
1858630,193455789,"Umu, it would be would nice if the total player limit required for getting into a game was dropped from 5 to 2 at the very least, or make it to where we could play the whole game solo if required. Let's try and get them to at least make the game playable at all times for the dedicated fans. We can only get games at certain times of the day, and I'm not always gonna make it during those times, nor can everyone who wants to play. So how about the game just becomes playable period? I didn't pay $100 for a game I basically can't play now.",False,1745469343,9,1,0.594150066375732422,0,3136,4477,76561198179639114
1858630,176133695,"AMD Users - Download 24.9.1 at least - Recommend at least 60 fps setting in game, vsync off, AMD Fluid Motion Frames 2 on in your driver configuration.  Game feels way snappier and while it doesn't solve skill lock issues, it definitely helps a little with the latency vibes it was giving off prior.

**Original Review, additional notes below @ 17 hours**
A shameless cash grab, preying on two groups of people: 1) SAO fans who just wanted a good game to drop to fill their hearts with GGO era vibes(This aint it) and 2) Thirsty whales who want skimpy outfits for children.   Even if you can look beyond that, the game runs terrible even on modern high-end hardware, with stutters and a camera that is tied to the mouse, so if you don't play on controller, get ready to feel like you've got .. a syndrome.  In either event, if this wasn't a gift from a friend I would return it right now.  Instead I'll warn anyone who goes to get it that the devs have taken exactly zero feedback from the open network test, and have in fact made some elements worse.  There are now weird shader elements in cutscenes, the UI in the lobby has even more clunky items to slow you down and keep you looking at their other paid options, because you didn't just pay between $60 and $120? for the game which feels like it's just north of an asset flip but not quite a complete indie game.   There is a battlepass which ironically (so far) seems like the only thing that isn't a cash grab but give it time.  They have DLC bundles for gear and aesthetics, and they have a buggy but built in system for getting RNG boosters to give you more drops, which will undoubtedly be in their bundles.  This is the game that all the youtuber game reviewers warn you not to buy.

**17 hour review notes**
Fractured daydream is an appropriate name for the story since it's what I imagine an AI would think up after reading the wikipedia page for SAO.  There's not really any fundamental lore involved, and 90% of the plot is the characters arguing in an attempt to be cute, 5% of the time is regurgitated plot devices and 5% is actually new/specific to this game lore information.  I could spoil the entire 5 chapters in 2 sentences or less.

The game is abysmal for its inability to properly actuate some skills, like where you hafta mash and hold C/L1 to use your unique skill - i don't know if this is supposed to be a feature so you don't accidentally it, but it's a bad UX.  With the user experience being not worthy of a $19.99 pricetag, the idea that I'm playing on a $100+ version of the game seems about as out of touch with reality as the script writer for this plot.  Graphical bugs, text bugs, and combat bugs galore riddle this game, and there's no where to report problems to, no one to send screenshots and information about them back to.

The problem that's a glaring one though, and the one that will 100% kill this game, is the fact that on top of the pay walls, there's not enough players to even fill a group on mid-tier content in advanced access.  I don't think that full release is going to change that dramatically, so when high-tier raids and co-ops are being matched for they're going to be all NPCs, and the end result is going to be near-impossible to complete.  The NPC AI is dumber than starfall's NPC AI, and at least those were comical.  This just feels like the developers were given a directive and they completed it as fast as possible without trying.  It also feels that this was greenlit as another attempt by a C-suite to cashgrab as much as humanly possible on the IP before people give up on it, like companies are doing with just about every other major IP right now.  I'm disappointed, and the players deserve better.  

Shame on you bandai namco.",False,1727759762,4,2,0.425041228532791138,1,1151,4425,76561198054836516
1858630,176261182,"Just a bad Re:Link that's more expensive. Clunky combat, multiplayer is messy, itemization is extremely simple compared to Granblue, storyline is a joke, BGMs aren't even that great. Just a an average game, 5/10 at most. It doesn't crash at least and framerate is fairly stable so there's that.

Longer review:

At best this is a 5/10 game and I'm being extremely generous. The content is dire and itemisation is WORSE than games from early 2000. Even a game like Everquest in 1999 had better itemisation... I'm not even sure how people can leave any positive feedback just because of that. Farming is only interesting if looting/builds/itemisation is interesting, that's not the case here.

Weapon / Equipment are tied to your player level. They drop at your player level (or the maximum level that the quest is allowing). So if your player level is 53, you do a quest with a 50 cap, you'll get Lv50 items. If you do a quest with a 60 cap, you'll get level 53 items.

Pretty much all the gear you get is obsolete as you level up your player rank, there's no point in using currency/material to enhance your gear as you constantly find someone better as you level up. Enhancing is stupid and barely gives any boost anyway, we're talking like +0.5% damage or something per enhance. The max I did is +7 so far, looks like it can go up to +10. Like wow a whole +5% damage, amazing!!

You can also extract specific stats from Epic/Legendary items (like ATK UP+5%) and meld it back on another item. That's the only ""real"" customisation available, but most bonuses are too specific to be useful. Like +6.5% damage on Frozen enemies, like over a 20 minutes mission you'll hit maybe frozen enemies for a grand total of 2 minutes (and i'm being nice), so that's +6.5% damage @ 10% uptime = +0.65% overall DPS, pointless bonus...

The Co-Op quests are just copy/pasted and follow the same routine. You and your 4-players party (likely full of bots because the game is already dead on arrival) will start in an area, you'll fight through it, then this area merges into a general areas where all 5 parties meet together (20 players), then you proceed to a final area and the boss.

Being 2nd or 20th DPS wise yield the same reward, absolutely 0 reason to put any effort unless you're MVP. And even MVP get only a very small increased reward, the incentive is poor.

The gameplay loop is really basic, you'll keep repeating the same co-op quest until your player rank is high enough to move up to the next tier. In between there are 3 boss co-op quests (which are just the same you fought in the story anyway). Entire game content consist in:

* 5 Story Chapters, a total of about 35~ Missions.  (The story is crap, I'm sorry if you find that good, maybe you should try opening a book, just about any average book released in the past year will have a more enticing story)
* 9 Co-op quests re-using the environment seen in the story, pretty much all tunnels/corridor, even the ""forest"" is just corridors out in the open...
* 3 Boss co-op (same boss seen in story mode, nothing challenging also, mechanics are garbage, just dodge the run stuff on the ground wow... impressive)
* Free Roam, which consist of couple very large and mostly empty maps where the 5-6 same type of monsters will spawn. The map is split across several region tied to a level range.
* An ""infinity tower"", where you fighting few waves of monsters and try to survive alone. You need to clear each floor 5 times which 5 different character to move up to the next floor. That mode is most brain dead ever, even less strategy than... Genshin  Impact Abyss.

And that's it. This game only has the above.

Do yourself a favour, buy GBF Relink instead. And if you want a good story (because ReLink story isn't that good either to be honest), buy a book alongside your game. But this SAO is worse that Fatal Bullet. My only positive are: no framerate issue, no crash, server was pretty stable for me (i.e. no disconnect during the game), loading times are acceptable, controller works straight out of the box (I use a Dual Sense).",False,1727927825,20,0,0.606472134590148926,0,986,1033,76561197960338233
1858630,177952567,"20-30 minute queues for any multiplayer quest is ridiculous only a month into the games release, something has to change or its going to become impossible to play coop or raids",False,1730170263,2,2,0.495599806308746338,0,1675,1796,76561198208013441
1858630,202164012,"This is a massive downgrade from Alicization Lycoris. I own most of the SAO RPGs and while most of them are pretty similar, Alicization lycoris felt like they took a huge step forward. It's follow up game was more linear and felt like it went a bit backwards, but was still decent. Now we reach this Fractured Daydream and it's lost all the charms of previous games. 

You no longer feel like you are experiencing the SAO world like previous games. You drop in dungeons or raid bosses with other players which is unique to this game in the series. The only issue? It's insanely repetitive. Prior to Alicization Lycoris the maps were pretty small and linear but working through each one and its few side quests felt fulfilling. You advanced a silly side story that added silly new quirky side characters. It was fun! This game is not fun. It's boring, you spend hundreds of hours replaying the same 3 dungeon layouts and fight the same 3 raid bosses. 

Even worse they gate most of the raid bosses behind account level. You need like account level 80 to fight the last 2 unique raid bosses. This means you will be stuck farming the other two early raid bosses several dozens of times to level up your account. 

Progression is relatively weak too. You no longer play your own character and build it how you like, which has been a staple of the series. Now you need to level individual characters which are locked to a single weapon type. Each mission or boss is it's own encounter starting you at level 1. Meta progression in the form of weapon and accessory upgrades are very underwhelming. Besides main stat on gear they have additional bonuses except 95% of them are lack luster or useless and even the better ones barely add any noticeable bonus. 

Considering all these awful issues with the game the developers have the gall to release $20 character packages that add basically nothing to the game. It's a bloody joke. I hope this game did abysmal so they learn their lesson.",False,1755242439,25,2,0.735133886337280273,0,1591,1591,76561198052726537
1858630,176389895,"There's no content to play in this game, the ""end game"" plays the exact same as the early game, the only gameplay is running the same boring bosses over and over again, but there's barely anything to grind for. There's barely any gear to equip, and that stats they roll are all incredibly boring.

It feels like there was no actual thought behind the design of this game, there's so many questionable decisions and just general lack of thought for basically all the systems and every part of gameplay.

Don't buy this game, it's not worth it at all, and the servers will be dead anyways.",False,1728096948,1,0,0.522058844566345215,0,2711,2711,76561198041959625
1858630,201197375,"Similar to Granblue Fantasy Relink but it is a lot more janky, perhaps if they could smooth out the game play and controls a bit i'd consider playing it again.",False,1754037963,6,0,0.519353508949279785,1,2486,2486,76561198027873493
1858630,176658776,"Gameplay is cool, but the localization and censorship is stupid.  I tried leaving comments like this on social media and surveys but it every time I do it feels like no one in these companies care to read it.",False,1728423544,5,0,0.410096019506454468,1,2251,5289,76561198163313393
1858630,177101320,"I finished the main story, overall its a good story, especially if you are a SAO fan, character interactions is interesting, the new system in the story is really cool, the story had a good pace and many memorable moments.

I really love how the enemy and friends of kirito interacts with each other. Such a treat i hope there will be many characters to come.

Gameplay wise its a good action rpg not on level as GBFR tho, still clunky on some ways especially the camera. But its still good.
Coop overall is fun they implement a system where we must level up to unlock our skill, i havent been grinding much, its pretty much still alive, i can find matches without waiting, i play on Asia server its not that laggy, iam playing from SEA.
For characters, there is 21 free character from the enemy and friends of kirito, they all have unique move set.

Overall the game is not worth the price if you're just buying it for the gameplay, but if youre a SAO fan that watches all of the anime and movies you will love the story and characters.

The grind is for equipment i haven't do much but seeing there is cosmetics that we can get freely i will do it from now on since i finished the story. I hope this game can be alive longer than GBFR it has potential hope bandai will give it a good update.

Well after playing the multiplayer i can't really grind it the only way i can cope with it just play the daily quest and got off play other games because its too repetitive. I really enjoy it some times but it really feels grindy. The cosmetic reward also has a really low drop rate, character and player level up to slowly and there is not much that you can gain since the good reward is unique character passive and character cosmetics for leveling up character level. Player level will be used to unlock more stage, and i cant grind the same boss fight for leveling player level faster it gets boring quick so i just play boss then coop but it still feel repetitive. I hope they cook something for the next big update. i had hope for this game.

No update and the game got boring real fast i only play when there is exp up event. This is a live service game but as of this updated review there is still no new updates after 2 months, i cant recommend this game.",False,1729005097,0,0,0.482093662023544312,0,2940,3453,76561198180738277
1858630,177435580,"The game got me on the first half but the grinding is way too repetitive, not enough players to play with even if you're in asian server, the story is funny but makes absolute nonsense as always like trying to explain how kirito can get godlike powers on any VR game by just doing some screams and believing in his friends.

So far the game feels very empty, way overpriced for what it offers, they tried to pull a Blizzard by adding microtransactions but at least any diablo base game is far better than this poorly try of a game, if this is the best SAO games can do then is no wonder why the last games were so bad and why the game is dying so fast. 

I totally repent of buying the game on release, not going to spend so much time and effort trying to get the best equipment and leveling just to play with BOTS in a few months.",False,1729464456,1,1,0.5,0,1066,1128,76561198072471450
1858630,202602139,"I have bad internet begging for the boss raids to be in offline mode

game has a low player count but it's fun mostly online so can't recommend",False,1755803002,12,2,0.511757612228393555,0,794,859,76561198219353601
1858630,185808501,"leveling stuff takes so long it feels kinda pointless
but almost everything also feels kinda weak 
idk
matchmaking is too slow",False,1737146957,0,0,0.454545468091964722,0,1553,1553,76561198258893458
1858630,193933761,Dead game.,False,1746050153,4,0,0.532074391841888428,0,1937,1937,76561198000425941
1858630,177794835,"im surprised its... not good. its like sao fatal bullet but sadly... actually worse and it's sad to say. the game runs bad and is more or less always online only. the progression in terms of levelling feels weird and way too slow for the amount of content the game has. you have a lot of ranks to level up through and thats fine in itself but... theres no content to warrant the grind. you will be replaying a small selection of same stuff over and over again. i love this concept in games like granblue fantasy relink or monster hunter or god eater BUT HERE ITS JUST TOO LIGHT ON CONTENT TO WARRANT THAT!!! THERES LIKE ONLY 5-6 QUESTS AND THEN LIKE 4 ""HARD""/RESKIN VERSIONS OF THEM AND ALL THESE QUESTS TAKE LIKE 15 MINS MAX TO COMPLETE EACH!!!!!!!! THATS INSANE!!! theres also like 3 or 4 raid bosses. and they take like 10 mins to beat too. and then the open world mode which is so barebones and unrewarding that you dont want to bother with it (and i really like its open world idea. chilling and killing stuff. but they managed to make that feel unrewarding too). thats it. like around 10 quests in total to repeat for DOZENS of hours to unlock the hardest difficulty. its like u want to unlock the edngame someday but the start of the game already feels like BORING endgame because FROM THE VERY START you have to repeat like 2-3 quests over and over. so you play what feels like BORING endgame from the get go to unlock the STILL BORING, TRUE ENDGAME after like 100hrs which will be SAME STUFF BUT WITH JUST HIGHER NUMBER SIGNIFYING DIFFICULTY RANK. YAY!!!!!!! unless im actually wrong and higher ranks actually change the map design/gameplay in some significant way but i dont know cuz the game is too boring and slow to get to that for me, as of rn. and even if the gameplay changes on higher levels... it cant be much better, game structure is just too barebones from the start.

the story mode is actually somewhat nice tho. quest mode and story and free roam - all of these modes share their locales/levels with each other. so its recycled in that way which isnt bad in itself but im just pointing out how it works.

theres lots of cosmetics to unlock for free, i love that. its one of the main carrot sticks for progression and its actually neat.

the combat is sometimes nice but also big parts of it feels straight up unfinished and its baffling to experience. skills lock you into place so hard and the targeting on most of them is bad. many attacks feel sluggish cuz they do not correspond to 1 input:1 move rule, especially skills which are often basically a glorified cutscene that u cant interact with and they dont feel that good to use. the ui looks like placeholders at times. a baffling game.

i might play it more cuz i paid for it and its kinda nice in a way but man. you can get better experience in similar games, like diablo iv is a much better purchase than this. or free phantasy star online 1 on a private server. or monster hunter rise. or god eater. or granblue fantasy relink. or grim dawn.

the music has some nice stuff tho lots of it is recycled from previous sao games. some enemies are recycled too which again, isnt bad in itself but... yeah. the recycling doesnt feel particularly great here

this is the most dissapointing game purchase i had in a while.",False,1729966308,0,0,0.5,0,1477,1499,76561198146691902
1858630,176665120,"They should enforce permadeath on all quests btw
Also shading is broken on AMD cards",False,1728432773,8,0,0.534730255603790283,0,1803,5518,76561198064358282
1858630,184045560,"I'm going to go pretty in depth on this one. But the first thing I have to say is that the game, without bugs, would be a lot better

Consistent bugs - Game locks up at some point during multiplayer *after warning you that disconnecting can cause you to be punished* - I can very much imagine i'm going to suffer from that eventually, cause i have to keep restarting my game to have it move again.

- Game doesn't let me use abilities that are hold down abilities all of the time. It just skips the input. Doesn't do a normal attack, doesn't do anything, just doesn't work. Does this for both mouse one, mouse2, and on the gamepad. If i could change the inputs to a specific key, I suspect it'd work, because the trigger is likely being interrupted. One of the heavy downsides of unreal, and it's reactive system.

-Your idiotic teammates literally are slowed and do far less if you aren't watching them at all times. And I mean that literally. If they aren't on your screen, they literally move slower, and will not be able to keep up to you. If you want help, you have to keep them in view at all times.

The game itself is pretty solid, storyline wise. The play control (if working as intended) is pretty decent. It's short, as you can see with other reviews. Supposedly about 20 hours of play time. Not too bad, but might want to grab it on a sale for all of the other issues as well. The coop game play is limited to boss raids, free roam, and 'coop' which ends up being a boss rush. All of the players will sprint to the finish as quickly as possible, because that's pretty much how it's designed. It's not a great wife/husband game for this reason, really. If they'd made it coop through the story, it'd probably have worked better.

Tl;Dr - Could be a great game, has a lot of buggy issues. Coop could be better, for a game designed to be multiplayer and online only. If they ever shut down the services, this game is going to be pretty gutted. But you might still be able to play the story mode alone.",False,1735431984,1,0,0.52173912525177002,8,1426,1763,76561197967143985
1858630,186690484,"Sword art online fractured daydream had a big factor that interested me. It was to be online co op with a lot of characters for you to play. Unfortunately, there really isnt anything that new.. Like sure few things differ apart from the others, and also this game features the worlds of SAO and GGO merging together, and that is indeed nice to see. But it still doesnt justify the quallity of the game. The game is chaotic, for normal players it is almost unplayable, theres too many things happening on screen, the attacks and movements of characters are poorly done, it doesnt rlly seem like a fluid game. Sure it doesnt look bad, but the fights get repetetive, and its still nothing new. I really wish they would do GGO game, or SAO game that is acutally well done and done with effort. Make a massive RPG, or MMORPG that sao fans can be proud to play. If were only gonna continue to get this half done games, i just wont even try them anymore. If you want to play a good sao game play SAO Fatal Bullet, thats the only one which is actually ok.",False,1738173071,2,0,0.46989867091178894,0,951,951,76561199007676019
1858630,176536600,"honestly, not as good as I thought it'd be. I can already tell the dev's are a-holes.",False,1728266334,2,0,0.488634496927261353,1,1583,2633,76561198218086311
1858630,179519951,don't play it 10h of the same raid for like 4 leg items with terrible substats na this game suck,False,1732213945,2,1,0.479591846466064453,0,3237,3427,76561199145393685
1858630,177633389,"Recently, the game has been crashing a lot.
Why is the game getting worse with every update?",False,1729763588,0,0,0.523562073707580566,0,33712,47645,76561198113154084
1858630,178411157,"Feels inferior to Granblue Fantasy Relink. Doesn't have enough content beyond the main story and becomes repetitive quickly. If you’ve already played GBFR and are looking for something different, it can be fun, but there just isn’t enough to keep you engaged. If you haven't played GBFR yet, I recommend you try that instead",False,1730758635,2,0,0.511225461959838867,0,5983,6646,76561197991133708
1858630,178480577,"graphics are nice, that bout it

edit; this game died like 3 months in LMAOOO",False,1730862639,1,3,0.454545468091964722,0,4944,4944,76561198081439211
1858630,181500263,"Honestly, I didn't bother reading the story and the heavy grinding makes the game become repetitive and somewhat boring. But I mainly played this with friends and we had a blast. And that's what mattered to me.",False,1733143835,1,0,0.523809552192687988,0,6409,6467,76561198269537218
1858630,176896704,"The game was fun for a while but it got boring, repetitive and frustrating after level 70. I regret ever buying this game.",False,1728743149,5,2,0.47950473427772522,1,6003,6003,76561198281747415
1858630,176877683,not fun any more Dimps  and Bandai Namco gave up on this game no new maps or bosses every season just copy and paste,False,1728721458,0,0,0.5,0,20124,20124,76561197994732408
1858630,176133571,"This game: this is bad it will be dead within this year or start of next year they're reusing bosses the first month of release im not kidding the (event bosses) is just a harder gleam eyes and skull reaper (probably sword golem not sure).
DLC: adds 3 characters but only 1 playable ATM i would have rather wanted the game to be delayed then have to fight 6 different bosses 3 being reused just at a higher player rank and the same coop dungeons i've been playing just at again a higher player rank

Gameplay: its grindy i spent 95 hours grinding to player rank 100 it was fun from 1-45 they had a good pace going,  after 50-85 the game was getting a bit boring but i kept going 85-90 was alright but the game got more and more boring over time going from 90-100 wanted to grind to 100 just cause. 

not sure if they'll release a player rank cap increase but they just need more NEW bosses im not a fan of reused content in my 60-100$ game now if it was on the levels on fromsoftware ya i'd be alright with that but its not its a shallow game just trying to get money off the dying IP give me all the jesters you want i'll stick to my opinion.",False,1727759531,0,0,0.5,0,5744,5828,76561198192687990
1858630,187356413,"Is this game questionably ass? Yes. 
Do I still play this? Yes.

Best to get it when it’s on sale.

Genuinely though, this game feels more like a chore than an actual game. And the costumes are just being recolored atp. No creative energy from this game anymore.",False,1738906205,0,0,0.601702511310577393,0,9863,9863,76561199514856961
1858630,178094144,"There was a time I enjoyed logging in to play but lately it just keeps rolling downhill.  There are people on and playing but most of the time they are simply raiding the boss in free roam which gets boring really fast.  For those of us in the higher levels, the T4 free roam is empty and the T3-T4 co-op quest are basically non-existent.  Of course, this is on the NA server and if hop over to the Asia server you don't really have a problem getting into a match for the higher levels but don't expect any kind of teamwork or symphony for players trying to enjoy the game.  

With every update they make, it just gets worse.  When season 2 hit they simply added tier 4 with one new location, zone bosses for free roam, and higher levels for a game already struggling with new players keeping up.  The cosmetics they added that can be unlocked were just as simple as the ones they gave away for free and they locked all the better outfits behind a paywall.  I mean, you do earn one ticket per month that can be used to buy 1 of 12 cosmetic packs every 2-3 months, at which point they will release another 12 packs.  It's more like a free to play game that never ends and never changes content that cost an upfront fee to play.

Match making is completely useless.  You need 5 to start a quest/raid and if one party has 3 players then I guess your playing by yourself as it will start the match that unbalanced.  On top of this, player rank has no effect on how teams are formed so you could have 2 max ranked players on one team even if the remaining players are below rank 100.  The characters are just as much out of balance with some clearing entire areas with one skill.  I mean, I love nothing more than going into a match and seeing 4 cheatcliffs in the waiting area.

Like I said, I do enjoy the game but it would be a rough ride for anyone just now picking it up and would likely just frustrate them into rage quitting.",False,1730378015,0,0,0.5,0,42725,43039,76561198152018059
1858630,177295419,"Bought the game on 10/16 and manage to complete the story, found all collectibles and played Free Roam quite a bit. Already rank 25, but struggling to get the daily and weekly quests done, because I have to do everything in Free Roam. Why not do Co-op quest you say. Well I would love to, but I have completed exactly one game in co-op. Every time after the first I am sitting in the lobby waiting for matchmaking 5 to 10 min, before I just get bored and go back to Single player to level up. Edit the time to play Co-Op has dropped to 2.5 to 3 min. The sacrifice is that it is usually with only 4 real players and everyone else is bots. Honestly at this point just make an offline single player mode and let the people who enjoy that play it (Hi!).

I currently am having fun with the game , but I hope it will have the amount of DLC that Fatal Bullet had. Not gonna lie the first DLC is lacking to say the least a new character and a few missions that gives a skin you are already getting on the weapons that drop in said DLC...

10/23/24 update - I am, no longer having fun with the game. Sitting in the lobby waiting for a match to ultimately play with bots is not fun (Co-op and Boss Battles). Just give me a bot mode already. 
Free-Roam is it's own nightmare - takes forever to start then you get three missions. Two of them are kill X amount of enemies. Normal mobs are fine if you can find them and named enemies take a while to wear down. Oh did I mention that if you do not get the kill then you do not get any credit for whittling down 99% of it's health????  Have to love someone going 90 mph just come in and hit the mob once and you have to hunt for another one...

The Daily/Weekly quest are fine if you can get a room to go into and do them. Please tell me why can't I just do them in single player? I am still playing the game, just in missions I am not waiting 5+ min to start. This game needs more to do, that is more accessible. The DLC is a joke, give us more and make DLC worth it, not 2 hours of content....

Waste of money for the $59.99 the $24.99 for the character pass - this is my last SAO game in a long line of mediocre games. Held out hope for a decent game and was ultimately disappointed. This is the last SAO game I will purchase.

This is my last SAO game I will ever purchase. Tried to play today and the game kept giving communication errors and dropping me at the title screen. Reminds me a lot of SWORD ART ONLINE Alicization Lycoris where the game could not communicate with the server and you couldn't even use your cosmetics.... 

SAO Fatal Bullet and Hollow Realization will always hold a special place in my heart. Honorable mention for Hollow Fragment before they did the update that ruined the entire game.


Tired of waiting for the game to get better. Uninstalled and moved on.

Update 01/24/25 Re-installed the game to try the ""new content"" for DLC 2. Nothing really good to say about it, though the 4th mission in Pitohui says exactly how I feel with the game.... ""Hahh... Is anyone else bored?""

Nothing really new has been added,  2 new characters and # story missons (Didn't even finish the DLC to see how many missions it was......). The only thing added to online play is skins that you have to buy. I was hoping they would have updated some mechanics. Like adding I don't know Skill chaining that actually does something or better yet guns that shoot a decent distance...
Nothing like having to get in the face of your enemy with a sniper rifle.....

I was hoping for an updated Fatal Bullet, but all we got was a cash grab... Uninstalled and done.",False,1729288659,0,0,0.5,0,6118,6118,76561199472060310
1858630,192986646,"HARD NO.
If you haven't bought it yet, do not, if you are not dedicating to SAO. 
The dev team, or someone in charge, is not respecting your time. More update just for a T-shirt skin.
Late game content? How about same monsters with more HP and deal more damage?
Fun game play loop? How about not being able to ""play the map you want to enjoy""? because it's online only.
Imagine online only for 20 players lobby with less that 20 people online in-game (steamdb)
Want to ""PLAY YOUR FAVORITE CHARACTER?"" How about you are too late because other has picked it already.
.....
In short,
- Late game with no challenging and more complex mechanic, just more hp and more damage monsters
- More content updates with T-shirts with various colors. For real, so disrespectful.
- Can't enjoy a certain character for we can't have the same cha in the same 4-player team.
- 60 FPS cap with no DLSS to support modern hardware. Lossless Scaling can bypass this though.
Edit: They just added a dead character to the dead game LMFAO
To add salt to injuries, they show ads in the title screen where you click close yet launch a steam store page still....
.....
ถ้ายังไม่ซื้อ ก็อย่าซื้อเลยครับ
อัพเดตใหม่มีแต่ได้เสื้อลายใหม่ ทีมโคตรน่าเกลียด ซื้อเกมเล่นอย่างแพง แต่อัพเดตของกากๆ แล้วเอาสกินดีๆไปขาย โมเดลธุรกิจแบบกูจะเอาอย่างเดียว พวกผู้เล่นมีหน้าที่จ่ายเงินอย่างเดียว แล้วรอความเมตตาจากผู้ผลิต
รูปแบบเกมเล่นเพลินจริง แต่ไม่สามารถโฟกัสตัวที่ชอบได้ เพราะเลือกซ้ำในทีมไม่ได้ 
ไม่สามารถเล่นแมพที่อยากเล่นได้ เพราะหาคนไม่ได้",False,1744942626,5,1,0.508139967918395996,0,15178,16299,76561198076528973
1858630,201030005,"This game shot itself in the foot, it has fun gameplay but it gets weighted down by the requirement to grind to max level and then to grind for max level gear. Like grinding for end game gear usually has a gameplay loop, but what if that gameplay loop was the same thing you were doing since level 1? Thats the problem this game has, you literally just spam the same dungeons, sinking hours to gain even 1 level. The game also copies the worst mechanics from JRPG MMOs which is time gating their content to be available a few days per MONTH, when the very concept of this game is that you can replay and relive experiences of the games you played!",False,1753834257,6,0,0.518750011920928955,0,6526,6526,76561197968952083
1858630,193451906,"Game dead, idiots like me that bought the premium edition don't get character pass volume 2, barely any content basically the same game now as it came out which was barebones, insanely grindy (but free) battle pass.
why can't we just get a SAO MMO though if we do it'll probably get monetized crazy.",False,1745463296,36,4,0.763157427310943604,1,8046,8046,76561198253057557
1858630,183533967,"This ""Game"" is now on life support, with fewer players online than there are Bigfoot sightings in a year. Once a thriving community, it's now a barren wasteland of tumbleweeds and crickets. The camera seems to have a vendetta against you, constantly working to sabotage your every move. It's like it's auditioning for the role of your worst nightmare. The controls? Imagine trying to pilot a spaceship with a TV remote, blindfolded. Clunky and unresponsive, they make touchscreen controls feel like cutting-edge technology. In short, “Game” is less a game and more a frustrating exercise in patience and futility. Save your holiday money.",False,1735010254,3,0,0.523362815380096436,0,12801,12801,76561198002831723
1858630,182600560,"*Quick Update* Game is still very dead. Do NOT purchase it, period. Game should honestly be removed and servers shut off. 55 in game right now on SteamDB. Check it out. Need 20 to run most things.. or 5 and 15 bots. Let those 55 poor souls go from your wrath and kill the game.

Pretty dead game. Bought it because of hope, they've added no new content since it came out. People in the discussions only talk about ""Oh, they just patched it. for one bug. and added a free sticker based off an anime they are running"", but there isn't anything coming. No talk of content, nothing. Steer clear of this Scamdai game until they actually do something with it.",False,1734041632,67,7,0.720641613006591797,0,4740,4740,76561198178256138
1858630,184313392,"The game cost at least 60€ without reduction and you can go for an whole hour farming a quest and not having it increased at all, you loose 1 hours and the devs doesn't care nor give compensation. They even told me that there is no bug ...
I triple checked that I had the requirements for the quest but there is no reason for that to happen
Since the game is mostly doing those quests in multiplayer I don't recommend this game except if you want to loose hours of playing for the dev to bullshit you when the quests doesn't complete nor fill up

For the details, I had to defeat 500 enemies as support so I took silica into free roam and played it until the timer expire (1 hour), the quest's still at 0 but I received all the loots (that I don't care).

EDIT: Since update 1.2.0.0, the mission is now 100 enemies so it now takes 20 minutes to complete instead of 80 to 90 but it's still a loss of time if it happens (and it's still in the game)

EDIT 2: Since September 2025, it's impossible to play at all; European people have 1000ms on servers. You dodge an attack and get hit anyways. Honestly, buy Borderlands 4, it's not even out I can already tell your money is better spent there or MW wilds",False,1735638959,2,1,0.498771488666534424,0,22419,24105,76561198399212148
1858630,176134310,hi gamers. i am just leaving my review of the game. the game is a huge step up from the past 3 games. the game is a mix of every version of realm an it really nice to play. the game does have good frames on a low setting on the rog ally extreme at 10 watts an can hit with ease 55+ frames on 15 watts. the game is fun to play on both the hooked up with a mouse an keyboard an the controller built in on the device. i would recommend trying the game on the handled. i cant say how much better it runs on the new rog all x since i dont have it but it should play alot better then my version. i also have played the whole whole collection of sword art online games also an this is one i am happy i added to the list. this game has now a player problem were finding a game isnt gonna happen. there only around 80 plays in the world playing this game. they need to make this a offline mode with all the stuff to play solo at this point. i love the game but the more the game gets old the player count drop more an will soon be in single count. Pls just make this game single player offline for everything in game.,False,1727760825,0,0,0.485436886548995972,0,14620,15062,76561198107391087
1858630,192274829,this game is to repetitive and the drop rate sucks wish i could refund,False,1744096792,18,7,0.644718348979949951,0,12764,13842,76561199569626142
1858630,177391279,"A Horrible SAO Game—The Worst So Far, in My Opinion

This game is a disappointment. Although the story is quite interesting, that’s not why most of us bought it. It was marketed as a multiplayer experience, but it’s barely even a skeleton of a proper SAO game.

There’s no skill customization, and you end up grinding the same maps for hours on end. You keep playing, hoping it will improve, but it never does. If these were the only issues, it might still be bearable, but there are so many poor design choices that they completely ruin everyones experience.

There isn't much else to say, except that even if you're a die-hard SAO fan, you should skip this title—unless, of course, you're a fan of mindless grinding and don’t value your own time. In that case, you have my blessing.

Cheers",False,1729415626,16,2,0.575543642044067383,0,9071,9085,76561198029577217
1858630,178850319,"Personally I enjoy this game, but it’s held back by many issues that prevent it from being a worth buying for full price. If you can get it on sale I'd say in it's current state it's worth half of what it's asking for.

The core concept of the game is fun, and I do enjoy the world of SAO.
Some skins can be unlocked through the trial pass system, which is a positive step in the right direction. This is the best SAO game that's been released so far so for previous players of the series this is definitely a step up.

The long queue times, poor combat mechanics, overpriced DLC's/outfits in-store, and grindy progression system make it hard to recommend. If you’re a die-hard fan of the series, it might still be worth checking out on sale, but for most players, there are better, more polished games out there that offer a better experience for your money. If interested I will go more indepth into each of the issues below.

Long Queue Times, and Error Codes-
Queue times are absurd, primarily because there aren't enough players to fill the mid-level queues. As you level up, you'll unlock higher-level content, but good luck finding players for anything other than the lowest or highest-level queues. Even then, you’ll be waiting for a long time. It feels like matchmaking is broken, especially in mid-level content, where it’s near impossible to find a group. Imagine spending 10 minutes in que only to get an error code kicking you from the game after you do losing every drop you were picking up? Frustrating.

Pricing, and Value-
The game is overpriced for what it offers. The premium edition is $100 USD, and the base game is $60—both are too steep given the content and quality. On top of this, they’ve started releasing costume set DLCs that aren’t included in any of the editions. The deluxe edition includes the Season Pass Vol. 1 (Which if bought separately costs an additional $25), but it only includes 3 characters, which is a bit outrageous considering the cost. This also implies we'll see more Season Pass type DLC's which I assume will be the same price with the same amount of content in the future making an already expensive game even more expensive.

Grindy, and Short Trial Limits-
The trial time limits are too short for the grind that it requires unless you're willing to play hours daily. Weeklies unlock over time. If you put in the effort to clear them as they come out then you will most likely have to replay roles in the same missions in the following weeklies but if you wait for them to unlock then you now have a giant plateful to do all at once with only a few missions overlapping to be done at once. If you’re unlucky with matchmaking, you might end up spending hours just trying to complete a single mission for the Trial. Some missions are near impossible to finish like Syncro Counter's. For example in Boss Raid 1 triggering the Syncro Counter is nearly impossible if your teammates deal too much damage too quickly which is often the case since high level accounts will grind these out. If it does trigger you have a high chance of missing out still as some people might be camping it in order to get their missions done. Syncro as a Tank 5 times? Good luck getting there before everyone else.

In-game Store Issues, and Skin DLCs-
The highest-tier edition should offer access to every skin DLC or at least some in-game currency to buy ONE. Unfortunately, it doesn’t. Instead, you’ll have to buy “Medals” with more real money to purchase skins. While you can earn some skins via trial passes, the number of tickets awarded is small. One round of the trial pass so far has given you 1-2 tickets, and you need 3 tickets to unlock a decent skin set. I will commend them on not making the trial pass cost money so there's that.

Combat, and Controls-
Combat feels stiff, and the lack of control during attacks is frustrating. When you initiate an attack, it locks you into the animation for the full duration, and if there’s another enemy close by, you can’t immediately shift your focus to them even after finishing off an enemy with the first hit in the chain. You’re forced to finish the entire animation, even if you’re attacking air. The camera is a mess, especially when fighting flying enemies. The camera can spin uncontrollably during fights, making it hard to track your target. Additionally, One of the flying Boss enemy type's in free roam often will float out of reach becoming impossible to fight unless you’re a flying character or a gunner.

Free Roam, and Zone Issues-
The free-roam zones are poorly designed. There's a lot of empty space which means you'll be running around more than anything looking for enemies to fight which sometimes the red dot indicators for the boss enemies end up being wrong. Very rarely will you be put into an actual party with other players. Enemies from higher-level zones can follow another player into lower-level areas switching their target to you when that player get's out of their range. The fact that the Level 90 zone shares a line with the 1-18 section is a big issue involving this. When you die, you lose one of your acquired drops, which feels like an unnecessarily harsh penalty. Reviving other players is often not worth the risk when the enemies in the higher level zone can 1-2 hit you, especially when the revive button conflicts with attack presets on the controller, causing frustrating controls issues just to start the delay before the revive bar starts.

Co-op Play Problems-
The co-op play system is seriously flawed especially in Boss mode. In most cases, reviving a downed player doesn’t benefit you, especially since the game often rewards MVP teams based on damage output. If a player is down, it’s more beneficial to ignore them so their team loses damage so your team can get ahead. This leads to bad teamwork dynamics, where players abandon their teammates to get ahead for personal gain. The missions that pop up in Boss mode that give big chunks of score also are an issue. Highest combo mission for example. Players won't hit the Switch/Combo pop-up's when this mission is up because it will break their combo most of the time. No one going for the combo will stop to revive an ally either. There are also issues with treasure chests in co-op missions; since opening them doesn’t contribute to your score, most players just rush past them, ignoring the underwhelming loot that drops in co-op quests. This undermines the cooperative experience, and atmosphere the game should be promoting. My biggest issue with this system is players are starting to rush to the boss portal in co-op quests, and then waiting for everyone else to do the missions in the area so they can jump through the portal to start the boss before anyone else can get there so that they inflate their damage done.

Limited-Time Codes, and Outfits-
There are too many limited-time codes with a short duration, and they’re often poorly advertised. If you miss out on a code, you’ll never get that outfit/item again. The in-game outfits also don’t look very good, with some of the character models feeling a bit off—arm joints often look strangely pinched or awkward.

There's more issues especially involving Story Mode but for now I will end this review. I'll update it as the game continues to change.",False,1731361157,14,0,0.644034981727600098,0,3737,4841,76561197991953908
1858630,193491236,"I played the heck out of this game back in October to November, the game died on December-ish to February.
The game was great when it had life, now it's a barren waste land, if only you could start an encounter with just a handful of players, the game isn't a challenger ranks of league of legends, so queue times shouldn't be treated as such.

If ever this game gains any traction ever again; from a full overhaul/rework. I'd probably recommend it, as of now, it's a dead game, it's no longer worth it to support. it being a forever live service killed itself, they didn't learned from their past games, where it was only being played mostly by solos, plus the grinding on this game is abysmal I thought Diablo 4 on season 1 was bad, this takes the cake, no, take the whole platter, everything on the grinding table was atrocious, whoever cooked this mess needs to go back where they got their degree from; or burn the college down because what they teach is hot garbo at this point.",False,1745512702,9,0,0.574915468692779541,0,14567,14567,76561198077393929
1858630,176331708,It was fun while it lasted i guess,False,1728022363,0,0,0.496183216571807861,0,5880,5880,76561198799948708
1858630,179052651,"I gave the game the best chance it could have due to it's genre, but it really is just a flop.

Story: Lackluster Story only meant for SAO fans, for SAO fans it's a fine story due to a lot of deja vu.

Combat: Combat is 'fine', neither Good nor Bad, it has some tracking issues and is honestly horrible to play on controller due to targeting issues, MnK is superior, if you have high DPI tho on your mouse it's bad, the lowest ingame sens is still high.

Content: The amount of content was fine for the release, the problem is the Rank system/Level/Unlock System.
You need an insane amount of Grind to get anywhere and they thought it's a smart idea instead of fixing the 150 to 200hour grind for rank 100 we instead give you a x1.5 EXP week to Crunch through it.
Also the only added content so far is for people who reached rank 90 which is just and already existing boss raid but harder.


Overall the game is MID at it's best but the devs don't want the game at it's best.
Just a mess of missmanagement and clueless Devs, the game is way to expensive for what it offers and they don't want to fix it.

Edit: 
After spending more hours in the game and reaching the endgame I wasn't even aware on how much worse their limited hard content is, you only got 3 lives in a fight that will oneshot you while having a very clunky dodge system while also having to play on high ping except you are living in japan.
There is literally no point in playing this except for the story, it is bad.",False,1731668007,1,0,0.50777202844619751,0,7465,7692,76561198092418874
1858630,177832363,"I'm addicted to this game.  I'm still hooked on it.  I also couldn't even begin to -stop- telling you every bad design decision or mere incompetence found in this latest title.  Or the pokemon-esque nature of the quality this franchise has consisted of for the past 10 years.

It's not worth 60 bucks.  I don't regret the money I spent, because it was extremely fun for 3 days.  Then the population fell off as we (the general audience) realized what we were expected to tolerate.  

I'd say wait until half-off but the server population is already unsustainable on the Asian Servers.  NA and EU servers are already empty. The number one cope I frequently see on the sub-reddit is to tell you to go on the Asian servers and make friends to play with so you aren't partied with bots to compete against players.  If you want to grind with bots for 150-200 hours to hit max level to play a single raid with the remaining server population go for it.  Just keep in mind there's only 3 maps to play and 3 raid bosses to experience during that 150-200 hours.   Nothing else gives noticeable exp because they need to funnel 
people into those two queues to sustain a ""lively"" live service.  Oh and everything is a speed run by design.  Unintentional I'm sure, but oh look there's that long list of incompetence I swore I wouldn't talk about again.

If you love SAO buy it for 10 bucks for the story and never touch the online features.  I guess.

Rate this review a clown/10 so I wake up from this nightmare and smell the roses.  Lest I keep cutting myself on the thorns.",False,1730014836,2,0,0.52173912525177002,0,5992,7565,76561198040340105
1858630,176126045,it's mid.,False,1727747540,0,0,0.419580399990081787,0,4361,6006,76561198074490009
1858630,186679369,Dead game. Milking cow for Bandai. So many fans paid more than $40 USD for this just to get shortchanged for a sloppy and poorly made game.,False,1738162467,1,0,0.5,0,4935,4935,76561198171165977
1858630,190136346,Good game at first but to much grinding. fun mechanics. Fun mmo but this be somthin if your a fan of sao but asside from that not much else to say.,False,1741921451,21,1,0.680804431438446045,0,4680,4683,76561198368622528
1858630,176152840,New players moving on to new content and low level players cant find games with more than 10 people in a lobby.,False,1727788995,0,0,0.519999980926513672,0,7420,7586,76561198440169637
1858630,178725578,"Really fun, but you have put a lot of time into it. There isn't much content and some quality of life things need to be added, like dismantling based on rarity or rank. If you want to buy and play, wait for it to go on sale for now.

Edit: The game has a good basis and the above claims still hold. However, this time with the added bonus of not having any new content nor bosses added to the game for over a month. Strea, being the last character added, is fun and cool, however she's dog water, so you only really play her for three reasons; you're a die hard fan, you want her ability or outfit (me), or you want to 100% the game. There are still plenty of problems as well, like the warning areas to avoid attacks still hitting you even outside of it, a real problem in the elite boss when basically everything one-taps you. All in all I don't recommend it now, if you wanna get it refer to the above, and make sure you buy it on sale.",False,1731201972,0,0,0.512987017631530762,0,16868,17340,76561198931907025
1858630,178375289,"Don't let the 100 hours fool you. About 20% of those hours went spent in the pretty bland campaign, and a majority of the rest were on the same boss and 2 levels because equipment restrictions and what can drop is limited. Playing lower level content means you get lower level gear. You can use Effect Spheres to reroll stuff, but in all my hours i've gotten 11 rerolls, so it's not really viable to farm good gear this way.

Most the playerbase has already moved to the JP servers because other servers don't have many people, and a few things don't work properly there because of high ping(sorry LLENN players. Your ult's gonna stop 30% of the way through most the time).

In its current state, just don't bother honestly. Maybe if they release a hard mode to make the game's multiplayer remotely challenging or some way to play more than just 2 levels and a single boss for many, MANY, hours.

Even if you're still convinced you'd like it PLEASE wait for a sale. You'll feel better in the long run. $60 is downright absurd for what you get. Even worse, some elements for certain character's weapons in the base game are locked behind character DLC so you might spend even more if you really want some of your favorite characters as flexible as possible.

Just go play fatal bullet or something.",False,1730716457,1,1,0.503146708011627197,0,6394,6538,76561198002826497
1858630,177511034,"Trash system , combat , camera , ability , etc
AFK people in party :( , Block list did't help
crash many time about 1 time / hr.
with expensive :(",False,1729587795,2,0,0.482108235359191895,0,11209,11316,76561198050364898
1858630,179135393,"Well i had my Fun with the game till February 2025. 

One features i hope they (still) add in the fututre, that you can see if your friends are in a queue or match already 

They merged the Servers and for me the delay feels way worse compared to before playing on Asia. 

They added a feature that is again way better for Solo players and is worse for new starter casue you have to play with Tryhards that just keep rushing.",False,1731752409,3,0,0.545454561710357666,0,40096,49295,76561198148910501
1858630,177292411,"too many connection problems and can't join back, all experience is lost and makes it hard to lv up",False,1729285037,0,0,0.5,1,3839,12696,76561198340883790
1858630,177232448,"Updated review after release character pass 2:

Now the boosters for exp etc. are slowly getting into the game, as predicted in my first review:
- they sell now outfits, that gives bonus character exp. 

And the drop rates? 
Worse than in a gatcha game. In a gatcha game, it takes five minutes to farm upgrades. But in this game, after 20 minutes, you only get junk. Equipping a character well and giving them a ""build"" is virtually impossible.

How does upgrading work?
- you need to get a purpur rarity item: you get with luck 3 per hour
- weapons can have elemental dmg modifiers: 10 % or 20 %. drop is very rare.
- the item has to have the right mods that you want to extract. An item has only 4 mods. How high is the chance to get the right mod do you think?
- the mod should have lv 4 or 5. You were happy that the item with the right modifier finally dropped and then it's only level 1 - 3: congratulations on your scrap. You can consider yourself lucky at this point if the right one ever drops, even on lvl 1 - 3.
To sum up: 3 items per hour for crafting that are crap = 0 items for crafting. What game do you prefer: A gacha game where you get 100% items for upgrades or a paid game where upgrades depends on luck? 

Thanks to publisher for selling us a game with gacha mechanics instead of a game where you can have fun.
------------------------------
Updated review 5 month after release:

The game is dead, especially for new players

The game was marketed as a multiplayer live service game. What do they deliver until now?
- skins in real money shop, as they love your money
- no ""real"" new content, only a ""new"" difficult tier with the same content
> players leave the game

Bigest problem now for ""new"" players:
- to start a multiplayer game you need at least 5 players in queue otherwise the game will not start
> no chance to find games for them, as the rest of the low population is in high level tier
- singleplayer content is only a story, where you cant farm items
>after you played the story no advancement for new players  

If you want to buy the game wait for a big discount, as you will only buy the story part of the game.

----------------------
Review after 3 month:
The game is good and fun, but....with the release of their first dlc the game crossed a line between ""fair payed full price game"" and ""Pay to progress / f2p"" game.

Before the update there were only cosmetic items in the shop. But now they sell an item, that increases your droped items by 5 times. This explains, why the droprate for good weapons is so low :(. 

Furthermore you need to be lv 90 to join ""event bosses"", but it takes a very long time to get there...cries for exp boosters in the future. What could come next? Exp ,gold and luck boosters?

You can buy it, if you want to have fun, but be aware that the publisher is not on the customer side.",False,1729198093,6,0,0.514764308929443359,0,9530,10805,76561198075289349
1858630,177896035,"[h3]** ""This is a game, but it's not something you play"" ~ Akahiko Kayaba, Episode 1 of the SAO Anime **[/h3]
Instead, you'll be bashing your head against the same mission over and over for leveling before you can even get to grinding gear. My friends got burnt out before I did, and I don't blame them for stopping early.

[b]Pros:[/b]
   * Story was decent for an anime game. 
   * Plenty of characters to choose from. Some are very fun (in my opinion), like Yuna, Fukaziroh, and Eiji.

[b]Cons:[/b]
   * When playing offline, your only choices are Story and Additional Story (DLC story). Once you finish those modes, you're forced to play online if you want to do anything else.
   * North America and Europe matchmaking are as populated as that one party you invited all of your introvert friends to. AKA you aren't gonna get many people. If you really want to play the game with people, Asia matchmaking is your only real choice. (This can make latency vary)
   * The Player Rank Grind -- You'd have more enjoyment going out and literally touching grass than run the same mission over and over again. At World Tier 3, there is some variety in the form of co-op quests that can be one of two quests (randomized which you get) OR the boss raid that cycles between five different bosses daily. However, this has barely helped me on the grind.
   * Gearing a specific character is RNG on RNG. Got a new weapon? Is it for the character you want? You need the right element on your weapon, you need the ""EX"" form of that element. You get a legendary? What's its special affix? If it's an accessory, is it for the right role you'll be playing? 
        * Tl;dr: If you're lucky, you'll be good. If you're not lucky, be prepared to spend hours on potentially getting nothing.


[b]Tl;dr:[/b] If you [i]really[/i] want this game, wait for a sale. If you just want to play an SAO game, do yourself a big favor and search up ""Sword Art Online:"" and pick almost any other game. (Stay away from Alicization Lycoris, that one has mixed reviews for a reason). SAO: Fatal Bullet's base game is on sale for $4 at the time of writing this review and I enjoyed base game Fatal Bullet more than Fractured's base game & DLC 1 combined.",False,1730090896,6,0,0.552314162254333496,0,9130,9130,76561198331869680
1858630,177250357,"Honestly, after 600 hours, as someone who has more hours into other games; this is the only game I think I regret a lot of my hours are wasted into and money (DLC + Bundles included). 

The only positive I got was playing as Klein, and making friends. 

1. Grind Simulator for good gear for every character. You'll be playing the same co-op & boss quests hoping the equipment / cosmetic to drop. This game is extremely repetitive.
2. Lack of players / Slow matchmaking
3. Lack of progression after hitting certain milestones.
4. Isn't worth $60. Its not a 'don't judge a book by its cover' moment.
5. If you're a new player, I recommend join the SAO FD server to find a group otherwise you'll be stuck having bots and watching AID's request players bomb rush.
6. Things like Free Roam feels pointless. Join > Kill the Free Roam Bosses > Leave > Repeat.
7. Late game stuff is poorly done. Just the usual more HP & damage.
8. Co-op quests are horrendous to farm cosmetics you want. Can't choose what map you want. 
9. Almost every DLC are like $15 or more, for what little content they bring. They don't make a significant difference or impact.
10. Microtransactions for sets for characters. Why good sets behind paywall? As if the DLCs aren't enough.

I will update this eventually if I remember anything else.
My feelings are mixed about this. I've had good times, but that's because I've been here since the beginning. I made friends and shared memories, but that doesn't stop me from regretting wasting my time away on this game. Comparing this game to others, there's better ones.",False,1729227077,0,0,0.523809552192687988,0,36673,36673,76561198161402249
1858630,205712563,"""Azure Night"" gave a good review of the game. Read it before you consider buying.",False,1759429277,6,2,0.485847264528274536,0,8238,8238,76561198059182518
1858630,176131719,"The game is without doubt the best bandai namco can currently offer for the SAO series. However, it is nowhere near grandblue fantasy relink nor worth the price for any of it's edition. $60 for the standard edition is already overpriced imo, not to mention the $85 deluxe edition that only gives 2 DLC. The price you are paying are purely for the sake of multiplayer experience as the story dialogue and quest are quite bad. Judging from previous titles such as Fatal Bullet, if there are additional DLC other than the 2 DLC that the deluxe edition included, bandai namco is going to charge you around half the price of the base game for the additional DLC. Highly likely since it is bandai namco but still take it with a grain of salt. Would recommend on a sale of 50% at least.

Update: DLC 3 and 4 were announced and just so you know if you were about to purchase this game, you need at least 4 other players queuing as well to actually start ANY online match, good luck finding them.",False,1727756352,4,0,0.413547515869140625,0,10674,14477,76561198421068236
1858630,176576296,"Save Data got corrupted on the new update, lost 153 hours of progress because this spaghetti code doesnt have a proper backup. Not happy.",False,1728321047,0,0,0.497714817523956299,0,9161,14960,76561198027788471
1858630,178458356,"Revised Review.

It's a good game with two giant flaws.
- Lack of content, as in maps and bosses
- Hefty price tag

It was addicting for a time. My playtime was atleast 10+ Hours a week when I first started as it was almost a fresh take on games to me and almost reminded me of OG Pso2.
Through that addiction I powered on through to the endgame because that's the goal of most games(no)? And there are a ton of exp events every other week if you've been keeping track.
Then you realise the end game is everything you did on the way to the end game and nothing new.

The goal at end game is farming Bis gear which mostly consists of almost the same legendary lines with all characters on their accessories. While the legendary lines for weapon lines mostly prefer an epic weapon instead of legendary because 4 changeable stat lines are often better than 3 + 1 legendary depending on the effect.

The issue is actually getting what you want. Think old games with 1% drop rates.",False,1730831362,0,0,0.5,0,17254,17254,76561198080568715
1858630,177896772,"Unless you're already familiar with the Sword Art Online games, I wouldn’t recommend buying this one in its current state.

- Input Issues: Charge attack inputs drop frequently, making gameplay feel frustrating at times.
- Grinding: Before reaching player rank 85, the grind feels tedious and repetitive, with only two main missions to rotate between to maximize EXP gains.
- Limited Content: The amount of content is limited right now, so you might find yourself bored after a while.

It might be best to wait until season 2 to see if the additional content they will have asded by then makes the game more interesting.",False,1730092483,2,0,0.523809552192687988,0,7659,7996,76561198386506685
1858630,176457592,"1) Recent updates 1.3.0 took out all servers, Only ASIA server available now so if you are not in Asia please expect 300+ ping lag fest and delayed.
Its pretty much Abandoned now at this point.

2) Cross-play doesn't help the game popularity at all, since there are none to play with.

3) LV Cap too high and no new players going to be playing until that point and they keep increasing it.

4) Most of the new contents are just re-colors stages/skins/monsters, no real new contents at all.

5) On top of 60$ game you are going to pay more for new characters.

6) I wouldn't even recommend this game to my worst enemy. -100/100",False,1728177563,1,0,0.523809552192687988,0,42803,48774,76561197992428958
1858630,177372487,"After 4 months of not playing this game, I think I should revise my review. 

I was extremely hyped for this game. When it launched, the first 2 months were really something magical. 2 second queue times for 20 player lobbies, Getting familiar with all the characters, leveling up, killing bosses. 
As time went on, the magic started to wear off a little sooner than I'd hoped. New content was just too slow in coming out. The skill ceiling would alarm a claustrophobe. The optimal routes were quickly picked up on so variety went out the window. Enemy AI is just too passive. The game became a snoozefest. Extreme Boss raids added some excitement, but there just wasn't enough overall to keep me engaged. I've got a good 300+ hours out of it, but the way my engagement fizzled out... It was a hot and fiery relationship that just stopped meeting me halfway which soils the fond memories I've had. The DLC is too expensive and for what? 2 characters for $29.99 MY GOD. 

I'd go on and on, but I'd rather not let this review go on any longer. 
One final note, it's been an honor, all of you. Fellow Raid members.",False,1729387909,0,0,0.519465506076812744,0,19861,19861,76561198336103879
1858630,199459208,"Is a cluster truck grind fest, the problem game play isnt fun enough to handle it.
Endgame to use another character passive you have to grind the character rank to 30, before xp event that was even worse. and it still sucks.
FOMO is the name of the game.
TLDR: if you wanna 100% do it fast before the close it I dont see this game lasting long with bandai track record.

waste of time and money
Lacks basic QOL stuff like mass dismantle by rarirty
3 step to reach quit to desktop this is a mess.

edit3: after 100%, most boring grinding sheet I have played recently.
Boring repetitive maps
annoying mechanic that makes you get less xp if you split
annoying padding when making spheres for habilities they are sp[lit by weapons type and class type for acessories.
Requires minum number of people to do extreme raids.
Builds take way to long to come online, then lacks progression lake.
Really PLayer rank and Character rank? 
dlc characters that are overpowered.
Fomo season stuff.
Deplorable will never get stuff from dimps ever again",False,1752159248,7,0,0.548956692218780518,0,9175,9231,76561197989494446
1858630,201133334,"I have played this game for 1110 hours
honestly it was fun especially if you are an SAO fan

however the game is made of paper
if it crashes randomly WHICH IT WILL

it can just corrupt all your data
WHICH IT DID to me and Steam WILL save the corrupt data into the ONLY steam cloud save data

I have lost nearly all of my work
All characters above level 30
Most of the female cast above level 50 (for outfits)
Most outfits I've grinded out
All story progress
All Neige fragments
Strea level 130 (cap as of right now)
Silica level 100
Max player Rank
THE ENTIRE PLAYABLE CAST INCLUDING DLC CHARACTERS
ALL OF THE RARE DROP OUTFITS and accessories FROM Individual missions that have less than 1% drop rates
ALL my currency like 50mil
ALL my secondary Currencies (besides the new one just added for some reason)


I've kept
All my Tower progress (challenge mode thing)
My weapons and Accessories
The new Accessories they just added
Outfits and accessories gained from promotions
(maybe not all of them don't have access to ANY female characters so I cannot actually tell) or SAO Tickets


I didn't check rememberance crystals or their buffs
which would be pretty frustraiting to lose

HOW has this level of incompetence been allowed to exist for this long
this was an issue known from week one and THEY CLEARLY could fix this at ANY TIME

This is an issue that is part STEAMS fault as well as Bandai Namco and the Fractured Daydream's team
Steam Why do we not have MULTIPLE Steam cloud saves spanning over multiple days at any given time?

BN & SAO Team HOW DO WE HAVE SYSTEMS IN PLACE TO SAVE SOME THINGS BUT NOT EVERYTHING
WHAT IN THE HECK IS THE FREAKIN POINT FIX YOUR DANG GAME 
AS SOON AS THESE THINGS COME ABOUT

I am quite upset about this as you can tell spending 1110 hours to lose everything does that to you
Back up your saves if you decide to play the game and good luck ye who enter

I think I'm done till the next one 
unless they make a dumb game breaking update that trivializes the grind completely 
ignores story requirements and potentially ruins everything for the remaining players to bring in new players

even then it's a maybe for me 
as I don't want to see the game in that state

Well every game has it's end I guess
stay safe out there",False,1753960310,44,3,0.768550395965576172,1,66631,67112,76561198091902689
1858630,176185494,no,False,1727824106,0,0,0.5,0,6874,8359,76561198877796687
1858630,198131964,"A live service game that asks for full price at the door. 

The single player component is 10-15 hours of braindead-easy hack & slash with the typical simplistic writing you normally see in anime crossover games. The single player component alone might be justifiable at $5-10 if you're a big SAO fan.

Multiplayer is lacking in obvious QoL features and endgame content. The playerbase tanked by 90% after the first month and never recovered. Games need 5 players to even start and it's a fight to achieve that. The game's matchmaking was region locked for months and forced most players to figure out they had to switch to the JP server to even find games and then always suffered lag for their trouble. There is no competent way for games to be filled due to all players being skewed between account levels that only affect stat inflation when mechanics could have easily been designed differently to full everyone into a smaller number of queues. The game isn't designed to deal with AFK'ers running in circles at the start of a level to get mission rewards when the rest of the room finishes. Games in progress only have a tiny window to fill and then you're stuck with 15+ NPCs that can't pull their weight and if anyone drops it compounds the slog. Levels are randomly generated from a very small pool of possible rooms so they get stale fast. All gear drops are locked behind RNG and key components of your build may take hours before the game graces you. Most builds themselves lack depth and most equate to the same skill choices regardless of character with barely any unique options for individual characters. Half the cosmetics are locked behind a brutal season pass system grind or absurdly expensive microtransactions. Most cosmetics are colour swaps of existing costumes or ripped straight from previous games. DLC characters are way too expensive.

Multiplayer should have been free-to-play and even then this is far from acceptable as a live service.

But uh, Silica is playable and I can change her outfits, so 10/10.",False,1750877680,123,15,0.86646723747253418,0,18618,18618,76561198141191337
1858630,176677697,"I thought this would be great after the closed betas and the network test, but I'm starting to regret my $140 AUD purchase / hyped buy in. Really, I only have two main issues with the game.

1. The community.
The first issue I have is with the community. It's the most insufferable, horrible anime game community I've ever seen. I've got pretty thick skin living in AUS, but I'm glad that there isn't an in-game chat. I can see many people (with thinner skin) being put off by the many toddlers throwing temper tantrums in-game and on the forums.
Be warned, sharty behaviour is rampant, particularly in-game. People rush through the zones, barely killing anything, and then get shirty with each other over small things, like who does the most DPS on the boss / mission overall. But what really takes the cake is a metric I've been using to judge communities for a while now... Most matches tend to have high amounts of ""DBAPM"". (Douche Bag Actions Per Second)

2. The lack of content.
Aside from the horrible toddlers that make up the community, there isn't much content in the game. I expected more from Dimps. The story was fine and enjoyable, but the amount of content is a far cry from Xenoverse 2's story at launch.
Despite understanding that the multiplayer live service was the main focus, I can't help but feel like things could've been better. I honestly expected more from a renowned budget (AA) IP dev.

I think the game is fine for what it is, but I doubt I'll stay for the long haul. if I could refund it, I would, without a doubt. Buyers regret is certainly a thing for me in this case. 

Since I'm stuck with it, I'll just dig my heels in and watch the toddlers burn their new toy for myself, just as I did with Overwatch. I'll be lurking, laughing at the SAO toddlers as they destroy their community and new live service toy. With this community, I doubt it'll last more than three months.

Luckily, I still have Phantasy Star Online 2. If anyone wants a dungeon crawler, I'd recommend PSO2:NGS over this.",False,1728452426,5,1,0.502445101737976074,7,4462,7116,76561197987065774
1858630,190895708,"Online is dead expect if you can play on asia server and can play at peak hour.
Also the game online is trash.
And the difficulty of platinuming the game increases as the online on the asia server becomes empty.

Maybe the story is """"""ok"""""" (first time reading a SAO game so <.<)

Keep your money or expect to play only on story/score mode",False,1742653881,11,1,0.59858018159866333,0,15064,15064,76561198060204868
1858630,178272833,This game needs a whole revamp with the combat and all game mode,False,1730588310,4,1,0.546738028526306152,0,4620,5173,76561199101585742
1858630,198298910,"If I reviewed this on launch my only issue would've been the asking price out the door, but that comes with the assumption that they'd spare no effort in giving you consistent, high-quality content every other week or so to dip your fingers into and work towards at no extra cost.

Well that was true up to the high-quality part, I'll just list what they did wrong since the game launched, what mistakes made it worse and what they honestly should have done.

First of all the cosmetics are, most of the time, recolours or reused from previous games of SAO. That's just really dumb, while free for the most part you can ignore that until the ""free pass"" gives literal recolours with minor modifications as the main reward with maybe an accessory. Note that these passes give two 'actual' cosmetics, I'm not counting profile elements here, over the span of a 4 week period. That's it.

Granted, they release these packages with cosmetics in them, often themed after characters or events and while some are also reused or simple- they're unique and cool and sometimes coming with an in-game effect changing their ultimate skill animation for example. Unfortunately not only do these take 3 months a piece to even come out, they're not a part of said ""free"" pass. You have to either earn ONE ticket per 4 WEEK season, or pay some extra to get what you want. Do remember this game was full price on entry, plus the DLC characters all costing a lot individually.

Props where they're due, there's a lot of cosmetics by now but they're still bland or just don't work in most cases since you can't change the colours at all, since the idea of making alternate colours a separate costume exists you likely have dozens of dead in the water options that exist just to make you look stupid.

Secondly, the gameplay is actually pretty strong at first, every character is unique in function, achieve different roles, better at different things. They made each option meaningful even when they're in the same class. The animations are also some of the best we've seen in SAO's history taking their personalities and skill sets into account:

Kirito maintains his position with large sweeping movements that flow into each other, he maintains a torrent of hits naturally and it feels really nice to chain attack after attack. Leafa's kendo is shown through strong singular strikes, with robust form and deliberate strikes and gains speed/strength while airborne which is a nice metaphor to her character. Strea, one of the DLC cast- who has basically zero references outside her original game which more or less used general animations all the time, has incredible weight to her attacks, letting her sword guide her along for the ride- with nods to her in-lore abilities as an MHCP in Aincrad that sells her as a powerhouse.

That's all well n' good, all that effort is well placed and it shows genuine care but unfortunately the same 4 skills get old, and the only thing allowing them to change is barely unlockable and with the rate of updates it basically NEVER means your favourite character is getting any new variations or content towards their kit.

Speaking of, Equipment. It's the main means of farming in the game. Your player rank controls what equips are dropped, higher it is, higher the level you do, the higher the equip rank. They come in multiple rarities and you can dismantle them to upgrade equipment up to +10: which is the short version. Legendary equipment however gives bonus abilities tailored to the character's weapon which is cool, it don't change much but is definitely the most exciting part. This sucked originally but they actually added a means to inherit abilities into new equipment so honestly fair to them. Sadly however until you reach max rank all of that is dead in the water so you're saving all of what you get until it's worthwhile to upgrade them and dismantle your old stuff. It's pretty inoffensive, but a lot more can be done, such as weapon accessories, or even effects you can earn for ""prestige"", they haven't though.

Thirdly and probably the worst part if you read anything about the game is the player count. Now believe me when I say this game had 15,000 players PLUS going by PC numbers alone from its launch and beta test, that's cool- just hop in, find 19 other guys and let the good times roll. Unfortunately, remember I mentioned player rank? Yeah so that dictates what level of content you can do and forgive me not checking this but there's like 20 or so different individual levels, from rank 1 to 150. All of which have separate queues. This included with the boss raid modes which also have like 5 to pick from for different queues.
Not enough? Well, region is a thing too. On EU? good luck. Switch to Asia and worsen your connection significantly for a room 'cause at this current time, playing at any other hour that isn't peak for Asian players is a certified infinite 1/20 players found.
Credit again, the netcode is actually really solid in your own region, surprisingly so. Unfortunately it took like 2 months before I had to switch indefinitely to even get games at my rank.

That raises another issue by the way, newer players will never find games due to the abhorrent splits to the point that the day 1 crossplay means nothing. They can't rank up and do the missions where players are since there's no one to reach the minimum necessary. Higher rank players can answer SOS requests to join in which is nice but it's just a bandaid on a much larger issue.

So you might ask, where did all the players go?

Well aside the combination of reasons I just mentioned, it's because that while the content for cosmetics and your literal REASON TO COME BACK didn't exist, they add like no new stages or bosses at all. Since launch we've had 2 bosses that are actually new. The others were just existing models repurposed, and the other ""new"" one was a tutorial enemy that wasn't already a boss because I kid you not it had two moves for the sake of the tutorial but nothing else so it wouldn't function otherwise.

Story mode is okay, as in the story, the gameplay is horrendous it's just walking around doing single player stuff in a co-op experience- I liked the new characters and setting and it's really cool to see everyone interact who normally wouldn't. Naturally that was the main draw for me since I love this series a lot.

Solutions:

But yeah to fix the game it's actually pretty easy, first of all they make it free cause the player base is cooked, second they add 4 cosmetics to the pass where 1 is a recolour or whatever the hell they want and 3 of them are actually given time and care, also two tickets per season not one. Third is they unify the queues entirely, it's not that simple but there should be no more than three, split it three ways, and let the players who queued up VOTE ON A MAP RATHER THAN LISTING ALL OF THEM AT ONCE. Hell, make it two a day and cycle, anything to make it more streamlined. Same for bosses, three ways, cycle them as they already do. Fourth, every MONTH at minimum just add either a new boss or map to select from, ideally both- then remove one from rotation until the next season, that way you don't miss out on the cosmetics they drop.

And lastly, every month, as a last bonus, choose at least two characters who gets a different preset of skills. Make ONE skill different entirely that you can swap out, and all three originals (minus the ultimate since those are changed with costumes) can be given different secondary effects that you earn with rank like how legendary equipment effects already work. This would spice up people's mains a lot and keep it fresh.

Sorry for the essay but I can't recommend the game in this state, it has genuinely great aspects and potential with an awful live-service support system, every PR post is just a ""fight this boss but purple for an ugly hat"" and it's sad. I love SAO and fans will love the character presentation, but this game isn't worth it.",False,1751053543,48,1,0.81643909215927124,0,18488,19146,76561198802862176
1858630,176262578,"I'll edit this to give a fair analysis.

What's is the point? to collecting T-shirt's?

Men this game progression is going no where, no matter how much you play your sense of progress as if you're still in the same place, too much grinding for nothing.

Even if you're fuly maxed out, what can you do? farm more? for what?
the Rewarding sistyem is so unworth.",False,1727930099,0,0,0.48828125,0,13617,19217,76561198066190272
1858630,183478314,"bought the game hoping for decent action game, didn't get that.

stayed for 300hrs to figure out whats good, what works, how it works etc.

in the end, the experience is layer 1 shallow, there is virtually no skill expression, and the gearing/content loop is absurd, although they're *attempting* to address some of it in *season 2* they are still not fixing the fundamental errors that make this game absurdly unfun.

>progression is complete dogshit

you will spend the first 70-80hrs of your game experience just trying to reach rank 100, post season 2, the grind to 50 will be reduced, but the worst part of it (85-100) will be untouched. there is also no-one playing the content of the lower ranks/world-tiers. CPU/bot lobbies are dreadfully slow and teach you nothing of the game, even worse, is that the content you're doing is Co-Op quests, which by r100 you will find out all the knowledge you have accrued is absolutely worthless as r100+ content is exclusively boss raids

>the enemies don't fight you

you either roll the enemies to death in half a second, or you find arbitrary ways to avoid or mitigate them entirely. this includes bosses, but with how bad the ping is, you essentially just smack a big wall until it kills you (you're only dying in EX) for an action game with perfect guards/dodges, you almost never use them (also a DPS loss.)

>the gearing is abysmal

in endgame, you will need to setup your build with a specific set of equipment with desirable traits. getting a legendary item, is pretty fucking rare (1 in 10 on average iirc) then getting the item for your class-type (1 in 6) AND then getting the correct legendary trait (1 in about 5 or so depending on the item) AND then you need to farm several legendary and epic items to take stat lines for to create a desirable item. for every character. for every build.

weapons are almost entirely worse as for most characters, 75% of legendary effect options are ass, and one is locked to a specific element. even then, you require a weapon of every element that character has access to, with desirable traits, desirable legendary effect, then its RNG whether or not its EX (objective 10% dps increase) and if its lv.98-100 (average loss of 1.2% per level iirc)

in my 300hrs, with what i consider to be extremely lucky (and i was always 4-stacking in one of, if not, THE fastest party on the entire game) i was only able to fully gear up 2 characters. (silica/eiji) most players will never get fully optimised gear unless they're 500hrs deep.

i won't even go into how some of the BiS traits like crit have like a sub 2% chance of even appearing on gear, or the fact blue rarity and below cannot be used to take traits from, as i'd be writing a 50k word international crisis report.

>combat is very bland and expressionless

all characters share the same attack sequence profile, there are no jumpcancels to take advantage of, guard/dodge cancels are often suboptimal and have an arbitrary cooldown between uses and are very clunky. every character essentially boils down to ""find optimal normal attack chain, find optimal skill, use off cooldown and repeat"" with absolutely no exceptions. a lot of the top-tier characters have basic skills that can be indefinitely looped for easy, free damage.

as expected, there are no hard execution characters, one resource heavy character who is bugged as fuck, a couple of gimmicks that are mostly shared amongst several cast members at the same time etc. combined with a lack of response from the enemies, there is just nothing satisfying or fun. again, basic overview, but i only really have negative things to add.

>balancing (not just character balancing)

the roster is horrendously balanced, from characters having easy damage that infinitely tracks and has no weaknesses to characters who carry every utility, to characters who literally do the exact same thing BETTER than another character because ""lol"", and some characters who are incapable of doing virtually anything. the balancing is an absolute mess.

element damage fundamentally in my opinion upsets the game balance entirely, and makes balancing the game impossible from a developer standpoint. element adds a flat 20% additional damage boost to any damage done on an enemy, provided you hit them with the element they are weak to. (relink anyone?)

where the issues comes in, is that all (besides 3) characters are missing at least one element from their weapon roster. and mobs, where present in boss raids, might have a different elemental weakness than the boss, and finally, the BIGGEST problem, is that all characters have at least one elementally-locked skill.

the issue here, is that certain characters now have certain parts of their moveset completely made redundant or useful based on ONE select piece of content. sometimes an ENITRE CHARACTER becomes completely unplayable if their missing element is the weakness of the boss in current rotation. even worse yet, characters can have legendary effects on their weapons to change their elementally locked skill into a new element, which is also fixed to one type only, and grants a FURTHER 20% damage boost vs. that element. making gearing and character power even more matchup dependant.

as explained earlier, its also completely unviable to use multiple characters for specific bosses/quests, as you would quite simply never gear them in time.

element simply makes or breaks your damage performance, especially considering elemental damage stat lines are commonly one of the best overall damage increasing options, alongside the elemental damage boost mod that can drop in missions. (elemental damage is also capped out to 100%... because fuck you in even more hyper-specific scenarios)

there's also stuff like skill cooldown on crit that breaks the game, but it is what it is.

so in the end, you will be playing a game that requires 70-80hrs before you can even properly start playing it, with extremely shallow combat, no progression, an endless grind that you cannot win, with poorly balanced characters and mechanics, whilst having a concurrent playerbase of under 300 people. yeah i'd probably buy it in a sale for a laugh in 5 years time.",False,1734961453,64,2,0.785547912120819092,0,18330,21324,76561198079964985
1858630,194507033,It ded lol,False,1746749403,25,0,0.696002662181854248,0,44690,45523,76561198880700770
1858630,177015779,"I have 150 hours in the game with almost all rank 30 or higher characters and rank 100 character level. 

To be honest it was fun before  the fact that the game constantly forces you to play characters you dont want to play since the drops for character you do want to play  do not exist. I dont want to play support or tank characters stop giving me 80 legendary drops for them and nothing for the characters I do want to play. The grind is repetitive, same  raids over and over again nothing not even a dungeon for rank 100. On top of that thereis no chat features to converse with anyon other than generic stamps. 

Fix the camera angles also. Its not a bad game to pass time if you are waiting for other games to come out like I was but as far as longivity goes this game isnt it.",False,1728876173,12,4,0.554250419139862061,0,8716,9112,76561198877373061
1858630,176336234,"UPDATE 2025 dead game.. even in japan servers its hard to find peopl...  take the game at sales... 

Pros
+Story  can be played offline and is long
+Bosses have their signature moves
+There is  nice pool of  characters that u can play  (21 +3 annouced)
+You can farm nice cosmetics by doing story,Co-op missions or boss raids

Cons
-Its  repetetive  9 co-op missions with different bosses in the end its small dungeon maps not rewarded that good...  and 3 boss rush
-Free roam honestly idk... i dont feel  that map... you spawn in huge map with different locations scaled from 1-18 to 92-100 just run arround find monsters/bosses kill them  repeat also u can finish quests to progress faster battlepass kill enemies,kill named enemies(that mean boss), run 4000 units,kill  bunny etc. From chest u get loot
-Low player base(i mean dead player base 7min que and still 3/20) in Europe and Asia become laggy u will getting hitted even when u dodge attacks

Neutrals
•You have to progress story to unlock characters for online
•Its grindy as hell 
•There is cosmetics for money that change ultimates
•Live service game
•Combat for me feel pretty nice even on gamepad and i fall in love with how easy it is there compared to other SAO games. Characters have their signature moves and evryone is pretty strong  even if u are supp/tank your dmg output can be insane
•High que time for  harder missions in Europe server (well nothing new game is new and peopl grinding story to unlock characters/skins and lower missions) for lvl 50 boss it takes about 5min to find a game. But there is simpl fix just switch server to asia and u can que instantly and for my self i didnt have problem there.
•In game store+Batllepass well for my self thats in neutral.. its always nice to support devs even more and first battlepass is free also u get in battlepass 2 tickets for skin bundles in shop(no info about the future ones... so depend if will be free/give back currency) and for store.. well you can buy the cosmetics that change ultimates and are for 1800 coins(3tickets)  and then regular skins 1200(2tickets) and  600coins(1ticket)  for 30€ you buy 4200 for me its fair price 2skins that change ultimates+one skin for 600  or 3 normal + 1 for 600coins",False,1728030178,1,0,0.523809552192687988,0,4883,4983,76561198042307638
1858630,176756424,"Only if you like SAO and it's story interest you. 

The whole ""Co-op"" focus is such a stretch when the amount of content / game mode is rather limited. You are doing the same thing and gameplay over and over, rushing across stages so you can level fast and participate in some sort of a ""DPS race"" against 3 other groups of players. Funniest thing is you are match against higher rank players through your leveling process due to the limited amount of content, so you will likely lose in terms of damage output anyways and the ""MVP"" team is suppose to get rewarded more XP. This eventually leads to ""leeching mindset"" that the devs said they are against, ironically is caused by their own system design to begin with.

Credit where it's due, this is probably the best looking SAO game. The older titles are obviously.. old and clunky. This just happens to be the latest game and less clunky.

The battle pass is free, but it's a chore to grind when dailies require too much investments per day for the average working adult. Progression for the pass is just badly balanced, could be made easier.. But the nice thing is the pass gives out 2x ticket that can be use to purchase cash shop outfit bundles, if you grind for it that is.

overally 5/10 game. Wait for sales, but co-op will probably be dead by then",False,1728567846,0,0,0.5,0,3998,4274,76561198044346640
1858630,176147715,"First impressions after day 1. The game is fun and has some challenge. Most of the characters are fun, but some feel pretty weird.

Story: its the normal sao game story with a lot of the same style map, but it has some fun bosses that prepare you for the real part of the game.

Music: Its pretty similar to the anime and fits well in most scenarios.

Gameplay: While it can feel clunky at times it feels a bit better after a while. The main issue with gameplay is the camera, lock on, and some of the skills locking you in animation. Though the skill issue isnt a big deal as it shows skill expression. Being forced to lock on for half the skills to hit the correct target can be pretty frustrating. The game is fun though.

Visuals: The visuals are great for an SAO game. Some visual clarity issues with having 20 people in a close area. 

Performance: While you can keep 144 fps in some areas of the game with 1440p, it tends to dip in most areas. Doesnt tend to drop under 50, but it can. I recommend playing on 1080p for best performance. Keep in mind my PC is pretty solid.

DLC: I cant access this shit. Hopefully after launch.

Final: The game is fun with some issues. Multiplayer as of current is filled with AI due to lack of players. Hoping more players come after launch. 7/10

After further play this game had a lot of potential, but feels way too boring in the long haul. Maybe if they added a tower mode this game would be a lot better.",False,1727782643,0,0,0.536287367343902588,0,4380,4473,76561199066475893
1858630,177138684,"[h1]Sword Art Online: Fractured Daydream - A Frustrating Disappointment[/h1]
[h3]
[/h3]
As a fan of Sword Art Online, I was drawn to Fractured Daydream by the promise of 20 party raids and an engaging RPG experience. Unfortunately, the game failed to deliver in several critical areas.


[h3][b]Pros:[/b][/h3]
[list]
	[*][b]Mechanics:[/b] While it's probably one of the better SAO titles on the market, that's not really saying much.
	[*][b]Earnable Cosmetics:[/b] Some cosmetics can be earned, but at an extremely low drop rate, or through story quests by defeating a random named monster.
[/list]


[h3][b]Cons:[/b][/h3]
[list]
	[*][b]Unpolished Gameplay:[/b] The gameplay isn’t buggy but is far from polished, feeling more like an unfinished beta.
	[*][b]Poor Storyline:[/b] Shallow and not engaging for those unfamiliar with the previous titles or anime/novels.
	[*][b]Stamina System:[/b] The stamina system for flight feels more like a penalty than a fun experience.
	[*][b]Repetitive Quests:[/b] Most quests are tedious and repetitive, offering little variety or challenge.
	[*][b]Microtransactions:[/b] Mostly cosmetic skins that aren’t heavily pushed, but still a factor.
	[*][b]Performance Issues:[/b] Even on high-end systems, the game struggles with performance issues and long load times.
[/list]


[b]Overall:[/b] Sword Art Online: Fractured Daydream fails to live up to its potential. The grind to reward ratio is astronomically low, making it a frustrating experience. I would recommend picking up Granblue Fantasy: Relink if you’re seeking a fun action RPG co-op or single-player experience. Save your money and your time—this game isn’t worth it.",False,1729058429,8,1,0.578171074390411377,0,7744,7825,76561198058041863
1858630,176257144,"They need to really fix the drop rate, and its so boring running the same stuff for 25+ levels.   And then the next tier is the same stuff youve already ran before!  Just it has a 50/50 of which level it chooses.

Played another 70+ hours in this game.   It sucks... there isnt any fruit to your labor.  
This game is the meaning of SSDD... Same Shit Different Day.  Nothing changes at all.",False,1727921718,0,0,0.5,0,8532,8552,76561198040562930
1858630,193538560,"Magical experience at launch when the online was full of players but the game play loop doesn't change much from beginning to end and the rewards aren't worth the insane grind.

On top of that, despite being sold as a premium game; there's Dailies, Weeklies, micro-transactions, and a seasonal battle pass. Commonly seen in mobile games in an attempt to keep you engaged. I agree with everyone saying this should have been a free-to-play title.

I bought Fractured Daydream because Dimps is developing it and I loved my time with Xenoverse 2 and Fatal Bullet but I don't see a future for this game unless they overhauled certain aspects like converting the online modes to offline. Offline players only get story mode while everything else requires an online connection. There's not many people playing anymore and most online sessions are with bots now anyway.",False,1745571449,18,0,0.640351474285125732,0,8205,8205,76561198002563970
1858630,201543881,Can't believe there is no way to mass select/highlight multiple blue and purple equipments for dismantling. I am not doing precision clicking 5 Thousands times in my inventory to dismantle them.,False,1754447464,19,2,0.628539800643920898,0,3685,20144,76561198218140348
1858630,178415533,"I had high hopes. I pre-ordered. I was 100% satisfied on the first few days. And now I'm bored. Same map, same grind. Ridiculously low drop rate. Burnt out.

Edit after almost 3 months of purchase
Still no update, nothing new, same grind, I like the series, but what a disappointment. And I pre-ordered the DELUXE EDITION.",False,1730765264,0,0,0.533834576606750488,0,7366,7366,76561198384551293
1858630,176296896,"Changed my review, the game is dead and it is a cashgrab, do NOT support this game",False,1727973465,0,0,0.5,0,5921,5921,76561197967825740
1858630,177881273,"Janky game. Not worth the pricetag, not to mention all the microtransactions and points of inconvenience of having server checks while still having cheaters generating gear or modifying their stats locally.",False,1730067530,8,0,0.552108645439147949,0,13744,13797,76561198066760450
1858630,186790519,"At the time of making this review, the game is in a dead state, with barley 450 players at peak, so if your a newcomers, your gonna be 90% in lobbies full with bots and reaching the max rank (130 at the moment) is gonna be a tedious and frustrating experience, and that if your playing in the Asia server, so your gonna have ""fun"" with ping issues because NA and Europe server are non-existent 

Don't bother buying the Premium or Deluxe edition, there not worth that money and your not getting all the content, since character pack vol.2 is a separate purchase, with a lacking artbook and a incomplete Soundtrack album, and giving you with a mediocre 128kp/s audio quality and a mini game that is fine at best

The game itself is decent in a normal basis, but your definitely gonna be burned if your playing for hours. The story is ok for SAO game standers and the DLC stories are a nice addition and there enough content for like a week, but the problem is after reaching rank 130, there nothing else to do.
No ranking 
No leaderboards
No Guild system 
Just doing the same over and over for legendary drops.
The game definitely not worth 60$ for this little content that offers, and idk if I should recommend it later or not, since probably it gonna in a worse state then the time I'm making this review. 

If your a normal player, this is definitely a skip
If your a SAO fan, think about it if you decide to buy it or not

Update: 
The game is beyond dead,with barley 100 player at peak if your lucky and it appears that no new content will be added like...ever
(No, ex boss and extra tier is NOT extra content) 

So at the end, don't waste your time in this game and go find something better",False,1738290525,25,2,0.743595302104949951,0,18386,18386,76561199512422505
1858630,176156572,F**k,False,1727792941,0,0,0.5,0,9461,9461,76561198333706761
1858630,176207801,"The gameplay loop is awful. The story mode is bad, it's just poorly written and I genuinely could not have cared about any of the characters. I pretty much didn't care about grinding the most annoying daily missions and the same mission over and over for one legendary... for a character I don't even like using",False,1727860351,0,0,0.5,0,4327,4327,76561198135549025
1858630,177162158,หนีไป,False,1729095408,1,1,0.5,0,7174,12164,76561198310163775
1858630,178068507,"This game is good if you a SAO fan. The Developers seems to be trying to improve the game so that is a plus. but honestly, they need more content, and if u want to, you should get it on sale.

I come to play the game for LLENN from GGO. She was buffed so now her normal ranged attack finally useable. They nerf hard Yui's triple balls

I wish the developers also shared more news on steam for us global players. Right now we have to stalk the japanese discord or twitter or news page for information, and even that some info are not enough until tested or shared by others. Some people didn't know we can transfer legendary lines now.

I love the way we can build the characters now because of that, and the upgrade z material mechanic for upgrading your built lvl 100 weapon into lvl 135 with same effect lines, although the resources are as usual, very very scarce and low in availability. Wish we can farm it at tier 4 quest instead of waiting them donate us in email that materials.

Currently the most recent content is Trommel Zwei Extreme Boss Raid. This is the most not fun boss. It take too much time at far away that u cannot hit. It just love hanging out at the backdrop spamming missiles. it has very low downtime where your windows to dps, is like so short. While having very large HP Pool. There are times attacks seems delayed, probably due to lag or this boss just have weird delay bug with animation. The timer should be increased for this boss to be clearable. Hit box also sometimes does not makes any sense, sometimes i still get hit when it should not have, and sometimes while reviving others, the 6 missiles on top of me doesnt hit me at all, no damage. 

How to win?

Pray someone bought the DLC, have max built Pitohui(abuse emote) and M(broken OP passive) , and let them deal 100 millions damage to kill the boss while u just keep surviving and reviving each other. It is not fun.  The rewards also so tiny and insignificant compared to hours of efforts.

Better go play coop quest and other boring contents in the game.

As Someone without any DLC Bought, I believed EX SMG Moonlight weapon, the 35% Light weapon for LLENN is in all rarity, locked behind DLC. Despite I do not have DLC, i can still get Yui's EX Cyclone Dagger 35% Wind weapon, even if it is at just Rare rarity. but never seen at any rarity, for drop or crafting, EX SMG Moonlight. Either the dev intentionally locked the entire rarity of the weapon in DLC, or I am super duper unlucky, or there is something wrong with my account.",False,1730334773,1,0,0.4178963303565979,0,17834,28558,76561198125449485
1858630,200990861,dead game with no new content in ages  instead lets release more  char dlcs  yeah makes sense,False,1753797223,3,0,0.496220529079437256,0,4343,4343,76561198036717329
1858630,177425651,"I really want to like this game. Way too expensive for a game with almost no content. Story mode is okay. Core gameplay - co-op missions, freeroam and raids are waaaaay too repetetive, to the point that there is no difference, sure the layout might change for the co-op missions but it's always the same rooms with the same goals over and over again. 

That's the content of the 60€ pricetag. And we're already in DLC 1 phase.

Can't recommend it. Feels like a cash grab, maybe in the future they will add more content. (or the more probable one - they'll abandon this and new sao gets released)",False,1729452384,22,2,0.651834666728973389,0,3880,3891,76561198011713963
1858630,198795137,"TLDR - Don't waste your money on this game. If you REALLY want to try it buy it on sale other wise don't waste your money. Also make sure you check out the multiplayer modes before the steam refund period is up because that is where majority of the content is and the story mode alone is not worth getting the game for.

This game had a lot of potential, but it really fell short. The devs have not added any truly new content to the game since launch. It is all re-colors and re-skins for outfits, weapons, stages enemies and bosses. 
[h1] UPDATE [/h1]
They added one completely new boss. It is a nightmare of constant AOE attacks and everything is a resist spot except for the Weak Points that are actually constantly changing position.

The wait times for quests and raids in this game run the gambit. If you are on at a high traffic time which is usually when the Asian players are on then you will be getting in to your raid or quest in a reasonable time. Though if you are playing any other time than peak hours you could be stuck in queue for a long time. The longest I have been in a queue and still never got in was 30 minutes. 

The game play its self can be fun, but is very repetitive after a while. The game is most fun when playing with friends in a voice chat from my experience. There are still several glaring issues though:
1.   There are to many tiers of Quests and Raids which makes it much a harder then it already is to find a people that are doing what you want to. This game has seasons. Every season lasts 3 months and at the start of each season there is a level cap increase and new tier of difficulty added. Further exacerbating the issue.
2.   When the max level goes up so does the max level of obtainable equipment. Thus you need to either use the VERY rare rank up item to boost your equipment level or rebuild your equipment again with the hard to get effects that you need to collect. Either way you still need to get a drop of Epic or Legendary equipment that is for the class or character you are trying to build. The drop rates for these are ABYSMAL and there is NO GUARANTEE if you do get a drop its is for you characters class or that specific character.
3.   They have added a new piece of equipment that can only be crafted once you have enough of its specific currency. Then if the effects on it are not to your liking you have to spend more currency to get a randomly generated new effect. Thank fully you can do this separately for each effect. When I tried out this new addition to the game it took for ever to get one with One effect I wanted and still could not get any other effects I wanted on it.
4.   The fastest way to get any where in the game is the spam dodge button. If you don't you will be left behind ALL the other players. 
5.   There are meta characters in this game you will find almost no mater what you do if there is someone playing a meta character you will not beat them on the damage board at the end of a run. Additionally every character has a best way to play them and it really feels like some of those ways were NEVER intended to be a thing. Some are just so ridiculous its not even funny and to make matters worse the devs have not tried to re-balance anything.

The EX raids the Highest level of content in the game are fucking awful. They rely on well timed dodges or blocks and high damage out out. If you don't have the damage output you will run out of time and fail if you can't block or dodge attacks most will one shot you. there is also a 3 down limit after that you are fail the EX Raid. Additionally if no one revives you with in 12 seconds when you are downed you get fail. To top it all off they keep adding random crap to the stages that you need to worry about because that shit also has a chance to kill you.

To top it all off unless you are in Asia your going to experience terrible latency at times that will KILL your experience with the game. That is because the devs consolidated all the servers to the Asian one as so few others played on the NA and EU servers when they were around.

I still play on occasion, if I feel like it, if a friend or two is playing, but by and large I don't touch the game anymore. Its not worth the headache or the frustration it can cause me.",False,1751512704,24,2,0.701293885707855225,0,49509,52561,76561198308332403
1858630,205902140,it was fun for a month,False,1759620377,9,1,0.608588933944702148,0,4107,4107,76561199125267207
1858630,181040978,Just trash,False,1732970770,0,0,0.476190477609634399,0,4889,5201,76561197991736288
1858630,178279977,"* grindy FOMO battle pass
* very very low costume drop rates in co-op and boss raid
* gameplay loop that got stale really fast

For a game that advertise for its character customizability, the numbers of character costumes you naturally unlock in-game are too few. Majority of cosmetics are drops in co-op or boss raid which are very rare and stale gameplay makes it a boring grind.

The stale gameplay loop makes grinding for the battle pass very unpleasant and since battle pass has a time limit, you'll miss out on the cosmetics once its over.. it feels like I'm buying this game just to suffer.",False,1730596510,52,5,0.811024487018585205,0,4042,4146,76561198304892917
1858630,191995306,"[h1] Imma just be honest, the gameplay is good but the game is not worth buying. [/h1]

Alot of the content in the game is just repeats of content you will have already played with a slightly higher difficulty level, the story is alright but ultimately is recycled multiplayer content for gameplay and the cosmetics in game are either free, mediocre reused assets from fatal bullet or decently pricey and not worth the money (sometimes just reused assets from fatal bullet again).

On top of this buying the game as a new player is not a good idea as the low player count from stale content and lack of new content updates means you will rarely find any matches at a low level as you need to have at least 5 different parties queuing for the chosen dungeon to start the match, add this on with how much the game expects you to play to progress through levels and it's nearly impossible to get to the level and content that the small group of active players are actually playing.

One of the only good things I can say about the game is the gameplay is genuinely fun, combat is fast paced and satisfying and the characters have actually fun, varied and unique skill sets and play styles, just unfortunate they do not get the content to support such a fun combat system.

I honestly hope if they release a new SAO game (Unlikely as I think the story has ended) that they use the combat system they have here, as it's genuinely good, and that hopefully it actually has content to PLAY.",False,1743805272,16,0,0.675059020519256592,0,7012,7091,76561198993073096
1858630,183218475,"This game unfortunately is absolutely not worth your money, i'd consider myself one of the biggest fans of SAO out there to this day, was excited for this game for months and played both the closed and open beta, which were incredible, but the full game is not. 
for one, the game is far too expensive for what you are getting, this game 100% needs to be made FTP or made to cost 10 dollars if it wants any chance at survival, to spend as much money as you do on the full game and nearly all cosmetics being money locked is undesirable and makes NOBODY want to play. 
two, the lobbies are dead, you are forced to play on asian servers or not at all, there is nobody on the NA or EU servers, they need to get rid of the separate servers and integrate everyone into asia so queue times arent so horrific. 
three, there is no to little new content, new outfits are often just lazy recolours (already), and you are made to fight the same bosses over and over and over again, dlc's take months and months to release and include VERY little content, and cost money. (not worth it) 
the games fun to grind for a bit if u want to just chill as your favourite sao characters but otherwise thers literally nothing good about it. get it on sale or not at all.",False,1734721657,3,0,0.52935326099395752,1,4197,5353,76561199188020497
1858630,177833424,"I really want to like this game. I really do.
But if you coming expected to just build a character you like hit some boss and get out.
No, you won't. you'll  be spending your next 80-100 hours just to grind your level to even unlock the highest content.
Now that you hit highest content you'll grind you ass for the legendary gear which's may not drop even after 10-20 run
Even after they drop it's still has to random which golden affix you need. There's no way to manipulate this unlike some ARPG like PoE. 

This isn't some kind of Mobile Game bullshit Okay?",False,1730016367,0,0,0.476190477609634399,0,6623,6885,76561199132932529
1858630,176162848,"Cashgrab if I've ever seen one.
EU server is almost dead (insane queues) and Asia server (not dead) lags.

[h1]Short summary[/h1]
[list]
[*] 60-100$ game with cash shop (always-online, predatory pricing, pay for advantage).
[*] Combat ranges between mediocre and fine (more on that below).
[*] Lazy RPG mechanics. Numbers bloat, you kill at the same speed.
[*] PC port is lazy. 
   [list] 
     [*]Keyboard+Mouse controls are atrocious (not just key mappings).
     [*]Default mouse sensitivity is far too low and sometimes the game ignores the setting I maxed out.
     [*]No ultrawide, or any features that benefit more powerful PCs
   [/list]
[*] Story has ""exploration"", but crazy amount of invisible walls makes it infuriating.
[*] Artificially grindy. Low drop rates, bloated item/stat pools, timegated battlepass that only progresses from daily/weekly missions. Some of them are really sit in lobby until somebody requests aid (not a common thing to happen right now). Most weeklies are ~15 runs each with specific class (a full set took me ~20 hours).
[*] No chat.
[/list]

[h1]Combat(5/10)[/h1]
Button masher with sub-par responsiveness.
[list]
[*]Clunky controls (just some of the issues, there's a lot more):
   [list] 
      [*] [b]Some inputs don't trigger on first press[/b] (e.g. reviving often takes 3 attempts, chained skills sometimes trigger immediatelly other times not). 
      [*] [b]Animations lock you in place.[/b] Some of them are long. You cannot steer them if enemy moves out (happens a lot, because most enemies move freely). You can only cancel basic 
attacks once every 10 seconds. 
      [*] [b]Enemies (and bosses) casually move out of your combos.[/b] Some enemies (not all) consistently just walk out of them, forcing you to chase with really clunky combos. Flying enemies are the cherry on top, because they both run do that and sometimes ascend making them impossible to reach with melee.
      [*] [b]Most attacks aren't designed to be avoided in real gameplay.[/b] There are usually multiple damage sources with no real rhythm to them. Inability cancel animations realiably (and having to use cancels to reach enemies that walk away) means you take damage you can see coming, but can't avoid.
      [*] [b]You can get stuck in enemy hitbox[/b] preventing you from moving in any direction.
      [*] [b]Combat movement and directional skills don't always follow camera[/b]. This is especially bad when enemies walk out of range, because your dash to close the gap can go in a random direction.
      [*] [b]Lock-on is garbage[/b]. It doesn't rotate camera to face nearby, it doesn't reliably have your character face the enemy, and prevents you from rotating camera.
[/list]
[*] Multiplayer combat severely reduces visibility.
[*] Telegraphs in few places they exist aren't accurate (you get hit outside of them) and several of Trommel (mecha boss) attack telegraphs aren't even close to where the boss hits.
[/list]

With all of the issues above melee feels like 2000s 3D platformer where combat was not the main point. Tanks, support, mages and such are just a name. EVERYONE is who is not a ranger is a melee.

Ranged combat feels much better because it's not reliant on character animations, BUT enemy animations are twitchy, so hitting weak-spots (the only way ranged character compete) is difficult. Lack of proper sound design makes guns feel like air-soft guns.



One thing I do want to praise them for is character skills and special action. I won't sugarcoat it, there are too many characters for all of them to have meaningfully unique skills, but a fair amount of them aren't JUST larger/stronger attack. There is some creativity in skill design.


[h1]Multiplayer (4/10)[/h1]
Multiplayer has several modes and experience is slightly different in each one, however the core is roughly the same everywhere. You compete with everyone (including your own team) for damage. 

There's no reason to engage in anything besides primary objectives, and even primary objectives that aren't related to doing damage don't increase your score (they give the score to all teams who participated, so it's 0 advantage). With no rewards for side content it should be no surprise everyone rushed to the boss and skips objectives like console activation. There are also optional objectives that boost score and they are also mostly about damage (like achieving highest combo or landing highest hit).

In theme of competition, ""kills"" for various objectives only count for person dealing the last blow. In free roam (the only mode where grouping up could make sense) you are punished for grouping up, as it results in significantly longer completion times.


[h1]Itemization/crafting(5/10)[/h1]
It lacks any real impact on gameplay, and the item/stat pool is very bloated with unnecessary duplicate items (2 item types for different classes having 95% identical stats pools) and unusable stats. Drop rates for highest tier of items and cosmetics is abysmal. Based on my runs/rewards so far weapon skins (basic recolors) drop at ~5% rate and clothing items at <0.4%.

It feels like everything RPG related was implemented as an afterthought to keep people in game longer. Other systems following similar redundant time waste support that theory. For example: it takes upwards of 16 hours (optimistic estimate) to max level on 1 character and you cannot really focus on 1.

Crafting makes another fine example, as you can level things up and extract/inject effects. 
Sounds good? Here's how it works:
[list]
[*] Effects can be extracted from Epic and Legendary items
[*] Adding effects to an item cost common currency
[*] Replacing an effect costs a currency I've only seen in Battlepass(not even enough to make 1 ""perfect"" item).
[*] Effects can only be added to items of same type (despite different items sharing identical effects).
[/list]

Due to the bloat, the odds of you good effects on Epic/Legendary are very low. By the time you reach level 100 (when crafting is no longer a massive waste of time), you might have enough to equip 1 or 2 characters. The money cost of upgrading items is roughly 30 runs worth and if you're upgrading a legendary, it's hundreds of runs.

[h1]Story Mode(4/10)[/h1]
I did not like the fact it is long (for how repetitive it is), and is required to unlock all characters. I couldn't skip it if I want to try every character.

The mode itself is similar to multiplayer, except you can switch between characters and there's ""exploration"" in from of random hidden glowy things that don't give you anything worthwhile apart being required for ""S"" rank. The one thing about the story I thought was cool is the explorable areas had a sort of secondary boss monster that drops cosmetics.

[h1]Always online and monetization[/h1]
Presence of cheaters indicates 2 things: this is not a server based game and it doesn't have to be always online (because it's not server based). Always online is only there to ""protect"" premium currency against cheats.



As mentioned in itemization section, you require an item only available through battlepass to replace items effects. If I was a betting man, I'd bet on this item appearing in cash shop a bit later.

This game has consumable ""Lucky charms"" that add extra drops. There are 3 in battle pass and you can buy more for 1$ a piece (6 packs) I'm getting Diablo Immortal vibes.
https://steamcommunity.com/sharedfiles/filedetails/?id=3350350502

[h1]Conclusion[/h1]
If you can enjoy a fantasy of playign SAO with the level of game design of 20$ game, go for it.
If not, this is a straight ripoff. This game doesn't do anything better than competitors don't already do MUCH better. Some games manage",False,1727799213,28,6,0.645592689514160156,6,7680,7865,76561198043268673
1858630,178431049,"I’ve watched some of the SAO anime, but I’ve never played any SAO games before. This is actually the first SAO game I’ve tried, and… is this what I get? It wasn’t worth the price I paid at all. I even quit within the first week of playing.

When I decided to buy this game, I wanted a solo SAO game I could play in my free time. I don’t mind games that allow co-op with other players, but this one seems to push it too much. Actually, it doesn’t just push co-op—it requires co-op play only!

For someone like me who prefers playing solo, I could quit as soon as I completed the story, since that’s all the solo mode offers. The rewards don’t really help develop my character much further.

The co-op mode, which is the main focus, just feels like a repetitive grind that quickly becomes boring. It takes a lot of time to play, but most of the rewards are pointless. After nearly 200 hours of trying to stick with it, hoping for some exciting updates, nothing ever came.

I haven’t even mentioned the equipment crafting system yet. It feels like spending all my hard-earned money on a big pile of junk. Nearly every day, I get only 1-2 Epic items out of 100 crafting attempts, and even when they’re Epic, most of them are still practically useless.

I don’t know who thought it was a good idea to limit crafting to just 100 items per day. The drop rates for decent items are already low, and even if there were no daily limit, I still wouldn’t want to grind huge amounts of money just to end up with a pile of junk.
I don’t know if the game will change in the future, but I do hope it does.

In summary, I enjoyed the story and exploring the map at first, but as soon as I realized the co-op mode was just a repetitive grind, I almost wanted to request a refund immediately, but it was already too late.",False,1730791875,12,4,0.585754096508026123,0,10972,11109,76561198186040661
1858630,176373558,game is dead,False,1728073777,0,0,0.5,0,4853,4853,76561198360832915
1858630,176280195,Still fun but this game is dead and has no new content in months.,False,1727955953,0,0,0.505102038383483887,0,63899,63909,76561198046934699
1858630,182124113,"I love the game itself, the concept is fantastic and it's the only SAO game I would recommend to people with no other interest in the franchise.
But, as I expected when buying this game, it has one massive problem: it is almost entirely online and requires other players to play it. Which is a massive problem for what's essentially a very niche game. There simply are not enough players, especially since the playerbase is split across three different servers depending on geographical location.
Sometimes, you may need to wait for half an hour only to play a 5 minute long mission. And even then, the lobby will be 50% bots. And I expect that to become even worse as time passes, since the playerbase seems to be shrinking rapidly.

Which brings me to my second issue: the content is repetitive.
After finishing the main story (which is alright. Nothing too great, but good nonetheless), players can pick between three activities: 
1. Boss Raids (3 different bosses to pick from, take about 5 minutes to complete)
2. Co-Op Quests (a large amount of different maps to pick from, includes a boss at the end, take about 30 minutes to complete)
3. Free Roam (players get to roam freely across a randomly chosen map to collect treasure and fight generic enemies, 1 hour time limit but can be finished any time)

At first, these are pretty fun. The problem is, they all play the exact same in the end.
It gets repetitive real fast, and the only way to remedy this would be new content.
And the last time new content was released as of writing this review was two months ago with a new playable character.
Further DLC has been announced, but not even a release date is known so far.
And the problem with the new content is the fact that it is behind a rather large paywall. So it's also clear that it won't be able to keep this game alive.
Another option to keep the players engaged would be the battle pass system. Unfortunately though, these battle passes almost never contain any items worth grinding for.

But as long as player numbers keep dwindling and wait times stay this long, the game is already dead after just 2 months.",False,1733561708,20,0,0.675874173641204834,0,4572,4577,76561198894566982
1858630,177718337,Finally a Playable SAO Game but still SUCK!! Thank you.,False,1729876446,2,0,0.522927522659301758,0,8616,8685,76561198085346814
1858630,176136788,"Played the open beta.
The game is fun, Co-op is great, story is fine so far. Hyped for more.

Edit: The game needs more content, asap!

Edit 2: We got no content fast enough...",False,1727765102,0,0,0.755946874618530273,0,8282,8962,76561198447344048
1858630,189017193,"JP/CN get so mad for you being better.
Asian inferiority LUL.",False,1740798386,4,0,0.373294591903686523,0,31523,31669,76561198104532819
1858630,186406321,"If you are anywhere in the world but Asia, don't bother picking this game up, other server that has even a little bit of players in it, is in Asia. Western side practically no one touches it 24/7. This game is mostly multiplayer too, so you will end up being stuck in queue times of almost 15 minutes just waiting to play one quest/raid. Unless you wanna only play the story mode, and 'free roam' I wouldn't bother picking this up, I hate to say this because I'm a huge fan of the SAO game series, (Not the anime anymore, just the games cause they got way better story telling), but this game is just a big no for me. If you want a good SAO game, my personal favorites were, Lost Song, Hollow Realization, and Fatal Bullet.

But like I said, if you are in Asia, I'd give this a try when its on sale. My review will be negative, as I personally can't have fun in it, but I'm sure you guys over there will be able to!",False,1737840770,5,0,0.521768629550933838,0,4556,4556,76561198061949110
1858630,178936611,"Quite good for an SAO Game, definetly one of the better ones unlike the first ones that got released.
Sadly people dodging their own Server to play on Asia Server... which means long que Times and most people only replay the first Coop-Quest sadly.

Speaking of it its quiet hard to progress without an Group of 8 people playing at the same time.

The Game itself is a lot of fun, but due to the community barely playable.

Looking forward to more players or some changes, that actually improve that negative points.

Update: literally unplayable with that player count on EU Server",False,1731498300,0,0,0.523809552192687988,3,6913,7714,76561198026201022
1858630,183914891,"rally, really bad connection that will boot you mid-raid.",False,1735332602,1,1,0.463382869958877563,0,4043,4043,76561198995593325
1858630,181785070,"I was really with high expectation in this game, but looks like Bamco/Dimps betrayed my (and maybe some others) expectations in this one.
The game is kinda fun btw, but very boring for long session play.

[Price]
- Overpriced for what it delivers.

[Story] 
- Almost non existent story (very short like 2~3hours rushing?)
*i recommend go directly test this game on coop before you reach the 2 hours doing story,so you can decide if you'll keep it or refund.

[Gameplay] 
- Its like a hack'n'slash rogue like + visual gacha.
- Solid movesets , it barely moves/follow-up the enemy while doing normal attack or skill
- Strea normally is tank/berserker gameplay, but she is really weak and her charge skill and the cast/hit speed is VERY SLOW and low damage.

[System/Mechanics]
- Low rewards and time consuming BP for nothing extraordinary (skins from all previous SAO games) and DEV is forcing the FOMO so badly in this game.(if you dont play, will lose permanently skins/outfits from BPs.
*even SAOAL gives more visual gacha tickets frequetly and more fun gameplay (despite horrible optimization/boring boss fights)
- Low drop rates for Epic and Legendary weapons for weapon substats fixing. (not worth the time consume to do it),and because this the FOMO is more strong since BP gives legendary weapons there.
- This game has no full customization like other from the franchise, all outfits and weapons are in fixed colors.",False,1733288835,3,0,0.531438529491424561,0,5855,6654,76561198259825345
1858630,182322310,"I give up this game very suck again now 
fix spamming emote for what? you should focus to adjust on your suck game play 
give ability dodge and guard to cancel character attack and skill animation.",False,1733730265,6,3,0.554815173149108887,0,30950,31070,76561198170347010
1858630,177073214,"I do not recommend this game~ 🌹

Most people who pick this game up will want to play Multiplayer.
But here's the thing... You have to play the single player campaign to unlock characters.
The single player Missions take place on very large maps, which are obviously set up in a way for multiplayer.
So you spend so much time in single player running/dashing just to get to the next objectives.

Even crazier still, once you slog through all of the campaign missions and finally decide to go into Multiplayer, there are currently only 6 multiplayer maps (Will they add more later? Probably.) 
But here's the next kicker!!!!

Those maps are arranged by Player Level. That means if you want to gain the most exp for your Account, you'll always want to do the latest mission. Once you reach ""end game,"" they decided to pair up two missions together in a single queue. So if you select it, it's random which of the two maps you get.
At first you'd think that's good for variety, but this also means you have to stare at the loading screens to figure out which map you are playing on in order to select the right element weapon for that mission. Even worse, some characters don't have access to certain elements. Klein for example, doesn't have access to the Electric element, so if you pick him and the map switches to the forest, there's nothing you can do about it and you are forced to play that mission suboptimally. 

Not only that, but as you progress through the player ranks, it gets harder and harder to gain experience for your Account. Which means you end up running the same 2 quests or bosses (which there are currently only 3, maybe 4 because they switch out the last remaining boss from only a queue of 3 bosses). 

Which again, You need to be a very high player rank just to select the highest boss to fight.
Think about that. You are stuck farming the same boss over and over again. 

The game is also EXTREMELY grindy, which wouldn't be a problem if the game was fun.
But some characters are just broken. For example, with Asuna it's almost always best to just spam Triangle while held down. Some characters play best just spamming Square. Completely nullifying their entire kit. 
The combat is also extremely clunky imo.

Even with it's own faults you might get some fun out of it for awhile.
But I personally believe that Alicization was the last best SAO game out of the entire series.
Even better than Fatal Bullet.

This game just needs to be fleshed out with more content to be worth $60.",False,1728958071,7,3,0.525607585906982422,0,4318,4438,76561198034301499
1858630,177301686,"- Gameplay -
The game feels a bit clunky to play. Hitboxes seems wonky. There's a lot of times where something hits me when I think it wouldn't or that something doesn't hit me when I think it would. It feels like attacking normally feels better most of the time, as skills don't feel impactful enough to be used in a lot of scenarios. Flying monsters are kind of annoying, because you can't change direction while attacking midair, but also because some of them just keep running away from the player. The lock-on camera needs improvement. It doesn't always center the target, sometimes the target goes off screen. 


- Game Modes -
The story is whatever, but I did enjoyed one specific part. Story stages are based on Coop Battle stages for the most part. The problem is that there is no indication of where the map ends in a story stage, so you end up wasting a lot of time walking around while trying to collect everything, although you can probably just find a guide for collectables now that the game has been out of a while.

Coop Battle is one of the main modes. Honestly kind of disappointed about this one. I kind of expected a pseudo raid like experience, but there's no mechanics at all. You just go from objectives to objective, meeting up with other parties twice, before fighting a boss. As of right now, you cannot get max level gear from this mode. Tier 1 and 2 serves are map introduction. Once you reach Tier 3, you get 2 maps paired per level range. This makes for a very repetitive experience, as nothing changes for over a dozen of Player Ranks until you can start doing the next level range. When you outlevel the last level range, there's no point going back outside of doing battlepass quests and farming cosmetics you may be missing.

Boss Raid is the other main mode. This seems to be the proper end game, although I feel like the clunkiness of the game brings down its potential. It also feels annoying to fight certain bosses as a melee character. Tier 3 Boss Raid drops the highest level gear in the game and also rotates on a daily basis. 

Extreme Boss Raid: I don't know. You need to be 90 to participate. After 80 hours, I just reached 70 and I'm starting to feel the burnt out. They aren't even permanent either, seems to be a weekend type of thing during specific time frames.

Free Roam: The idea is technically nice, but it doesn't feel as good as it might sound. From my experience, the place feels empty and elites are too spread apart. If you want to kill a few minutes and don't know what else to do, and you really don't have anything else, then I guess it's something.

Tower of Determination: Your tower type of content, except you need to be able to beat a floor with 5 different characters to go to the next one. It mostly just gives you gold on initial clears.


- Multiplayer - 
The game already feels empty. It's been a bit over 2 weeks since the game has been released and my rooms are usually around 5 to 7 players out 20, after a few minutes of waiting, even with cross-platform multiplayer. Unless you switch your matchmaking to Asia, then it fills up pretty fast, but I don't personally enjoy playing games with lag, especially when the game is clunky. You need 5 people minimum to start a run, as there is 5 parties, requiring 1 player per party.

There is an Aid feature that sometimes pops up, allowing you to join a match already in progress. This is a nice feature because it scales the rewards to your Player Rank and allow you to have a much needed change in scenery. The only thing that feels terrible here is when joining an in progress Boss Raid. Unless you happen to spawn in during a mob wave, you'll be severely under leveled until the next mob wave.


- Battlepass -
This feature is completely free. You can obtain 2 SAO Tickets per month, equivalent to 6$ USD each, and the cosmetics bundles are either 6/12/18$(1-3 tickets). The quests are fairly grindy, but at least you only have to get to 16 out of 28 levels for the tickets. 


- Settings - 
For some reason, the keybinds are not global. The keybinds are split into 3 types: normal, flying and shooting characters. When adjusting your keybinds, make sure to adjust them for all types. Also, the sensitivity seems to have some weird behaviors. It almost never feel like it should when you start a match, but generally seems to go back to normal after a few level ups..?


Overall, as someone that is tolerant and that doesn't mind grinding and repetitiveness too much, the game still feels kinda fun, but it comes at a high price, with a low NA playerbase, and it is feels very time consuming. That said, this is probably the closest thing we have gotten to a multiplayer SAO game, although I expect this to just end up being a skin platform.",False,1729298322,0,0,0.5,0,5017,9847,76561198088771802
1858630,177467856,"TL;DR - I don't recommend this game at this price for the average gamer. For a big SAO fan, it does have it's merits - but at the end of the day it's [i]just[/i] a ""good SAO game"", but overall: it's a pretty mediocre game. At best it's realistically worth ~30 USD. Wait for a sale unless you're really into SAO imo.

Okay first off I need to rant about how dogshit the PC port to this game is, because the performance/gameplay issues are my biggest personal complaints. Here's some of the vErY FuN ""features"" you'll experience playing this game on PC / with Mouse and Keyboard:

[list]
    [*]Your mouse sensitivity will randomly decide whether it wants to actually use the settings you set or not. This makes playing gun characters incredibly inconsistent because your sensitivity will never feel the same between different maps / runs.
    [*]Your camera sensitivity will be tied to your FPS, so certain maps will fling your sensitivity to the moon when entering a new room unless you set your FPS to be locked at 60.
    [*]Skill direction will be decided on your character's position instead of your mouse/camera's direction. So if your character is facing to the left, and you try to aim your mouse forward to use a skill in that direction: the skill will just go to the left. You need to move in a direction before using 90% of skills. There are a handful of skills that can be aimed with the mouse, but if you're playing on mouse and keyboard it'd feel more natural for all skills to be aimed with the mouse.
    [*]Targeting is awful, and ""aim assist"" is actually just a janky aim debuff on mouse/keyboard. To consistently hit the things you actually want to hit, you need to turn off automatic targeting and constantly untarget/retarget mobs while ONCE AGAIN needing to ""aim"" your targets with character movement instead of mouse/camera direction.
    [*]Flying characters feel janky as hell due to the combo of bad targeting and in-air movement also feeling clunky. It's not very easy to move your character up/down in the ways that you want to try and target a weak spot on a boss, for instance.
[/list]

This might seem like a kinda nitpicky list of issues, but consider that these are all fundamental parts of combat. At the end of the day this is a grind game, so combat is going to be 90% of what you do. If that combat is janky and buggy as hell for people who feel more comfortable on mouse and keyboard, then obviously the relatively small issues are going to feel fucking horrible when you've been dealing with them for the 90-100 hours it takes to unlock the highest level of content. Which speaking of: the grind.

The grind in this game is kinda awful. Like I said, it takes roughly 90-100 hours of dedicated grind to get to level 90 (with a max of lvl 100, so add another ~10hrs), which is the required level for taking on EX Raids. These are limited timed raids that only last for a few days whenever the dev team decides to run them, and they're only live for 3 hour intervals every few hours. You can't respawn in these raids, and many mechanics one-shot you, so it's basically a challenge mode with the only reward being a random CHANCE at a recoloured cosmetic. It's kinda neat, kinda disappointing (slogan for the game).

So what do you do for those 90-100 hours of mindless grind? Well, for the first 85-90 hours you spam the same 1-2 highest level co-op quest maps you have access to (there's a total of 6 maps in the game, but only 1-2 are relevant for your leveling at any given moment) until you hit level 85. After that, you spam Tier 3 raid bosses which rotate between 5 different raid bosses daily. There's 2 other raids you have access to earlier in the game, but they're not very worth doing for pure leveling. The bosses range from pretty neat, to kinda eh. If you've played actual MMOs, they're all pretty simple tbh. 

At the start of the game, you have access to 21 different characters, and leveling characters to 30 will unlock their passive to be used for other characters (only 2 equipable on a chara at a time). This incentives you to play different characters while leveling to try and get good passive for your mains. And honestly, that's probably a good thing. The characters and their kits are probably the most fun part of this game. Most characters play very differently from each other, and many of them have very fluid kits (once you cope with the dogshit targeting and being forced to aim your skills with movement, of course). Honestly the only thing that helped me push to keep grinding this game which was how fun and different the characters can feel to play, and seeing the interactions between different heroes/villains from across the SAO series.

oh and the story is... fine? again, neat for SAO fans - nobody else will probably care. you have to play through like ~2-4 hours of it (while spamming) to unlock all the characters for multiplayer content. going back while not spamming/skipping cutscenes leads to much longer playtime ofc. not much to say on it, just kinda fine.

so.. yeah. secondary tl;dr - game is meh and grindy with a shallow pool of maps/bosses, characters are fairly diverse with some fun kits, lots of neat character interactions for SAO fans, there's a lot of AFKers and they're all cringe, Eiji / Yuuki / Heathcliff are the most fun characters, and there's plenty of better grind games to play tbh but this one is decent-ish and SAO themed :3 ok bye",False,1729520617,3,0,0.5,0,5974,6009,76561198044283122
1858630,192796429,"Dead population unless you're on Asian times. Not sure how long that will last because it's not sustainable. Need 5 real people to get into games including yourself. No new content when the game has been out for more than half a year. All your playtime is constantly repeating the same exact raid and co-op quests again and again. Terrible as a new player and not worth getting into because even when you do get games, the 4 other real players on the quest are so overpowered you don't get do anything... The only period where that hasn't been the case is when season 3 started. The player base has been dwindling again after the first week of season 3. If you want to play, I recommend having a party of 4 + 1 queuing the same tier of content.

They merged the servers all into 1 this update in April. The queues were fast for the first week of season 3. During Asia early morning-night you didn't have to even wait to find people from my experience. After the first week it got slower but continued to be playable. It was good while it lasted. The only updates this game receives are DLC characters and recycling the same content and pushing it up a tier to make it harder. Basically nothing has changed. So repetitive... This would be fun if it had more levels or bosses to go through and a stable player base but that will never happen at this point. There's no reason for players to stay and continue playing this bare bones game. It offers 0 variety and I'm not exaggerating. 

The only part I'm glad about is that they added 2x exp boost after the latest season began. I feel sorry for day 1 players that had to do double the amount of grind I had to do. There are achievements for getting each character to level 30. Each individual character takes on average 3 hours. Without the exp boost it would be 6 hours per character. There's 21 base game characters to grind. 126 hours without the exp boost lol. That's 126 hours of grinding the same exact thing. This isn't even factoring into long wait times. This game is so limited and you can't even grind those hours because hardly anyone plays the game...

Reaching level 100 on a single character wasn't bad. That's mostly because the character I was levelling (Alice) had her birthday event which gave bonus exp on top of the 2x exp boost. I could also optimise her build instead of starting from scratch every first 30 levels. The boss gauntlet was good for experience because it took less than 5 minutes to clear and were the fastest queues. It's the only time I've ever seen 20/20 lobbies in this game.

I would probably be a lot more negative if I played most of my time when it was normal rate of exp. It's mind numbing to think about that I'd have to do the same quests x2. It's not worth the price and I highly doubt the game will last for much longer. The gameplay itself was fun but it has too many cons to even consider purchasing.",False,1744722776,64,2,0.845471441745758057,0,6735,6735,76561198121066461
1858630,177190912,"I think this game has alot of jank that can be easily fixed but Knowing dimps and IP games in general dont get much love especially games from Japan 

Lack of skills to choose from 
Lack of menu options its basically like a very amateurish UI with lack of forethought
Camera is Jank as shit
Stiffness is bad and it varies from each character 
No animation cancels so if you cast a skill you are stuck until the skill is done
This list can go on and its easily fixable issues but I dont have hope in Dimps  I personally though Fatal bullet was a piece of turd too 
Boy dont even get me started with the paid dlcs being the ugliest of characters Youll never see me paying for M or Pitohui Idc about guns And the fact that they cant even do harder version of co op quest for 90+ is so lame theres so much content in this game that can be reused but it just isnt bc Lazy or incompetence maybe both? Look at Incarnation/Vecta boss raid they couldnt even add that to multiplayer and make Vecta grindable/dropped from that raid idk something easy
The gear too omg they are locking that behind paywall elemental gear that should be free and baseline some characters just dont have an element for certain content for no reason other than fk you players but theyll also everyone the weapon with all Elemental resistance just to dilute the loot pool bc another fk you players keep grinding 
The UI is also super fkn barebones already said that but youll have to really see it I kid not a freshman could probably code something better than the turd nugget Menu they have right now + the cost to craft gear is absurd and kinda useless bc the gear you get from crafting is shit most the times and effect spheres are super diluted with trash rolls 

I just do not see much hope for this game other than mindless grinding im 100 hours in and im disappointed with DLCS being characters 3 characters who I dont really care about in terms of playstyle",False,1729137456,4,1,0.486756056547164917,0,7396,8313,76561198149162677
1858630,187175699,"This was an emotional buy and I shamefully regret to be customer of Bandai Namco.
Story mode is okay even if this story isn't written for winning of Pulitzer prize, it's a random story I  could write while eating my bun with marmalade to breakfast.
Free roam: Totally unbalanced and too difficult for noobs. I guess devs should fight against level 1-18 mini boss as lvl 2 char, to know how sh.... this game is. You can't even reload your weapon or cast a spell because mobs move like vampires on cocaine compared to your low lever char that moves like 80 yo. grandpa.
Coop mode: can't say much about it because server are empty and no one wants to play. However it feels more like a team competition than a coop mission in few coop missions I played. Mostly some level 100+ player plays on lvl 2 coop mission, you don't need do anything just run behind. Four level 100+ in every team kill the boss in 20 seconds and you get 20-50 EXP because you did nothing. Great idea for progres dear devs.

Don't buy it. Maybe for 10 bucks but more it isn't worth.",False,1738703784,16,5,0.592813074588775635,3,4336,7138,76561199028737674
