appid,recommendationid,review_text,voted_up,timestamp_created,votes_up,votes_funny,weighted_vote_score,comment_count,playtime_at_review_minutes,playtime_forever_minutes,steamid
1078350,91337606,Get the uncensor patch and enjoy family friendly game.,True,1620024631,1,2,0.455744564533233643,0,443,2006,76561198023662825
1078350,155730806,Buy it.  And Magical Girl Celesphonia.,True,1704948209,0,0,0.5,0,6,6,76561198079575518
1078350,88284356,A really good game to get research,True,1615532754,1,0,0.5,0,365,742,76561198161671862
1078350,85894024,This game has a very fun atmosphere and has some great qualities. I am stuck on one part and wish their was some way to get help with it but other than that its great.,True,1612371733,0,0,0.5,0,303,347,76561198002458391
1078350,87635721,"As some may know, I've been hounding Kagura for a while. Buying and playing their games knowing they're going to be bad so I can give them a negative review. Why? Because they, more than anyone else, have a propensity to publish shovelware H-games at an alarming rate with a price point that doesn't match the quality or quantity of the game. So you may be surprised to hear that I actually enjoyed this one. I had a much longer review planned that explained the ups and downs of this game and why I eventually decided this deserved a recommend but I was roadblocked by steams character limit so I'll give the sparknotes version of it.

[h1]Gameplay[/h1]
It's decent. Typical rpgmaker combat. It also throws in gameplay elements from other games like claire quest, brave alchemist, etc. It has a weirdly in-depth alchemy system, a sort of boss rush mode at night with its 'terrifying enemies' as well as fishing and managing your shrine.

[h1]Story[/h1]
Also fine. What sets this apart from other games with a similar plot like Saint Emiliana or Seeds of Evil is that it's very self aware. The creator seemed to understand how cliche and ridiculous this sort of plot is and decided to lean into it.  They don't take the 'Priestess in an untenable situation must remain pure or be corrupted' premise very seriously. The game pokes fun at itself, breaks the fourth wall a couple times through books that explain plot points and game mechanics and the characters are pretty quirky and funny, making the world you inhabit endearing. 

The plot is you are sent to an island to avoid backlash from a nobleman you rejected. Once there you befriend a monster who is quickly sold off and you must cooperate with an ancient goddess to retrieve seven treasures to get her back. The game does a good job, for the most part, in allowing the player to actually make choices. Other games like this railroad you into getting raped, molested, etc. This one does that a couple times but all other interactions give you a choice and you don't appear to need to play new game+ to get the pure ending which is always a plus. That said you can almost smell the games disappointment if you choose to take the pure option with the game at multiple points just outright saying [spoiler]""It's a shame you payed all that money for the treasure key rather than just using your body. It's really unfortunate that you've chosen not to become a dedicated monster breeder ( shrine maiden ) for Noir""[/spoiler].

[h1]Art[/h1]
The art is pretty good. The side portrait of your character is hot. That said the quality of the art varies wildly from scene to scene and most scenes consist of a static image with a pair of hands or some other body part that waggles around a bit. In general I think it's pretty good but it's nothing mindblowing.

[h1]Conclusion[/h1]
This is one of the few games worth the asking price ( of $15 ) that Kagura has put out. The characters are charming ( some of them anyways ) the art is good and there is enough good content in the game to keep you busy for a while. The way the story was told also took me by surprise. That is to say it was funny and didn't take itself so seriously which is welcome, especially when dealing with a plot as overused as the corrupted priestess. The game does encourage you to corrupt your character and it will berate you for not doing so, sometimes subtly and sometimes directly. To get the most out of the game it's probably best not to aim for a pure play-through. At least not on your first run-through of the game. In attempting to get the 'pure ending' you miss out on a vast majority of the content and will find yourself grinding [i] a lot[/i] to make it to the end.

[spoiler]
[h1]Things I wish I knew when I started[/h1]
The chefs hat is extremely overpowered and will make getting money extremely easy. Useful for a pure play-through. Just fish to get this and then grind out the abandoned mines or the haunted shrine.

Terrifying enemies drop the most overpowered accessories in the game. Focus on trying to beat the one in the cave by the beach ( emblem gives you double attack ) and the one at the haunted/cursed shrine ( emblem heals you every time you melee an enemy ). With those two you should be able to breeze through the game relatively unscathed.
[/spoiler]",True,1614550983,133,1,0.902083456516265869,1,13,313,76561198289890891
1078350,99181107,"Don't forget to apply the R18 patch.

The girl is super cute, H scenes are very erotic, and you can achieve multiple endings.",True,1631384896,0,0,0.5,0,230,395,76561198317918085
1078350,152568673,"⣿⣿⡻⠿⣳⠸⢿⡇⢇⣿⡧⢹⠿⣿⣿⣿⣿⣾⣿⡇⣿⣿⣿⣿⡿⡐⣯⠁ ⠄⠄
⠟⣛⣽⡳⠼⠄⠈⣷⡾⣥⣱⠃⠣⣿⣿⣿⣯⣭⠽⡇⣿⣿⣿⣿⣟⢢⠏⠄ ⠄
⢠⡿⠶⣮⣝⣿⠄⠄⠈⡥⢭⣥⠅⢌⣽⣿⣻⢶⣭⡿⠿⠜⢿⣿⣿⡿⠁⠄⠄
⠄⣼⣧⠤⢌⣭⡇⠄⠄⠄⠭⠭⠭⠯⠴⣚⣉⣛⡢⠭⠵⢶⣾⣦⡍⠁⠄⠄⠄⠄
⠄⣿⣷⣯⣭⡷⠄⠄⢀⣀⠩⠍⢉⣛⣛⠫⢏⣈⣭⣥⣶⣶⣦⣭⣛⠄⠄⠄⠄⠄
⢀⣿⣿⣿⡿⠃⢀⣴⣿⣿⣿⣎⢩⠌⣡⣶⣿⣿⣿⣿⣿⣿⣿⣿⣿⣿⣆⠄⠄⠄
⢸⡿⢟⣽⠎⣰⣿⣿⣿⣿⣿⣿⢀⣾⣿⣿⣿⣿⣿⣿⣿⣿⣿⣿⣿⣿⣿⣦⠄⠄
⣰⠯⣾⢅⣼⣿⣿⣿⣿⣿⣿⡇⣾⣿⣿⣿⣿⣿⣿⣿⣿⣿⣿⣿⣿⣿⣿⣿⡄⠄
⢰⣄⡉⣼⣿⣿⣿⣿⣿⣿⣿⢸⣿⣿⣿⣿⣿⣿⣿⣿⣿⣿⣿⣿⣿⣿⣿⣿⣧⠄
⢯⣌⢹⣿⣿⣿⣿⣿⣿⣿⣿⢸⣿⣿⣿⣿⣿⣿⣿⣿⣿⣿⣿⣿⣿⣿⣿⣿⣿⠄
⢸⣇⣽⣿⣿⣿⣿⣿⣿⣿⣿⠸⣿⣿⣿⣿⣿⣿⣿⣿⣿⣿⣿⣿⣿⣿⣿⣿⣿⠄
⢸⣟⣧⡻⣿⣿⣿⣿⣿⣿⣿⣧⡻⣿⣿⣿⣿⣿⣿⣿⣿⣿⣿⣿⣿⣿⣿⣿⣿⠄
⠈⢹⡧⣿⣸⠿⢿⣿⣿⣿⣿⡿⠗⣈⠻⣿⣿⣿⣿⣿⣿⣿⣿⣿⣿⣿⣿⣿⡇⠄
⠄⠘⢷⡳⣾⣷⣶⣶⣶⣶⣶⣾⣿⣿⢀⣶⣶⣶⣾⣿⣿⣿⣿⣿⣿⣿⣿⣿⠇⠄
⠄⠄⠈⣵⣿⣿⣿⣿⣿⣿⣿⣿⣿⣿⢸⣿⣿⣿⣿⣿⣿⣿⣿⣿⣿⣿⣿⣿⠄⠄
⠄⠄⠄⠸⣿⣿⣿⣿⣿⣿⣿⣿⣿⣿⠘⣿⣿⣿⣿⣿⣿⣿⣿⣿⣿⣿⣿⠇⠄⠄",True,1701334791,2,0,0.427938967943191528,0,13,93,76561197970193418
1078350,162218144,"One of the best games in this genre, though not quite as good as Celesphonia. Definitely worth playing though, as it's still a Shimobashira game at the end of the day. I just wish the transformation was a bit more gradual.",True,1712268339,4,0,0.548494994640350342,0,463,1149,76561198060755248
1078350,187234397,"I'd say this game met all my expectations. Gameplay is fine, fights are fine, the aspect of being able to restore your shrine back to it's full glory is pretty nice and the ""scenes"" are also fine. I'd even say that the story is better than average, which is more than many of ""these type of games"" can claim.
Overall, nothing that kept me overly excited, but it's good enough as a game that I was having a good time with it and would recommend it to others as well.",True,1738774860,3,0,0.55867081880569458,0,456,456,76561199697545887
1078350,93640709,"Great game with patch downloaded 
fun corruption system",True,1623526530,0,0,0.5,1,345,817,76561198217026001
1078350,115887834,"It's a very fleshed out RPG and it also has fishing, I am a sucker for fishing regardless of the type of game, 10/10 so far.",True,1653297412,0,0,0.5,0,156,1850,76561198077087544
1078350,169803128,"I played Magical Girl Celesphonia and I liked it alot, I saw this game by the same Dev thought I'd give it a try, only to found out this game is even better!",True,1720908481,0,0,0.5,0,260,815,76561199235791562
1078350,86457048,"One of my favorite EroRPGs! The art style is simple, but it feels a lot less restrictive than a lot of the other RPGMaker types out there. Nothing but good things to say about a good corruption arc. (•̀ᵥᵥ•́)",True,1613124743,0,0,0.5,0,458,741,76561197979277265
1078350,90342565,good game .Cured my impotence,True,1618480683,0,3,0.5,0,359,675,76561198872352932
1078350,162761239,"this game constantly tests my faith wherever i go, just like real life

9/10 priestess simulator relative to other simulators, there are very few better than this one",True,1712972395,0,0,0.5,0,116,10077,76561198046164517
1078350,86425255,"This is, after the patch, an adult fantasy game. Overall I'd recommend it. I felt like Kaguria games actually listened to some of the critiscm leveled at them for some of their prior games. It is not perfect, however, at least in my play through things seemed a lot more consensual than in other Kagura games as there is a leveled lednesss system  where the prot has to essentially pray and accept an increase in lewdness and what comes with that before the lewd content increased. Very well designed protaganist as well.",True,1613081193,0,0,0.5,0,374,374,76561198030791860
1078350,137217370,Very fun game. Left me wanting more content.,True,1682327267,0,0,0.5,0,322,322,76561198052266930
1078350,85603557,"[code][h1][b]Game Overview[/b][/h1]
The apprentice priestess, Flode, heads to the isolated island of Cerbes, in search of her captured friend. Luckily for her, she has the blessing of a deity to help protect her from the evil that she'll encounter.

[h1][b]Nyanco's Comments[/b][/h1]
[b]This anime RPG shows a variety of fun situations where a cute girl is embarrassed!ヽ(´• ω •`)、[/b]

Ambrosia. It was originally released in the Japanese doujin game market in early 2019, and was popular enough to sell over 10,000 copies in six months. The dev is Shimobashira Workshop, and this game is their 2nd game, but it will be their 1st Steam game. Its global release is from Kagura Games, and their insight into popular H-games has been well proven. ( ͡~ ͜ʖ ͡°)

Ambrosia is a somewhat normal ecchi RPG game. But that's the attraction point of this game. This is a game that stimulates the player smoothly. You will play the apprentice priestess, Frode to do the mission for searching her captured friend in the isolated island of Cerbes. She was a very pure girl, but she will become more and more mature(?) as she experienced various situations, thanks to you. ε-(•́ω•̀๑)

The game is not linear except for the early parts. You can perform quests as you wish, proceed with combat, and choose H events. In other words, compared to other games, the player is free to act in this game. For example, if you challenge challenging areas from the beginning, you will experience defeat events. But perhaps you will like those events. Playtime is about 8 hours, CGs are over 100, and you can change character costumes. Sometimes this kind of gentle Ecchi experience will help balance your game life. ヽ(=´▽`=)ﾉ

[h1][b]Side Note[/b][/h1]
[code]Looking for nice anime games? Let's take a look with Nyanco-chan! ヽ(=^･ω･^=)丿[b]Follow Nyanco Channel! (ฅ'ω'ฅ) [/b]https://store.steampowered.com/curator/33855818[/code][/code]",True,1611984553,20,3,0.5692138671875,0,412,412,76561198817597644
1078350,212697861,"⠘⡀⠀⠀ 𝕐𝕖𝕤, 𝕀 𝕡𝕝𝕒𝕪 ℕ𝕊𝔽𝕎 𝕘𝕒𝕞𝕖𝕤⠀ ⠀⠀ ⡜⠀⠀⠀
⠀⠑⡀⠀⠀⠀𝕠𝕟 𝕞𝕪 𝕞𝕒𝕚𝕟 𝕒𝕔𝕔𝕠𝕦𝕟𝕥,⠀⠀ ⡔⠁⠀⠀⠀
⠀⠀⠈⠢⢄⠀⠀⠀⠀⠀𝕤𝕠 𝕨𝕙𝕒𝕥 ?⠀ ⠀⠀⠀⣀⠴⠊⠀⠀⠀⠀⠀
⠀⠀⠀⠀⠀⢸⠀⠀⠀⢀⣀⣀⣀⣀⣀⡀⠤⠄⠒⠈⠀⠀⠀⠀⠀⠀⠀⠀
⠀⠀⠀⠀⠀⠘⣀⠄



⣿⣿⣿⡇⢩⠘⣴⣿⣥⣤⢦⢁⠄⠉⡄⡇⠛⠛⠛⢛⣭⣾⣿⣿⡏
⣿⣿⣿⡇⠹⢇⡹⣿⣿⣛⣓⣿⡿⠞⠑⣱⠄⢀⣴⣿⣿⣿⣿⡟
⣿⣿⣿⣧⣸⡄⣿⣪⡻⣿⠿⠋⠄⠄⣀⣀⢡⣿⣿⣿⣿⡿⠋
⠘⣿⣿⣿⣿⣷⣭⣓⡽⡆⡄⢀⣤⣾⣿⣿⣿⣿⣿⡿⠋
⠄⢨⡻⡇⣿⢿⣿⣿⣭⡶⣿⣿⣿⣜⢿⡇⡿⠟⠉
⠄⠸⣷⡅⣫⣾⣿⣿⣿⣷⣙⢿⣿⣿⣷⣦⣚⡀
⠄⠄⢉⣾⡟⠙⠶⠖⠈⢻⣿⣷⣅⢻⣿⣿⣿⣿⣿⣶⣶⡆⠄⣤⡀
⠄⢠⣿⣿⣧⣀⣀⣀⣀⣼⣿⣿⣿⡎⢿⣿⣿⣿⣿⣿⣿⣇⠄⠈⠁
⠄⢸⣿⣿⣿⣿⣿⣿⣿⣿⣿⣿⣿⢇⣎⢿⣿⣿⣿⣿⣿⣿⣿⣶⣶
⠄⠄⠻⢿⣿⣿⣿⣿⣿⣿⣿⢟⣫⣾⣿⣷⡹⣿⣿⣿⣿⣿⣿⣿⡟
⠄⠄⠄⠄⢮⣭⣍⡭⣭⡵⣾⣿⣿⣿⡎⣿⣿⣌⠻⠿⠿⠿⠟⠋
⠄⠄⠄⠄⠈⠻⣿⣿⣿⣿⣹⣿⣿⣿⡇⣿⣿⡿
⠄⠄⣀⣴⣾⣶⡞⣿⣿⣿⣿⣿⣿⣿⣾⣿⡿⠃
⣠⣾⣿⣿⣿⣿⣿⣹⣿⣿⣿⣿⣿⡟⣹⣿⣳⡄",True,1765033064,0,0,0.5,0,438,438,76561198116383152
1078350,88038825,You can adopt a cat.,True,1615145664,182,28,0.872065901756286621,1,389,608,76561197980523616
1078350,85741876,6/10,True,1612162587,0,0,0.484848499298095703,0,10,2641,76561198137285867
1078350,88925791,10/10 meat still numb,True,1616477030,4,9,0.523990452289581299,0,445,899,76561198037523721
1078350,85879746,"I LIKE THIS GAME
BUT I NOT LIKE RPG
WHY I BUY THIS GAME BECAUSE I LIKE
I NOT LIKE RPG game SHlT",True,1612354885,2,1,0.509089350700378418,0,44,183,76561199016615380
1078350,139355553,"A reasonable RPG that focuses on sexual corruption, but allows for a purity playthrough. There is an early mandatory harassment scene. Does feature sexual assault prominently.",True,1685597059,0,0,0.487804889678955078,0,493,493,76561198023862379
1078350,114636988,Good game liked it,True,1651187103,0,1,0.5,0,438,1048,76561198968372327
1078350,85605676,"Fun turn based RPG with varying enemies/weaknesses to exploit. There's an alchemy system with gather points across the varying maps along with equipment and accessories to use. The game has a handful of unlockable costumes to use during play as well. 

The story is pretty good with at least one major plot twist involved. 

The adult version has a bunch of varying scenes featuring many different tags and genres for people to enjoy. Would definitely recommend the game.",True,1611987715,33,3,0.717736661434173584,4,47,266,76561198025553978
1078350,203309922,"This games designers are fuckin freaks, ...and so am i 8.5/10",True,1756719917,0,0,0.5,0,518,1329,76561198082230845
1078350,88405630,"I played through this game in Japanese and now I'm back for the English release.

After playing through in Kagura's English release, everything looks great so far!

- The game has good replayability with multiple endings

- Depending on how much you try to do, there's a good 20-30+ hours of game play, more if you try to do everything

- The art is great, hundreds of unique pictures for many, many different scenarios and scenes

- Overall, great ""bang"" for the buck, and there do be plenty of banging! haha XD",True,1615701113,2,0,0.528234422206878662,0,6,979,76561197964742781
1078350,148307647,pretty good,True,1697409719,3,0,0.545454561710357666,0,338,564,76561199096963800
1078350,85691537,"My current save sits at 38h and I STILL have stuff to do, played uncesored before I found out it has a steam page. Bought it to support developer!

Very little 'forced' content, unless you lose a fight, obviously. Finished 'main story' while keeping MC's Virginity.


The only gripe is somewhat 'hidden' content after you finish main quest.",True,1612097712,6,0,0.532040238380432129,0,218,226,76561198008970265
1078350,162425538,Not to bad,True,1712508807,0,0,0.5,0,192,216,76561198393730589
1078350,106281544,Get the patch from Kaguras site and the game gets better,True,1640167531,0,1,0.5,0,164,369,76561197999824765
1078350,158604706,你知道你只要给一个黄油好评，那么这个游戏评价就会出现在你好友的界面并且污染他的游戏推荐吗？一起来试试吧,True,1708241599,2,0,0.523809552192687988,0,468,670,76561198184011538
1078350,168179029,"Great game, just far too easy. Even on the hardest mode, I wasnt killed at all, making the game kind of a waste of time. I like to lose authentically, so this is a no go. Hentai is well done.",True,1719334541,0,0,0.5,0,478,1158,76561198006875525
1078350,154029599,"yeah i play hentai games on my main account, so what?

this is a good one and worth the full asking price, very witty writing",True,1703117322,0,1,0.5,0,447,447,76561198123248258
1078350,192299565,"Not a bad game for 5 usd. Based on harassment and silly consensual abuse ( Does that make sense ?), didnt like that part.
Art is ok for the price, but not the best of course.
Gameplay and plot is good, normal. If you like jrpg you will get what you are expecting.",True,1744127800,2,0,0.545454561710357666,0,230,230,76561198063975709
1078350,90064109,"Help, I cant finish finding the treausres because they wont let me buy the Key in the shop. Even thought he says he will sell it for 10000 gold and i have 50000 gold!",True,1618058607,0,0,0.5,0,280,440,76561199073179179
1078350,87532622,"Literal ambrosia to play. Lot's of fun. Interesting story.
*tips fedora*",True,1614420808,0,0,0.5,0,355,355,76561198350009472
1078350,89785854,One of the best game Kagura Games have released. A good balance between good gameplay and good H progression.,True,1617648064,0,0,0.5,0,585,585,76561198051408644
1078350,91092918,Will you get corrupt? You have been blessed with a tool - and that tool is your irresistible body. Will you use it to your advantage? Get Costumes. Kill a god. Don't forget the patch!,True,1619680951,5,0,0.554264664649963379,0,30,68,76561198121398682
1078350,89664357,"pretty aight, story is pretty neat, the h-content could be better though",True,1617487505,0,0,0.5,0,400,423,76561197983840941
1078350,185661875,"A excellent game from all perspective.

It's not tedious, the areas are of enough quantities and coming a decent pace.
The combat is basic RPGM and simply works.

From a visual point of view the porn is okayish. It doesn't really shine imo.
What's really good though is the corruption and the variety of scenes.

In overall it's a good porn game. The experience comes from playing it rather that merrily watching the CGs.",True,1736965847,4,0,0.57569432258605957,0,21,134,76561198958603986
1078350,87872072,這好殺時間喔,True,1614918727,1,0,0.520201981067657471,0,416,958,76561198302764485
1078350,85735539,i dont know whats wrong w me anymore,True,1612152053,2,3,0.508378207683563232,0,451,1538,76561198330305542
1078350,100594661,"Not sure how to get the ecchi content to show itself, I played an online version with a lot of different scenes and the one i got from steam has none of that. Am i doing something wrong?",True,1633495494,0,0,0.5,1,30,1463,76561198350298969
1078350,185410518,FIRE,True,1736657709,0,0,0.455927044153213501,0,376,497,76561199798432062
1078350,138418335,Game is so good!,True,1684293669,0,0,0.476190477609634399,0,430,883,76561198931168232
1078350,114611729,"[quote][b]Check out our [url=store.steampowered.com/curator/36364102-Horny-Hentai-Festival/]Steam curator[/url] , [url=www.youtube.com/curatorhhf/]YouTube channel[/url] and [url=twitter.com/hhfcurator]Twitter[/url]![/b][/quote]
[18+ RPG] A story of apprentice priestess, Flode. Multiple situations and high quality lewd many scenes. Can you stay her pure or? For those who like immorality.
[18+ RPG] 『アンブロシア』グローバル版。背徳感好きな人向け。",True,1651149800,0,0,0.5,0,26,26,76561198025731804
1078350,86918064,"[quote]Uncensor patch required: Yes. 
Mosaic censorship: No.[/quote]

[b]My Score:[/b] 8/10

[h1]Prologue[/h1]
A long time ago, a child was left in a temple, an orphan without any relatives. The child, named Flode, grew up to be a beautiful apprentice priest with big breasts, something that caught the attention of a duke from the region who several times tried to force the young woman into becoming his wife, but the girl's constant refusals created friction between the duke's family and the temple, as he is an important donor. To avoid further issues, the temple's superiors decided to send Flode to another temple farther away on the isolated island of Cerbes, so isolated that she would be the first temple resident in a long time. ^^

Arriving at the place that is completely in ruins, our protagonist begins the cleaning and restoration work, in which she finds an unexpected surprise. A plant-type monster girl who lives in harmony with the villagers, but who unfortunately has to be sent away from the temple. What soon turns out to be a problem, as it soon will be captured and sold as an slave, unless Flode finds the island's 7 treasures, the problem is that no one has any idea where they are, or at least none human knows. ^^ 

[h1] Game mechanics[/h1]
On the night of the same day, our protagonist finds the cave where Noir hides, a half snake woman who claims to be the island's deity and therefore knows where she finds the treasures, in addition to helping the young woman with magic and her blessing, thus starting hunting for treasures in RPG style, as each is in a different region of the island with different levels. Following in this way the old formula of hunting monsters in order to become stronger. ^^ 

But not everything is a flower field in Flode's journey, as the young woman also has to worry about two other levels. Devotion that represents the level of faith of the people of the island, which is very low at the beginning due to the lack of a priest for a long time, that can be improved by doing temple-related works like giving sermon and the highest it is, the better the young woman's spells . The other, however, is called Indecency, which represents how much Flode just wants to take off her clothes and do all kinds of ""pure"" things, especially with the islanders full of ""innocent"" ideas with the new priest, besides the goddess still, which is not saying what she wants in exchange for help. ^^ 

[h1] Art and sound[/h1]
Produced by the studio Shimobashira Workshop, it has an interesting art, using a combination of RPGMaker and a well-made art for the protagonist, from dialogues to the ""purest"" moments, ranging from indecent touches to even her body selling for money, everything can be watched again in the gallery, which to be unlocked we’ll have to buy a jewel from a city vendor for 500G, revealing a new staircase in the protagonist's room. The relaxing soundtrack accompanying the story, can be pleasing to listed even when we are not playing. ^^ 

[h1] Conclusion[/h1]
Brought to English by Kagura Games, Ambrosia brings us an interesting RPG in which we follow the story of the young priestess Flode, while we follow her on her mission to restore the temple while trying to save the girl who indirectly was captured because of herself. If she is going to succeed in her mission, or if she will be more interested in going to questionable places, doing all sorts of ""pure"" things with the islanders, it is entirely up to the player to make this decision. ^^",True,1613609225,13,1,0.591827988624572754,0,324,324,76561198049893431
1078350,85679402,"you will not regret buying this game (if you apply the R18 patch, of course)",True,1612082339,5,0,0.517147600650787354,1,303,2484,76561198066645137
1078350,168719732,"One of the best games of this genre, a lot to explore and discover, slow corruption of the cute main protagonist and fights that are not too easy and not too hard.",True,1719862588,0,0,0.5,0,263,1065,76561199567187749
1078350,86031290,"Tons of fun with lots of different paths you can take, according to your tastes :)",True,1612562389,3,0,0.538968205451965332,0,614,1285,76561198030797128
1078350,170884972,"Elden Ring vibe The game improved my life by shedding Leight on topics such as love, sex without love, arousal, sexual exploration, sexual narratives and the consequences of purity culture. The story is cool and I highly reccomend this slapper to real men who can appreciate 2dimensional baddies!!!",True,1722088311,0,3,0.5,2,56,564,76561198158795751
1078350,116049582,"Story is good, game play is typical JRPG but can be hard if you try and rush through the game. The scenes are text and a couple of single pictures, one at a time, and nicely drawn. YOU DO NEED TO DOWNLOAD THE PATCH IF YOU WANT LEWD. At the end I do recommend this game especially if it is on sale.",True,1653587700,0,0,0.5,0,437,1987,76561199147882443
1078350,116325110,"Another solid Kagura game. If you like Magical girl celesphonia or Saint Emiliana you'll like this game.

Get the uncensored patch before you play.",True,1654072735,0,0,0.5,0,239,779,76561198342804459
1078350,85789259,"I enjoy h-games that have interesting gameplay and story in addition to h-content, so you'd actually enjoy the game itself instead of rushing through it to get all h-scenes and be done with it. This one seems very solid at the core. I'd recommend.

Edit:
Finished the game in pure and not so pure routes. Pretty good
Now it's time to hope Celesphonia is going to be translated soon.",True,1612225430,5,1,0.580419540405273438,0,232,1903,76561198090606618
1078350,129592723,jhhj,True,1672309657,0,1,0.5,0,254,1120,76561198834126281
1078350,127028079,This game is dangerous with the uncensored patch...,True,1669470352,0,0,0.5,0,389,1485,76561198040633846
1078350,85615551,Now Celesphonia pls!,True,1612001936,12,2,0.497797727584838867,0,155,731,76561198180445226
1078350,171844639,O_o LOVE THE GAME o_O,True,1723314679,0,0,0.5,0,200,208,76561199436694928
1078350,86136969,"Came to fap, killed a god. still fapped. 10/10 game.",True,1612701518,51,50,0.761117458343505859,0,16,16,76561199138955940
1078350,86122630,"This game is great. I love a corruption system in this game, it makes me want to explore more and more. The combat is also great, not too hard but not to easy too, (Well you can always adjust the difficulty to your liking) but I pretty much enjoy it. I really looking forward to finish the game till the end",True,1612682769,19,0,0.651787042617797852,0,357,420,76561198155395197
1078350,99370817,"This game is very good. You can choose how to play.

Update:
18 hours later and I am in love with this game.
It is a large and well filled game.
Best Kagura game in my opinion.
Very good.",True,1631670796,1,0,0.518518567085266113,0,327,1138,76561199202164258
1078350,110560362,"Easily top 5 kagura game. 

9.2/10",True,1645278332,0,0,0.5,0,692,775,76561198123294656
1078350,90661311,@_@,True,1618977466,0,0,0.5,0,798,894,76561198067485809
1078350,87955673,"First off, I just want to say [spoiler]Flode's daughter is sooo adorable! She's so precious, dammit! [/spoiler] 

[h1] Gameplay 10/10 [/h1]
Usually when playing these type of games, I tend to skip the gameplay as fast as possible for the [b] juicy events [/b] which we are all here for. Regardless, I cannot believe I actually enjoy its RPG mechanics. Although the combat system is the same as your typical JRPGs, surprisingly this game offers so many fun and engaging RPG elements which should have been implemented into more games of this genre, such as:

- character skill tree mechanics
- looting and crafting mechanics (this is essential for progressing certain quest)
- hidden areas (unlocked after triggering certain quest chain; greatly encourages exploration)
- tons of side quests 
- [spoiler]so many activities available for our protagonist to sink deeper into the depth of depravity[/spoiler]

All these aspects of the game emphasizes on the player's freedom of choice. It is even possible for you to remain virgin until the end of the game, but that kind of defeats the purpose of H-RPGs, don't you think?

[h1] Story 8/10 [/h1]
The main storyline is quite straightforward, much like most H-RPGs from Kagura, but there are also some predictable twists along the way. I also have to credit the developers for attempting to add more background stories into the game via readable books throughout the world. It definitely helps with the world building. Truth be told, I usually skipped through most of them. I just don't feel like reading that much. 

[h1] H-scenes 6/10 [/h1] 
Despite of the fact that I just praised its gameplay mechanics profusely, I cannot deny the fact that H-scenes are rather . . . lackluster. Make no mistake, the artist's style on female characters, mainly our protagonist, is excellent. She is perfectly toned like how a normal female should be. When it comes to her intercourse with  her partners, however, the scenes which play out could use some touch ups. The animations on each scenes definitely need refinements. In fact, if possible, removing the animations during the scenes would greatly improve it. The lightings and details could also use some polishing too. Perhaps adding a bit more dynamic poses and thrilling angles to the scene would surely settle the issues. 

Overall, the H-scenes in this game left much to be desire. 

[h1] Summary 7/10 [/h1]
This is a solid fapping material. Some minor details could use improvements, but those can usually be overlooked. I recommend this to anyone who enjoys the liberty of falling to degeneracy in H-RPGs. Also, [spoiler]Flode's daughter is really adorable.[/spoiler]",True,1615038824,2,0,0.502398908138275146,2,1055,1320,76561198885378020
1078350,176374540,"Hi all,

I've loved this game for a long time. But I was unsure will it be as good as Magic Girl Celes...?
Yes, it's brilliant! Many small details, especially the fight, were highlighted. It's a nice game in terms of history. You can customize the combat system later, you can walk around in the evening for extra mobs or you can find elite mobs. There is a lot to craft and you can expand your church and adopt a cat. Crayfish, teddy bears, much more. I played so hard because you have to read carefully here and visit the same place again more often for different quests. Some quests only show up later etc.

For the patch:
[spoiler] I love every Scene and the dancer outfit wow. Holla.
You can buy the Archievement room and the Hints from the fortune teller.
There is hypnose, raping, bonding, nonconsensual, group sex, drugs, losing Battle Ends and more.
You will want here to stay as a Virgin (you even get later a anti Harassment Power) just as much as you want to see her fall (here you gain a ""lose"" Power later). As you see it´s fair and cute... 
I am still at it because it´s really hard this time for me to whistand.
But if you do not want to wait till the bandits get a hold of you (lose battle) and after some fun pray at temple. There are a lot of other ways to ... uhm nod you understand. Hand Letter I loved the sexy ones.
As love able as the Magic Girl Celeste. I would just say in this one you need to go more of an adventure than in Celeste.[/spoiler]

Greetings a big fan",True,1728074930,2,0,0.5,0,880,1145,76561198417121186
1078350,203464301,"One of the first H Games I tried, so I have a bit of nostalgic bias.
It was fun and the RPG elements aswell as the story are fairly good.",True,1756930772,0,0,0.5,0,762,762,76561199390674068
1078350,89157738,"Definitely one of my favorite games from Kagura, It has a lot contents and the story is good enough to get me hooked. The art too is good enough to keep me awake, so overall its a good one.",True,1616816794,0,0,0.5,0,1150,1166,76561198160269734
1078350,90820676,"Ambrosia is one of the better corruption hrpg games that Kagura has put out in recent times. Shimobashira Workshop usually makes fantastic corruption games & they have always managed to maintain high quality. This game is no exception to that. Great story, gameplay, h scenes & art styles; this is a highly recommended game.",True,1619244547,3,1,0.547325074672698975,0,836,836,76561198170521174
1078350,116594562,Fun game even more fun with the adult patch.,True,1654552772,0,0,0.5,0,1033,1941,76561198025073035
1078350,171540571,Great game. Planning to try more game from this developer,True,1722940934,0,0,0.5,0,801,804,76561199010001705
1078350,169725438,"If you are thinking about it, get it. If you liked Magical Girl, get it. If you haven't played Magical Girl, get both.",True,1720829567,3,2,0.538461565971374512,0,888,888,76561198032036914
1078350,115717151,Deeper game then you're expecting.,True,1653016119,0,0,0.5,0,636,1101,76561199124162290
1078350,90005840,"[h1]QUICK FACTS[/h1]

Type: H-RPG
Developer: Shimobashira Workshop
Publisher: Kagura Games
Price: €12,49
Est. playtime: 15-20 hours
Censorship: yes (patch available at publisher’s website)


[h1]THE GAME[/h1]

[b]MECHANICS[/b]
Standard RPG Maker gameplay with an elaborate ruleset, including gathering & crafting, turn-based combat and multiple unlockable skill trees. You also have the possibility to upgrade your home base (a shrine) with both cosmetic and functional expansions, such as a souvenir shop that generates daily income. 

During the first part of the game, you’ll find yourself in a race against the clock: you’ll have to collect a number of artifacts within a limited timeframe in order to free a friend from captivity. This is moderately challenging, but also fully optional: failing to meet the deadline won’t affect your progression overly much.

If you play the game as it’s meant to be played, there is a bit of grinding involved, particularly in gathering resources and combat. However, Ambrosia is a pretty forgiving game: most challenges can be tackled in multiple ways and there are many items/options to be found that will make your gameplay considerably easier, if you like.

Controls: keyboard / mouse 

[b]STORY[/b]
You play as Flode, a young apprentice priestess of Leight, the light god. At the start of the game, your seniors assign you to missionary work on the remote island of Cerbes. Soon after arriving at the island, you discover that Cerbes used to be the holy place of Noir, the former goddess of the night. As the story progresses, you gradually unravel the forgotten history of Cerbes and Noir, which will put your own faith to the test.

The story is mostly lineair but has multiple endings, depending on choices you make. In addition, there are plenty of (short) optional side quests available. The overall vibe is light-hearted; even though Flode may end up in pretty nasty situations, she stays upbeat and motivated to achieve her goals throughout the game.

[b]QUALITY[/b]
When judged by gameplay alone, Ambrosia stands head and shoulders above most other games in its genre. The mechanics are interesting, diverse and balanced enough to make the game worth playing, even without lewd. The developers also did a better-than-average job on level design: dungeons are fairly varied, not too long and offer enough interesting loot and encounters to fully explore them. And while the story isn’t particularly original, Flode is a likeable character that is easy to sympathize with.

[h1]THE GOODS[/h1]

[b]SUBJECT[/b]
Nearly all lewd in Ambrosia is about Flode getting funky with various NPC’s and monsters. Scenes range from the wind accidentally lifting up your skirt to full-blown group sex, and anything in between. Most of the lewd is on the vanilla side of things; you won’t encounter all of the usual tropes for this genre. Exhibitionism on the other hand features quite prominently. Quite a few scenes start out against Flode’s will. Often, she ends up enjoying it anyway.

Keywords: [spoiler]big breasts, devices, group, fluids, forced, humiliation, incest, lesbian, monster, pregnancy, public, solo, straight, tentacles[/spoiler]

[b]CONTENT[/b]
141 scenes made out of CG’s and simple CG-based animations. Several combat animations, as well as 9 unlockable outfits. Many scenes re-use the same basic CG’s, with varying overlays (most notably the different outfits).

[b]ACCESS[/b]
You encounter lewd scenes in three ways: by performing badly during or losing certain combat encounters, by getting harassed on the street or by initiating certain quests. Almost all lewd is avoidable; it’s possible to finish the game with a (nearly) clean slate (although this can be quite challenging.)

Access to lewd is also stage-gated; you’ll need to accumulate a number of indecency points in order to progress to a higher lewdness level, after which more explicit scenes and clothing options become available.

Ambrosia doesn’t have an in-game gallery by default, but you can buy an item at a vendor that makes one available. Another purchasable item provides you with hints on how to unlock any scenes that you may have missed. After completing the game, you’ll be able to purchase a third item that unlocks any scenes you may have missed.

[b]QUALITY[/b]
The artwork is average for the genre; it’s convincing and cute, but not quite as detailed/elaborate as in some of the competing games out there. Content progression however is very good: Flode’s gradual descent into sexiness is particularly well executed, regardless of how far you decide to go.

[h1]VERRO’S VERDICT[/h1]
Ambrosia ranks right up there with Meltys Quest and Treasure Hunter Claire. The latter two perhaps have better artwork, but Ambrosia offers more in terms of gameplay. The devs have managed to hit the sweet spot between making an entertaining game, serving up a good portion of lewd and offering enough flexibility to enjoy the game the way you like. And it’s pretty cheap, too! Don’t hesitate, just buy it now.


[i]Looking for fairly priced adult games with good gameplay? Follow my [url=https://store.steampowered.com/curator/38781731-Chez-Verro/]curator page![/url][/i]",True,1617977339,1,0,0.523809552192687988,0,938,938,76561199031334008
1078350,91791153,"Easily the second best H-game i have played so far 
if you liked treasure hunter claire this is a better version",True,1620686019,2,0,0.525862038135528564,6,717,1132,76561198169230374
1078350,92334712,"Ambrosia is by far one of the best releases from Kagura Games I have played yet. The game has tons of content ranging from building and decorating your church, working side jobs for money, and exploring for crafting resources and treasures. The game has constant and plentiful H-scenes with great illustration. If you are at all interested in H-RPGs then I highly recommend this one.

If you'd like to see a closer look at what the game has to offer I have a short video over on my Youtube channel.

https://www.youtube.com/watch?v=XFfDqVNVv2k",True,1621561828,8,0,0.598874032497406006,0,1009,1046,76561198045314553
1078350,148456970,"I'd say this game is pretty good and worth its price. The combat is fine, not the best, but not the worst either. Saying this makes it look like I'm saying the combat is mid. It's not. It's good, but not the best. At least I enjoyed the combat a little more that I thought I would and had to redo a couple of fights because I suck. I don't know if that says something about the game or me. The H-scenes are pretty good considering this is an RPG-Maker game, even though you'll pretty much see the same scenes over and over again. Questing in this game are also pretty good. They are easy enough to understand and complete, which isn't common in RPG-Maker games (at least the ones that I've played).

Though everyone should know that Kagura games have patches that you need to download to get the full experience, in this case it's worth the hassle to go and get it. I'd give this game a solid 8/10.",True,1697663919,0,0,0.5,0,1036,1145,76561199515073235
1078350,85805166,I play for the plot.,True,1612251861,0,4,0.5,0,715,885,76561198241182658
1078350,85982176,Strongly recommend. Although I played for this long there still have something to find out. (Need 18+ patch for best experience),True,1612498952,0,0,0.5,0,798,1009,76561198049767482
1078350,154989436,this game definitely is one of the greatest h games existing right now.,True,1704128347,0,0,0.5,0,692,725,76561199319247007
1078350,90974133,"Great game, Art can be better sometimes but good gameplay and lots of content, worth the price.",True,1619473162,0,0,0.5,0,1123,1452,76561199091882451
1078350,86442711,"Whoa talk about value for money. This is probably the first time I spent this much time on a lewd game, and i've _barely_ even seen the naughty bits yet.

most of the naughty bits are optional and you can get through the game relatively ""intact"" i'd say buy it.",True,1613106139,4,0,0.536451756954193115,0,647,1355,76561198084397571
1078350,112314103,"Meowdy fellow gaming degenerates! Nyaughty here to answer that age old question of ""What the heck is this game and is it worth fapping to?"" A cute priestess, a sexy demi-goddess, and a classic corruption tale as old as time? Sign me up!

[b][u]What the frick is Ambrosia?[/u][/b]
You play as Flode, the priest girl with a too-tight green dress. Turns out being cute is something of a sin in this game, and who can really blame your superiors for getting handsy? Such a distraction. So you're quickly shuffled away from your temple to a faraway faithless land to spread the word of Leight. There you take over a decrepit temple (expandable!), stumble over a forgotten goddess (snek?), and meet a flower monster girl (flat justice!) who is quickly kidnapped and begins to be, ahem... [i]trained[/i].

Being the sweet & innocent priestess you are - you're planning on keeping her that way, right?... right!? - the only thing to do is save your new friend. This, you find out, means collecting all of snek goddess's treasures to buy your flower friend's freedom. Adventure? Sounds like adventure. And thus, we're off!

[b][u]Gameplay? In MY H-Game!?[/u][/b]
Steam has something of a crappy RPG-Maker cash-in H-Game epidemic, and yeah, this is another one of those. Basic, mostly boring combat abounds. Decent amounts of RPG elements outside of combat help this stand out a little from the pack. You're basically tasked with an updating quest list which consists of going from dungeon to dungeon, slogging through (or running past) a bunch of battles, and finding a boss that's guarding one of the treasures you need. FIRE FIRE CURE FIRE FIRE CURE spam ensues.

There's some added stuff around raising your devotion through missionary work and ""favors"" to unlock new skills and expand your shrine, an alchemist shop where you hunt down and trade items to make other items, and a restaurant where you can turn in monster parts for spendable points. There's also various, err, establishments in which you can work to make some extra spending cash. Moreso in the shady underground town than the goody-goody places you go to first. At least the game tries here.

[b][u]What you're really here for....[/u][/b]
Firstly, there's a patch. You should, y'know, totally download it. For reasons. You know why.

So let's just say that our sweet protagoinist Flode is:

+super cute
+has many outfits, most of which are destructible and offer good breathability!
+doesn't mind walking around with fluids-that-aren't-water covering her
+somehow frequently finds herself in situations where she encounters fluids-that-aren't-water
-isn't a catgirl

Let's get this out of the way first: this is one of those completely original (/s) ""innocent girl becomes corrupted through various means"" stories. Either you like it or don't. I won't judge. As for the content? There's lots of scenes, albeit with some honestly lazy animation when they're there at all. Your usual ""lost a battle"" stuff and then a heaping helping of other interactive things in town and such. The scene variety is good, but the changes inside the same scene (which happen as Miss Flode becomes naughtier & naughtier) don't change [i]too[/i] much. Mostly dialogue stuff. Which, I might add, isn't Engrish in the slightest. Hey, I count that as a win!

Oh, and I suppose there is an option to keep her pure that, from what I could tell, doesn't really add a whole lot. And let's be honest, are you [i]REALLY[/i] going to buy this game just to go that route? ;)

FAIR WARNING: it's this cat girl's opinion that the game has a little bit of a slow start to get to the ""good stuff"". But don't worry. Promise it's there~

[b][u]So was it good???[/u][/b]
Well. Better than the usual fare of H-Game RPG Maker cash cows here, but nothing too amazing. The art's pretty alright, the gameplay's meh but not awful. It gets my recommend because Flode's so very cute and, yes Dad, I did win many, many times.

Recommend. Maybe on a sale.

(p.s. Dad, if you ACTUALLY read this review, I'm sorry for being such a disappointment. Please don't tell Mom)",True,1647471404,97,31,0.895487189292907715,1,927,927,76561199244273438
1078350,130458397,"[b]Overview[/b]
[i]*Note: This review assumes you are playing the game with the 18+ content patch applied. You can receive this patch from the Kagura Games website, assuming you are both 18+ and do not reside in the country of Japan*[/i]

A pretty standard RPG Maker h-game, but there is a ton of content. If you like farming materials and grinding out levels, there's tons here for you - I'm about to quit playing at 15 hours and I honestly ended up using a save editor because I ran out of patience on getting enough XP to survive the mid-game.

[b]Content Disclaimer[/b]
The fetish themes to warn about are non-consent, mindbreak, sw, breeding, exhibition, kidnapping. If you're not comfortable with that stuff, you won't have much fun here.

[b]Story[/b]
Fairly thin, I think the writer(s) had one neat idea (not an original one, just one they liked) that they tried to spin into a game and it shows.

[b]Combat[/b]
purely early-90's turn-based jrpg style: attack, spell, defend, item, run. there's the usual ""enemy is looking for an opportunity grab you!"" hgame stuff, too.

[b]H Content[/b]
The content is pretty standard as these games go honestly; it has different outfits based on your character's comfort rating, loss scenes, minimal solo stuff, a small amount of b/g stuff, and mostly is group stuff with some tentacles thrown in here or there. A majority of the scenes you'll run into throughout the game are reused assets/sprites, and maybe 30 fully drawn screens are present in the h-content for the game.

[b]Unique Features[/b]
Not a ton here, but there are a good variety of locations to visit, enemies to farm for drops, an alchemist to make unique gear, a church that you can purchase decorations/upgrades for, and a surprising amount of optional and post-game content. This game also includes a NG+ feature, and a boss rush mode (sort of).

[b]Final Thoughts[/b]
Overall I'd say it's a 3.5 star game. If you like the kinds of content listed in the disclaimer about (especially mindbreak and sw), or you like grinding/farming in rpg's. If you're looking for something in a similar vein, I'd suggest Ideology in Friction or Magical Girl Celesphonia, both available from Kagura Games.",True,1673209699,0,0,0.5,0,946,995,76561199120732925
1078350,96715228,"I came, I saw, I came. 

I saved a flower loli, I gave birth to a demon child, and I found out Orcs know how to treat a woman right(?).

I need some wholesome soul food now. 10/10 Game.",True,1627768283,0,0,0.5,0,851,1157,76561198097276828
1078350,129886851,Hmmm 100% is a yes,True,1672607503,0,0,0.5,0,1066,1116,76561198137420128
1078350,86335578,did anyone have trainer for this game ?,True,1612963527,0,1,0.5,2,723,878,76561198835616998
1078350,171200532,"Equally as good as Magical girl, peak.",True,1722479511,0,0,0.5,1,750,750,76561199654330639
1078350,168143495,Mostly just giving this a review so it shows up on people's feed.,True,1719291951,1,0,0.52173912525177002,0,893,893,76561198068848937
1078350,93419198,"[h1]A lot of hentai scenes combined with fair good story[/h1] 
[b]My score:  5/5[/b]

[i]If you are sensitive about religion symbols, u can feel offend playing this.[/i]

Pros
+ Hentai scenes
+ Plot
+ Long story
+ Nice outfits 

Cons
no cons for me

Have fun! (And be a gooooood priest for your people ( ͡° ͜ʖ ͡°) )",True,1623171852,5,0,0.563752651214599609,0,857,857,76561199093507045
1078350,195549741,"The true faith its ""NOIR""; the animations are OK, gameplay its simple not much strategy just spam whatever does more DMG and that all, plenty of defeat scenes, and many other scenes, get the patch if you looking for a corruption game, if you looking for a wholesome priestess game then think again and reconsider because what you actually looking for its corrupting a priestess and this the game (-_q)",True,1748098203,0,0,0.5,0,854,864,76561199803021349
1078350,85939113,1M/10 ION,True,1612440996,0,0,0.5,0,1168,1247,76561198094197807
1078350,112404027,give me more shimobashira workshop's game ~~,True,1647602247,11,0,0.629110515117645264,0,1176,1263,76561199071264516
1078350,118429974,"I don't even want to ruin this game in fear that I can't hype it up enough, this is my favorite H game that I've played so far. If you enjoy corruption based RPG maker games with turn-based combat and a sweet little angel who becomes a puddle of baby gravy, you'll like this game. Buy it regardless if it's on sale or not. You won't regret it. 20/10",True,1657254533,0,0,0.5,0,797,797,76561198125738512
1078350,86389425,The best Hentai Game I've ever played.,True,1613037782,1,0,0.5,0,871,1507,76561198059050950
1078350,85823675,G A M E P L A Y,True,1612276363,0,0,0.466346174478530884,0,648,687,76561198152872591
1078350,191243841,"if anything where do we stop?... the answer is obvious.. 
we dont ..Priestess Flode will keep going... and yes she did... she did it with everyone for the faith of Leight

well anyway that was pretty nice ...truly a Shimobashira Classic ...he never misses",True,1743014406,2,0,0.518980622291564941,0,831,831,76561198153544308
1078350,94594445,"Isn't it irresistibly sweet when an innocent maiden gets corrupted?
My biggest mistake was unlocking all the scenes instead of discovering them myself",True,1624898568,4,1,0.549488067626953125,0,830,1173,76561198143592179
1078350,201939552,"grind seviyorsanız güzel, fena olmayan bir sonu var.",True,1754949898,0,0,0.5,0,1045,1045,76561198272887843
1078350,118641201,"good , let's corrupt her",True,1657561737,4,1,0.514968276023864746,0,889,955,76561199034145137
1078350,92964343,This game is worthy enough to get a hentai adaption. 2 episodes for this is just fine.,True,1622507062,0,0,0.5,0,1038,1221,76561198080106989
1078350,88983834,very nice 10/10,True,1616563379,0,0,0.5,0,632,694,76561198114562594
1078350,85665088,"Bought this expecting the usual content but got a surprisingly decent RPG game. Gameplay is extremely long. I'm 12 hours in the game, finished the main story, and still feel there's a lot left to explore. Very well worth the money.",True,1612061319,1,0,0.484048426151275635,0,639,805,76561198842858007
1078350,132254907,"this game is good. the main character evolves according to your choice during the game.

looking forward to new game from this workshop!",True,1675600185,0,0,0.5,0,703,703,76561199031053463
1078350,130245151,"One of the best lewd RPG maker games ever made, what every game hopes to achieve, fun combat that isn't too grindy, a nice environment, gorgeous graphics, fun situations to put your character in if you're into that.

The BEST corruption rpg maker game out there, from  Holy priest to well, whatever you want, if that's your thing you'll like it.  17 hours, all things unlocked.

10/10",True,1672982528,0,0,0.5,0,1065,1601,76561198046591895
1078350,85684807,"Decent game but buggy as shit.

CGI's are kinda lack luster, scenes are kinda static with running plot. Plot was good enough. H scenes a bit repetitive.  Overall had fun.


Would wait for sale on this one, due to lackluster H scenes with no animation / no voice acting",True,1612089455,2,1,0.537572264671325684,0,918,2820,76561198044225774
1078350,132769185,It was really fun H-game building up the church adding decoration and other function. I wish we can add more stuff to the church and make it real nice place.,True,1676289207,1,0,0.5,0,1003,1014,76561199439909497
1078350,86362617,Lord forgive me for what I'm about to do.,True,1612994864,0,0,0.5,0,631,1062,76561198092106159
1078350,86496766,"Awesome game, tons of H scenes, cool story. I came many times and became almost as slutty as Flode!
10/10 would fap again",True,1613167670,7,1,0.548577666282653809,0,739,1607,76561198982688217
1078350,89667621,Solid. Well made. Fun to play.,True,1617492026,3,0,0.534883737564086914,0,1150,1169,76561197970931968
1078350,86452622,"A pretty solid RPG with crafting, for those that like to gather ingredients from the world map, enemies and bosses to make stronger gear and weapons. Progression is relatively fast, the game won't waste your time and is pretty generous with exp. Bosses respawn after resting a day so you can refight them for exp and loot.

However, even though you gain exp quickly, some bosses will require a bit of strategy and proper equipment before fighting them. The game has a day and night system where enemies are stronger at night, and special bosses spawn. These bosses are the real challenge, and if you don't want to fight them they are pretty much optional.

The story is nice, you play as a priestess who was exiled from the mainland and are now trying to spread your religion on this island. That plays out in a simple gameplay loop to raise your devotion level, which grants you skills to power up your character. There's more to it than that, but I won't spoil the rest.

There is quite a bit of content on the side of events, though the art isn't the best it's still decent to look at. Aside from combat, you'll really just be repeating some events to get money and other things. There are side quests to do, though there aren't very much of them. Still, the core gameplay loop is fun to play through and the story was enjoyable.",True,1613119375,0,0,0.5,0,908,1066,76561198017483678
1078350,161224561,"[h1]WOW[/h1]
Alright, I've been eying this game for quite some time now since shark dev's recent game Clesephonia was insanelly good. I mean it's hands down easily top 10 corruption games.
But I was always a bit hesitant with this one since looking at it I always felt like this would be the sort of game where a young dev would just test the waters you know. Like I was doubting whether this game would have the same amount of polish and h content as the dev's more recent stuff.

[h2]And I have to say it surpassed my expectations[/h2]

I mean yeah it has the things you would expect. Some nice scenes, a well paced corruption but man the setting and the gameplay really makes it.
You are a priestess on a mission to spread the faith and rid the land of monsters using your holy magic which is just the perfect setting for a corruption game. Most of the time besides battling you will also spend your time visiting the local cities and finding ways to spread the faith either by preaching on the streets handing out uhm... hehe, various pamphlets or helping those in need who may or may not are taking advantage of your kindness. And you will do all of this because spreading the faith is the best way to power up your spells and to also arm yourself againts monsters but it is also what leads to many of the naughtier scense where your faith is tested.

But this game isn't all just preaching you will spend a lot of time battling too trust me and the battle system is basically the same as Celesphonia. Opponents will try to tear your clothes and will harass you besides trying to hurt you and once you are exposed enough they will try to do naughtier things and honestly [b] I think the battle fucking is better in this game.[/b]
I mean sure in Celesphonia it's all really well thought out and more dynamic but here it's just faster while in Celesphonia poor girl can get sex locked for minutes.

[h2]Overall[/h2]
It's a really decent game, has about 10-15ish hours of content packed into it with a new game+ and with a nice focus on corruption and exhibitionism. My main complaints honestly would be that since you are basically becoming the womb of a forgotten godess (oh yeah thats a thing in the game lol) I feel like the game should have a pregnancy mechanic and also I think it's mean how the game is teasing you with yuri at times, I mean come on it's not enough your roommate is a monster girl who likes getting touchy and you serving the literaly godess of sex in the lewd route but even at the brothel you can say you are into girls and the game will just tell you sorry lol not gonna happen which I mean fine just stop teasing me about it.

[b]So uh yeah go play it
I had fun!
probs gonna replay it a lot honestly [/b]",True,1711171208,5,0,0.56755518913269043,0,968,1461,76561199502115163
1078350,115452241,I need more tissues....,True,1652548181,3,1,0.557046949863433838,0,934,1117,76561198860292186
1078350,85996350,The amount of content in this game is surprising. Don't forget to also clear the stories in post-game.,True,1612520837,1,0,0.52173912525177002,0,1154,1154,76561198014392136
1078350,129671594,"Ambrosia is a common type of game. Collect some artifacts and defeat the ancient evil, all in a days work for a priestess.

What makes Ambrosia different is progression. Flode begins as a somewhat weak priestess in a small church and ends up... Well... You'll see. 

The game is fun and can be challenging. Clearing the gallery and getting a 100% is realistic and doesn't require too much grinding. The mini-games, side jobs, and NG+ are all worthwhile.

A good game, recommended.",True,1672386392,1,0,0.513715744018554688,0,1114,1114,76561198877324123
1078350,168486222,e,True,1719659999,1,0,0.486725658178329468,0,906,1412,76561198818208129
1078350,119975050,the game play its self was enjoyable and the art work was nice as well and the plot was pretty good id rate this one a 8 out of 10 in my opinion,True,1659501913,0,0,0.492125988006591797,0,835,935,76561199257123762
1078350,95534420,Story is captivating and the skill and battle system is really solid for a game like this. Definitely looking forward to a sequel.,True,1626005812,0,0,0.5,1,699,1107,76561198035561765
1078350,119539179,"So good, this game has all the regular tropes from Kagura Games, but the artwork is really well done and there's enough lead-in to keep things interesting for 10+ hours of game play. I've played a lot of Kagura games since I've discovered them and maybe 80% are overpriced garbage, but I think this one is properly priced and polished.

Here's just a quick list,
PROS: 
Nice artwork
The progression has element that allow you to have ""fun"" right away as well as elements that take longer to pay off
They don't re-use a lot of scenes and your outfit decision is mostly reflected.
I didn't see any bugs and it never crashed
You get a new set of things to do after the game ends the first time, which was novel
Just enough mix of game elements to make scenes feel earned

Cons:
There really isn't a story. It's mostly a series of things to do help out the villagers and it's not always clear what you're supposed to do next.
Some H-chains are really underdeveloped. There's one where the text describing it didn't even line up with the images being shown. Needless to say, the 2 or 3 times that happens in the game it was disappointing, but it didn't happen too often.
Most of the ""defeat scenes"" are phoned in, especially later in the game. I collected all the scenes and have to say that apart from those encountered during regular game play weren't really worth the effort.",True,1658876470,4,0,0.54674065113067627,0,984,1118,76561198111412907
1078350,85602623,"[h1]when god gives you a bod. . . don't waste it — get wasted![/h1]
[table]
    [tr]
        [td](Adult) Content[/td]
        [td](FxM) Sexual content.[/td]
    [/tr]
    [tr]
        [td]Censorship?[/td]
        [td]No. Woot! Woot![/td]
    [/tr]
    [tr]
        [td]Hours of Gameplay[/td]
        [td]Nine or ten hours.[/td]
    [/tr]
    [tr]
        [td]Modding Support?[/td]
        [td]No.[/td]
    [/tr]
    [tr]
        [td]Patch Available?[/td]
        [td]Download from Kagura Games.[/td]
    [/tr]
[/table]

[b]Ambrosia[/b] is a lewd RPG about Flode's search for the seven treasures of Noir to exchange for her friend's freedom, and ultimately prove her worth as a holy practitioner.

[h1]Gameplay[/h1]
Slay baddies and spread the gospel as you search for the seven treasures of Noir. Every four days you're without [i]the goods,[/i] your friend will be raped by her captors!  Dangerous foes guard each sanctuary, so it's important to raise your strength. Though you can find better gear and ""level up"", your strongest weapon is ][i]faith.[/i] By completing side quests and preaching the gospel, you'll be able to unlock a variety of new skills and permanent enhancements. Your temple is an essential monument, a means to reach new power levels (and [strike]collect[/strike] extort ""donations""!) However, the temple is in desperate need of repairs -- you may have to make a few [i]compromises[/i] if you're to save your friend! To put it lightly, when god gives you a [b]bod[/b]. . . don't waste it -- get [b]wasted![/b]

[h1]Story[/h1]
Flode is a devout follower of Leight, God of [b]Holy[/b] Light. When she refused Chrabon's sexual advances, he had her expelled on the pretense ""she went against her vows"". As the Duke's son, no one dared question his word -- thus, she was exiled to Cerbes Island as a missionary. She was tasked with spreading the Leight's gospel and ""laying low"" to avoid further retribution. On Cerbes, she encountered a friendly Alraune, who she named ""Lafleur"". A friendship was forged, and together they helped those in need. Little did Flode know, Lafleur is a very special monster; she secrets a special nectar that is key to a grand, alchemical scheme that threatens world order. Soon after they met, she was abducted. Chairman Volze has secured a king's ransom for Lafleur's capture. However, he agrees to free Flode's friend under one condition; she'll have to bring him the [i]Seven Treasures of Noir.[/i] As it turns out, Lafleur had friends in high places. The Goddess herself, Noir guides Flode on her journey. As they encounter the secrets of Cerbes, Flode will have to face [b]bitter truths[/b] about her world and beliefs.

[h1]Visuals[/h1]
The titlescreen looks great! It's nicely arranged, and the artwork is wonderful. Audio, display and gameplay preferences can be adjusted from ""Options"". To fullscreen the application, hit your ""F4"" key. You may need to use the ""F3"" key to adjust the resolution of the application. There is no ""gallery"" that can be accessed from the main menu. However, a gallery can be unlocked in-game once you've reached a certain point in the story (and once you're able to afford it). When viewing CGs, the user-interface can be hidden by right-clicking. I'm thoroughly impressed by the user-interface! Other than the offhand, squished text (or the poorly animated battler), the interface is a delight to interact with.

[b]- The Goods -[/b]
There are one-hundred-thirty-nine sex scenes that include dialogue and one or more static CGs with variations. These scenes are derived from sixty-one [b]bases.[/b] The vast majority of sexual content is centered on the main protagonist, Flode, but a handful are dedicated to her green-skinned friend, Lafleur. There are few consensual sex-scenes; most content is a combination of extortion, humiliation, prostitution, and rape. Flode is typically abused by her most [i]devout[/i] followers and rapey drunkards. Sometimes, she is raped by the monsters she loses to -- which includes [b]tentacles![/b] Flode [b]oozes[/b] with vaginal discharge (and [b]I love it![/b]) The artwork very high-quality, but unless you're actively working towards sex you won't see much of it.

[h1]Verdict[/h1]
I definitely recommend this game! [b]Ambrosia[/b] was a lot of fun, and there's lots of content to see. I ended up getting side tracked for [i]several hours[/i] as I explored the world and tackled hidden bosses. This game doesn't always hold your hand; though your quest objectives are outlined from the menu, you'll still have to memorize locations and quest givers. I found this game to be more difficult than other releases from Kagura Games. Typically, I am able to figure out a way to [i]cheese[/i] my way through their games. [b]Ambrosia[/b] features content that'll keep you challenged for hours on end. There's lots of collectables, and lots of lewd content to enjoy. [b]Ambrosia[/b] is rather grindy, but I enjoyed this game very much -- add [b]Ambrosia[/b] to your library today!

[table][tr][td][url=https://wombattrap.com/review/ambrosia/]To read the full length review, click here![/url][/td][/tr][/table]

[h1]Support the Wombat[/h1]
[b]<3[/b] Follow the [b]Wombat Trap Curator[/b] page for more reviews! [url=https://store.steampowered.com/curator/36272124-Wombat-Trap/]Click here![/url]
[b]<3[/b] Join the [b]Wombat Trap Group[/b] to stay up to date on propaganda! [url=https://steamcommunity.com/groups/wombattrap]Click here![/url]
[b]<3[/b] Sell your soul to me with [b]Patreon[/b] to keep me alive! [url=https://www.patreon.com/datwombat]Click here![/url]",True,1611983121,224,10,0.832229733467102051,8,1046,1046,76561198100011521
1078350,121207597,"Same bundle with ""Magical Girl Celesphonia"", but look like this is a old game so it have nothing as good to compare with the other game. I feel really boring when play this game after finished ""Magical Girl Celesphonia""",True,1661421090,0,0,0.476190477609634399,0,863,1643,76561198125650361
1078350,204033409,"I beat the game without the patch... nor can i install it on linux.
Mixed feelings :c 
Good game but i missed the fun stufff",True,1757529082,0,0,0.5,0,973,985,76561198337531196
1078350,116575490,Time well spent I'd say.,True,1654522822,0,0,0.5,0,698,760,76561198336258693
1078350,165495144,"Have you ever wanted to see how a nun can be when corrupted, well look no further",True,1715897357,0,0,0.5,1,644,668,76561199163964245
1078350,85822136,"It's a good corruption game, although the corruption aspects and the transitions between depravity levels feel a bit rushed and she's kind of a pushover when it comes to various forms of harassment, in the sense that she doesn't fight back convincingly enough at first. There's a decent amount of quests and side quests, some of which are repeatable as padding, even though the hardest difficulty is still kind of a joke. The RPG system is the standard experience for these kinds of games. Nothing innovative. There are multiple clothing options and destruction of thereof. There's a decent variety of scenes, such as the bath house, decrepit hostel, beach, bar, recording studio, confession booth, defeat scenes (no game over), and so on.. just to name a few. There's an alchemy system, a fishing mini game, a skill tree and a shrine upgrade system (your home). There's a post game with additional bosses and events and the game has 4 endings that vary based on the heroine's purity.

I've experienced some very minor bugs, such as some text remaining untranslated, but that has been very quickly fixed in the most recent patch. Overall it's an enjoyable experience for all those that are into corruption type games and I do recommend it. Hopefully we'll see Kagura pick up Celesphonia in the future & release Zeven sometime this year. They're both on my insta buy list and should interest anyone who's into corruption games.",True,1612274714,6,0,0.569825112819671631,0,1711,2244,76561197997387169
1078350,141039758,"[b]The game went from fighting plants to fighting God while being sexually harassed by half the continent. Boy, did that escalate quickly.[/b]
In all seriousness though, Shimobashira Workshop has outdone themselves with this game. Compared to their previous work, ""Anthesis"". Ambrosia had a new combat system, revamped corruption mechanics with almost double the amount of H-scenes, improved art and a more in-depth storyline. Overall, it's definitely worth your time and money if you're into this kinds of stuff. Highly recommend!",True,1688206855,0,0,0.5,1,1402,1687,76561198837581229
1078350,87211964,"The art is nice, the game play is standard but fun if you're into classic RPG style. The plot is predictable, although it kept my interest long enough to play through completely.  In terms of H content, this game has public harassment events, some combat H stuff, some on-loss events, and special events around towns, a good mix.  This is one I'll give a solid recommend for.",True,1613978654,4,0,0.537750363349914551,0,1272,2144,76561198424705252
1078350,149025906,Lots of content... worth the money...,True,1698470773,0,0,0.5,0,1791,1836,76561198357590309
1078350,172270821,"I'd say this one is as good as Magical Girl Celesphonia and that's high praise.
It strikes that perfect balance between actual gameplay and H-content where you can move between both seamlessly. There's this thing with Adult RPG-maker style games where either the adult scenes are a complete pain to unlock or they're overly aggressive with them. This game and Magical Girl are those rare exceptions where you can actually choose where and when you want to unlock them which makes the game so much better overall because you can take time to grind for levels, materials, and advance the plot then move back to the real reason you bought the game on your own time.",True,1723838786,8,2,0.618613362312316895,0,1528,1536,76561199543811007
1078350,103747703,"Actually pretty nice. I enjoyed the combat, and the adult patch was quite alright as well.",True,1637836816,3,0,0.506719112396240234,0,1980,1980,76561197994280880
1078350,139110414,"6/10 

Story- Getting to see a priestess choose weather to give herself to Lust or Follow her god on the righteous path was interesting. I'll be honest though, there were a few times where I caught myself falling asleep.

Gameplay- Extremely good, the world felt large but not too much that you felt lost. Fights felt like an old RPG game so nothing new there. 

Music- I enjoyed all the sounds Ambrosia had to offer.

Art- My Biggest gripe, I feel like the art is severely lacking for this type of game in made in 2021. Some scenes would have been extremely enhanced if the art was just a bit more polished.

Play if you like good games that not only grab your private's desire but your gamer desire as well.",True,1685221847,3,0,0.538627564907073975,0,2902,3054,76561198039311873
1078350,129765902,"Lazyfisherman here,
Ya this game is the full package nothing much to say here besides 10/10. 
I would wait for this game to go on sale but if you really want to see the full package early go for it.
REMEMBER TO DOWNLOAD THE PATCH ON KAGURA GAMES OFFICAL SITE!!!",True,1672482600,0,0,0.5,1,1218,1218,76561199241170286
1078350,203817869,"Even though I took a couple of schlongs up the back door, the game still labels me as a ""virgin"", thus I was able to get the Virgin Slut Ending. Thank you Shimobashira Workshop for letting me tease my way up to be the ultimate slut priestess, while keeping my v-card intact and still get an ending along with a nice H scene for it. 10/10 game, would slut again.",True,1757269101,2,5,0.548895895481109619,0,1591,1703,76561198986146878
1078350,173706236,"The first Shimobashira game released and it's still quite decent and enjoyable to play compared to their newer games. Plays like a classic JRPG, leveling up, go on adventure and complete quests.",True,1724930933,1,0,0.5,0,1583,1583,76561198005962608
1078350,152760841,"TLDR: Came here from Magical Girl Celesphonia, two words: ""Superbly Fantastic"". RPGMaker game with superb story, beautiful art and easy gameplay. Grind a little and miss priestess here can smash everything into nothingness making Hulk run for their money. H scenes are static but the art and writing is guarantee to make you burst. Recommended! 

[b]Tips:[/b] As with all Kagura Games, PATCH the game for maximum intensity.

[b]the kind priestess[/b]
Dear diary, it has been X days since my arrival on this island. My initial grim prospect turned great with life brimming with happiness and smiles from the islander. Their devotion to the God of Light is remarkable and I am indebted to their faith. With staff in hand, I smash away threats and protect my flock of sheep. May the God of Light continue to protect us. [i]Signed, the kind priestess.[/i]

[b]the lusty priestess[/b]
Dear diary, it has been X days since my arrival on this island. My initial grim prospect turned ultimately high with life brimming with sex and c*m from the islander! Every night men from different angle visited my chambers to pleasure my hot body! Oh, this is all thanks to the blessing of Goddess of Night~~ <3... oh I can't hold it anymore... you caught me didja...? While I am writing these, I am being pumped full and there is still 8 men waiting in line... oh... I can't concentrate... [i]love, the lusty priestess[i/]",True,1701560526,0,0,0.5,0,3316,3336,76561197985066203
1078350,146673449,好,True,1695247661,0,0,0.5,0,2213,2213,76561198237260124
1078350,199892369,It's quite alright.,True,1752617164,0,0,0.5,0,1610,1610,76561199215460975
1078350,116699525,"Of all of the Kagura published games, this one is one of my top 2 favorites for gameplay and general lewdness.

Art: Average. This is the weakest part of this title. The art is ok--I've definitely seen worse and it's not so bad that it breaks any sort of immersive flow

Characters: Lovable MC and MC's best ""bud"" (you'll get the joke if you play the game :P)

Gameplay: Standard turn-based RPG combat

Replayability: Here's where I feel the game really comes out on top of others. There's crafting, fishing, ""cooking"", ability unlocks, all on top of the other usual eroge corruption elements, such as ability to remove armor and engage in a plethora of lecherous shenanigans. The big bonus for me here is that there is also the option for NG+ which also includes the ability to reset various stats, including purity. Additionally, there's also a fairly robust (relatively) post-ending gameplay that provides a solid challenge for those who want to do a bit more grinding and fight harder enemies.

Tags:
NG+
Post-End gameplay
Impregnation (only once though...)
Non-con (avoidable)
Corruption

Final Notes:
Of my entire Kagura games library (and truthfully my eroge library), this one and Brave Alchemist Colette are my top favs. The only improvement I can think of for this game is if the art quality was improved and there were animated scenes. It's rather sad that there aren't more eroge with animated scenes.

9/10 - Would buy again, even at a higher price point. 31 hours in and still enjoying it.",True,1654732176,2,0,0.519230782985687256,0,1882,2281,76561197962961809
1078350,143131914,"[h1]That one bro that plays Eroge Simplified Review[/h1]
[i]Note: I played the patched where you can find from Kagura Games Official Website[/i]

Ambrosia is a pretty good Eroge. Sure it might be one of the plenty of Eroge JRPGs on Steam, but it got a lot of good points that makes it a rare find. But let's not go into details and just jump right into it.

You play as a Orphaned Apprentice Nun, Flode. Your duty in this game is to spread the Devotion of your God on an island which have little to no faith. Any more than that we're going into spoiler territory, but let's just say the story is pretty great. Some of the game mechanics that was available to you to enjoy are, fishing, working in a bar as a waitress, becoming a dancer, et cetera.

The [b]artsyle[/b] for the game gets a score of [b]8/10[/b] from me, it could've been better in terms of the Hanimations but most of the time you'll on just see bald silhouette of the assaulter during the Hanimations.

The [b]skills, upgrades, and battle mechanics[/b] gets a [b]6/10[/b], there aren't much to say about it since there's not much armor or weapons available that peaks interest. You'll have to grind out the materials for it which are a bit annoying since drop rates are low, and most of them won't respawn until you slept for the next day... [i]unless you're a save scum like me[/i].

The [b]story[/b] gets a [b]9/10[/b]. Multiple endings are available ranging from [b]PURE[/b] to [b]CORRUPTED[/b]. As for why such a high score you ask? You'll have to see it for yourself. [i] tho don't expect too much since it is an Eroge[/i]

Overall, It's a great game, [b]8.5/10[/b].
[i]Side Note: I took about 25 hours for a perfection run on this game[/i]

-K, That one bro that plays Eroge",True,1690790885,1,0,0.515151500701904297,0,2725,2725,76561198972883266
1078350,112374437,"If you're into pure maidens being corrupted, this is the game for you.  Combat is like classic JRPG's and is mostly separate from H-scenes (except when losing to enemies).  Most lewd stuff is from side activities you do.  This game also features a passive system, similar to Remtairy's KP.

Somewhat replayable since you can customize combat difficulty and starting stats.

Worth the price for the content you get, especially if on sale.",True,1647551774,0,0,0.5,0,1903,1903,76561199161236950
1078350,115837305,"Sorry I copy review from Magical Girl Celesphonia :P

I like both Shimobashira Workshop games very much, the concept is quite new and interesting to me. Instead of playing male protagonist who fxxk everyone, playing in female protagonist perspective can see more detail in her character development, as if I am evil god who secretly corrupting and manipulating her. :D

The RPG element is quite good, not only it make female protagonist stronger, it also make her become more eroge in different way. I never played an eroge game which can shape female character so much. Hell, you can even beat the game as pure virgin.",True,1653214117,7,0,0.594845294952392578,0,2611,3789,76561198043779615
1078350,103167352,"Ambrosia is an RPG Maker game that follows the story of the young priestess of Leight, Flode, on her journey to save the friendly monster Lafleur from slavers forcing her into sexual submission. As a priestess, Flode is also on a mission to spread the word of Leight and delivers sermons and passes out pamphlets in hopes of attracting new followers and devotion so she can develop new skills and improve her church. Of course, the men in this game are all sexual deviants and what kind of upstanding citizen wouldn't want to grope and then ejaculate all over a pretty little woman of the cloth? 

From a purely gameplay standpoint, Ambrosia is a pretty standard RPG Maker type game. There are several dungeons, loads of different items and equipment (with several different outfits, many of them quite hot), some basic crafting, and your church doubles as a home where you can buy upgrades and collect donations. It can be a little bit on the grindy side if you're looking to complete everything and unlock the entire gallery as I did, particularly the post game content as there are much more difficult bosses to fight after the main story is over. The game is not very hard overall and while there is a new game+, enemies don't get any stronger and its really there to speed through quickly to check out one of the four different story endings.

Graphically, the H-scenes are okay, nothing to write home about, but that doesn't take away from the fact that they're often incredibly hot. The writing is pretty good overall and I got hard time and time again playing this game; watching Flode become a complete sexual deviant is quite a lot of fun. She can work as a prostitute, sell sex toys, gang-bang on the dance stage, or give blowies in the bathroom of the bar. The game has counters for how many times you've had anal sex or been jizzed on; it's absolutely fantastic. Walking around town with her clothes ripped off covered in semen while watching all the people gawk and grope Flode is just flat out fun; there's no mistaking it. This is a game where it often pays off to intentionally lose battles as Flode is usually taken away and gang raped until she's begging for more, opening up new scenes in the gallery. And the gallery is quite extensive with well over 100 different H-scenes complete with a hint to help out what to do to unlock it. The biggest complaint I have is the lack of achievements and Steam overlay support.

If you have any interest whatsoever in a lewd RPG Maker game, you cannot go wrong with Ambrosia.

*Patch is available from the official Kagura Games website that unlocks uncensored, non-mosaic'd visuals.",True,1637446713,1,0,0.52702707052230835,0,2571,2577,76561198011397146
1078350,153383956,"Started playing this game not sure what to expect other than the smut ... but it was so much fun. This game is clearly a labour of love with so much fun little details added to it to make a fantastic engaging Adult game. Love how every choice is consequential to Folde's growth as a Noir Priestess and the lewd level system.
Decided to check what else the developer created, and I'm loving the consistent quality and gameplay as well.

9/10 really enjoyed it.",True,1702312021,0,0,0.5,0,1189,1280,76561198274052814
1078350,130692231,One of the best Kagura games game.,True,1673521910,1,0,0.509803950786590576,0,1380,1380,76561197966748379
1078350,136784039,my favorite one so far and ive played dozens of eroge,True,1681621932,0,0,0.5,0,1604,1617,76561198009088998
1078350,111725521,"I was initially quite turned off by one of the main inciting incidents of the game. Your friend is captured and sold into slavery and you must save her by making a lot of money. Super gross, and I do not like that plot point at all. However, I pushed past it the next day out of boredom and... this actually ended up being one of my favorite lewd RPG Maker games.

I really like games that feature hot female protagonists opening up sexually. Even playing through as a good girl, the game managed to be pretty hot. Then the game gave a pretty damn compelling reason to play as a naughty girl and I did a second playthrough and was just quite impressed at how many different very horny situations it had in store.

Other games in the genre that also do it well: Magical Girl Celesphonia (this developer's follow-up), Liz - The Tower and the Grimoire, and Claire's Quest.",True,1646630731,4,0,0.545058190822601318,0,1407,1425,76561198879126192
1078350,107846355,Gud game :3,True,1641983088,1,0,0.5,0,1650,1650,76561198067337994
1078350,90245035,"long story, but wish there is more
art good, but wish there is more moving animation",True,1618323360,0,0,0.5,0,3008,5436,76561198090978397
1078350,179219609,"This is an interesting game,  it's story is not as deep as I'd like but its also not a copy paste garbage. The game does let you choose how to play it and the story changes slightly based on your decisions. It is a very ok game. its mechanics are so so and the story is as described above. However the characters, most of them, are written very well and its definitely a game I would be happy to see a direct/indirect in universe sequel to. I think its worth the money and you'll get about 12 hrs play from it unless you do two runs.",True,1731835965,3,0,0.581694424152374268,0,1505,1579,76561198149641057
1078350,115572345,One of the solid games released by Kagura.,True,1652750439,0,0,0.5,0,3003,3003,76561198381811896
1078350,185897898,Nut,True,1737241860,0,0,0.455927044153213501,0,2243,5146,76561199129505139
1078350,147195609,"⠘⡀⠀Yes, I play NSFW games
⠀⠀⠀⠑⡀ on my main account,
⠀⠀⠀⠀⠈⠢⢄⠀⠀ so what?⠀⠀⠀⠀⠀
⠀⠀⠀⠀⠀⠀⠀⢸⠀⠀⠀⢀⣀⣀⣀⣀⡀⠤⠄⠒⠈⠀⠀⠀⠀⠀⠀⠀⠀
⠀⠀⠀⠀⠀⠀⠀⠘⣀⠄⠊⠁⠀⠀⠀⠀⠀⠀⠀⠀⠀⠀⠀⠀⠀⠀⠀⠀⠀⠀
⠀
⣿⣿⣿⣿⣿⣿⣿⣿⡿⠿⠛⠛⠛⠋⠉⠈⠉⠉⠉⠉⠛⠻⢿⣿⣿⣿⣿⣿⣿⣿
⣿⣿⣿⣿⣿⡿⠋⠁⠀⠀⠀⠀⠀⠀⠀⠀⠀⠀⠀⠀⠀⠀⠀⠉⠛⢿⣿⣿⣿⣿
⣿⣿⣿⣿⡏⣀⠀⠀⠀⠀⠀⠀⠀⣀⣤⣤⣤⣄⡀⠀⠀⠀⠀⠀⠀⠀⠙⢿⣿⣿
⣿⣿⣿⢏⣴⣿⣷⠀⠀⠀⠀⠀⢾⣿⣿⣿⣿⣿⣿⡆⠀⠀⠀⠀⠀⠀⠀⠈⣿⣿
⣿⣿⣟⣾⣿⡟⠁⠀⠀⠀⠀⠀⢀⣾⣿⣿⣿⣿⣿⣷⢢⠀⠀⠀⠀⠀⠀⠀⢸⣿
⣿⣿⣿⣿⣟⠀⡴⠄⠀⠀⠀⠀⠀⠀⠙⠻⣿⣿⣿⣿⣷⣄⠀⠀⠀⠀⠀⠀⠀⣿
⣿⣿⣿⠟⠻⠀⠀⠀⠀⠀⠀⠀⠀⠀⠀⠶⢴⣿⣿⣿⣿⣿⣧⠀⠀⠀⠀⠀⠀⣿
⣿⣁⡀⠀⠀⢰⢠⣦⠀⠀⠀⠀⠀⠀⠀⠀⢀⣼⣿⣿⣿⣿⣿⡄⠀⣴⣶⣿⡄⣿
⣿⡋⠀⠀⠀⠎⢸⣿⡆⠀⠀⠀⠀⠀⠀⣴⣿⣿⣿⣿⣿⣿⣿⠗⢘⣿⣟⠛⠿⣼
⣿⣿⠋⢀⡌⢰⣿⡿⢿⡀⠀⠀⠀⠀⠀⠙⠿⣿⣿⣿⣿⣿⡇⠀⢸⣿⣿⣧⢀⣼
⣿⣿⣷⢻⠄⠘⠛⠋⠛⠃⠀⠀⠀⠀⠀⢿⣧⠈⠉⠙⠛⠋⠀⠀⠀⣿⣿⣿⣿⣿
⣿⣿⣧⠀⠈⢸⠀⠀⠀⠀⠀⠀⠀⠀⠀⠀⠟⠀⠀⠀⠀⢀⢃⠀⠀⢸⣿⣿⣿⣿
⣿⣿⡿⠀⠴⢗⣠⣤⣴⡶⠶⠖⠀⠀⠀⠀⠀⠀⠀⠀⠀⠀⠀⣀⡸⠀⣿⣿⣿⣿
⣿⣿⣿⡀⢠⣾⣿⠏⠀⠠⠀⠀⠀⠀⠀⠀⠀⠀⠀⠀⠀⠀⠀⠛⠉⠀⣿⣿⣿⣿
⣿⣿⣿⣧⠈⢹⡇⠀⠀⠀⠀⠀⠀⠀⠀⠀⠀⠀⠀⠀⠀⠀⠀⠀⠀⣰⣿⣿⣿⣿
⣿⣿⣿⣿⡄⠈⠃⠀⠀⠀⠀⠀⠀⠀⠀⠀⠀⠀⠀⠀⠀⢀⣠⣴⣾⣿⣿⣿⣿⣿
⣿⣿⣿⣿⣧⡀⠀⠀⠀⠀⠀⠀⠀⠀⠀⠀⠀⠀⢀⣠⣾⣿⣿⣿⣿⣿⣿⣿⣿⣿
⣿⣿⣿⣿⣷⠀⠀⠀⠀⠀⠀⠀⠀⠀⠀⠀⢀⣴⣿⣿⣿⣿⣿⣿⣿⣿⣿⣿⣿⣿
⣿⣿⣿⣿⣿⣦⣄⣀⣀⣀⣀⠀⠀⠀⠀⠘⣿⣿⣿⣿⣿⣿⣿⣿⣿⣿⣿⣿⣿⣿
⣿⣿⣿⣿⣿⣿⣿⣿⣿⣿⣿⣷⡄⠀⠀⠀⣿⣿⣿⣿⣿⣿⣿⣿⣿⣿⣿⣿⣿⣿
⣿⣿⣿⣿⣿⣿⣿⣿⣿⣿⣿⣿⣧⠀⠀⠀⠙⣿⣿⡟⢻⣿⣿⣿⣿⣿⣿⣿⣿⣿
⣿⣿⣿⣿⣿⣿⣿⣿⣿⣿⣿⣿⠇⠀⠁⠀⠀⠹⣿⠃⠀⣿⣿⣿⣿⣿⣿⣿⣿⣿
⣿⣿⣿⣿⣿⣿⣿⣿⡿⠛⣿⣿⠀⠀⠀⠀⠀⠀⠀⠀⢐⣿⣿⣿⣿⣿⣿⣿⣿⣿
⣿⣿⣿⣿⠿⠛⠉⠉⠁⠀⢻⣿⡇⠀⠀⠀⠀⠀⠀⢀⠈⣿⣿⡿⠉⠛⠛⠛⠉⠉
⣿⡿⠋⠁⠀⠀⢀⣀⣠⡴⣸⣿⣇⡄⠀⠀⠀⠀⢀⡿⠄⠙⠛⠀⣀⣠⣤⣤⠄",True,1695895479,0,0,0.5,0,3093,3819,76561199206252595
1078350,188875979,Flode is a top tier Priestess...,True,1740674430,0,1,0.476190477609634399,0,1209,1209,76561198377976208
1078350,197099526,"With regards to the unpatched game, the actual censorship is hit-or-miss.  Also, the entire time-management mechanic is removed for plot changes, as well as any access to the skill tree for some reason.

     Due to this being the dev's first game, a lot of the visuals are a little rough around the edges, especially the H-scenes.  
     Most of the environments and plot points were pretty generic, but the vibes were honestly really good so I can't complain much.
     I actually really liked the way the RPG combat was done in this game, and the changes to combat during nighttime were fun and interesting.  Most of the bosses required different strategies, which was nice.
     On the other hand, some of the increased combat complexity may have been due to me being underleveled for most of the game.  Since almost no events comsume in-game time, you can pretty much clear the game in 2-3 days.  Running from a fight is also guaranteed, so you can pretty much only fight the bosses if you want.  The key items are also super strong, but mostly from a real-time saving perspective.
     The item-gathering system had random drop tables for each gathering point, which became a pain when you could hit every gathering point for multiple days in a row and not get a rare drop while you still needed five more.
     Bear in mind that some of the achivements / titles are VERY grindy.

     The H-scenes were pretty good, though I liked these a bit more than usual as I actually found the MC attractive this time around.  ymmv.

     If you've played Magical Girl Celesphonia, this is also by the same dev!  Very similar quality.  I found that a lot of general gripes with this game were things that are actually not present in the above, although there were a couple quirks I would have liked to see return.",True,1749784584,0,0,0.5,0,1800,1908,76561199816759923
1078350,186056167,"Excellent game, also well worth checking out other games by this dev.",True,1737423345,0,0,0.5,0,1187,1187,76561198210192212
1078350,174563158,Cool game with lots of sex why would you not play this masterpiece,True,1725837119,4,0,0.542997539043426514,0,1341,1522,76561198823830058
1078350,106966350,I liked it for the basics of RPG is simple doesn't feel too forced or drags on and story is fine with a simple objective. I like how the H scenes determines how hard or easy the game is going to be as it does affect how quickly you get to your destination. H scenes require patch and is as much as you can expect of a game about corrupting the main character.,True,1640936231,0,0,0.5,0,1765,1809,76561198054757622
1078350,119218763,"[b]NOTE:[/b] Updated review as of 12.08.24 as re-played it properly including doing post game content properly.
[h1]PROs:[/h1]
✅	Story fair enough
✅	Better gear system that typical H-rpg games = combat fun enough
✅	Base upgrading system
✅	Costumes
✅	Artstyle is good
✅	Plenty of scenes & fair bit of kinks
✅	Plenty of reaction changes depending on your status/look
✅	""post-game"" content is fun + extra scenes
✅	Exploration is rewarding, great end-game helper items and plenty of secrets
✅	""end-game"" gear grind crafting is rewarding
✅	New game plus unlocks & QoL features.
✅   Great gallery room
✅  H stat screen is good enough
✅  RNG chest rewards save-scummable
✅  No boss game over-scenes (Hurray... no need intentionally lose to bosses to fight them again)
[h1]CONs:[/h1]
❌ In-scene CG changes/variation is rather minimal
❌ Certain ""flavor"" unlocks grind isn't worth the effort. (souvenir store etc..)
❌ Somewhat a con, but certain scenes are rather cryptic with hints on how to get them.
[h1] Comments[/h1]
Okay, revamped review it is. Let me get the bad out of the way first. First of all, the in-scene CG art changes/variation is rather minimal, which means most scenes quality comes from the script, great standing art and some tiny bit of art movement. And second main issue is that certain ""flavor"" upgrades/unlocks aren't really worth the grind. Honestly... I couldn't be bothered to unlock all of souvenir shop upgrades... I rather grind/collect mats for certain end-game gear stuff.

Now the good stuff... there is a lot. Plenty for kinks for scenes, outfits and npc reactions to certain outfit changes. Gameplay itself is as well rewarding and fun. There are lot of secret items, some lewd items  and so on. Post-game especially unlocks extra stuff that gives even more hours of fun.

Lot of end-game gear that you can craft, needs some grind and RNG luck.. but those that need RNG actually are well done. As you can beat the boss, save game, open the chest and if you don't get what you need you can reload the save and open chest again for different rewards. Which IMO is great approach for RPGm world.

Story itself is  as well not as complex but actually exists, which is nice. Plenty of funny moments and post-game offers some sweet extras.

Lewd scene hunting initially is hard to figure out yourself. But once you get stuck on finding certain scenes, gallery room with tips comes to help. (which you can unlock with merchant purchase). Accommodating with likeable artstyle.

Honestly... ""Shimobashira Workshop"" games are honestly sweet spot for me. They offer both great lewd content and fun gameplay. With plenty of optional extra exploration, rewards and post game content. Both Celesphonia (my fav one as of now) and Ambrosia are great games.

Think I played this total 4 times now? Increased even difficulty...

In conclusion, if you like fairly straightforward corruption game with expanded gameplay, then I consider it great game. At least was up in alley. Hit all the right sweet spots in both lewd and gameplay balance.

[h1]Total Score:[/h1] [b][u]8/10[/u][/b]
[h1]Game status:[/h1]
✅ Finished

[b]Reviewing info: [/b] How I review/rate & other info on my website through my profile. (desozone)",True,1658433785,0,0,0.5,0,1939,1939,76561197987795996
1078350,122057556,"Recommended only for mature players that enjoy the classic JRPG genre feel.  True to Kagura Games, there is the ""ecchi"" and the ""hentai"" versions of this JRPG game.   Less mature players will likely not be able to understand the nuances of the story line.
The story premise is a tale of purity vs. corruption, with a number of twists to evil vs good.   As most people realize, sometimes what we think of as good or evil is not always a clear cut as others might tell us.  So the tale of Ambrosia plays out.    Is the ""Light"" really the good side?  Or are they the bigots hiding a darker corruption?   Is the ""great evil"" we were told truly evil, or just something that started with a misunderstanding or a quarrel between two that just involved so many that they can't even remember the truth of the original events?   Can you figure out the truth?
This tale of good vs evil, Purity vs Corruption, can be completed either way, with varied endings. but there is a bit more grinding to keep on the complete purity role.  Which will you chose to follow?",True,1662849840,0,0,0.5,0,5326,6405,76561197990658207
1078350,138388099,"I can't really recommend this enough just like Celesphonia, it has good enough lengthed content for the price and has side gameplay systems tied to events that even now I'm still figuring out like the exposure rating. 

Essentially you play as a priestess that is trying to promote her shrine, and also trying to find a new friend that got kidnapped.

You can upgrade the shrine, create new objects to have visitors buy, give sermons, pass out pamphlets and practice your teachings to gain new followers and spread the shrines reputation.

Flode's status also changes how people interact with her, if the rumor is she's a (dumpster) they'll harrass her to no end, but if you've managed to keep your reputation squeaky clean the streets aren't as bad to manage.

The RPG battle system is dynamic too where you'll have to defend against harassment and aphrodisiac drugs which lower your ability to fight. If you level up to level 44, the base enemies in town won't pose a threat, but it's still something you have to worry about with the harassment as they'll take advantage of your clothing status and aphro-status. I do wish there was a 6th battle option like how Treasure Hunter Claire has it, but I think this is fine for what it is.",True,1684256540,2,0,0.541984736919403076,0,1451,4478,76561198028917300
1078350,140633366,Great game to play with lots to do.,True,1687635813,0,0,0.5,0,1392,1443,76561199230299272
1078350,149243201,9/10,True,1698747537,0,0,0.5,0,1335,1413,76561198182663362
1078350,193426655,"So, this isn't as good as magical girl Celes which is pretty much the gold standard for these types of games, but it's okay.

This is a corruption game.   That mean girl will go from innocent to being corrupted.   ""fun"" on defeat mechanics... sort of, but while I would enjoy losing with magical girl, not so much with this game.

The best gear seems to be out of reach until you no longer need it, which is disappointing.   Leveling is capped at 99.   Some stats can continue to build due to buffs but the benefits seem extremely small based on end game and very small damage increases.   Drops appear random in that there are some special ingredients required for recipes and you have to beat bosses over and over again to luck out on a drop.

I didn't feel that this game added anything new to the table.   It was okay.    If this is your first intro and you like that ""corruption"" flavor, then you may really enjoy but if you've already played magical girl... think pizza made by a pizza master vs totinos store bought pizza.  Post highshool and moving out of 'rents place, it was fine, but then when get older and have money to splurge... going back can be a bit rough.   If you've never had totinos, then you don't even get a nostalgic bite down memory lane so it's just... well... totinos.   That's about how I felt about this game.   Sure, I'll recommend it.   It wasn't bad, it fed the belly, but everything it did, it did not as well.",True,1745432142,4,1,0.57569432258605957,0,2542,2542,76561198989120586
1078350,115044754,"As far as corruption goes, this is my favorite one from kagura games.",True,1651853315,0,0,0.5,0,1482,1482,76561198012262208
1078350,136509927,"This game is good, the plot is simple but effective, the H content is there and the jrpg mechanics work well (surprisingly). To me this game was addictive and fun.",True,1681193542,0,0,0.5,0,1817,1817,76561198034803024
1078350,88298367,Naughty...,True,1615554069,0,0,0.476190477609634399,0,1307,1517,76561198061783705
1078350,86152537,"Don't pay attention to the time I spent in this game. New patch, new start, so you know. Art part was, well, average. Seen better, seen worse. But the game part was very good. You played not because of new art, but because the story caught you. Completed once, got a good ending, but still some things left unfinished (to become a good priestess, you know) and probably complete it once again. Slight minus, rather easy to corrupt the main hero.",True,1612717832,0,0,0.5,0,1925,5878,76561198034127178
1078350,167533912,"The majority of the content in this is exactly what I was looking for. No exact game overs per se.... though you can get caught in a bad ending. This and Shera and the Three Treasures are the best I've personally played in this genre. 

Lots of groping, accidental nudity, good corruption of the MC, and to those in the know, save-edit really makes this game enjoyable and easy.",True,1718586824,0,0,0.5,0,1284,1284,76561198041444435
1078350,85996363,it very fun i have been playing for several hours and still cant find these stupid cave or beach or tentacels,True,1612520852,0,0,0.5,0,1564,2268,76561198848258561
1078350,163947087,"Well done. Lots of ""I wish I could do that, oh wait, I can do that!"" built into the game, you can essentially do it however you want, really satisfying. Best in class.",True,1714519009,0,0,0.5,0,2046,2708,76561198018235438
1078350,175119474,"I don't recall if a Kagura patch was necessary to get the actual game underway, but know that this predecessor to Celesphonia is less visually impressive but so deeply gratifying. Turn a usual corruption setting into not only personal satisfaction for the MC, but a path to genuine power as well.",True,1726512364,5,0,0.554956197738647461,0,3722,4549,76561198346437724
1078350,115888511,"Rich contents and also could be a ""BaZuo"".",True,1653299103,0,0,0.5,0,1508,4072,76561199222198626
1078350,166469320,A real gem. Very good game.,True,1717256745,0,0,0.5,0,1417,1417,76561198030489211
1078350,133523955,"Definitely worth full price.

There are tons of other reviews so i will do a sorta mini guide. 

!Adult Patch is necessary! 

Btw, I have tons of hours because I explored everything and like honoring items. Tip: avoid collecting and farming items unless you actually need them.....

Some negatives 
- to many items & skills that, once you get a brand new, you don't know how to find it
- ingredients, sellables, food are mixed together instead of separate.
- no guide, you need to explore and explore, and revisit some places. Hint: after you finish game, revisit Forest - > where the 1st treasure is. 2. Revisit the Sanctuary in North, check left side for a new game, right at the entries. 3. In guide section (steam) - > check the bestiary guide as it has tons or information and tips.
- game makes you think it ends once you save a certain someone, nope. Once you save said someone, no more time limit!! So take your time.
- exactly because the time limit, you are tempted to not waste time.... However, you need days to increase devotion and followers, and the higher it is the better skills you are able to use.
- while there is no ""unavoidable rape"" there is ""unavoidable sexually harassment""

Positives:
+ you have so many healing items, that you won't ever run out of them. TIP: after you beat 1st boss, a Gray treasure chest shows up. SAVE before opening. Open and reload until you get a weapon called Forest Staff - > MP recovery via walking
+ amazing teleportation ability (upgrade needed. Do asap as it's very handy)
+ obviously tons of h scenes and rpg maker game style
+ once you get an equipment (from restaurant) the increases item drop, you can farm over and over random enemies for sellable items and all you'll have all the money you need for anything. TIP:(upgrated teleportation needed) once you beat a random enemy, press W, go left to [previous area] and random enemy is back.
+load of character to talk with (-you need to do this to unlock some stuff), books (read enough and get a passive stat bonuses) and areas to explore
+ you can unlock all h scenes once you finish game - > shopkeeper lady in the port town.",True,1677272107,1,0,0.5,0,1637,2161,76561198321806699
1078350,177041483,"A lot of content, good casual JRPG perhaps a little too casual, its a bit on the easy side.  Sex on defeat mechanic, you have to lose on purpose most of the time.  But overall decent story.  And fun progression.",True,1728917869,5,0,0.525423705577850342,0,1346,1346,76561198015379722
1078350,131422587,One of the best H-RPG Maker games! but make sure to grab the 18+ Patch from Kagura Games store for (it's free),True,1674504675,0,0,0.5,0,3117,3135,76561198046995193
1078350,201557849,"[h1] Summary [/h1]

[table]
    [tr]
        [th]Category[/th]
        [th]Perception[/th]
    [/tr]
    [tr]
        [td]Level design[/td]
        [td]Looks decently designed. Nothing spectacular but not bad either[/td]
    [/tr]
    [tr]
        [td]Art[/td]
        [td]Has lots of cute art[/td]
    [/tr]
    [tr]
        [td]Sound design[/td]
        [td]Fitting, classic RPG music and sound effects[/td]
    [/tr]
    [tr]
        [td]Story[/td]
        [td]Spread your religion and save the world type of plot, with lots of h-scenes in between (with patch)[/td]
    [/tr]
    [tr]
        [td]Gameplay[/td]
        [td]Defeat monsters in turn-based battles, craft items, complete quests, manage your shrine[/td]
    [/tr]
    [tr]
        [td]Bugs/glitches[/td]
        [td]I did not encounter any[/td]
    [/tr]
    [tr]
        [td]Other issues[/td]
        [td]Game is extremely bland without the patch, but with the patch installed, the game tries to appeal to everyone. There's no theme here, really[/td]
    [/tr]
    [tr]
        [td]Length[/td]
        [td]A few hours up to tens of hours depending on how much side content you care about doing[/td]
    [/tr]
    [tr]
        [td]Worth it?[/td]
        [td]Maybe[/td]
    [/tr]
[/table]


[h1] Conclusion [/h1]

If the patch is installed, you will quickly realize that half the population of the island is a bunch of creepy people. I found myself enjoying the game a lot more by trying not to get corrupted and stay as pure as possible, because it was more challenging that way. The game has what I would honestly consider to be too much effort put into it. It's a h-game, to then see so many hours of content, side quests, night bosses, new game+ and so on, was surprising. To also have a main character that's so innocent and have her fall into sometimes very brutal traps just didn't do it for me. The game tries everything to appeal to everyone and as such, did not feel like it had any natural progression in that regard. 

It's a little tough to recommend, but I had a good time with it, even if most of the h-scenes didn't interest me very much. The game as mentioned before is super bland without the patch, but with the patch you can expect very brutal scenes for certain game overs and 
endings. A rough gem, I would say.",True,1754471389,3,0,0.556328833103179932,0,1231,1231,76561198006464255
1078350,92333463,"boi i wish i didnt downloaded the patch, the game itself without the H is already soo good especially the soundtrack of the game, and btw i named my cat c*m",True,1621559250,0,0,0.5,0,1196,1907,76561198290789456
1078350,87978206,"The Game Progression is very easy to follow and if you forget what is needed to progress you can just open the Menu. It does require an external patch but meh. that's a minor inconveniance.

i do wish there was more places / things to do in the main Questline before the ""Pilgrims Dungeon"" you only really go to 3  main quest locations. Coastal Caves, Abandoned Mine and Altoce before the dungeon mentioned above. the only item you really have to grind for is the Venus Key, however that is pretty easy",True,1615064218,0,0,0.5,0,2097,2669,76561198171853902
1078350,86287914,"Ambrosia could be Kagura's best pick yet. It doesn't have multiple characters like Acerola, it's not as hardcore as Meltys, but it is a better game. And it's got costumes, a gallery with hints, many NPCs and quests, NG+, all you'd expect. So a short simple story, but it's got a good post-game. And there's no pee.",True,1612896676,4,0,0.545454561710357666,1,2368,2417,76561198040836067
1078350,86041089,"TLDR at the end.

Go to the discussion page for eroge patch.

Pros:
1. The game is very simple to play. I don't mean that its easy on the difficulties, but the way it controls......you can lay back and play with only the mouse.
2. Adult content IS PRESENT, go get the patch and enjoy.
3. The combat system is fair and balanced, and you won't be matching items for ""maximum combat effectiveness"", just click the ""equip the strongest item"" button.
4. The story is definitly good, and the playtime is quite long for a RPG maker game. I'm 20 hours in, and the main quest still haven't ended. It also have many branching endings, but ill get to that.

Cons:
1. The game will get grindy after a certain point, enemies becoming too powerful, leading you going through the same place, cutting down slimes and stuff to train. But its not as bad, you just have to click alot of times.
2. There are certain senarios which completely alters your gameplay experience in the future, without propr knowledge, it makes a difficult challenge to avoid the consequences.

The best way to make money is to become a P-word that rhymes with ""Institute"" without the ""In"" part.

TLDR: Buy it, its a fantastic Eroge.",True,1612576802,1,2,0.51776653528213501,0,1194,1515,76561198190010385
1078350,153082692,Great game lots of content.,True,1701993996,0,0,0.5,0,10625,12533,76561198402048408
1078350,86302270,"I am not proud of my playtime.

Solid game with basic RPGM mechanics, the Blessing System is pretty cool so there's other things to do than try to grind to an unholy level. Upgrade your Church and shop to have your magic do more damage. More Believer Points = More spells + Stat upgrades. Can't forget the pain that is the alchemy system. 

And what for what you're actually buying the game for. The CG content is plentiful for the price and the scenes appeal to your many different tastes...
Outdoorsy,  public and group sessions , selling services, and training.",True,1612916158,2,0,0.5,1,1301,1559,76561198150196745
1078350,103682404,"I don't know why KG renamed her Flode, it sounds like she is Flooding..
But I had great fun with Frode.  She can interact with all sort of lovely people in town while she preaches the faith.
In combat, she can also interact intimately with mobs that have heart shape icon on their head.
You also get to unlock special event/dungeon if you are defeated.
Also, Frode's wardrobe has a dozen dress you can choose from.  Some you find on your adventure/side jobs, others you have to craft.
This game is quite fun for such a low price, and well worth your time/money.",True,1637821467,0,0,0.497362494468688965,0,6613,6714,76561198035230266
1078350,208010875,"While the most primitive of the eroges by Shimobashira that were published on Steam, Ambrosia is still one of the best eroges one can buy. Whether you choose to buy it on sale or full price doesn't matter. There is enough content here to justify its price.

What about the content, though? In order to fully enjoy Ambrosia (and most other eroges published by Kagura) requires a patch from Kagura's website. Unless you patch it back in, there is no sexual content here to be enjoyed.

Now, the actual reason you want to buy this game: the sexual content. Prepare your little soldier, because there is a lot of it. And most of it is good. Most of the kinks included are pretty tame and should be to most peoples' tastes.

This game also features some decent combat and exploration. If you've played any RPGM games in the past, you should know what to expect. Just don't go in expecting Karryn's Prison (to this day, it still has no direct competitor.) But don't let this turn you away from Ambrosia. Most RPGM and Wolf Engine eroges look and behave similarly. Karryn's Prison is simply the exception to the norm. It doesn't mean that all other eroges are bad games. While Karryn's Prison is my all time favorite eroge, Ambrosia and the other eroges by Shimobashira sit comfortably on my Top 10 eroges list, and I don't think they'll be leaving that spot any time soon...

So please, go and enjoy Ambrosia. You won't regret it. And if this is your first eroge, I have to say that you have good taste. Welcome to the club. If you want more great eroges to play, check out my other reviews.",True,1761875591,1,0,0.518518567085266113,0,2987,2987,76561199581142245
1078350,158018877,My favorite fantasy nun game. Any game Shimobashira Workshop makes is the best in my honest opinion. Can't wait for the next one!!!!,True,1707590290,4,0,0.54356849193572998,0,2873,2873,76561198822295480
1078350,190047406,"Probably my first time rating a game like this but a great buy for sure. If you like games like Melty's Quest and Karryn's Prison, you will love this one. You can choose to be pure route or go down the corruption route.",True,1741814842,0,0,0.5,0,1319,2342,76561199490020335
1078350,117842717,"If you have played a fair share of JRPG eroge from Kagura games, don't expect anything too different. The art for Ambrosia isn't the best, but decent enough to pop a boner. On the other hand, I say the story is its biggest strength, while not top tier, it is still enjoyable with some good laughs here and there. Overall, highly recommend. Also make sure to download the uncensored patch on Kagura Game's website.",True,1656485088,0,0,0.5,0,1759,1759,76561199008501284
1078350,131778055,"One of the worst games of the genre. \

Cons:
- Only STILLS, and of poor quality, too
- F12 functionality disabled
- Too much of the boring text written by a 10 y.o. retard
- Combat options disabled in the situations you might want to use them the most (when they take your friend, for example)
- Too much guess work, not enough action
- NO GALLERY!

Pros:
- I haven't seen any significant ""pros"" so far...

To the devs: I know you can't find a job elsewhere being such mediocrities... But, seriously... Take a course or two...",False,1674969493,1,0,0.439239412546157837,0,143,1671,76561198054866440
1078350,108176712,Same disappointing writing and lack of attention to making events flow in a non-immersion breaking way I should just be assuming from these games by now. I shouldn't have trusted the reviews.,False,1642382920,1,0,0.471775472164154053,0,84,84,76561198831954017
1078350,184149459,"it's a bad game. I don't recommend buying it, it's just a waste of money. one of the worst games I've ever tried. I'm not even going to bother finishing it.",False,1735503501,1,0,0.252060830593109131,0,28,693,76561199073147687
1078350,192404256,"Steam releases unfinished version of the game. I got v1.05 while you can find v1.07 somewhere else. I really frustrated by some bugs (that have already fixed on v1.07) like the image is not found, Unfinished translation in English version. It seem  the publisher did not care about this, no update for years even the developer released the updated for age. Don't buy this (and may be other game in this franchise) on Steam.",False,1744253191,5,1,0.55670696496963501,0,145,147,76561198101071281
1078350,128102441,"I hate this game in Steam, Crack game is more complete",False,1670420434,0,1,0.48571428656578064,0,45,59,76561199186846621
1078350,139037523,"Scam alert! It's a  fake demo missing the content that you would buy it for. They try to force you to use a malware-infested ""patch"" instead. All Kagura games titles are scams!",False,1685127639,0,0,0.374639749526977539,0,35,35,76561199173653320
1078350,116265564,"Generic fantasy JRPG, with some average generic RPGMaker combat, with a few light Prostitution Sim elements thrown in.
Slightly above-average execution.

Just under 10 hours to complete the main story, and a lot of the side (H) content; there's some alternate endings, and a fair few scenes, left to unlock on top of that, but the game doesn't really merit additional time being poured into it.

Uncensor patch is available for free on the publisher's website, but it does require e-mail registration to login and download it.

[h1]You've seen this game before a hundred times[/h1]

The quality varies in games like this:  From the bottom-of-the-barrel fare like [i]Paladin Lias[/i] and [i]Dark Elf[/i], to genre leaders like [i]Meltys Quest[/i].

But they all end up playing pretty much identically, with the same old tropes and the same old bland ill-conceived gameplay.

This game is exactly the same:  Same ludonarrative dissonance in throwing fights to see non-con H-scenes; same tedious second-rate RPGMaker combat; same RPGMaker assets; same poses and animations reused constantly, etc, etc.

All the events in the game you've seen before:
Nude in public bath?  Check.
Secretly abused by shopkeeper that you're working for while you serve customers?  Check.
Aphrodisiac flowers that you obliviously walk into and then get date-raped by the adventurer hanging around them?  Check.

This game does nothing original.  Its only unique selling point is that it features a decent amount of polish, which isn't exactly special, given that titles like [i]Meltys[/i] do broadly the same thing, and about equally as well.

[h1]The game's full of boring padding and filler that is just a time waste[/h1]

There's a crafting system which is annoying, and stingy with drops.  You're forced to enter a zone, one-shot mob after mob to get the drops, leave once you've cleared it, immediately come back to respawn the mobs, then grind grind grind some more.
And this isn't for some super epic secret item or something, just getting 3x honey from some low level bees in the very first zone takes an inordinate amount of spamming.

There's a fishing mini-game with dozens and dozens of fish to find and sell, but it doesn't really do anything interesting – just one more type of currency added to the game to get a load of simply redundant consumables.

Maybe if you wanted to raise the difficulty above the default (Normal – Story) level, then maximising your items and consumables, etc, etc might become crucial, but really *this game is not original, deep, sophisticated, interesting enough to merit that investment of your time*.

As it stands stuff like fishing, crafting, and the dull grinding just seems a totally unnecessary and redundant waste of time.  And this is emblematic of the whole game.

[b]Stuff like the in-combat h-mechanics don't seem to serve any real purpose[/b]

Compare it to [i]Karryn's Prison[/i] where the sex is a fundamental part of the combat system, and you realise just how superficial and pointless it is in this game.  Same goes for the way the game unlocks sex-passive titles that generally don't seem particularly significant or interesting; unlike [i]Karryn's Prison[/i] where they actually feel like an evolving part of the narrative.

The combat here is typical RPGmaker fare, although it is slightly streamlined with a crude skill-tree system, using Battlepoints (basically glorified XP) to purchase spells and stat boosts, etc.  But that's not enough to make it worthwhile of its own right, even if it is markedly better than stuff like [i]Fallen ~Makina and the City of Ruins~[/i].

Plenty of eroge know better than to waste your time with repetitive unnecessary combat and find ways to omit it altogether, or else sidestep it ([i]Tina: Swordswoman of the Scarlet Prison[/i] for example).  This game doesn't.

[h1]The writing's mediocre, but tolerable[/h1]

It's perfunctory, and like pretty much all games in these genres it has very little interest in building a narrative.  The characters are alright, but nothing special.  The scenes are standard.  There's no engrish or typos that I saw, so it's just ""fine"".  But underwhelming and not in the service of any sort of interesting story-telling.

[h1]The presentation's pretty good[/h1]

Plenty of costume changes for the main character, that are reflected in the various H-scenes she triggers going about her day.  It does a decent job of integrating all the usual gimmicks of the medium in a way that's well-realised.

If you really love these sorts of games, and don't care that they're very superficial, then this is one of the better ones – in some ways I'd say it's comparable with [i]Meltys[/i] if not outright better in a few narrow areas.

But really, there's stuff like [i]Claire's Quest[/i] that has far more going on; and there's stuff like [i]Tina: Swordswoman of the Scarlet Prison[/i] that wastes far less of your time with dull combat.

And that's before you consider all the other genres of eroge that don't have the inherent short-comings of bland JRPGs.",False,1653955621,27,0,0.608490884304046631,0,596,599,76561198027442827
1078350,105809933,Not that good.,False,1639477263,0,0,0.441814899444580078,0,633,633,76561198055101000
1078350,146084995,"I got this to play on the steam deck, as it isn't exactly a game requiring a big screen. It looks like another translation/port of a 10+ year old Japanese game. That said, there were a lot of good reviews about the corruption story. Usually it's the story that's the important thing with this style of game, because the art is limited.

So I got the game, go to get the uncensor patch and discover that it's only compatable with Windows because it's an exe. I didn't feel like going through the trouble of running it on a PC, finding out what it did, and manually copying the files/changes to the deck. Plus, I really didn't care about censored art.

Except, the unpatched version of the game is broken. I kept seeing Japanese everywhere. Instructions didn't match game behavior, and whole systems (such as gaining devotion, a primary game mechanic) don't work. I decided to stick it out to see what people were talking about, the reviews said it was very slow. 3.5 hours in, not a hint of adult content, and the game is broken and you're soft locked.

==== UPDATE ==========================================

After applying the patch on PC, I found that there are dramatic changes to the game. I suppose you could copy the whole install folder over to a non-windows device, but that only works if you have a windows device. Linux/Mac players would be out of luck. The fact remains that the game as delivered on steam is totally broken without the uncensor patch (which requires going through a purchase process to get, though the prices is free). Because of this, I can not recommend purchasing this game.

The game itself, when played as intended, is not bad. Very standard RPG Maker game from the VX era. There are a lot of extra activities like fishing that don't really add to the story. The corruption process is slow, but this is primarily due to the need to grind it. It isn't particularly forced, so you could easily avoid it and most lewd content without issue/challenge.

We're left with a standard trope story (even if it's sometimes self aware), erotic content that isn't particularly noteworthy (a couple good moment, a few bad, mostly meh), and subpar JRPG play. I would say it's worth playing if this kind of game is specifically up your alley, but not at the standard price.",False,1694384104,0,0,0.460992902517318726,0,197,2335,76561198007030448
1078350,114799577,"Steam version at least has numerous issues that impact playability.  You want to upgrade your church?  Well, the guy who handles that disappears shortly after you interact with him the first time and never reappears.  You want to do missionary work?  The option disappears after the first quest in the village to do missionary work.  You want the nsfw content you were promised?  That will require a non-steam patch that you'll have to download from the developer website, and it will try to reset the game base language to Japanese.",False,1651435942,1,0,0.37301751971244812,0,157,163,76561198055493302
1078350,91543641,"At first I really liked the game until the game started to throw some really unnecessary stuff at the character. The first one is the shop keeper Dex. In a game where you have to manage if you want to be deviant or not it doesn't give you options to avoid it, and forces it on your character like the first quest to save the monster girl. Secondly, it also goes way to far with the certain forceful scenes. It takes A LOT to get me to turn game off because of some in game perversions but this one just goes way to overboard. I wouldn't recommend this game to anyone.",False,1620322598,0,0,0.5,0,173,270,76561197991744557
1078350,95154140,"Despite the absolutely good game,i strongly suppose that you should purchase this game on dlsite if you want instead of sending your money to the disgusting publisher Kaguya Games that never update the steam version while the same game on dlsite has been updated for a myriad of times!!!!!!!!!!!!!!!!!!!!!!!!!!!!!!!!!!!!!!!!!!!!!!!!!!!!",False,1625544693,0,0,0.47999998927116394,0,160,241,76561199108805199
1078350,192099100,"At first I liked this game, but I couldn't finish it. And I'm not stupid so I'm usually able to finish a game, but this one just seemed to end on it's own, before I could finish it myself, and I just roamed the map trying to figure out what the next mission or goal was and I never discovered it and the games kinda sucked and became a disappointment.",False,1743906345,1,0,0.428993165493011475,1,674,674,76561198075982751
1078350,138348880,I gave this negative review for the sh**ty prank about the invisible pathway this f***king developer gave at the end,False,1684174689,3,1,0.483892619609832764,0,806,873,76561198442899569
1078350,92081410,"Let me be up front in saying that this game's fetishes are not really in my wheelhouse. The basic premise is that you're controlling a chaste, innocent priestess, and through decisions you make in game you can either keep her that way, or watch her fall into corruption through copious amounts of sex, indecency, or lost battles. The 'corruption' theme is a big part of this game's kink, and it's not one of my favorites.

That having been said, even putting aside my bias, this game is awful.

Ambrosia is a game in a similar vein to 'Treasure Hunter Claire' and 'Melty's Quest' where you control a single character throughout, with their portrait constantly hovering on the right side of the screen in whichever outfit you decide to dress them in. Flode's outfit can get torn through various overworld traps or enemy combat actions, and a sufficiently torn outfit allows enemies the chance to sexually assault them.

The place where Ambrosia falls short compared to Claire and Melty is that there's basically no interesting characters in the game whatsoever. Every one of Flode's potential partners are nameless/faceless humans, tentacle creatures, or nameless/faceless orcs. Despite the game having a great many unlockable 'scenes' there's shockingly little in the way of variety. The only thing that changes is the setting in which Flode gets assaulted by the nameless and faceless assailants, and the only other two characters in the entire game that get proper artwork don't even get scenes with Flode.

Most of these potential scenes are avoidable. Unfortunately, if you want to play this game keeping Claire focused on her mission to rescue her friend from a slaver, there's basically nothing here for you besides a very basic and sub-standard combat system, and the point where the enemies get more 'interesting' is the point where the game just flat-out stops giving you H-scenes and takes a hard turn into a more traditional RPG.

The story has the gem of an interesting idea struggling to manifest, but suffers due to the lack of any interesting characters to prop up the plot. The final villain is someone you meet briefly for less than thirty seconds and never see again until the end, and the 'good' ending doesn't even really feel like an ending instead of a return to the status quo.

In conclusion, give this game a pass. If you're still curious or 'corruption themes' are your bread and butter, try not to pay more than five dollars.

A few final notes. First, as is tradition with these sorts of games, make sure you get the free adult patch from Kagura Games website if you do want to play this despite my warnings. Second, there is an item that will unlock all of the scenes in the gallery that you can purchase after you finish the game, so don't feel like you need to go out of your way to collect them all. Most are just slight variations of the same scenes depending on Flode's level of corruption.",False,1621142130,41,0,0.639049410820007324,1,749,900,76561198004879041
1078350,143483656,"The game looks good, cute art, and the MC Flode is pretty likable. 

There's a lot not so great about it, though. For one, there are quite a few different CG situations but there are only a few ""action"" CG, and those are crudely animated with bugged z-layer issues putting strange sprites in front of others. It's hard to enjoy this way. And you can't skip any of the bad animations. You can blow through reading text a million times but not these. Which is a pity because it takes forever AND you need to rack those encounter numbers up to unlock additional buffs.

Also, this is another impossible-to-complete game without the restoration patch, which I guess it unfortunate but the gameplay itself is a little disappointing. There aren't a whole lot of tactical decisions, you versus enemy party, and you decisions are a basic attack, magic, and that's it. You can buff or anti-buff, but they don't last long enough to matter and you have to manage your health anyway. The enemies eventually outclass you where enemies are hitting you harder than you can recover and still do damage. Once that stat barrier is in place, you're basically blocked from the rest of the game until you power up. This requires a ton of grinding and, realistically, the only viable way to get the followers you need for better spells is to play Flode as a turbo-sloot the whole time. The pure route is just not viable outside of New Game +. One of the MacGuffins required to complete the game is locked behind and impossibly-priced good that you're just not going to be able to normally buy.

Also, the game is pretty locked down until you get MacGuffin 1 of 7, then it opens up. Sounds good? No, not really, because it's still stat-gated. Even with gaining stats, you're still looking at having to grind up to above Level 90 and, since the combat is so dull, you feel every encounter.

The intention might have been to just keep replaying the game to unlock the titles and skills, but with the dull combat and lack of skipping dull H scenes, I just have to say no thanks.",False,1691274305,0,0,0.5,0,742,742,76561199108564001
1078350,138810052,Game seems buggy as hell with people and location’s disappearing or not appearing at all didn’t even see any of the scenes in this even with patch downloaded it didn’t even seem to take affect and beating game just took me back to title screen don’t see any option for new game plus or anything honestly a let down,False,1684812997,1,0,0.494845360517501831,0,784,784,76561198088829739
1078350,209030093,"Overrated as f. Poor girl. 

10/3",False,1762954718,0,1,0.5,0,1474,1474,76561198021663141
1078350,123660282,"Disjointed and poorly paced. It felt like I was often on the edge of my seat feeling like I was about to get to something juicy, and then it just never really got there. I'd spend hours without really feeling like I found a good spot to sit back and spend quality time with a scene.

Corruption games are getting harder to sell to me. The reason being that I find myself losing interest once my protagonist gets corrupted, because then she just seems to always want to sex everything, removing the whole corruption concept. This game falls into that pitfall pretty quickly.

Good: a lot of locations to explore, lots of scenes, decent writing, fun concept of being a battle nun, a couple of cities that have a good variety of events, a few side jobs.
Bad: protagonist seems to lack any personality(less fun to corrupt), many scenes are set in a smaller screen within the screen and with a worse color palette than the main game(weird choice), majority of locations are just dungeons, many fights are against sexless enemies, lots of scenes aren't viewable if you don't suck/don't want to lose purposely, many scenes don't adapt well to your corruption level/past actions, side jobs are almost entirely just walking simulators(not minigames as much as walk in a circle and come back).",False,1665448309,7,0,0.583055615425109863,0,1239,1239,76561198078223473
