appid,recommendationid,review_text,voted_up,timestamp_created,votes_up,votes_funny,weighted_vote_score,comment_count,playtime_at_review_minutes,playtime_forever_minutes,steamid
222420,19919022,"My favorite fighting game of all time has always been KOF 97' but this will do. SNK was so beyond everyone else at this time. I wish so much that some company could remake KOF97 and KOF98 just cleaning up the graphics to a SF3 third strike look but maintaining its original quick gameplay. If you claim to be a fighting gamer you must have this in your collection, its difficult in an amazing way.",True,1450990090,0,0,0.5,1,110,311,76561198258983154
222420,43057590,"My memories of quater reserving on the MVS cabinets are back...  My #1 team = King, Sie Kensou, & Yuri Sakazaki. KOF '98 was my number one MVS game in the late 90's (Next to Samurai Spirits IV).  People knew me locally at the acades back then...  Sweet memories.... How times have changed & 20 years later...  (No more arcades).  KOF '98 is still the best KOF released - PERIOD!.  This port feels close to the MVS edition.  This game is a must if you were into MVS arcade quarter munching fighters mid to late 90's.  It will take a little time to get used to Xbox controls.  Just a little more practice and I will be back up to par again.  The youth of today will never understand the quality of MVS gaming and how lucky people were when the local arcade had a up-to-date MVS multigame-cabient avaliable to pour funds into.",True,1529989230,1,0,0.523809552192687988,0,160,191,76561198038982918
222420,95140526,"Its a classic. I want KOF 96 on Steam, but this is the very best thing.",True,1625525919,0,0,0.5,0,157,157,76561198042037590
222420,59244050,Great fighting game thats pretty easy to get into but hard to be great at,True,1575497115,0,0,0.5,0,185,601,76561198115674527
222420,212548752,Scream if you love Geese Howard,True,1764860202,0,0,0.5,0,124,206,76561198283183252
222420,26867844,KoF is Here Again,True,1479933576,0,0,0.46961328387260437,1,26,245,76561198025892376
222420,77480701,love the game king of fighters 2D,True,1602560758,0,0,0.5,0,14,246,76561198264308111
222420,34788765,Nice Game,True,1504763201,2,0,0.484025239944458008,1,148,1079,76561197996799459
222420,27174867,"don't let my steam ""hours played"" metric deceive you: KOF 98 is a game I played for 2-3 hours a day, every day, for months after I first got my hands on it. It was a game with 56 playable characters -a ridiculous amount at the time, even more so today - and I made it my business to get to know them all. By the end I could play a team at random and have a decent chance at pulling out a victory against my friends.
KOF 98 Ultimate Match takes that core gem, that timeless classic, and throws in even more characters. So now there's no need to ask about your fav because your fav is RETROACTIVELY IN THE GAME (unless your fav is K9999, sorry)
I admit I'm smitten and old and my perspective is hardly universal: if you're new to KOF or fighting games in general, this is a lot to absorb. And the game's tutorials/challenges are terrible at explaining just what the hell is going on or what you need to learn. But if you can find your way into this game it can give you an infinite amount of replayability. And SNK packed this game with so many colorful personalities that I promise you that you'll fall in love with at least one character who may or may not be named Yamazaki.",True,1479996283,0,0,0.5,0,46,61,76561197997517073
222420,145302621,My childhood Neo Geo game,True,1693373450,0,0,0.5,0,102,128,76561197963523367
222420,27488094,18yrs old & KoF 98 is still my favorite 2d fighter,True,1480090327,0,0,0.5,1,109,356,76561198197158978
222420,175569849,"One of my favorite fighting games of all time. I don't really like the Ultimate Match changes, though. Additional characters are nice, but the AI at maximum difficulty is nowhere near as hard as the original Arcade version. It tends to stand there and eat hits for no reason.",True,1727036929,1,0,0.503937005996704102,0,84,320,76561198002558707
222420,85656698,"I grew up with this game and i have absolutely no reason not to recommend it.
I am not the greatest fighting game player, but I still enjoy going against the AI time to time.",True,1612049295,0,0,0.5,0,210,223,76561198143377613
222420,116108155,I Want the game back please,True,1653688708,0,0,0.5,0,6,6,76561199052730346
222420,48536112,"An arcade classic , made for pc. if you like king of fighters chances are you already have it . if you are having second thoughts about the price wait for a sale and pick up the triple pack. oh did i mention these were ultimate matches editions A.K.A even more characters. busta wolf indeed.",True,1548397868,0,0,0.5,1,193,630,76561197999165013
222420,14824980,Orochi is still a dumb overpowered character and 64 fighters total means endless playability. All the classic songs are here too!,True,1426011216,0,0,0.5,0,193,352,76561197972036360
222420,203639682,This game is so cool l wish mexico was real,True,1757107231,5,5,0.577329516410827637,0,202,325,76561198043330011
222420,16672705,This is what online re-releases should be like.,True,1435144352,3,0,0.532522380352020264,1,47,152,76561198009830012
222420,13453489,"Finally on Steam :)

I'd like the option to play in a 640x480 window, without the sideborders, they're kinda distracting... The same for Fullscreen, I'd like black bars better. I mean, to have option for everyone. Or maybe there's more artwork...

I got a problem, I lost in Arcade Mode, didn't continue, and when the timer ran out ""Steam stop functioning"" But maybe it's my PC problem...

I know the game still has some updates coming, I definetely recommend it, I know it'll be great. Keep it up /._./",True,1419010917,4,0,0.498678922653198242,0,43,4310,76561198093523892
222420,179539426,um it has orochi and every character that was in kof up to this point also good gameplay 10/10 recommend,True,1732236849,0,0,0.5,0,10,269,76561199801797003
222420,23733099,"For $3 this is so worth it. This game Brings back memories, when I used to dump so many quarters in the arcades. xD",True,1466712923,0,0,0.5,1,6,107,76561198012741460
222420,17623871,Just purchase the game :),True,1440040051,0,0,0.5,1,140,233,76561198163817999
222420,198034482,"Im cursed with this game, i got it for my PlayStation 2 and it didnt worked

Now i got it for my pc and it just starts, lets me play a few rounds and closes.

Damn.


UPDATE: i got a new copy for my PlayStation 2 and it works just well!


Arranged ost, New Characters, New mode (Like EX or Advanced) and New Stages!

plus it adds a NeoGeo Mode to play the orginal The King of Fighters 98",True,1750770142,0,1,0.46875,0,12,161,76561198855781837
222420,118187134,this was my childhood; played both arcade laundry and bootleg on pc back in the old days as a kid ;_;,True,1656930634,0,0,0.5,0,184,882,76561198073594786
222420,71544441,"4.0 / 5.0

One of my favorites and one of the best old-school fighting games out there, definitely the best old-school KOF game due to the large roster and gameplay improvements over older KOF games. While this is not the best port out there (if you're looking for online fighting only don't even bother, the netcode in this game is crap) it still provides a solid fighting game with excellent sprite artwork at a good price (this game goes on sale fairly often).",True,1593321199,1,0,0.52173912525177002,0,100,179,76561198050805223
222420,104474306,"Predictaboooo
Ragiiiiiing StOoooorM
Double RePpUkken
SHiPuKKEN
U cannot Escape Long Death",True,1638074656,1,0,0.387755125761032104,0,50,854,76561198292202936
222420,32011787,"Huge KoF fan, glad that this version of 98 runs well. I'm planning on playing this till XIV comes out next month.",True,1495947287,0,1,0.5,1,48,276,76561198024989587
222420,82554072,I love KOF98UMFE it runs smooth and the online it's great. This is a must try!,True,1608204664,0,0,0.5,1,198,405,76561198199007173
222420,101437421,"While the newer KOFs are usually improvement from the previous title and about trying new mechanics, KOF 98 UMFE is KOF at its core, where your fighting game fundamental is the most important thing in the game. If you want a simple fun fighting game but has enough depth to learn and improve, KOF 98 UMFE is the game.",True,1634908579,0,0,0.5,0,191,850,76561198226227980
222420,16617565,"One of the finest entries in one of the best fighting game series to ever grace the Neo Geo, the arcade, or even the 2D fighting world in general. There isn't really anything else to say.",True,1434971835,0,0,0.5,1,38,51,76561198010424891
222420,196344102,alarmed to find that it really is true that mexicans can pick up and play these games with their eyes closed,True,1748990367,18,6,0.676257193088531494,0,122,122,76561199163470705
222420,78469485,KYO IS MY MAIN CHARACTER,True,1604160459,3,0,0.506291627883911133,0,30,54,76561198826094987
222420,13460287,"Best KOF ever made.

Pwople complaining about the 3d backgrounds can be are just casuals. If they cared about 3d backgrounds then they probably wern't serious about playing the game anyway, and never understood that this version was the Taito Type X version ported from the arcades, not the PS2.

With all the necessary balance changes that original 98UM needed (i.e. Krauser), this is the best KOF.",True,1419032028,5,0,0.48971971869468689,1,181,240,76561197995283189
222420,72534477,"This is such a great game. I don't know about online, but for an offline game them implementation of everything is really solid. I can't wait to have some friends over. This really is one of the best fighting games ever made.",True,1594518904,0,0,0.5,0,81,139,76561198024876271
222420,28903446,"Man, let me start by saying few fighters have reached the level of greatness this game has.KOF 98!!!!!! a great compilation to the others and with so many great faces who has arguments???? KING' 98 introduces the old and new in one huge event so lets get started!

CHARACTER LINE UP - 10 Excellent with so many great faces who can go wrong heck you can use the new face orochi team from 97 in both forms and others have alternate or original versions as well this game is pure ""class"" and deserves its perfect score. I was blown away at how many nicely animated characters they had its great to see old favs like rugal be resurrected again in this all out fighters fest, man what a treat this game is with so many characters to master you'll be in your house for days.

GRAPHICS-10 beauty perfection, a tear falls:) For those who don't know kof backgrounds and the neo in general are known for there gorgeous detail and work put into everything that is neo. I loved the backgrounds that had interaction with how the characters used them in example in the masters temple you hit the wall and stuff falls down showing the damage that you accumulated what a nice entry. All the characters look sweet from the last boss omega rugal to kyo and iori its intense kof and even competing with the ""next gen systems like the dreamcast"" a perfect translation was still not possible of the neo original you get what you buy!

MUSIC-10 Duh, perfect this is great the music matches the characters exactly, the end bosses them is great the ff teams is great and my personal favorite the grudge theme when kyo and iori are great man i love i love it i tell you!!!!!

GAMEPLAY-10 perfect again don't think I've gone soft and biased if you own this you know that this is one of the best kofs out there its got it all basically the characters moves are many and the comp AI is great on expert for beginners its amazing after 4 years this game still has such a fresh feel to it ""gameplay is the ultimate would be an understatement"" when you talk about 98' its the majorities favorite kof and for good reason the gameplay is a neo tradition and will keep you learning till you master! 

STORY- 8.0 Ok, keep in mind that the story this game has is not a story at all characters like vice and mature are good examples (*for those that don't know when you iori whent violently nuts after his awakening he killed them both) of which they exist here and its also labeled dreamatch which means that this game was a collection of years past but the story which makes little sense is still enjoyable

CHARACTER INTERACTIONS - * a side note this is a new category * well there are great grudges between the characters and how they interact like kyo and iori its all there its nice to see the characters were taken so much time on and it shows because of how they act towards each other for example kensou and athena, andy mai, mary terry, its nice to see some interaction and makes you feel like the characters have feelings like people -very nice- snk",True,1483279487,22,1,0.63801199197769165,0,198,198,76561198276383313
222420,73139583,"A classic fighting game with one of the best soundtracks. Street Fighter maybe more popular with western audiences but King of Fighters is where it's at. Between character models, interesting story and lore and tough bosses. There is no better franchise than the King of Fighters.",True,1595468470,0,0,0.5,1,52,52,76561198378978211
222420,32448243,Violent fighting to come again!,True,1497552301,1,0,0.455612778663635254,0,93,230,76561198310193556
222420,19819004,"I think this is my favorite King of Fighters roster. Code Mystic's advanced port modernizes quite a bit of the older engine. Hope to see more of their ports for older fighters. (I didn't realize that this is a lesser version of what was ported to the consoles. Why get lazy? It's still very servicable, and hopefully they learn from this experience)

Also Geese Howard is in this game. His name is Geese, and he's still the coolest. I still can't get over that.",True,1450680258,0,0,0.5,0,24,38,76561198123576565
222420,182944152,"This has to be the [strike] dumbest [/strike] ultimate final king of titles for a video game edition ever

great job of final developers match the code of kings '2014 ultimate patch final product",True,1734423259,0,0,0.5,0,5,5,76561198041446261
222420,40494498,I blame Mexico from keeping me away from this franchise,True,1519932974,1,3,0.448248356580734253,3,124,140,76561198352951174
222420,75194913,Worth it just to be able to boot it and listen to the intro.,True,1598833180,0,0,0.5,0,65,76,76561197976945552
222420,105106849,"a most a perfect game  9/10 

only missing the kof13 or kof15  graphic style but at least he have the good net code :)",True,1638491106,0,0,0.5,0,81,239,76561198064031279
222420,22421412,Blue Mary is in this game.,True,1460693692,1,1,0.467040061950683594,0,138,265,76561198035889820
222420,106818928,good rollback,True,1640780669,0,0,0.5,1,85,100,76561198040475525
222420,113213828,good game,True,1648899745,0,0,0.5,0,191,375,76561198161462818
222420,41364909,please fix its server,True,1523202575,1,1,0.523809552192687988,2,70,284,76561198137431825
222420,120650593,A great KOF for anyone who wants to get into the franchise.,True,1660530495,0,0,0.5,0,207,263,76561198218884491
222420,176966494,"I got this for my friend and at the party I saw the life get sucked out of them in real time. 

10/10
Probably the best fighting game I've ever played.",True,1728822670,2,1,0.527381837368011475,0,132,235,76561198400515351
222420,138797195,whenever i play krauser i yell out all of his moves,True,1684795492,2,1,0.545454561710357666,0,134,485,76561199375913730
222420,13450348,"the neogeo control is better compared with 98 UMFE. it is easier to execute spacial move for exampe rugal kaiser wave, and iori SDM with keyboard in neogeo system. this need to be fixed.

also the computer difficutly need to be tweaked. in 98 UMFE it is too easy compared with the the neogeo system. lv 7 computer in 98 UMFE is almost same like lv 2 difficuty in neogeo system.",True,1419000553,5,0,0.514434337615966797,1,147,1472,76561198103533998
222420,117414898,"KOF '98. A classic fighting game with not a lot of bloat. Sure, the roster's big, but it's also a celebration of KOF so we can let that slide, yeah? Besides, who doesn't love having so many options? The original game was missing 7 characters, however (or 9 if you count Orochi Iori and Leona). Couldn't even play the boss in arcades. Ultimate Match remedies the cut character problem, and adds a slew of new alternate movesets for many characters (hold Select while choosing). Also features a challenge mode, but there's little substance to it. It may teach you mildly advanced techniques, however! All in all, Ultimate Match is the definitive '98 experience. And hey, the online play has rollback.",True,1655914402,1,0,0.523809552192687988,0,183,1401,76561199030996697
222420,13417033,"It is definitely a good deal for any versus fighting gamer to get KOF 98 UM FE on Steam. There is no exceptional new features in the Steam version but good old memories from the old KOF days. If you have been a KOF gamer, this is definitely a recommended release. 

Alternatively, if you are looking for a more conclusive KOF classic release, it is preferred to wait for the KOF 2002 UM FE",True,1418829059,3,0,0.518981099128723145,0,143,393,76561197960285444
222420,13409782,"Flawless. owned the neogeo cd slugfest edition way back. If you didnt own the classic then get this now. Controls and graphics were solid and plenty of options, Character roster is crazy",True,1418775850,5,0,0.46964302659034729,0,80,1017,76561197964155569
222420,27789629,Still holds up,True,1480234477,0,1,0.45818793773651123,1,65,65,76561198046982951
222420,26190299,"KoF 98 is the best one. But KoF 98 UM has Geese Howard's team, which the original 98 was missing... so KoF 98 UM is the best King Of Fighters. A must buy.",True,1477260126,0,0,0.5,0,92,93,76561198064852407
222420,184599435,"[h1] It all began in '94... [/h1] 

KOF is a series that passed me by the wayside. I am sure that it did for most people, too. Partially due to the fact that I was born way too late for this series to truly intrest me. However, one day, young child me decided that he would get into fighting games.

And I sucked at it.

But that wasn't the important thing, I loved the few fighting games I played, to the point that I tried to play all the ones I could... Yet I was kinda intimidated by KOF. I had heard of the intimidating difficulty of KOF, and I was terrified of how these games would turn my colon inside out.

But one day I decided to watch the series by Thorgi's Arcade about these games... And the stories of the games, the gameplay, the story of the company, and the overall bittersweet ending, made me interested in KOF.

So, of course, I started with this one... And it was great. I am not good at these games, in fact, I am quite terrible. However, the sprites were great, the animations were great, the character designs were great, the AI was... okay, the gameplay felt amazing, and above all else, I just felt smitten by how it all played.

So yes, this game is wonderful. And I am terrible at it. But that doesn't matter, because even to me, it just feels so sweet.",True,1735881067,10,0,0.650748014450073242,0,92,716,76561198110960935
222420,91322130,"Bgm doesnt work , how to solve it?",True,1619997546,0,0,0.5,1,62,573,76561198208527023
222420,132559283,"Billy Kane, helping gamers break their controllers since '98.
What a professional.",True,1676065376,3,3,0.530511736869812012,0,98,235,76561197978215899
222420,160361538,"I like this game but I really HATE Rugal.

I never understood angry gamers but I understood after fighting that man.

I don't know how the devs did it but they managed to make the most hateable fighting game boss and this is coming from someone who likes M. Bison and Geese.",True,1710205573,0,0,0.5,0,189,197,76561198053026689
222420,193336828,3.4 hours to complete the game.,True,1745330520,2,0,0.500390052795410156,0,204,204,76561198867309831
222420,17085904,This game is obviously fun. If you're interested in 2D games.,True,1437101194,1,0,0.489328265190124512,0,88,376,76561198145758108
222420,131214613,"So It's KOF '98' the flag ship OG best KOF of all time, The 'Super Street Fighter 2 Turbo' version if you will of King of Fighters. But i wouldnt call it the 'Final edition', The Steam version is good but its missing the bells and whistles of the PS2 version like the 3D backgrounds and the ability to select between the 2D versions and 3D versions in the options menu and also the arranged music. (Its personal preference some people love them some people don't.) On the plus it has basic netcode to play online. However for the price and being this particular title KOF 98 which is meant to be the best of the old school King Of Fighters I feel they should have made it extra special and included everything the PS2 version did and more maybe even some concept art ect.) Especially since theyre still charging £10.99 for it.   --So with that apart from the online netcode the PS2 version i'd say is the way to go.-- Id love to see an update in future to improve it.",True,1674230822,1,0,0.5,0,15,16,76561197970572762
222420,117395255,shingo kick critical hit,True,1655879859,3,3,0.554234802722930908,1,178,730,76561198805869868
222420,27516657,4 me the best title from the kof series,True,1480098349,0,0,0.5,1,48,579,76561197969809632
222420,136356811,"great game very well made.
i will add that i have played every kof game because ive already invested many years into the lore so i dont see myself badmouthing a franchise i love.",True,1680972566,0,0,0.5,0,25,66,76561198245101222
222420,61711523,Como no vas a comprar el kino mira lo que sale en descuento amigo compralo ya,True,1578784672,0,0,0.5,0,202,3359,76561198008136932
222420,59882610,One of the greatest fighting games of all time.,True,1576389584,0,0,0.5,0,207,1223,76561198846336461
222420,43845541,"now this is a hard game.

you are forced to learn combos to progress.

with a solid study of the game's combos, i'm pretty sure KF '98 may be tolerable.",True,1533001164,1,0,0.443506926298141479,0,150,150,76561198091853742
222420,101423201,--------------,True,1634881021,0,0,0.5,0,181,239,76561198046121815
222420,101404387,"It's KOF 98 with alot of characters from the previous games, so it's fun x3 with everybody down to 94.
If u've never played kof, u should go with 2002UM, if u're a kof fan, u will sure enjoy this one, especially with the new netcode.",True,1634844961,0,0,0.5,0,207,2060,76561198394005291
222420,14526849,"i love it 

My memories, passions,  ecstasy .............

I still remember those days.",True,1424251469,1,0,0.502243220806121826,1,178,273,76561198104717354
222420,74431863,Mai Shiranui. 'Nuff said.,True,1597625808,0,0,0.5,0,198,932,76561198277989918
222420,163699081,TEAM AMERICAN SPORTS BABY!!!!!,True,1714225858,1,1,0.523809552192687988,0,67,1154,76561198818237104
222420,107496362,rollback,True,1641528362,0,0,0.5,0,207,207,76561198192571846
222420,80269591,fun but very difficult yea,True,1606392157,0,0,0.5,0,8,8,76561198100989228
222420,13932208,"Definitly one of the best KOF games ever.... steam version however.... not so much... its a good game, i just feel that could have done a much better job with it, or at the very least ported the awesome PS2 version of this game over. i dont feel cheated out of what i spent, but i still feel this could have been much better.",True,1420929299,4,0,0.582583069801330566,0,173,610,76561197976751793
222420,75470022,Amazing game...back to my childhood.,True,1599290015,0,0,0.5,0,187,231,76561198197795691
222420,193123964,"kof, good time as always",True,1745088209,0,0,0.5,0,211,239,76561198376809656
222420,70956396,this gamei s epic . . n gl ..  il voe it,True,1592435814,1,0,0.5,0,81,493,76561198049871165
222420,96104070,"Unfortunately lacking in Single Player Achievements, unlike '97. But adds a few more trios of fighters, unfortunately without much reason to use them.

I was able to beat the game on Arcade, have a straight round, and get a perfect. Otherwise, 5 of the achievements are for Online Wins (5, 10, 50, 100, & 10 Straight). I cannot pass the Boss without Continuing, so I know that is out of the question as well with some of the other ones.

The '97 GLOBAL MATCH had Achievements for beating the Arcade mode with specific teams, which added longevity to a fighting game for me as a CPU fighter. I do not take these games online because I expect to be walloped, so after trying everyone out I didn't have much reason to continue.

However, I love KOF and this is no exception. All of the characters look cool & feel fun to fight with, and I can't wait as I continue to progress forward into the modern games.",True,1626825781,1,0,0.491084843873977661,0,61,61,76561198304880726
222420,134823640,fireball,True,1679070035,0,0,0.5,0,37,37,76561198383511901
222420,26754375,"It is what as advetised, those looking for a ""Typical"" SNK Fighting Game will like. UI is a little wierd but, can get use to it pretty quickly.",True,1479855467,0,0,0.5,1,32,63,76561198253043047
222420,100236391,ROLLBACK NETCODE,True,1633017820,21,1,0.653340399265289307,0,24,1085,76561198143067696
222420,53163052,5 out of 5 star!! great to play with friends,True,1562077837,1,0,0.523809552192687988,1,197,201,76561198190485614
222420,13411939,I havent had to many issues other than problems with half circles. the netplay is not perfect by any means either. but if they are within 80ms its doable. Code Mystics said they would start working on patches so that is something at least. but honestly this really does piss me off this is one of the greatest fighters ever made. yes I can use mame. yes I can use ps3 emus but man...can you just make the product the right way the first time?,True,1418790802,2,0,0.497305691242218018,0,54,74,76561197971332292
222420,14122270,I wish more people played it. Its a freaking ghost town online,True,1421995301,0,0,0.499980807304382324,2,104,360,76561198040977937
222420,26844464,A solid port of fighting game royalty.,True,1479931455,1,0,0.523809552192687988,0,178,264,76561197967238772
222420,141994839,"Always a great game, but how is it the ultimate edition when it didn't include the 3D versions of the backgrounds?

Felt like a given that should be in the options along with arranged soundtracks, buuuut... hmm...Feels like someone really fell asleep at the wheel when they were suppose to really give you the all in one package.

Honestly, especially if you're a console player, there's a version of this game that includes all that, and other than not having the online play, which I personally can do without, could really just go for that which feels more like the all combined experience to me.

There's talk about how the other version may have somekind of input lag being technically emulated, but can't say I've felt much different on that. Again, I rather have the totall package of something if it's going to be called the ULTIMATE package, and without those backgrounds and some of the conent in past versions, yeah. If you have that, and dont need to play online, as you should probably be working on getting better with the more current KOF games if you're looking to be competitive like that anyhow, just stick with what ya got elsewhere.

Dont mind those missing 3D backgrounds though? Could do a lot worse than this one, so I'll still give it a thumbs up. Just know there's a piece here missing that we had even way back on the Sega Dreamcast, and there's just no reason it shouldn't be here. Not one sans just a lazy moment or a thoughtless moment that seems to plague the industry in not going that extra mile these days.

I'm harsh because I care, and SNK is a rich universe that deserves to have all the angles considered on a release like this.",True,1689263035,5,0,0.569784641265869141,0,8,8,76561198027894996
222420,116360476,"I have played KoF Games so far, this is classic what i've played of my life.",True,1654138195,0,0,0.5,0,7,244,76561198067561758
222420,159116656,pretty good when the online lobbies are not empty,True,1708748955,0,0,0.5,1,127,561,76561199257875487
222420,138100709,"[h1]If you are looking for nostalgia, quality and replay value this is the masterpiece you are looking for.[/h1]
It's the only KOF game that gives you the feeling of a tournament as it's shown that the matches are being broadcasted and the audience are cheering. Also, I miss the other teammates cheering or getting frustrated in the background which is missing from the later KOF games. Also, Rugal is scarier that other bosses. To most of the KOF fans KOF XIII is the best one but to me KOF 98 is the best KOF game.",True,1683737912,4,0,0.49474373459815979,1,101,222,76561198306498737
222420,19977411,"Childhood memories, no much to say. If you love the series you will get this!!",True,1451170735,0,0,0.5,0,19,144,76561198041661970
222420,183834937,"Hostility is akin to love
Thinking of your opponent’s actions to fight,
Reading your opponent’s inner thoughts to fight,
Planning attacks that will hit your opponent to fight,
And then transmitting your thoughts with those attacks,
The more you think of your own advantage, at the same time you think of your opponent,
In the instant you mix with your opponent, a passionate feeling arises, and blood boils,
Reality is hurt, and you wound your opponent,
Hostility is akin to love.",True,1735267608,0,1,0.5,0,190,456,76561199118135335
222420,17968307,"Oh Boo-hoo we don't get the ass looking PS2 quality backgrounds.  Would it be good to have the AST? Yes but the OST represents the original soundtrack better anyhow.  It comes with decent netcode that allows you to play friends online, its worth the trade off, 100x over.

For about the price of a movie ticket, you get one of the finest examples of a fighting game ever made. 10/10",True,1441887005,0,0,0.478087663650512695,0,163,497,76561197970574799
222420,77323686,just as good as 2002um recmmend it,True,1602314761,0,0,0.5,0,205,1502,76561199048020091
222420,28965837,"Worth it for the inclusion of the ol' Neo Geo version of KOF98. Played this quite a bit on a neighbor's desktop PC. Now I have it on my Steam account. Glad I plopped down for KOF98.

King Of Fighters '98 Ultimate Match Final Edition is one of those rare revamps that gets it right. Code Mystics gave KOF98 a bit of a facelift and added online play. They were also kind enough to toss in the original version of KOF98. While there isn't really a 'higher resolution' option for the graphics, I wouldn't have it any other way. I like my Ol' Schoo' brawlers with their classic chunky graphics. The hardware requirements are modest and XInput controllers are welcome. With Leaderboards and Steam Achievements tacked on, this package is rounded out pretty good and worth the cost of admission.

My only gripe is there being no Linux or Mac versions of KOF98. 

Nonetheless, worth the $15 (USD) asking price.

Played on Windows 7 Home Premium 64 bit.
Logitech F310 gamepad set to XInput.
Nvidia NVS 3100M (256MB) graphics. 
Buttery smooth.",True,1483418317,2,0,0.509855806827545166,0,11,37,76561198044081373
222420,139305739,"If you don't have KOF 98 and are considering it...stop and just get it. 

This is one of the one on one fighters that I have the fondest memories of playing, and still love. Street Fighter Alpha 3, Marvel vs Capcom 2, Samurai Shodown 4, Soul Calibur, and this...there was a period where these games just ran my life. A lot of them are what made the Dreamcast such an awesome system.

These titles are all great fighters that are just as good today as they were back then.

As much as I love KOF XV....98 is still a masterpiece...and worth owning as well. It may not look as pretty, but it still plays perfectly. And the roster was an amazing sight back then..and still is now.

Don't pass this up.....it took until XV for there to be a KOF game that gets close to what 98 has done. You want this one.",True,1685519554,0,0,0.5,0,94,262,76561197995124351
222420,179770386,un clasico de pelea y ajustado para que funcione perfectamente,True,1732509482,0,0,0.5,0,78,78,76561198023723843
222420,60710376,heavy d,True,1577490657,1,0,0.5,0,6,187,76561198956651311
222420,208600054,"No lenghty review needed, it's freaking KoF 98!!!!",True,1762481337,1,0,0.5,0,195,344,76561198185065650
222420,101360269,"Wow! Now this is a King of Fighters I can see myself playing a lot.

'98 UMFE is way more accessible than 2002UM:
The first thing I noticed was that jump-ins into C or D are actually not too hard. Except that you'll still have to confirm the jump-in (and/or input the super) [i]extremely[/i] quickly.
Max Mode is way more comprehensible, being used as a way to end your combos with a buffed super or just as a general increase of damage and pushback. The latter makes it so that combos will be harder, but good pokes, zoning or knockback attacks will yield more reward on hit.
Having step dash (available in Extra or Ultimate Mode) increases your walk speed to 130%, making max mode footsies a lot of fun.

There are some minor inconveniences, like the record function requiring a second input device.",True,1634762136,1,0,0.523809552192687988,0,180,2509,76561198045544286
222420,33300580,"one of the great all time fighting games, if you love fighting games this one should be on your games list.",True,1499316784,1,0,0.500967919826507568,2,59,109,76561198006583024
222420,38771431,good game,True,1514449070,0,0,0.485153764486312866,0,198,211,76561198071755988
222420,13410963,"If you can't get the PS2, or any CD version of this game, here's the best next alternative honestly. At least there's online to make up for it...but beware of the high ping spikes. Don't just match with anyone. Make sure you check their ping and that it's around 100 and below before you go into a match. I've had very laggy matches due to ignoring the ping at first, and then very awesome matches because I paid attention to the ping.

If you are getting the game to play online with friends...hopefully you won't experience ping problems with them. Otherwise, search for a player you could rival up against, friend them, and play away! A great experience and good training!

Now as for the game itself. King of Fighters 98 is a much more simplified game than what it became with XIII and even 2002. You'll be using more basic combos, some juggles, and technical gameplay strategies to outwit your opponents with mix-ups and what not.

There's a great selection of characters and they all play very unique from one another. Not to mention, there are even second versions of some characters usually based on previous renditions of them whether it's referenced to older KoF games or their origin (such as Fatal Fury or Art of Fighting.)

Unfortunately, why I reccommend to get the a CD based version, (Neo geo cd, PS2, etc) is for its incredible arranged soundtrack, color edit (I enjoy this since it allows me to personalize my main team), and actually functional graphic filters.

Let's just hope they patch a whatever they can with the netcode, and maybe that someone will make a mod to add in the Arranged sountrack.

Otherwise, I'd still reccommend the game to anyone who wants a taste of King of Fighters' origins beign that people claim this is the most balanced KoF game. Definitely worth it for Fighting gamers!

(I'll update more on this over time)",True,1418783863,7,0,0.543400406837463379,1,73,148,76561197985115170
222420,32862102,Party like it's 1998 and you scheduled your birthday party at the arcade/pizza place that closed down more than a decade ago.,True,1498582293,12,2,0.594329774379730225,0,130,130,76561197979907181
222420,24486884,Now all we need is Samurai Shodown on Steam.,True,1469308291,0,0,0.5,0,84,92,76561198286833723
222420,64037454,KOF 98 is an older dream roster game but features less than 2002. Overall it is still a great KOF game.,True,1582534409,0,0,0.5,0,90,90,76561198060769335
222420,13409993,Since the release they have made strides to improve the game and it shows!,True,1418777407,5,0,0.504955947399139404,1,87,908,76561198044004799
222420,91362530,Im more of a Capcom guy but SNK did a fine job with KOF.,True,1620058335,1,0,0.444444417953491211,0,52,83,76561197970705552
222420,117694878,"This games pretty fun, It's not too hard but it's not too simple, plus the gameplay is so fast pace.

I say give it a shot if you want to get into the KOF franchise",True,1656294831,0,0,0.5,0,205,1574,76561199262932898
222420,65494425,"Dope game play, nice looking graphics , and a great soundtrack. Overall one of the best King of fighters games that is in par with 2002 UM and  Xll .",True,1584816150,0,0,0.5,0,26,476,76561199012948002
222420,173894062,"It is awesome. Played a lot of it on the ps2, it is the same game on steam. It is awesome.",True,1725108961,1,0,0.523809552192687988,0,156,235,76561198025365479
222420,41368805,One of the best fgs ever made,True,1523215312,0,0,0.5,1,54,54,76561198183746995
222420,101321097,"Babe wake up, new old SNK game with rollback just dropped",True,1634692620,5,1,0.517241418361663818,0,24,315,76561198047164026
222420,134628722,USA Sports Team,True,1678758591,0,0,0.5,0,8,52,76561198029396312
222420,48618639,"It's a classic, a nice remake for PC that runs really smooth and is very fun. The inputs for some special moves seem a bit tricky to get out for me, and I haven't tried online mode yet so no comment there, but it is a really fun and interesting game.
One recommendation tho, disable vibrations. I've had a ten second long vibration because I was thrown once, and nothing else.",True,1548724944,0,0,0.5,0,21,21,76561198053997136
222420,13677808,"This game's still as epic as in the old days! The online feels like I'm fighting the guy in local. 
Didn't try with out of EU players but, it's clean so far. :)",True,1419814024,2,0,0.521672606468200684,1,153,168,76561198064538434
222420,13407964,"works fine, is an awesome game, and plays great with a usb saturn pad. what kind of freak uses a keyboard to play a fighting game?",True,1418766237,13,0,0.498892903327941895,1,115,120,76561198141165142
222420,79348604,"The King of Fighters 98: Ultimate Match is not just the definitive version of KOF98, but the definitive fighting game experience. The best version of Final Fight. The absolute best version of GBA. The best version of SNK FIGHT. The best version of PS2 FIGHT. The BEST FIGHT of all time. The best version of every fighting game that ever came out. The best version of KOF98.",True,1605518019,1,3,0.5,0,65,247,76561198336256926
222420,13448632,"Dont mind the Reviews of others.
Make your own Opinion.
So far i enjoy this game alot and I have no troubles with the netcode at all. 
Made some few online matches against random people and had no lag at all.
I spent the last hours playing matches against a friend and it ran perfectly fluid.

I bet that the netcode isnt as good as GGPO p.e. but I guess you shouldnt exactly play from the US to Asia.
As long your distance isnt that huge you shouldnt have any problems.

About the Content of the Game I do really like that there are even other versions of the Characters, meaning a different moveset from mostly '94

Sadly no Mr. Karate.

Got perfected in the 2nd Match in Arcade Mode

10/10
Would Ragequit again",True,1418994452,0,0,0.5,2,129,354,76561197998071409
222420,99201266,finger training simulator,True,1631412684,0,0,0.5,0,207,1604,76561199009498186
222420,18230927,"The consensus is that this is the best game in the series; and I would not disagree with that statement.  If you have played any of the older KOF games(pre PS3/XBOX360), then this game will be familiar territory.  The game has a solid roster, good game play, and doesn't get too complex with it's bars/meters. Overall, it is a very solid fighting game.  As for this edition, there are several changes.  First, there are additional characters added since the original arcade version including several boss characters from past games.  Second, some of the characters received new or modified moves and (S)DMs.  Third, there is an inclusion of a 3rd mode that is included which is customizable from a combination of extra and advanced modes.  As for online, there isn't a lot of people playing the game so finding a match can be challenging.  However, overall, this is a solid game, and for any fan, it should be a must buy.

In summary, if you are a KOF fan, I absolutely recommend this game, but likely, you've already purchased it.  If you are a fighting game fan in general, or would like to get into the series, this is definitely a recommended title.",True,1443409302,0,0,0.5,1,164,345,76561198028538226
222420,27905834,"Best of the series, not to mention its nostalgic feeling... golden age of fighting games i guess... simple mechanics, infinite possibilities, the gameplay itself is a show, no need of cinematics =]",True,1480296834,0,0,0.5,1,165,192,76561198034978417
222420,48179545,Why is Ryos 2C 1 frame. Thank you SNK yall are amazing real talk on some gang shit.,True,1546909353,0,0,0.49470105767250061,0,172,5991,76561198302771015
222420,14559377,I only regret that my ping to South America is terrible.,True,1424440129,0,0,0.472312718629837036,0,183,203,76561198010745565
222420,212365625,Kyo and Iori going brrrrrrrr,True,1764626017,0,0,0.5,0,95,275,76561198098781390
222420,14306847,"This is the final rendition of one of the best 2D fighting games of all time. The balance has been re-tweeked, several characters have been added and now there is online play (welcome to 2005). 
The graphics are certainly of the nostalgic variety; if you enjoy the old school sprites of yesteryear, you will feel right at home. If you aren't a fan of that retro look, the game still moves and plays silky smooth and decently quick. 

A gamepad is a minimum requirement for this game, so if you don't already have one, that extra investment is to be considered. To truly experience this game to its full potential, I strongly suggest purchasing a fightstick. This game is fully playable with a keyboard, and some actually do, but it is not recommended.

Now let's talk a bit about the online. Quite frankly, the online in this game is acceptable. I know several people lombast it, but compared to other fighting games, it certainly isn't bad. That said, I come from the old arcade culture, and I have yet to play a single fighting game online that is acceptable to me. I simply cannot abide by ANY level of input delay. I am very greatful for this game's input delay display (available in the beta version) so I at least know exactly how psychic I am going to have to be, or how early I need to prompt my inputs. 

If you are a fan of fighting games, especially if you have other friends whom are as well, this game is a must buy. It, like all other fighters, excels when there are others to play with in the same room. If you are a fan of the series and are dying to find others who are of a like mind, at least the option to play online is there, and it's certainly not the worst.
  
Ratings:

If you are a fighting game fan: 9/10 
    +Tons of characters
    +""Spot on"", very tight gameplay
    +Good balance
    +Retro graphics that hearken to a better time
    +One of the best and most varied soundtracks of any fighting game

If you are apathetic toward fighting games: 7/10
    +Tons of  varied characters to learn
    +Smooth, fast paced fighting
    +/- Retro graphics, love 'em or leave 'em
    +/- Retro music. Great compositions hampered by archaic sampling/synth, unless that's your bag!
    - Keyboard playable, but not the optimal input device. Additional expenditures to be considered
    -Couch VS play the only way to really get everything out of this game",True,1422942004,0,0,0.499980807304382324,0,175,3239,76561198173067007
222420,95719417,how to on9 match..,True,1626263379,0,0,0.5,0,99,160,76561198108317502
222420,38920647,"A great fighting game with a wide and diverse roster. The game play is on the old school side (with a small selection of modes), but it's still has a decent play style that fans of 2D fighters will love.

If your a fan of the Orochi saga, then this game is a MUST buy. It litirally has the entire cast from King of Fighters 94-97 with a few extra characters that weren't playable in the Neo-Geo version of this game (with the addition of extra music). It's my favourite game in the series and I highly recommend it if you're a King of Fighters fan.",True,1514770203,0,0,0.485153764486312866,0,135,469,76561198799953179
222420,110808150,"I have only an hour and a half right now, but my goodness THIS GAME IS FRAKIN' AMAZING!!!

Every sound has an impact that just feels amazing to hear! The controls are great, the graphics are just amazing in my opinion and the characters are super diverse and interesting!

its a must get!!!",True,1645591280,0,0,0.5,0,91,302,76561198818058663
222420,184482884,"One of my favorite in the entire series. This game was released years ago on PlayStation 2. I must have put dozens of hours into that game. 

Still holds up today. The King of Fighters games go on sale all the time. Grab this the next time you see it for sale. You'll be happy you did. Solid fighting game from start to finish. Most importantly, it's fun.",True,1735778379,1,0,0.523809552192687988,0,98,98,76561198396904662
222420,21976417,"6 out of 10.

seens like a ps2 port with some changes.
the new gauge modes make AI just stand up most of time and take damage. they dont seen to use extra mode dodge efficiently and dont charge up the gauge. nor they seen to use super DMs.

the extra characters fight like they where in their original game and dont fit kof98s gameplay and mechanics.

UI interface is ugly if compared to the kof98 original.

other players often complain about the netcode, but theres so few players online (most of times, none) nowadays i cant confirm it.

game is not challenging if AIs dont know what to do.

some extras art dont match the game art.

theres a neo geo mode where you can play the original arcade game, with AIs working and original user interface (which is a good thing), but you cant play this version online.



one of the best fighting games made by the, then, leader in fighting games company. if you used to play it on arcades, its a good memento from those golden ages. wait untill it get a super price discount!",True,1458620931,0,0,0.5,1,106,348,76561198084402844
222420,18051656,"Love this game, love the characters, love the music, love the hate I get with it much like Dark Souls. Super hard but fun regardless. Get in that pixle art fighting goodness.",True,1442369423,0,0,0.5,0,93,103,76561198065462974
222420,42978418,"As the title shows, [i]The King of Fighters ’98: Ultimate Match ~Final Edition~[/i] is the last revision of the game that was originally released on Taito Type X arcades and the PlayStation 2. [i]Ultimate Match[/i] is a remake of the original [i]The King of Fighters ’98: The Slugfest[/i] ([i]Dream Match Never Ends[/i] in Japan) which was released in 1998 for both the Neo Geo AES (console) and MVS (arcade). This version of the game is also included, so players are able to see what changed between the two versions. The Final Edition version also made further changes to some characters in Ultimate Match for balance purposes. The Gallery Mode and Color Edit mode from the PS2 version are not present though, but that is not a major loss.

The original [i]KOF ‘98[/i] didn’t have a plot, SNK instead choose to include almost every character that had appeared in previous games in a so-called “Dream Match”. As the fifth KOF game, this was probably considered a milestone and they wanted to celebrate (the series’ plot would be continued with the next game and characters that had been killed in previous games would not appear, unless it was for fan service). The original KOF ’98 had 51 characters (including extra or alternate versions) and Ultimate Match adds more characters, effectively making sure that every character that appeared in a prior KOF game is present. [b]Eiji[/b] from KOF ’95 and [b]Kasumi[/b] from KOF ’96 (both characters from the [i]Art of Fighting[/i] series) are now Edit Characters and the Boss Team from KOF ’96 (made of [b]Geese[/b], [b]Krauser[/b] and [b]Mr. Big[/b]) is included. Additionally, the final bosses of KOF ’96 and KOF ’97, [b]Goenitz[/b] and [b]Orochi[/b] respectively, are included in the game (and in this version are playable from the start) alongside the mid-bosses from KOF ’97, the Orochi versions of [b]Leona[/b] and [b]Iori[/b]. Together with alternate versions of Geese, [b]Blue Mary[/b] and [b]Yamazaki[/b], the total number of characters increases to 64. The characters were rebalanced for Ultimate Match, and Final Edition makes further changes to the characters to level the competitive balance.

The game features two different modes of play: the traditional KOF arcade play and single play, which has a total of seven stages. In the former, players use a team of three fighters and instead of a round system, the winning team is the one that eliminates all of their opponents. Single Play uses a traditional system of rounds. A second player can join in at any time during arcade play, but there is a separate mode for two players. A separate mode allows a single player to play against the CPU for as long as they want without the arcade mode progression. The game includes an Endless Mode, which is a survival mode in which the player tries to defeat as much opponents as possible using a single character until they are defeated (the original game has a Survivor Mode, in which the player uses a single character to defeat all other characters, a combination of a Survival and Time Attack mode). The game also has a robust Practice Mode with the same options that were introduced in the PS2 version of [i]The King of Fighters 2003[/i]. Finally, the game has Online Play, which allows players to perform quick and custom matches in Player or Ranked matches.

The gameplay of the KOF series is an extension of what started with the [i]Fatal Fury[/i] and the Art of Fighting series, mostly the former. There are four attack buttons, two punches and two kicks, light and strong. Pressing both light buttons at the same time will make the character use a dodge maneuver while pressing both strong buttons will have them perform a strong attack that always knocks down the opponent. Each character has a variety of throws and special moves, as well as unique command attacks. Characters also have super moves, known as Desperation Moves (DM), which are done by using a super meter. Before selecting their characters, players need to select between three systems that determine their dash style, their dodging maneuver and how their power meter is used. Two of these systems debuted in KOF ’97 and were also used in KOF ’98, [b]Advanced[/b] and [b]Extra[/b]. Most fighting game players will probably recognize these systems from [i]Capcom Vs. SNK 2: Mark of the Millennium 2001[/i] as the N Groove and the S Groove respectively. Advanced was a new system first introduced in KOF ’97 that uses stocks. Using special moves, players can fill this meter and once full, they gain a stock which can be used to perform a DM or activate MAX mode (by pressing both punch buttons and the light kick button at the same time) to perform a Super Desperation Move. In this mode characters can roll forward or backward as a dodge maneuver and they can run by double tapping the directional pad towards their opponent.

The system used in Extra is the one that was first introduced in KOF ’94 and was used last in this game. Instead of running, the character makes a small hop forward, and instead of being able to roll, the character dodges into the background. While dodging, the character is able to attack (this could be done in [i]Fatal Fury 2[/i] and [i]Special[/i], but the character had to block). The super meter can be filled manually by the player by pressing the same three buttons to activate MAX Mode in Advanced, though it also increases when they take damage. In Ultimate Match, Extra Mode has a single stock which allows for MAX activation as well. When the character’s health is low, players can perform Desperation Moves even when their meter is not full, though an interval has been added in this version to ensure players do not spam the moves. Super Desperation Moves can be performed with the same requirements from Advanced Mode in this version, or with a combination of a full meter and low health.

The final system is exclusive to Ultimate Match and is appropriately named [b]Ultimate[/b]. This mode allows players to select a setting that fits their play style or a character’s fighting style. They can choose their running style, what dodge move they can perform and what super meter properties to have. This will also give the characters the inherent properties and systems of the chosen subsystem. Now that the controls and systems are out of the way, I guess I should write about the fighting. I’ll assume that people who read this review are familiar with other 2D fighters such as the [i]Street Fighter[/i] series and other KOF games, both previous and later ones.

One unique aspect of fighting in KOF is the jumping; the game has four different types of jumps, two which are unique to KOF. These two are the Short Hop and the Hyper Hop (they have many other names as well, but I will be using these here). Players can make their characters hop both forward and backward. These hops increase the pace of the game by keeping players on the offensive. Players who want to get into KOF need to learn and become acquainted with these jumping techniques and how to counter them in order to do well in the game, since they will be using them constantly both to poke their opponents and defend themselves using normal attacks, and also to perform cross-ups. The other two jumps are the normal jump and the Super Jump, these last one, like the Hyper Hop, can be done while running.

KOF ’98 is considered by many to be the best in the series (opinions changed somewhat after players got to play [i]The King of Fighters XIII[/i], but [i]The King of Fighters XI[/i] is officially the secret best KOF), so it is the perfect game to start with the series if players have never played any KOF games before. Players that love to play 2D fighters need to play this game, along with the aforementioned XIII, XI and [i]The King of Fighters 2002: Unlimited Match[/i]. The best way to appreciate the fighting game genre is to play as many of its games as possible, and the KOF games are among the best in it.",True,1529780168,5,0,0.590346038341522217,2,72,308,76561198408778353
222420,138238151,everyone is hot except Mai,True,1683987111,0,0,0.5,0,116,128,76561198870944864
222420,13475996,old memories back,True,1419093490,1,0,0.516379773616790771,0,107,1203,76561198161328573
222420,144002982,I mean this is a classic! Do you really need a review?,True,1691850898,2,0,0.528432726860046387,0,90,90,76561198169462091
222420,177506502,Great game,True,1729577866,0,0,0.5,0,7,140,76561198363005638
222420,53729054,nostalgic,True,1562372165,0,0,0.5,0,100,103,76561198119654509
222420,19117690,Better than Street Fighter,True,1447699927,1,1,0.49824562668800354,0,16,40,76561198050556428
222420,80568314,big fat japanese man kill all the mexicans except stupid little fire woman fuck youuuuuuuuuuuuuu,True,1606467336,0,0,0.5,0,66,66,76561198163134746
222420,13433072,"While this version of KOF 98UMFE seems plagued by some technical issues, at heart you still are able to experience the classic gameplay that KOF '98 has to offer.  The netcode is not perfect, but considering how broken the netcode prior KOF games have had this has to be the best the series has had yet.  There is an input delay bug, but the devs are working on a patch to fix that and to improve the netcode.

Is it perfect?  No, but, particularly if you have friends nearby, it's a great way to experience the best KOF.",True,1418927530,5,0,0.504955947399139404,1,83,83,76561197999389109
222420,39718847,I learned that I suck at fighting games.,True,1517281255,0,2,0.416509836912155151,1,135,135,76561198141499729
222420,53590755,Good solid fighting game. Has more depth than most if not all street fighter games.,True,1562283237,3,0,0.559608519077301025,0,200,365,76561198245781984
222420,24781104,"I can see why this is a popular game, the game itself is great. It is very balanced, great character cast, great music, different play styles, and neogeo mode. There may be things other people may want, but you should experience the great game that is, King of Fighters: '98",True,1470680149,0,0,0.5,0,152,413,76561198148581731
222420,174674663,"Mr SNK can you please make one new game of king of fighter classic into one combine all from kof 94 to 2003 from stages,soundtrack and all fighters and not the collection but a whole new game using all the classic thing...",True,1725983523,6,0,0.609211444854736328,0,5,11,76561199130480286
222420,182012700,"For those who grew up in the 90s or 2000s,
who has never been to an arcade or restaurant that had a KOF 98 machine on display... you got tokens and played this wonderful game on those arcade controls and in the end you got GAME OVER and ran out of tokens?
At these times you are feeling like a nostalgic old man like me too!
and this King of Fighters 98 is without a doubt the BEST KING OF FIGHTERS of the franchise!!
I have more memories and it was the one I played the most on various KOF 98 machines in countless places I went to over the years of my life!
more than 97, 99, 2000, 2001 and 2002
and if I were SNK... I would release 99 and 2000 for STEAM RIGHT NOW!",True,1733463915,8,0,0.640703499317169189,0,52,1932,76561198882304730
222420,169331748,"aside from Soeharto's stepping-down, this was the best thing to ever come out in '98",True,1720447202,0,0,0.5,0,73,714,76561198263002765
222420,30302780,"classic, remember playing this in the arcades in korea from 94-now. KOF is a must",True,1488578705,0,0,0.5,1,86,127,76561198019441212
222420,24770804,"""The King of Fighters '98 - Dream Match Never Ends/The Slugfest"" is one of those games that never get old (and get even better as they get older). Great roster of fighters, excellent art and almost-unmatched gameplay makes an unforgettable fighting experience! Its graphics and visual effects continue to be impressive even almost twenty years later, with beautifully-animated sprites and rich backgrounds, accompanied by superb voice acting and some of the loudest sound effects I've ever heard.

As this is a ""dream match""-style game, released after the conclusion of the Orochi story arc, there isn't much to say story-wise; it features most of the characters which appeared from KOF '94 to '97, Rugal returning as the final boss (using his ""Omega"" form), and the ""Ultimate Match"" version has additional characters, such as the Boss Team and Eiji Kisaragi, among others. Ultimate Match also adds new backgrounds, along with a new fighting style, ""Ultimate"".

KOF'98 still keeps itself fresh, exciting and relevant after all those years. Its competitive potential is enough to keep players hooked for hours, fighting against each other, and the computer-controlled fighters can also pose a great challenge for those who prefer to spend their time playing by themselves. However, its matchmaking service is lacking (well, at least it does not seem to work as it should here; maybe it's a connection issue) and online battles are plagued with delay, rendering the game almost unplayable sometimes. I wish there were more players available for online matches, nonetheless.

One of the best fighting games ever, sold for a bargain price. You ought to pick it up! - 10/10",True,1470626567,2,0,0.541349112987518311,1,87,151,76561198170403889
222420,27414544,Neo Geo Powa ;) online ok,True,1480066461,0,0,0.5,1,211,212,76561198166919458
222420,135990628,"Used to play this in the arcades back as a college student and owned the The Dreamcast version of this game. This does NOT have the 3D backgrounds that the Dreamcast version had which were terrible. 

The game on Steam is just as fun as the old days. Not too many people online, but there are there.",True,1680473232,0,0,0.5,0,82,763,76561198310632924
222420,18097422,garlic bread,True,1442660091,0,0,0.5,1,193,193,76561198063365749
222420,39231670,omg,True,1515592307,1,0,0.46835017204284668,1,48,266,76561197983422009
222420,121189527,A timeless fighting game classic that every fighting game fan should own,True,1661385694,0,0,0.5,0,110,110,76561198118663560
222420,73930234,one of the best classic fighting games!!!,True,1596825429,0,0,0.5,0,20,20,76561198825103063
222420,103374695,The King of Fighters 98 has been my favorite fighting game since discovering it in high school. SNK's style is criminally underrated and the variety of characters oozes with personality,True,1637736542,2,0,0.523809552192687988,0,52,131,76561197983292826
222420,203080194,Mai Shiranui.,True,1756426243,0,0,0.5,0,19,19,76561198005439390
222420,14513827,"KOF'98 is already by itself such a classic.
'98 UM FE is a reborn of classic. Steam lacked good ol' fighting games and that's what SNKP is doing right now.
While I'm hyped for KOF'02 UM also, KOF'98 UM is a wonderful warm up to the ""main meal"".
I grew up playing this and other classics in arcades and this is a very compensating game to have as much it help you develop more skills.
Yet today, love playin' this game with friends, and never get old.
If you're in doubt, take a chance and just go for it!
The King of Fighters is awesome!

Thank you, SNKP!",True,1424178674,0,0,0.499980807304382324,1,119,1479,76561198087763389
222420,183695184,"KOF 98 é bom, e o porte para PC é um dos melhores da série. Traz as funcionalidades obrigatórias para jogos de luta como: lista de golpes, modo arcade, modo de prática e multiplayer offline/online. Traz alguns filtros de imagem que, assim como o KOF 97 Global Match, são úteis mas basicamente só dão um borrada de leve nos pixels. O controle de dificuldade também está presente, e também não é bem implementado (mesmo no nível 1 de 8, jogadores iniciantes terão problemas). Se comparado ao KOF 97: ele tem gráficos mais bonitos, é mais ágil, os controles foram aprimorados, e traz também um elenco maior de personagens. Pecou na falta de uma galeria de imagens e personagens (detalhando um pouco sobre cada um). Por ser um ""dream match"", não tem enredo (foca somente em trazer um número maior de personagens de diferentes linhas temporaris para se baterem). Gostei também da possibilitar de jogar a versão original para NeoGeo (tem até algumas animações extras)

Completei o modo arcade em um sistem Linux utilizando o SteamPlay (Proton 9.0-4) sem problemas",True,1735165517,0,0,0.5,0,105,116,76561198193661422
222420,34978797,"CRACK-SHOOT!
POWER GEYSER!
HEY, CMON' CMON'!",True,1505501427,8,3,0.564118802547454834,1,62,79,76561198010455154
222420,24310971,"""It all began in '94, kept on rollin' in '95, pieces fell in place in '96, and came to an end in '97. Now it comes and here we go, KOF is here again. Nothing's gonna stop it it's 1998!""

Other than the classic intro, the game is probably one of the best King of Fighters games out. KOF 2002 UM is nice as well, both developed as dream match games, but this one just has a nice charm to it. It's well balanced, has good music, and it's decent port for PC as well.

Pick it up if you have the spare cash or get it with the 3 pack with KOF 2002 UM and KOF XIII.",True,1468486048,0,0,0.5,1,43,147,76561198048967455
222420,100204483,BUY IT NOW IT'S GETTING ROLLBACK VERY SOON,True,1632977634,45,3,0.776578545570373535,0,32,834,76561198159981760
222420,106915986,"this was the game that got me into fighting games, and honestly if you can deal with potentially learning three characters to form a team, its a solid place to start. lots of personality, good netcode as of its latest update, all in all a fun time. just keep in mind single player in snk games can be jank as they were arcade games made to steal money by design if you touch that at all and you'll be fine",True,1640883377,0,0,0.5,0,180,497,76561198007028812
222420,14719510,Appears to be a stripped port. Inferior to the ps2 version that included 3d background stages along with arranged bgm. Kof 98 is still a good game however I might reccomned picking it up on sale as this version is not the definitive version as it does not include everything from the ps2 version.,True,1425264944,0,0,0.499980807304382324,1,125,981,76561198010344834
222420,101314635,ROLLBACK UPDATE BABYYYYYYYYYYYYYYYY,True,1634681152,10,0,0.595263421535491943,1,72,2218,76561198006461615
222420,22370916,this game describes my childhood perfectly,True,1460445830,0,0,0.5,0,24,24,76561198066820015
222420,104011614,Did anyone else say rollback?,True,1637902168,2,1,0.529553651809692383,0,14,69,76561197991655330
222420,102196047,George Washington's favorite fighting game,True,1636018685,0,0,0.5,1,51,51,76561198063317931
222420,13911115,"I'm having so much fun playing that my thumbs are worried. In fact, one of them asked me ""ARE YOU OK!? BUSTAAAA WOOOOLF!!""

Then I had to show him who's the true lone wolf.

It's one of the best KOF editions out there. Nuff said.",True,1420823956,0,0,0.499980807304382324,1,190,1517,76561198002426126
222420,47246817,"This is a real tier to the phrase ""easy to play, hard to master"". Seriously, it's that challenging. But, at least it responds well on newer computers. That much can be said.",True,1543718762,1,0,0.513224780559539795,0,98,99,76561198272052828
222420,16347041,"Missing a bunch of features from the PS2 port, buy only if you played the pirated version of the original port.",True,1434170486,1,0,0.496240615844726562,0,14,171,76561198044589452
222420,32325957,"The King of FIghters series is aptly named as to date it's still my favourite fighting series. It's technical, flashy and oozes style and KoF 98 is the absolute cream of the crop. This Steam version is in my opinion the optimal version of KoF 98 as it combines many of the best elements of previous versions, my only complaint is it would have been nice to have included the arranged soundtrack as an option, but that said the original soundtrack is still spectacular.

So what makes KoF so good? For one I really like the story of these games which I realise is an unusual pro for a fighting game series, but from Fatal Fury (technically the first KoF) I found myself invested in the characters, specifically Terry Bogard's grudge match with Geese Howard and their battle across South Town and my interest has only grown from there. KoF's roster is large and loud, boasting unique personalities that all have their own reasons for entering the tournament and have interesting and sometimes comical pre fight interactions with one another. Once again as with many Neo Geo titles SNK really pushed the hardware at the time and worked within it's limitations to truly create something special, it's a delight to play and it looks fantastic. From the introduction sequence you'll instantly pick up the visual style and fantastic sound direction, intro sequences in arcade games are usually something special as they lure in punters to spend their hard earned cash and here it's no exception, the opening theme and video effects really get you in the mood for a good scrap. Starting up the game here you pick your style and three fighters to roll with, you can opt to go with the pre selected teams or mix and match to create your own unique one, this can be a little daunting for new players as it means you have to learn three characters if you want to get good and play competitively against others, but if you have the patience to put in the time it really pays off.

I'm not sure what else to say, if you're a fighting game fanatic you no doubt already have your own opinions on KoF 98, if you're a newcomer there are maybe easier places to start, but don't let that discourage you, because if you really put in the time you'll have a handle on one of the greatest fighting games of all time. So what are you waiting for, grab an arcade stick, choose your fighters and get ready for the greatest smack down of your life!",True,1497123869,1,0,0.500967919826507568,0,191,281,76561198009702779
222420,47168208,"King of Fighters 98 is pretty fun.

I'm not really super good at fighting games so I can't really comment on any of the tech. I just feels like Street Fighter with a billion characters. Characters such as, Terry Bogard, Yuri, uh... and the infamous Geese Howard.

It's a lot of fun? You can flip around all over the place and there's lots of cool special moves. There's a roll. I like the supers, they're just regular old super meter supers.

It's King of Fighters. I don't really know what else to say.

Actually, hang on, I don't even see a buy button. can you not even buy this game anymore...?",True,1543421377,0,0,0.49470105767250061,0,6,6,76561197996633876
222420,13945048,"I had some reservations at first about whether the changes added to KOF '98 warranted its rerelease and sale price. After some time with it, it's become clear that this tweaked and expanded version truly is a worthy update to one of the best fighting games ever made. A handful of new characters expand the roster a bit, but the addition of a significant amount of alternate versions of both pre-existing and new characters really beef up your options for team creation nicely. The changes are rounded out by a slight rebalance, the addition of a new mode to Advanced and EX, and online matchmaking. Throwing in the original version as well was a nice touch. Most of the criticism leveled at this game seems to come from the fact that it's not the PS2 version. This is still one of the most rock-solid fighting games in existence, with or without a few cosmetic bells and whistles, the absence of which hardly justifies a negative review. It's colorful, balanced, charming, fun, and accessible. If you're new to KOF and cut your teeth on XIII, pick this one up and get a taste of fighting's golden age; There's a good chance you'll find this game superior to its later installments. If you're a Neo Geo veteran, you'll come to enjoy the changes even if you're a hardened purist.",True,1420996932,1,0,0.502468347549438477,0,204,413,76561198024246936
222420,101443991,"um jogo muito bolado, com o rollback então vai ser só pancada seca",True,1634917018,0,0,0.5,0,182,833,76561198368812556
222420,17748349,"I've been playing this entire series since I was old enough to be sent alone to the store at the corner of my block (8yo), I've played the entire series on the arcades. 

How good this 98 is? good enough for me to be sent for tortillas to the store, spend the money on the arcade then come back 1 hour later empty handed and on top of that with my pants soaked in piss for holding it while I hold the throne of las ""retas"".

Omega Rugal/10 will genocide cutter again and leave my starving family eating beans with no tortillas.",True,1440734295,14,32,0.573714792728424072,3,116,573,76561198014749071
222420,211778863,"After months of planning, I finally built a PC that can run everything I want to play.

Proud of my accomplishment, I asked my cousins what games I should buy to test it out.

""Can it run The King of Fighters '98?"" one of them asked.

It can run more than The King of Fighters '98.

It can run The King of Fighters '98 Ultimate Match Final Edition.

Needless to say my cousin is happy.",True,1764464193,0,1,0.5,0,22,83,76561199031547938
222420,192217253,"I would definitely only buy this game if you have nostalgia for the arcade cabinets of the late 90's and early 2000's. It's a decent enough fighting game and the online playablity makes this version a gem. There is just no real reason to play this over some newer fighting games unless you have that nostalgia. 

Nevertheless, it's often on sale for just over $2 and I would still recommend it at that price.",True,1744031950,0,0,0.465616047382354736,0,31,31,76561198151571510
222420,77015328,S++++++,True,1601803598,0,0,0.5,0,130,130,76561197976283636
222420,106725065,es good,True,1640677422,0,0,0.5,0,169,264,76561198326504983
222420,148296689,"de las mejores sagas de pelea del mundo, recomiendo a todo el mundo esta maravilla.",True,1697395481,0,0,0.5,1,183,1049,76561198044370080
222420,24105521,Top 3 all time in my personal favorite fighting games.,True,1467712881,3,1,0.522628664970397949,0,117,168,76561198044883818
222420,170746006,"It works with Proton 7.0-6 on Linux/Debian 11 Operating System.
Funcionou com Proton 7.0-6 no Sistema Operacional Linux/Debian 11.",True,1721955496,0,0,0.5,0,5,197,76561199012112018
222420,13452903,"I'm glad that we got the actual rebalancing of KOF98.  The game still plays as wonderfully as it usually did, despite it being the Xbox 360 version.  My only gripe is that the arranged soundtrack isn't there.",True,1419008952,7,0,0.500449776649475098,0,44,170,76561198010280380
222420,94080963,"If you played KOF in the  1990's you need no introduction or reason to play this game. You buy it. If you want to see the KOF fighters in their best, you get this game. I loved all KOF games, except for 12 .  This is the one that is the best . If they gave this game a 3D overhul, I would play this  and this only.    The game is just great. This ,2 Ultimate , XIII and XIV are the only KOFs you need to have .",True,1624220119,0,0,0.5,0,73,106,76561198071894524
222420,207235747,"KOF 98 is an absolute gem, and goes on sale incredibly often. You'd be missing out on a fighting game that has stood the test of time if you didn't get it, especially when it goes as low as a couple of bucks. The graphics are exquisite, the stages in particular some of my favourite from across the entire franchise, with a ton of detail that must've taken a lot of hard work considering the art style and the era they were made in. Each character has a solid design and moveset- in fact, the movesets are really, really awesome. I would consider this title on the level of multiple classic fighting games, and it has some of my favourite fighting game characters/KOF characters ever (chin and team sports are GOATED, why hasn't the latter come back yet???). The music is also really good, it's one of those games where you get fully absorbed into the atmosphere and actually pause your playlist for it.

Overall, KOF 98 is an absolute classic and you'd be silly not to pick it up on sale for yourself and a friend. Unless you don't feel like supporting the Saudi Government. Yeah, that kinda sucks actually....",True,1761053012,0,0,0.5,0,59,59,76561198377934957
222420,13487507,"It's a classic KoF title that's a blast to play still. Competitive players will find a deep and rewarding game, while casual players will have more than enough character variety to keep mashing through the night. The initial release's netcode has brought many to question its quality, but the development team already has a patch in open beta that addresses the issue within days of launch. You don't get that too often in fighting games. I really recommend this. The fighting game community on PC looks like it's received another great title.",True,1419129637,3,0,0.496161907911300659,0,101,232,76561197966889259
222420,33740519,"Must-have for fans of KOF. The original classic brought back faithfully in all its former glory. No fault found in the port and a very excellent, smooth experience playing it on Steam. Would love to see them bring back more classics like KOF'99 and even KOF'2000. (which in my humble opinion are the best 2 games in the series) And maybe KOF94 and KOF95 purely for old times sake.",True,1500804053,1,0,0.470026224851608276,0,29,29,76561198003522700
222420,102295667,"currently my favorite fighting game to play
no pressure for big zany combos
me have fun

Also the music, stages, and roster are all perfect",True,1636165551,1,0,0.523809552192687988,0,154,1636,76561198262349977
222420,38425447,"You could say that it's ""one hell of a king game!"".

In all seriousness, King of Fighters is a really great series and this game is simply awesome, if you like 2d fighting games that has a great roster, good graphics and textures, great gameplay, etc...
Then this game is for you.

Seriously, there isn't much to say about this series, it's a great series, there are few problems here and there with the online mode but there's worse.

9.5/10",True,1513666573,4,0,0.448703229427337646,0,45,76,76561198108235797
222420,16551050,"back to old days, luv this game. i wish that we had more versions of this game in steam",True,1434801665,0,0,0.5,0,128,463,76561198202556707
222420,37804140,Arcade Childhood Memories.,True,1511803770,1,0,0.473894059658050537,1,91,135,76561198139304872
222420,79133277,"might as well get the game now this cheap before the rollback netcode comes in
edit: told you this game was gonna get rollback sooner or later imao",True,1605154310,10,1,0.61504596471786499,0,176,227,76561198867249186
222420,132795886,Got this game during the SNK and fighting game sale if you like fighting games this game is amazing and the best of the kof 90s series it isnt the best but if you like fighting games and kof in general i recommend getting it snk never fails with their kof series.,True,1676322405,0,0,0.5,0,13,106,76561199240594910
222420,13560509,"To be honest, this game is XBOX port, not PS2 port.
Forget about 3D backgrounds, unlocked gallery arts, arranged OSTs, and color edit from PS1/PS2 version.

Online play is fixed during beta release, so is safe to buy.

Unlike Tencent/QQ version, you don't need to unlock characters at steam version, plus banned tournament characters are playable by default.",True,1419392201,1,0,0.497858673334121704,1,126,351,76561198044309634
222420,20557725,"This is a solid oldschool fighter. Large number of characters/teams to pick from. All of the stages are pretty nice, my favorite being the stage on the street with the cars flying by. Online seems to work but no one was on it when I tried. Play locally with a friend for a good time!",True,1452939606,5,0,0.581607162952423096,0,100,156,76561198053313570
222420,119684783,"Still the best old school fighting game that was in snk's prime in the late 90's, and made it much fun with more characters from the previous kof series, this is the reason i love playing king of fighters 98' ultimate match so much.",True,1659073249,0,0,0.5,0,182,209,76561199262476690
222420,26224102,I remember spending a lot of time playing survival mode.,True,1477445286,0,0,0.5,0,158,311,76561198025625270
222420,102619543,"The best KOF, I preferred it over the 02/02UM. And not as combo heavy driven like the 13 and 14. It's the perfect game.",True,1636679041,0,0,0.5,0,158,248,76561198031366455
222420,108294299,"KOF98 is an amazing game. One of the best KOFs has rollback now! 

Thanks SNK for hiring code mystic on the rollback update. Feel free add rollback to KOFXIII and SamSho now :)",True,1642547024,0,0,0.5,0,57,163,76561198047132838
222420,13406708,"Ah, KOF '98... One of the all-time greats of the fighting game genre,
and now, you got it here on steam at a much more affordable price than what I had to shell out for a Neo Geo CDZ, it even has online play to boot! So if you like fighters and wanted to check out KOF, make it this one.

The roster is made up of every single fighter featured from KOF '94 to '97
with the last couple of missing combatants being additions for the ""Ultimate Match"" update from some years back.

You got two different styles, or ""Grooves"" if you are so inclined.
Advanced plays like your average KOF game today, you fill up your gauge by fighting and it eventually adds up into separate stocks. Using a special move consumes one stock, but you can also use a stock to enter a super mode, from there, you can use one more stock to do your character's most powerful move, The other mode on the other hand takes after KOF '94-'96's style with you having to charge your stocks manually and being granted the ability to use infinite supers when at low health. The rest of the gameplay follows a 3-man team-based structure, though you cannot tag in and out party members. Once all your characters are exhausted, you lose. 
By far the most striking feature of KOF, however, is the jumping mechanics.
You got several different types of jumping at your disposal, like a short hop and another, entirely different hyper-hop that advances you forward quickly while still staying low to the ground. It all adds together to make KOF into one of the most frantic offense-based fighters around. The different types of jumping are done by inputting specific directions and immediately moving the stick in another direction. Knowing which type of jump to go for at each moment may seem daunting at first but as long as you stick to it, it'll become second nature in no time and is definitely rewarding enough to justify the learning-curve.

I really cannot stress enough that if you even have only a passing interest in fighting games,
you NEED to experience KOF '98. And this new shiny rerelease with online play is just the perfect opportunity to do just that. You even get the original vanilla '98 on Neo Geo packaged with this updated rerelease if you like to be authentic!",True,1418760949,47,0,0.677571237087249756,1,5,2659,76561198040767999
222420,21219691,I'm Mexican so I'm naturally at least slightly above average,True,1455494502,0,1,0.5,1,135,403,76561198080486123
222420,102063792,"Rollback baybeeee! Let's get all these old ass games some proper netcode.

Anyway '02 is better, see me there.",True,1635815229,2,0,0.520547986030578613,0,165,165,76561197999292632
222420,66047550,A bit of nostalgic moments but online game sucks,True,1585438222,0,0,0.5,1,197,292,76561198029714945
222420,45788271,"Buy it when it's on sale and get the triple pack, worth it!",True,1542070412,0,0,0.47999998927116394,0,169,169,76561198153799311
222420,30723191,"At least ya boi Shingo Yabuki is in this version.
(My personal favorite of the KOF franchise and the one that most newcomers to the series should start off with.)",True,1490436007,8,1,0.542782604694366455,1,148,2942,76561197994684163
222420,45755150,"Loved it when I was just a lil kid and I love it still. KOF '98 is one of the few fighting games that manages to stand the test of time. I still let the attract sequence play just because it's so much fun to listen to!
Keep in mind, though; it doesn't carry any of the extras from the console port. No color edit, no 3D stages, no arranged soundtrack and no gallery. At the very least, this edition comes with the original version of the game.",True,1541916867,0,0,0.5,0,133,186,76561198105773743
222420,77318654,Geese,True,1602304581,2,1,0.523809552192687988,0,30,746,76561198079987149
222420,23906732,"Pretty decent port. Unfortunately, online is a desert.",True,1467150427,0,0,0.5,1,92,225,76561198261778435
222420,183848044,Quite literally the best fighting game ever made. Must-play.,True,1735279092,9,0,0.598369896411895752,0,137,291,76561198885661976
222420,109415551,just  buy it,True,1643915331,0,0,0.5,0,185,358,76561198274245879
222420,185153660,leona my beloved,True,1736389854,5,0,0.561215102672576904,0,25,25,76561198078983601
222420,13898730,"It's KOF '98 Ultimate Match... on PC! What else do you need to know? :D

Apparently the netcode isn't ideal at present, but I've never found even the best netcode sufficiently lag free.

Other than that it's an amazing port.

I'm really happy to support SNK classics on PC.",True,1420747602,4,0,0.539711058139801025,1,187,820,76561197984663068
222420,13953809,"Beta 1.02 netcode worked well (2 frames) about halfway across the US so that's enough for a seal of approval for me. Ignore what the pings say (180-200) because they're clearly incorrect.

Other than that there's not much to say about the game. King of Fighters '98 is one of the classics so a decent online version stands on its own. Kof98 and Super Turbo have always had a special place in my heart. They really don't make fighting games like they used to.

That said, you'd think with this being their 20th anniversary game though that'd they'd pack the thing with extras or do something cool like SF2AE where you could play all the old character versions... unfortunately that is not the case. There's a challenge mode, some EX characters and that's about it. No art gallery, no arranged soundtrack, no real graphics filter... these things are just examples of stuff that would take minimal effort to include and would make the game so much better. The King of Fighters '98 arranged soundtrack is one of the best video game soundtracks of all time.

It's nice but the game could be so much more. Really shows how times are with SNK. Frankly it's a miracle it has decent netcode and asking for anything more is too much to ask any fighting game developer these days save ArcSys it seems.",True,1421045751,7,0,0.557761728763580322,0,77,740,76561197977703126
222420,72267692,"A masterpiece! Perfect port, buy it!",True,1594173020,0,0,0.5,0,93,170,76561198058126241
222420,20795521,Great classics of fighting games.,True,1453939445,1,0,0.44214177131652832,0,49,663,76561198034766576
222420,132941832,"An excellent title, both for fans and casuals, however, the lack of 3D backgrounds and integer scaling makes graphics fall noticeably behind it's PS2 counterpart.",True,1676511534,0,0,0.5,1,11,11,76561198166805124
222420,13413411,"Even though with this kind of terrible net code, 98 umfe still reminds me of those old days when i played with my friends.",True,1418804046,3,0,0.53823244571685791,2,168,347,76561198087638567
222420,84368962,Good old memory from 20 century.,True,1610209585,5,0,0.563308656215667725,0,186,223,76561198086541861
222420,188155516,are you okay?,True,1739834545,0,0,0.5,0,55,77,76561199173025415
222420,23349638,"A simpler time, a simple game. There was no dlc, not many reviews, you just picked up the game and didn't look back.",True,1464895499,1,0,0.501359879970550537,1,111,147,76561198072459033
222420,83174669,"good game, needs rollback",True,1608961444,0,0,0.5,0,56,689,76561198214158440
222420,101572142,The best King of Fighters now has rollback netcode. Everyone should jump on this!,True,1635105399,0,0,0.5,0,168,209,76561197964621098
222420,16858073,"Its a real classic, but its a version inferior to PS2 one, it lacks the real remake brought on PS2.
If you are a KOF fan and get it on sale its totally worthy,
If not, go check Yatagatasu.",True,1435916815,0,0,0.5,1,156,156,76561198063572306
222420,13411710,The game is great but I would like anybody to explain me why it is trolling players during online matches like making a match continue while it's not against the person we are playing with ?????!!!!!!!,True,1418788982,0,0,0.5,0,175,289,76561198107385672
222420,162881728,Very ultimate Game of king of fighter series....pls price low down..,True,1713116086,0,0,0.5,0,12,194,76561199015406007
222420,13411099,"It is Mexico's national sport.
Now where's 2k2",True,1418784840,6,0,0.478436529636383057,3,94,544,76561197999363278
222420,184862823,mai's skull crushers,True,1736104583,0,0,0.5,0,78,114,76561198932124247
222420,16706971,"Yuri is the cancer killing animu and games.

Yurifags need to be purged.",True,1435267002,2,0,0.466792166233062744,0,35,37,76561198086348665
222420,155906076,"Cool game, but arcade difficulty seems broken. Easiest difficulty is still extremely hard lol",True,1705170104,0,0,0.5,0,203,287,76561198118600664
222420,175364356,cool,True,1726829660,0,0,0.5,0,17,17,76561198376605183
222420,109118608,The King of Fighters '98 Ultimate Match Final Edition,True,1643561937,1,1,0.516129076480865479,0,40,53,76561199013300347
222420,101670518,Saisyu Goated character,True,1635266344,1,0,0.503928184509277344,1,182,369,76561198329151335
222420,13406834,"เกมเทพ มีเพิ่มตัวละครใหม่ ที่จริงๆก็เอาจากภาคเก่ามาเสริมด้วย และเล่นแบบคนเดียวแบบ arcade ดั้งเดิมก็ได้ รวมๆก็มีการปรับสมดุลบาลานส์พอสมควร แต่ก็ยังเล่นสนุกเหมือนเดิม หาห้องไม่นาน ชวนเพื่อนได้ด้วย แต่ออนไลน์ข้ามประเทศกระตุกจ้าาาาา  แต่ถ้าเล่นกันเองในไทยนี่พริ้วเลย แม้จะมีบางโมเมนท์กระตุกบ้างอะไรบ้าง ก็ยังถือว่ารับได้  

แต่ที่เห้ที่สุดจนต้องขอด่าคือ ให้กุพรีออเดอร์ลด 20% เหลือ 252 บาท แต่ตอนวางขายเสือกมีแบบ 2 pack ขายในราคา 459 บาท(คนละ 229.50 บาท) แล้วแบบนี้จะให้พรีออเดอร์ไปหาพระแสงหอกดาบด้ามขวานสวรรค์วิมานชั้นดาวดึงส์อะไรวะ ไอ้เหี้ยยยยยยยยยยยยยยยยยยยยยยยยยยยยยยยยยยยยยยยยยยยยยยยยยยยย",True,1418761498,11,0,0.363772124052047729,3,133,176,76561198071739624
222420,103019287,"i regret refunding it so i rebuyed it, i made the right choice because this game is actually good",True,1637286350,0,0,0.5,0,70,437,76561199043339132
222420,36757185,is best game in the years,True,1511379215,1,0,0.499921619892120361,2,65,392,76561198104601959
222420,104604827,One of the best fighting games ever with extra bells and whistles and great netcode!,True,1638130897,0,0,0.5,0,134,737,76561197993211699
222420,174468078,"Maybe I'm just bad at the game, but man the difficulty is something else here. Every attack move of the AI is a combo. I cant' replicate that. I mean when i try to do one sometimes i fail and throw a punch or kick.
﻿It feels like my arms and legs are to short to hit the opponent.
﻿Yes, I can just guard and hit single punches and kicks, but i do not have nerves for that anymore at my age. 
That Mai jiggle physics tho.",True,1725738489,1,0,0.523809552192687988,0,58,58,76561198018687182
222420,69733725,"My personal favorite KOF entry. With an immensely varied roster, great music, visuals and gameplay. Tons of hours have been spent playing against friends. This one can do no wrong.",True,1590337087,0,0,0.5,0,190,475,76561198035310977
222420,110015256,Yashiro,True,1644620827,0,0,0.5,0,185,244,76561198873575248
222420,68727243,A+,True,1588851771,0,0,0.5,0,184,433,76561197983728411
222420,52077328,BEST FIGHTING GAME OF ALL TIME,True,1561827906,0,0,0.476190477609634399,0,138,534,76561198096445820
222420,13427011,"Only hardcore King of Fighters fans need apply.

I've previously had the ps2 version of this game which included arranged soundtracks, a gallery, and 3D backgrounds.   I bought this knowing that those bells and whistles were not included in this version.  I've been a huge fan of the series for a very long time- my experience coming from playing emulations of the games back when I was a highschooler with no disposable income.  Now that I'm a grown man with a 9-5 I can finally give back to the current owners of the franchise and buy whatever decent ports of the games they offer.  I happily paid 60 bucks for Kof XII when it hit the PS3 and both the PS3 and Steam ports of XIII.  If I weren't a total fanboy for the franchise, I'd probably be really dissapointed paying 15 bucks for a barebones fighting game with blocky graphics and sound a step above sega genesis.  For people looking for something that can stand on it's own without nostalgia, I'd recommend KOF XIII, Blazblu or USFIV.  For aging fans of the series, you can do worse than this for 15 bucks.",True,1418890561,2,0,0.473819553852081299,1,36,495,76561197982193835
222420,34257145,Brings back memories!  Great title worthy of the price of admission.,True,1502807810,2,0,0.459149271249771118,1,158,158,76561198115130162
222420,13904749,"Let me start by saying, the netcode is fine unless you connection is made of gummy worms or you are downloading/torrenting stuff. Other then that it is a great port of King of Fighters 98 with all the trimmings! I am not sure if I would recommend this or 13 for new players to be honest. If you wanted to try 98 now is a great time.",True,1420782869,0,0,0.497493445873260498,0,164,636,76561198004914677
222420,101191200,Let's go rollback and lobbies. I hope the other Code Mystics games will also get it,True,1634466685,1,0,0.5,0,169,3694,76561199122123764
222420,39963977,"It all began in 94.
Kept on rollin' in 95.
Pieces were in place in 96.
Then came to an end in 97.
Now it comes and here we go.
KOF is here again.
Nothing's gonna stop, 'cause it's 1998.﻿

Bonus points for featuring more modes and more characters than the original arcade release but unfortunately lacking some extras like the arranged music or stages that were in older console ports. 

In general, a classic KOF game and you can't go wrong with that!",True,1518217189,6,0,0.558617174625396729,0,180,180,76561198128285760
222420,14802821,Saudades da época dos filperamas!,True,1425863879,0,0,0.5,1,165,401,76561198049906102
222420,127531068,Pure nostalgia from childhood 10/10,True,1669723767,0,0,0.481481492519378662,0,167,922,76561198192957041
222420,31981328,"The King of Fighters '98 is widely regarded as one of the best fighting games ever made, so it's no surprise that developer SNK Playmore has returned to the title many times since the game's original release. 

The game has almost all the characters ever made to KOF till KOF 98.

The gameplay balance is quite solid and new movesets are good too.

But it's missing features that were present in the beloved PS2 version.

It's loaded with extra characters, stages, and gameplay modes.

Gameplay: 10

Graphics: 8

Sound/Music: 7

Difficulty: 8

Loving it: 90%

If you've ever played and liked KOF98 or love it, you won't be disappointed by this game.

Final Decision: Must Buy for good VS gameplay offline & online.",True,1495829739,2,0,0.524687528610229492,0,68,382,76561197995803066
222420,105027594,"You can play as Geese and will soon have rollback, need I say more? Go play KoF already",True,1638389600,0,0,0.5,0,46,404,76561199131726611
222420,51987970,"More characters, balance changes and more music tracks, the only downside is the netcode, you must play  someone from your country in order to have a decent experience.
Hope they'll add rollback one day",True,1561818276,2,1,0.54703831672668457,0,156,621,76561198031239041
222420,156266120,"Players in mainland China really need Chinese translation, either Traditional Chinese or Simplified Chinese will do.",True,1705626760,1,0,0.508495330810546875,0,152,397,76561198347904564
222420,175427168,"Great roster, great gameplay",True,1726896000,0,1,0.5,0,168,186,76561197964603626
222420,139822494,The king of fighters 98 is a Spectacular game. Terry bogard is the man ! 10/10,True,1686382668,3,0,0.558139562606811523,0,22,22,76561198369663462
222420,57835681,"So i bought this just expecting a port, because it was dirt cheap and i wanted to throw in some cents to support SNK. But this is actually a very substantial rebalance of the game, to the point it's really no exaggeration to say it's an entirely new game altogether. My previously mid-tier at best team is now all high-tier!
To top it off, the original vanilla '98 game is included as well (though no netplay for it, go back to Fightcade if you want that).
Wish this had used GGPO though, because while i think i like UMFE as a game more than vanilla '98, the latter is still smoother to play online since Fightcade has rollback and this doesn't.",True,1574706827,0,0,0.5,0,183,874,76561198084127859
222420,32258366,"I played KOF '99 with friends for considerable time.
For some reason '99 was slicker and transition fo graphics is smoother. Might just be a software bug.Hope this will be fixed in steam version by allowing frame modification
Regarding playability this release is very similar to '99 but you might find the super-heavy chinese accent ""LLOUND ONE LLEAADYYY GOOO"" irritatinig",True,1496879828,0,0,0.5,0,30,639,76561197990549474
222420,71761209,one of the best oldschool fight games ever.,True,1593552293,0,0,0.5,0,115,279,76561198005890238
222420,150712279,"It all began in '94 
Kept on rolling in '95 
Pieces fell in place in '96 
It came to the end in '97 
And now it comes and here we go 
KOF is here again 
Nothing's gonna stop it's 1998

K...O...F... is here again! 😎✌️",True,1700604192,13,0,0.64217829704284668,0,10,18,76561199417727571
222420,70389274,good game,True,1591451721,0,0,0.5,0,182,3126,76561198102294460
222420,101330862,wanna play kof,True,1634713229,1,0,0.5,0,400,899,76561198847711541
222420,31643396,"Grapics are too bad, must review an upgrade for a better experiance on big screens
Online mode is very poor, unacceptable...must be reviewed 100%",True,1494325359,3,0,0.330172955989837646,3,213,231,76561198346841409
222420,29790297,i like this game but why change thing from Origanl game to this ?,True,1486591104,2,0,0.451919525861740112,1,568,4375,76561198138922508
222420,13410893,Master Race 2d fighting game. 2002 UM is eagerly anticipated.,True,1418783344,7,0,0.332986295223236084,1,234,236,76561197961181274
222420,69391192,One of my favorite games. Enjoy the classics.,True,1589843442,0,0,0.5,0,290,318,76561198111966000
222420,65507665,buy it great fighting game,True,1584829799,0,0,0.5,0,508,897,76561198077443763
222420,101562784,"This is a very, very fun fighting game and the online in the beta is top notch!",True,1635093589,1,0,0.5,0,611,14501,76561198389187759
222420,13915694,"The full package of the classic games in the series, with everything but the explicit story (some of it is still hinted at in character intros and ending illustrations), for those who enjoy the pure combat mechanics.",True,1420844402,0,0,0.499980807304382324,1,506,617,76561198020476092
222420,105176247,"one of the best KOFs, good rollback netcode !",True,1638578737,3,0,0.559050261974334717,0,480,480,76561198155240908
222420,51549605,"Nice  game, one of the best if not the best game of fight erver made.",True,1561772147,0,0,0.5,0,224,753,76561198165467086
222420,56997576,One of the best fighting games ever made.,True,1573490759,0,0,0.5,0,387,1541,76561198079255926
222420,58049978,you can knock out a god with a basket ball,True,1574823404,0,2,0.5,0,654,753,76561198301015947
222420,101413553,ROLLBACK BABY LET'S GOOOO,True,1634860491,0,0,0.5,0,272,1089,76561198303494923
222420,79437356,"Ok graphic
Great gameplay
Godlike soundtrack
Incredible characters

Very good game 
Recommended for any fighting game player",True,1605657557,0,0,0.5,0,267,5661,76561198052991957
222420,167226451,top 5 kof game,True,1718211664,0,0,0.5,0,419,580,76561198268460284
222420,111250089,its pretty good. they put good netcode in it.,True,1646069502,0,0,0.5,0,604,604,76561197980658013
222420,22362813,"Now personally I think KOF XIII is the best in the series but I suppose if we were speaking before that time then yeah I'd say 98 is a runner up. Perfect roster great characters we only got to see in this game like Shermie (Who I swear she kinda looks like that Canker sister from Ed Edd n Eddy) and yeah. It's a pity no one plays this game online though. 



But yeah give it go when it's on sale",True,1460408416,9,0,0.604751110076904297,0,371,403,76561198058748230
222420,86923265,"I've grown up around old-school arcade fighting games like this, starting with my first experience as Tekken...but this isn't Tekken, it's King of Fighters! 

Why is is so good?? You get to pick 3 fighters, so more opportunities to learn how to main more than just character.
The music is awesome and totally takes me back to being in the old arcades. the fighting is responsive and flows really well when you learn your [spoiler] hidden [/spoiler] combos.

I haven't had a chance to test if the rollback exists but I usually play this one for the single player anyways.
Dont mind my low play time...I played this before it was on steam XD",True,1613616433,0,0,0.5,0,238,238,76561198072459090
222420,76359911,uwu,True,1600741507,0,0,0.5,0,240,707,76561198052288605
222420,149707686,yes,True,1699368328,0,0,0.5,1,547,763,76561199247522527
222420,45615073,"Pretty good port on one of my favorite KOF games and it comes with the OG KOF 98 with 1 on 1 as well as survival mode and practice mode. The only downsides are no arranged soundtrack as well as no ""Remastered"" stages that is on the PS2 port. Other than that if you wanna get into KOF, this game is the way to go.",True,1541307124,1,0,0.505298972129821777,0,351,430,76561198189519973
222420,63488979,The King of Fighters is always good.,True,1581688520,0,0,0.5,0,529,1098,76561198088664157
222420,102327728,"IT ALL BEGAN IN '94
KEPT ON ROLLIN' IN '95
PIECES FELL IN PLACE IN '96
IT CAME TO THE END IN '97

AND NOW IT COMES AND HERE WE GO
THE K O F IS HERE AGAIN

NOTHING's GONNA STOP IT'S 1 9 9 8!!!!!!!

K O F IS HERE AGAIN!!!",True,1636212273,0,0,0.5,0,248,417,76561199089918610
222420,18958164,The Hing of Highters,True,1447008559,3,1,0.399960637092590332,1,215,253,76561198105958040
222420,109861437,Agha Aaaali,True,1644424199,5,0,0.576690495014190674,1,543,1364,76561198157009854
222420,61729474,Terry Bogard is in this game and you can play as the Ikari Warriors,True,1578814656,6,0,0.609720766544342041,0,325,381,76561198035471577
222420,83000487,"This is quite possibly one of the best fighting games ever made. If you're looking to jump into King of Fighters games, this is definitely the best place to start. A very fundamentals-focused fighter with a great roster and a ton of fun for casual play, too.",True,1608767883,0,0,0.5,0,416,558,76561199087748601
222420,17493262,"One of the best fighting games ever made. The '98 series of game, from Slugfest Edition up to UM, they're are all worth playing.",True,1439322355,0,0,0.5,0,359,359,76561197979378676
222420,142305217,I've always enjoyed the king of fighter saga.Love and recommend it to the younger gen for sure.,True,1689647418,1,0,0.52173912525177002,0,250,1767,76561199176208320
222420,79133462,vido gam,True,1605154736,3,3,0.511869847774505615,0,285,710,76561198186333701
222420,46860405,Awesome game af To all my SNK Classic people i highly recomended its a MUST BUY !!! SO HAPPY ITS ON STEAM !!!,True,1543112424,0,0,0.49470105767250061,0,258,447,76561198384792819
222420,107758125,I've been playing since 1999 and still suck 🤷‍♂️,True,1641854490,9,5,0.649973034858703613,1,506,2379,76561198022701080
222420,25563434,Great game! Recomended when is on sale!,True,1474182671,0,0,0.5,0,401,686,76561198112987272
222420,44236087,Nostalgia,True,1534618287,0,0,0.49470105767250061,0,431,542,76561198098825327
222420,28238642,"Arguably the best fighting game ever made ends up on Steam in the form of an incredible rebalanced port along with an emulated version of the original KOF98 NEOGEO ROM.

+5 added characters (Geese Howard, Krauser, Mr. Big, Eiji, Kasumi).
+3 added EX characters (Yamazaki, Blue Mary, Nightmare Geese).
+Omega Rugal and Orochi selectable from start.
+Added ""Ultimate"" mode, essentially allowing you to mix and match systems from Advanced and Extra modes.
+General rebalance of tiers (RIP 98 Daimon).
+New stages added and old stages redrawn/reworked.
+Has a completely new arranged soundtrack as well as containing most of the original music from 98.
+Very good delay based netcode.

+-Online is dead, you'll probably have to use Discord/DreamCancel forums to find matches since everyone just stays playing the vanilla 98 ROM on Fightcade.

-4:3 aspect ratio seems a little messed up so I had to go back to 16:9. Minor complaint.
-Krauser is disgustingly good.

Until Capcom releases Third Strike on Steam, this is the best classic fighting game you can currently buy. If you play vanilla 98 on Fightcade a lot, you owe it to yourself to throw SNK a few bucks for this beautiful port. 10/10",True,1481129069,2,0,0.524687528610229492,0,601,1428,76561198029936364
222420,101375395,The First UM is still fun,True,1634793116,0,0,0.5,1,254,404,76561198447621795
222420,13906054,"Those who played the original KOF: 98 will love the additional balance changes and characters. If you're looking for the original, there's NeoGeo mode for you. This is also a great chance for fans to support one of the most memorable game companies of all time.",True,1420793597,0,0,0.499980807304382324,0,250,837,76561198164351144
222420,171013865,Step on me Shermie (ﾉ◕ヮ◕)ﾉ,True,1722241145,1,0,0.523809552192687988,0,507,5760,76561198992250497
222420,55079100,the more you play this game the more fun you get,True,1568309454,1,0,0.523809552192687988,0,497,1797,76561198366302302
222420,14766110,"It all began in '94
Kept on rolling in '95
Pieces were placed in '96
And it came to a head in '97

Now it comes and here we go,
K-O-F- is here again,

Never gonna stop, it's 1998!",True,1425683201,1,0,0.497925341129302979,0,253,998,76561198043901319
222420,198088796,great classic,True,1750828472,0,0,0.5,0,613,781,76561197976743166
222420,106842479,genocide cutter,True,1640802705,1,1,0.525862038135528564,0,247,855,76561198969086240
222420,70325759,,True,1591351627,0,0,0.47413790225982666,0,315,317,76561198442770843
222420,101534141,"Got rollback, the game is fun and any character is viable really, even the bottom tier ones can fight and play the game versus the top ones just fine without feeling like there's no chance.
Also the best part of all is that there's no Bao in this game.",True,1635052720,2,0,0.508691251277923584,0,433,1023,76561198091591427
222420,174923891,Great game,True,1726306611,0,0,0.5,0,426,427,76561199121738808
222420,123240332,A classic that never gets old,True,1664734213,0,0,0.5,0,254,483,76561198345105551
222420,73967174,"Pros:
- More roster than the original version.

Cons:
- [strike]Delay-based netcode.[/strike] Rollback netcode now. Updating this to recommended.
- No scanline filter.",True,1596882360,0,0,0.5,0,355,384,76561197998824356
222420,176667100,"This was my first king of fighters and the fact that I can change from the ultimate match and neogeo versions made my heart skip a beat. 

The only thing that I could say that would make this game better is if it had a gallery for the ending illustrations... that as far as I know is present in console versions of this game.",True,1728435669,3,0,0.556541740894317627,0,289,475,76561198948245017
222420,13515193,game is kinda ass right now,True,1419222527,0,0,0.491614937782287598,1,664,672,76561197963709813
222420,28787791,"The Dark Souls of the KOF series.
Prepare to Die....by overwhelming A.I.....bUH BYE!!",True,1483013126,0,3,0.479704797267913818,1,600,1166,76561198012312412
222420,133317730,"Because, why play a modern hipster-pixel game, when one can play instead an arcade game from '98?

This game is incredibly comprehensive and it has most of the characters that I already know from KoF XV. On top of that, there are quite many players to play with and the online seems to work pretty well.

The problem is, the game is quite hard compared to pretty much any other fighting game in my library (except Skullgirls). It is quite impressive to think about that this has been an arcade at some point, I feel like I would've spent 10 quarters just in my first stage of the arcade mode, and maybe 20 quarters in my second stage. I have never seen the third stage.

Anyway, here you are armed with infinite quarters, in-game help with special moves if you don't know or remember them, control customisation, lowering the difficulty and all the bells and whistles that make modern games more accessible.

So, all things considered, this is still a thumbs-up in my book.",True,1677017761,2,0,0.530511736869812012,0,479,486,76561199153106254
222420,176564039,"Pound for pound, this is probably the best fighting game to ever grace the arcades.",True,1728308050,2,0,0.518274962902069092,0,487,848,76561198001236457
222420,24714776,"Gameplay-wise, it's the perfect version of KOF 98 with some very welcome nerfs on the likes of Krauser and you don't need to pray to unlock O. Iori and O. Leona, since they are already unlocked from the start along all the hidden characters. Only thing that baffles me is how they removed the Arranged tracks.",True,1470345663,0,0,0.5,1,376,866,76561198236283494
222420,25706581,Must have edition for any fighting game fan,True,1474877558,3,0,0.545702636241912842,0,672,4344,76561198102864690
222420,13956389,"Nice conversion, no problem with resolutions only missing a scanline option, probably better pure fighter than the latest Street Fighter or KOF, animation is top notch, 2D greatness",True,1421068729,0,0,0.499980807304382324,1,425,2413,76561198014649572
222420,101307232,"Peak SNK. A perfect entry point into the King of Fighters series, and soon to possibly be reborn with Rollback Netcode. The king... has returned.",True,1634668942,15,0,0.645329296588897705,0,609,1242,76561198012906125
222420,105143853,"Great version of a great game, now with rollback.",True,1638543136,0,0,0.5,0,227,789,76561198045396265
222420,108731601,vary gud gam :),True,1643079571,0,0,0.5,1,645,6107,76561199234059800
222420,60434767,its classic,True,1577162548,0,0,0.5,0,357,357,76561198164308087
222420,16744393,"While I would recommend that people who are, like me, interested in fgighting games but not very good at them start with KoF XIII, KoF98 is certainly worth your time if you fancy something a bit more complex, featuring as it does 3 core systems and over 40 characters. I only occassionally play it compared to KoF XIII's solid mechanics and KoF 2002's insane roster of characters but KoF98 has a lot of little charms that are missing from the latter games. The stages are more characterful and change between bouts with all sorts of little details hidden away that they didn't seem to bother with in the later games. There's a lot more character interactions before the start of rounds which is an excellent way of fleshing out who these characters are and how they relate to one another without resorting to sometimes lengthly dialogue excahnages as you get in KoF XIII and Blazblue. It's probably the toughest of the KoF games on Steam and because of it's multiple systems, has a lot more depth to it but it also has some of the most overpowered characters as well (Orochi in particular). 

The bottom line: If you're a casual fighting fan like me then KoF 98 offers a good roster of characters and some of the best visual design in the genre (which is why I like it) but KoF XIII is generally prettier and a lot easier to get into.",True,1435426691,0,0,0.5,0,453,543,76561198160249808
222420,105916451,"This where it all started, good game, netcode perfect. This game changed the picture of KOF, still in primary,  had to figure out everything. No you tube, nothing. until all the franchise came through. KOF the seems to be a japan driven game, lobby is full them. if you understand, you'll love it. great game, very cheap. around R120 for this 20 year old master peace. highly recommended with new netcode",True,1639655466,2,0,0.532287240028381348,0,419,957,76561198128333999
222420,56049822,"PROS:
- Silky smooth gameplay; a must-play for fighting game fans
- Massive roster full of great characters
- Great old-school graphics; sprite art at its finest
- Fantastic sound design; the music is great and hits land with a satisfying ""crunch""
- Two fighting grooves and a third customizable groove allow players to customize their fighting experience to their liking
- HEAVY D!
- !!!!!

CONS:
- There are multiple bosses and they're all cheap as hell; welcome to SNK, f***ers
- Certain features are missing from the PS2 release, such as Color Edit mode
- Minor complaint, but the character select screen sucks; new players will barely have any idea who they're picking

SUMMARY:
This is King of Fighters at its best.  If you've never played KOF before, this is arguably the best place to start.",True,1572548535,0,0,0.5,0,384,1503,76561198002067150
222420,166129334,One of the best fighting games you will ever play,True,1716762389,0,0,0.5,1,545,3083,76561198908830145
222420,69634662,goro grab,True,1590192861,2,0,0.489480644464492798,1,614,1179,76561198145166306
222420,70242547,Very skill based and i love it :D,True,1591196372,0,0,0.5,0,248,1996,76561198298973077
222420,104787720,kim kaphwan,True,1638243308,0,0,0.5,0,587,2586,76561198150567445
222420,27700408,"A great update to an old game, fun to play till this day",True,1480181135,0,1,0.5,1,339,2539,76561198065021288
222420,77355839,"The King of Fighters '98 Ultimate Match Final Edition is the most complete version of KOF 98.

Pros:
+ Challenging and satisfying gameplay.
+ Graphics and animations are good.
+ Music is great.
+ Huge diverse roster that plays very differently.
+ Training mode is decent.
+ Has the original vanilla KOF 98 game.

Cons:
- Netcode is awful. Nearly always dead.
- PC port itself is pretty bad. No music options, resolution options are pretty nonfunctional.

Overall, The King of Fighters '98 Ultimate Match Final Edition is a decent game. Pick it up on sale.",True,1602358275,0,0,0.5,1,242,242,76561198353312831
222420,68045385,"Terry Bogard go whoosh with the Burn Knuckle, I play Heidern and do flash kick.",True,1587890223,0,0,0.5,0,631,743,76561198185288154
222420,178163728,"아니 옵션에서 CPU 난이도를 최대로 높이고 해도 너무 쉬운데?
초딩 시절 오락실에서 느꼈던 96 게닛츠의 공포를
다시 한번 느껴보고 싶은데 아무리 기 무한이 아니라지만,
보스가 너무 가만히 있네. 난이도 4나 7이나 차이를 모르겠다.",True,1730469038,1,0,0.506493508815765381,0,389,460,76561198046405937
222420,13814970,i would have paid any price for this game 10/10 and  if u played this game in the 90s that means u had the best childhood :),True,1420316469,37,4,0.605570733547210693,0,380,1441,76561198139834328
222420,106214707,"Amazing game, a great entry point to the King of Fighters series, and rollback netcode is sick",True,1640061834,2,0,0.536376595497131348,0,268,293,76561198153212327
222420,171421239,"PRO's
+Great roster
+Nostalgia
+One of the best ports of the game to date.
+Solid game play from the SNK team that has stood the test of time.

CON's
-It is very challenging to pull off some moves and super moves on a PlayStation analog controller. I find myself losing at critical moments in a game due to either a combo not pulling off correctly or a super move turning into a standing punch or low, strong kick. Why it would register correctly on one side of the screen and not on the other is beyond me. It seems there is a lag in the input when using a controller (digital or analog) for some odd reason. I will update this review to confirm if the same applies to an Xbox controller when I purchase one.",True,1722777013,2,0,0.537091970443725586,0,407,646,76561199274400633
222420,21867165,"Came for the awesome intro music, stayed for the game. If Street Fighter is a bit too easy or boring to you, the depth and mechanics of KOF are sure to delight.

Pros:
+HUGE Roster of characters, with enough nuance and variety to keep things fresh, either to play or fight against.
+Different play styles, such as Advanced and Ultimate, on top of a variety of game mechanics. Hell, there's even multiple kinds of jumps.
+Original Neo Geo mode for maximum nostalgia

Cons:
-Online is not very active. If you want to fight other players you may have to buy gift copies, or controllers for local play
-Training Mode isn't very good, and as far as I can tell there's no ingame move list. Be prepared to look up videos and browse wikis to learn how to play.
-Difficulty is all over the place, especially with some truly unfair boss characters.",True,1458125255,0,0,0.5,0,259,518,76561198017961272
222420,67631376,"don't tell anybody but this one's better than 2002um. it's nice, pure, uncomplicated and the roster is just right. absolutely worth being called a classic. the only thing it's really missing is a proper gallery mode for the ending slates but i'd just download a ps2 iso I MEAN A LEGITIMATE COPY OF THE GAME to get the single-player experience.",True,1587308389,0,0,0.5,0,381,711,76561198057328775
222420,13777395,"A better, more balanced game than UM!!",True,1420179400,1,0,0.502649068832397461,0,485,1671,76561198110152094
222420,101578166,King is really hot,True,1635114620,1,1,0.483509629964828491,0,298,425,76561198378671574
222420,137737258,Good game with good online but multiplayer is dead. Only expert kof98 players are playing.,True,1683130160,4,0,0.563492059707641602,0,607,711,76561198300800101
222420,106725891,Old is gold. I purchased this game from Steam because it's not available at ours.,True,1640678630,0,0,0.5,0,466,839,76561198948264503
222420,13409010,"Although the game started like a HORRIBLE train wreck (random crashes, slowdowns, horrible netcode, etc.), Code Mystics buckled down and made sure the game became not only playable, but also ENJOYABLE, which is of extreme importance given that this is the final revision of a true classic of the fighting game genre.

Still though, it’s a shame they couldn’t find (or haven't, in case you want to go into the forums and keep insisting) a way to add the extras from the PS2 version (Color Edit mode, Arrange Soundtrack and the 3D backgrounds). I know it’s because this port is based around the XBOX Live Arcade version, but still... The fact that the Arcade release of UMFE has these extras while the Steam version doesn’t, leaves a little bit to be desired for those of us that like our games to be as complete as possible.

Overall, this game is a must-buy if you like fighting games, The King of Fighters series, old-school games, or all of those combined.",True,1418771507,1,0,0.519999980926513672,0,591,2878,76561198083166621
222420,101784213,no,True,1635466168,7,2,0.472707122564315796,5,277,662,76561198162216441
222420,53147348,One of the best of the KOF Series.  An excellent port and a no brainier if you enjoy 2D fighters and own a decent PC and a USB gamepad.,True,1562072924,0,0,0.5,0,591,622,76561198022936341
222420,67185855,"I really wanted to like this game.  I love the entire kof series, even those that people think are terrible (yep, even KOFXII).  But there is something about this steam copy that my computer just cant get past.  It is the terrible slow-down.  But I wont rank it bad because my specs cant play it but I will give a warning to those reading this.    

Even with the slow-down, I still try to get my fun out of it but here are my issues.

Turns out if your video card does not have at least 256MB of VRAM on it, this game will be very slow.  The music works fine, but the players move in slow motion.  This is due to my laptop video card being Intel HD 4000.  I also have an NVIDIA K1000M and when I switch to that, it crashes when in full screen.  So if you have a old computer with a video card that doesnt have enough VRAM, you better live with it.  This game and KOF 2002 UM is the same for me but I will admit KOF 2000 UM is still slow but a little bit faster.  Thanks to the forums (well only one forum addressed this properly) for getting me to understand that my 1792MB of ram wasnt allocated and sometimes it cant be allocated due to the computer's BIOS.   

So far the solution is to change the video card.  So please be careful when purchasing.

Update - Once you play with the video card numerous times, I had discovered the method to enable the NVIDIA card AND not have it crash while playing the game at a normal rate.  When I first figured it out, the game was much too fast!  After another two hours of configuration, I figured the best settings for the game using the NVIDIA Control/Display Panel.  Now it plays wonderful.  It took some time to figure it out but it was finally worth it for this games and the ones in the future.",True,1586723708,1,0,0.484375,1,302,1262,76561198004666821
222420,175404451,I'm mexican I'm supposed to like it and I hella like this,True,1726866882,3,2,0.563492059707641602,0,225,316,76561198240911568
222420,69344319,Complete version of the game with bonus NeoGeo edition. Very nice port indeed.,True,1589772685,0,0,0.5,0,217,217,76561198054322207
222420,101409179,Rollback is cool and Mr. Big is cool,True,1634852639,0,0,0.5,0,534,2305,76561198064569152
222420,22812393,"If gamers had a work ethic and weren't uncultured, KOF '98 would be as well regarded as Super Mario Bros. 3 or Final Fantasy 6 or Ocarina of Time or Halo.


Sports Team owns:

""HUAAAAAAAHHHHH
HUAAAAAAAHHHHH

I AM A SUPERSTAR.""",True,1462463142,7,3,0.550379574298858643,0,483,2595,76561197961218596
222420,92127838,2° Best kof game ( 2002 is the best for me) fun and intense as always!,True,1621206019,3,0,0.534123420715332031,0,354,385,76561198300409787
222420,139738901,yes,True,1686237140,0,0,0.5,0,446,467,76561198387893963
222420,115672123,A good classic 2D fighting game from SNK.  It has Rollback netcode and Player Lobbies. Go Buy it and play it now.,True,1652934582,0,0,0.5,0,219,298,76561198046063885
222420,74577329,Mai,True,1597865175,0,0,0.481481492519378662,0,420,463,76561198346357815
222420,13409269,"KOF 98' is a really great game that everyone should know pretty well, with the 64 fighters to choose you can always find a character that fits you. 
The netcode is okay, it's not bad but not too good either, I only encountered lags once and they went away after a while. 
There's a lot of modes you can play and if you want you can even boot up the original NeoGeo KOF98!
The only flaws that I can really find is the lack of colour palette customization and the arranged soundtrack but you don't really NEED that to enjoy the game, it's just things that would be nice to have. And who knows, maybe they will be added in an update?
I truly recommend this game to anyone who loves fighting games and SNK games.",True,1418772921,20,0,0.53466421365737915,0,278,589,76561197994197937
222420,66835879,Undisputed Classic!,True,1586281928,0,0,0.5,1,352,15165,76561198068978646
222420,175756205,best fighting game ever,True,1727280555,0,0,0.5,0,412,763,76561198050384085
222420,79783986,Awesome remix of KOF 98 and the original as well!,True,1606274351,0,0,0.5,0,344,1175,76561198063187112
222420,212462751,good play,True,1764751203,0,0,0.5,0,347,347,76561198355316244
222420,183961665,king,True,1735371266,3,0,0.56081080436706543,0,226,260,76561198360926427
222420,173720901,It's the goat. THE GOAT.,True,1724940197,1,0,0.523809552192687988,0,238,796,76561198316153727
222420,76081238,it's an absolute classic that defines the classic era of KOF from 94-97Though it is challenging it is very rewarding when you master your character's moves and their pros and cons,True,1600280150,0,0,0.5,0,314,453,76561199027126986
222420,39030847,Masterpiece.,True,1515025121,1,0,0.480569541454315186,0,223,308,76561198111814928
222420,106719212,"Amazing, KoF '98 is a classic and this version improves on nearly everything compared to the vanilla '98. With the recent updates now from Code Mystics you got the best way to play it online, nearly flawless rollback netcode. Actually it's some of the best netcode I've ever experienced. Pretty worth the few bucks that is the price tag, though you might probably need some friends or join a discord server if you want matches.

Great game 9.5/10",True,1640669461,16,0,0.686609506607055664,0,535,535,76561198397528856
222420,34066417,"I've been playing this game since it was released on the Sega Dreamcast back in 1999.  This edition is amazing with the cast of additional characters.  As the ""Final Edition"" of the game it is without a doubt the ""Definitive Edition"".",True,1502045442,3,0,0.534520804882049561,0,377,1050,76561198034087390
222420,133748674,"fantastic , nostalgic",True,1677515470,0,0,0.5,0,345,1383,76561198070383561
222420,105053455,Rollback Netcode,True,1638426181,0,0,0.5,0,432,901,76561199085390216
222420,16637052,"The King of Fighters title that really got people fired up for the series, features such memorable and not-at-all hilariously named characters like Heavy-D!
Also, top-notch engrish and hilariously cringe main theme
It's honestly a really good game tho.",True,1435029027,0,0,0.5,0,527,1875,76561198147486458
222420,13425399,"This is not a 100% positive review and i won't doing it analyzing the internet playing or the graphics just the game.
So here os my list of pros and cons:

Pro:

-It's a KOF game. If you don't think that's positive i have pity for you.
-64 characters from KOF 94 to KOF 98. Well if this isn't define the Ultimate Match what defines it.
-All characters are already unlocked. Well this is agood thing isn't it.
-Command Option. You probably don't use this in a fight but its good to see your combos pressing only one button.
-Alternative Reinforced Super Deadly Move. That a good way to defeat you oponent.

Cons:

-Challenge mode is worthless. Well you can think diferent but here is my reason: why you need to do 30 hard tasks if you won't unlock anything after done it, this even don't unlock an achievement for god sake.
-It's only a fighting game. Seriously people what fighting game nowadays don't have anything besides the fighting game itself even ultra street fighter 4 has bonus stages.
-New Extra mode. Its like advanced mode but with only one stock. oh and the Max activation KOF 2002 already had that so not original.",True,1418875128,5,0,0.483881235122680664,1,316,1055,76561198027349288
222420,55073582,"Geese Howard is in it, I don't think I need to say more xD
edit: & it has excellent Rollback netcode now.",True,1568278531,5,4,0.533333301544189453,0,508,1226,76561198871298363
222420,23993566,Solid game but showing it's age a bit.,True,1467399955,0,0,0.5,1,293,1711,76561197972515604
222420,13861525,"So glad that this was put on steam, I bought it along with my two of my friends who know live in different states. Totally worth the 15 dollars, online can be dead at times but you can always add people on the forum for matches. If you're thinking about buying it, do yourself a favor and just do it, you won't regret it",True,1420536447,1,0,0.506172835826873779,1,234,427,76561198052673630
222420,66797432,Love the quick Combos and Speed of the Game!,True,1586234259,0,0,0.5,0,339,8833,76561198203067909
222420,113129396,"definitely one of the best KOF titles out there, easily ranking in the top 5",True,1648751870,0,0,0.5,0,300,344,76561198172740703
222420,62720113,best fighting game ever,True,1580451918,1,0,0.5,0,331,1429,76561198331500119
222420,101779561,rollback goodness,True,1635458419,0,0,0.5,0,250,5226,76561198362668431
222420,56370985,shoot a lobby full of guys with rugal's thighs,True,1572769491,1,0,0.518518567085266113,0,335,994,76561198035472235
222420,13778498,"The first day the online was pretty bad but after a patch within a few days prior it runs really good now it seems, It hasn't desynced on me once after that patch. So I would say buy this is you are a hardcore KoF player. If not wait for a sale eventually. I will also say that the online as far as ranked matches go are kinda dead now a days, But I can almost always find someone in player match. I'd give it a 8.5 / 10.",True,1420184530,1,0,0.525862038135528564,1,303,1611,76561198096584048
222420,181392792,"As someone new to the fighting game genre, KOF ’98 Ultimate Final Edition has been an absolute banger. My journey into this world started with Street Fighter 6, which is where my love for fighting games started, but KOF ’98 has taken that passion to a whole new level.

What makes this game so captivating is its timeless gameplay and funny roster. The variety of characters feels overwhelming at first, but the freedom to experiment and find your favorites is a joy. 

That being said, the bosses in KOF ’98 are brutal. They can feel almost unfair at times, with their seemingly endless combos and crushing moves. This challenge adds to the thrill of overcoming them. It’s satisfying to learn their patterns and finally secure a win.

One of the standout aspects of KOF ’98 is its vibe. The sprite work, stage designs, and music ooze nostalgia while still holding up beautifully today. It’s easy to see why this game is considered a classic; it blends technical excellence with sheer fun in a way few newer games manage.",True,1733086387,0,0,0.5,0,285,398,76561198988262764
222420,68822762,"it is fun.  the AI is hard to beat on default for me.  There are many characters, interesting ones, 3 to each team, with different moves.  It can be as hard or as easy as you want it to be.  There is online play against other players if you like that.  SNK is a very good fighting game maker and the story behind each fighter has a lot of interesting bits.",True,1588990364,0,0,0.5,1,454,468,76561197968033260
222420,54220998,"The King of Fighters '98: Ultimate Match is an excellent fighting game with a massive roster. The '98 gameplay still feels fantastic twenty years later, and though the final boss is a real piece of work, the inclusion of ""services"" upon continuing with a new credit helps to render that somewhat moot. And if you're interested in the original Neo Geo version of KOF '98, whether out of preference or for preservation reasons, that's included in this package as well. About my only gripe with this version, besides the confusing inability to take screenshots in fullscreen, is that, this being a ""dream match"" game, there is little context given for the characters. Nonetheless, this is a great place to jump into The King of Fighters series.",True,1563760651,4,0,0.576881468296051025,0,477,532,76561198012902673
222420,21378094,"KOF98 is the KOF98 of fighting games







(that means it's good, go buy it for you and your friends since the online is a ghost town)",True,1456107477,0,0,0.5,1,267,1170,76561198105664373
222420,18542150,"Back in 1998, this was the most anticipated title after the thrilling conclusion of the Orochi saga as seen in the King of Fighters 97. Although this title lacked any sort of story at all, it made up for it with the inclusion of all characters seen up to that point including those had been retired or killed during the story, as well as an overall improvement in gameplay speed & balance.

This particular version of this game is actually the third revision of the game, apparently based on the arcade version of ""The King of Fighters 98: Ultimate Match"" while adding some requested changes (such as the return of the assist attack, that for some unknown reason was taken out of the previous game!). Which explains the lack of extras such as reworked 3D stages & an arranged soundtrack that were featured in home versions such as the one released for the Playstation 2 at the time. But do not let the lack of those extras discourage you from playing this excellent title. Featuring perhaps the largest roster seen in the series thus far, you may rest assured that you are certain to find characters that suit your playing style.

All in all, this is a highly recommended title for KOF fans that may have missed the second revision of the game back at the arcades, as well as younger fighting game fans who have an interest in old-school fighting games.",True,1445147097,0,0,0.5,0,214,3609,76561198254326902
222420,25044963,"One of the best Fighting Games of all time in it's definitive version, you couldn't ask for more!",True,1471747435,0,0,0.5,0,517,788,76561198014772674
222420,121007179,one of the best in KOF series.,True,1661101859,0,0,0.5,0,600,1223,76561199184480420
222420,14469770,"Works well, after the initial patches for the game.

In and of itself, KOF98--while pretty dated--is one of the best fighting games ever made.",True,1423946141,0,0,0.460182785987854004,1,374,554,76561197970510854
222420,38507926,"I love eSports. Once a year, I go on EVO and PogChamp incessantly on the chat. I really love eSports. Sometimes I bludgeon my college classmates with a bottle and yell 'wombo combo', they're angry with me and usually injured afterwards, but it's all worth it because I just really love eSports, and then I found this game. This game is so eSports that I saw Ryuji Yamazaki's Twister Drive and jumped for joy so hard that I gained an umbilical hernia. I plan to get it checked out, but without this hernia, my love for eSports would never be shown.",True,1513898428,1,1,0.508975982666015625,1,425,511,76561198048945520
222420,105097489,"Fantastic game. Honest gameplay, great music, many many characters, including EX characters!",True,1638479007,0,0,0.5,0,474,1173,76561198121570115
222420,137778544,"It all began in 94, now it's 98, here we go!",True,1683208409,1,0,0.485156923532485962,0,517,525,76561198150998692
222420,135582935,"This is what happens when you combine 4 years of fighting games plus a understanding of what makes modern fighters good, definitely one of the finest fighters out there. It outclasses the OG 98 by almost every regard expect the Omega Rugal cut scene, which isn't present in this game for some odd reason. Definitely check this one out",True,1679973887,0,0,0.5,1,278,543,76561198839487906
222420,64128843,"The perfect fighting game of All Time is here.
New chars, stages and move.
The same passion.
SNK Rules!",True,1582690256,1,0,0.503217995166778564,0,246,726,76561198389961616
222420,24193288,"Usually, one shouldn't fix what isn't broke, but sometimes it doesn't hurt to do so.  KOF98 Ultimate Match is one of those times.

An updated version of the classic Neo-Geo 3-on-3 fighting game, Ultimate Match provides players with a truly complete roster of characters from the first three KOF games.  The conspicuously absent Boss Team from 1996 joins the game roster, along with Art of Fighting's resident ninja Eiji Kisaragi (last seen in KOF95), and aikido devotee Kasumi (from KOF96's womens' team); and endboss Omega Rugal is joined by 96's infamously cheap Goenitz and a newly renovated version of Orochi, the skinny-jeans wearing snake god from KOF97.

Make no mistake; aside from the obvious exclusion of the boss characters, all the new characters in 98 UM are balanced to fit in with the rest of the cast, which itself has had some tweaks, both major and minor, to make them play just a bit differently from the original version.  WIth the Final Edition, further rebalancing attempts were made to ensure that all 59(!) characters are viable, with some underappreciated characters (such as Lucky Glauber) getting a much-needed boost in effectiveness.

If I had any complaints about this PC port, it's that I wish it had a couple of the extra features from the PS2 version of KOF98UM, like the single-player challenges and palette editor.  As it is, it's a straight port of the 2009 release on Xbox 360, with some brand new balance tweaks.  Those are pretty minor omissions, however, and for the price tag, you're getting a good deal nonetheless.",True,1468017529,0,0,0.5,1,352,722,76561197983164646
222420,84697574,KOF BAEEEBEEEE,True,1610666393,0,0,0.5,0,474,599,76561198306219268
222420,206510146,1 of the best in KOFseries,True,1760241926,2,0,0.523809552192687988,0,603,899,76561198079895235
222420,41542823,"super great game, perfect if you've got some buddies irl who would like to get into kof. online play is crap garbage but i only play with friends online anyways so ranked isn't a concern.

if the lack of an arranged soundtrack really bothers you that much just mod it in and save yourself the $80+ that the ps2 version will inevitably cost you. just do a quick google search and you'll find plenty of guides to mod the arranged music in. the ps2 release doesn't even have any of the final edition balance changes so all you get is a game where krauser runs rampant and everybody else has to play catch-up.",True,1523986857,3,0,0.566666662693023682,1,456,456,76561198057604049
222420,109952556,Hot men.,True,1644538650,34,8,0.762043595314025879,0,233,1015,76561199077226446
222420,45133016,"Don't usually care to do reviews on fighter games as i am never quite able to get deep enough into them to give proper insights into their pro's and con's but for this game i make an exception. It is simply so good a game to just grab and play. Alone or with a buddy. 

It is old as the street with proper retro pixel graphics but w/modern menus and tons of configuration options. It has huge depth for people who want to learn to know all moves but for joe average button mashers will do just fine with the usual combinations producing decent moves. The fighter rooster is _ridicilously_ large. Don't really see a point trying to 'main' much of any of these. (story mode is played with 3 fighters also so good luck on concentrating on just one) 

So to sum up the WHY part: If you are looking for a fine grab-and-go game for single or multiplay sessions with cool retro graphics and easy to get into gameplay yet enough complexity to last for a very long time then grab this. Price is also reduced all the time on sales due to newer titles in the series costing more. This older one still shines as the best entry point into the series. 

10/10 for joe average players looking for fun.",True,1538813215,2,1,0.546216130256652832,0,406,537,76561198012363945
222420,55817107,ebic,True,1572125582,4,0,0.581428050994873047,0,335,699,76561198117420495
222420,187904333,:^),True,1739559530,0,0,0.5,0,516,516,76561199060189918
222420,104929622,now you can play kof98um . has a good online now,True,1638328478,0,0,0.5,0,651,8354,76561199010826586
222420,68581917,PLAY KOF,True,1588635133,0,0,0.5,0,627,819,76561198962077323
222420,13407215,"OK I'm giving a negative comment because the control isn't optimized for PC and keyboard. 98UM is a great game on PS, but this version I cannot recommend. 

For example, some combo like 426a or 624a, in this version it's very hard to do so because it requires a tiny break on keyboard between 4 and 26. For casual players it doesn't matter, but for those who want to play online it is very destructive. 

Hopefully it's gonna be fixed. The KOF 13 steam version is actually great, but this one is little crappy.
------------------------------
The beta Update fixed the half cycle ibnput issue. The netcode still has to be improved but I see SNK is working on it. I changed from negative to positive.",True,1418763071,1,0,0.497858673334121704,2,417,1143,76561198046322437
222420,124050350,The definitive way to play possibly the greatest KOF entry. My only gripe is that there is no gallery to look at the ending illustrations you unlock. That would be a nice addition.,True,1666139935,0,0,0.5,0,328,7841,76561198305382893
222420,20199456,"https://youtu.be/BT3nIlQQBTM

PROS: Nothin's gonna stop it cause it's 1998
CONS: F***ING OMEGA RUGAL",True,1451696069,0,0,0.5,1,252,780,76561198254960914
222420,101697101,"Buy it for the Rollback and for Sherie, you will not regred it ^^ 

KoF 13 and 14 Rollback when?",True,1635316483,3,0,0.525951266288757324,0,251,735,76561198039098896
222420,25663107,Excellent.,True,1474692193,0,0,0.5,0,545,792,76561198088471690
222420,13486078,The beta is fixing the issues present at launch. I recommend it but get it after all the changes are final.,True,1419123672,5,0,0.490595430135726929,1,427,945,76561198025799924
222420,94033884,Best kof game till now.,True,1624149046,0,0,0.5,0,253,396,76561198100697886
222420,173324098,One of my childhood titles I was addicted to play on arcades... what a wonerful KOF 98 is,True,1724583160,2,0,0.545454561710357666,0,616,852,76561198124861430
222420,166509453,The ultimate form of an awesome game! definetly a must buy for hardcore fg players!,True,1717306987,0,0,0.5,0,288,626,76561199222065084
222420,162176533,"This game is definitely one of the best Classic Fighting Games ever, I own the game for every platform.  I don't know what more you would want from a Fighting Game than what The King Of Fighters '98 Ultimate Match provides.  Game play is so addicting.  The soundtrack is amazing.  So many characters to choose from and the many different version of each character.  This is absolutely a must buy.  I can't recommend it enough.",True,1712226505,0,0,0.5,0,443,608,76561198397996697
222420,146407008,"The King of Fighters '98 Ultimate Edit is more than just a game, it's a nostalgic journey that transports you back to innocent times. 

The game is also great on steam decks: https://www.youtube.com/watch?v=Kot8LPVIFsU

The game's vibrant visuals are a splendid homage to its retro roots, capturing the essence of classic arcade gaming. 
The King of Fighters '98 Ultimate Edit also boasts an impressive roster of characters and game modes, keeping the gameplay fresh and captivating. Whether I wanted to challenge AI-controlled opponents or engage in intense fights against friends, the options were endless.
Furthermore, the game's user-friendly interface and polished controls make it accessible to both classic players and newcomers alike. Its easy-to-learn mechanics allowed me to dive right in and start enjoying the action from the get-go.

In conclusion, The King of Fighters '98 Ultimate Edit is a treasure trove of memories and a testament to the power of retro gaming. It reminds us of simpler times and rekindles the joy we experienced during our innocent years.
If you're looking for a game that combines stunning visuals, captivating gameplay, and a nostalgic trip down memory lane, look no further than The King of Fighters '98 Ultimate Edit. It's an absolute gem that will leave you smiling and craving for more.",True,1694877011,19,1,0.708762764930725098,0,252,252,76561197994002775
222420,105196409,rrrrrrollback,True,1638604581,0,0,0.5,0,230,448,76561198046568672
222420,126161646,This game has a good version of Kasumi and thus it gets my approval,True,1669173119,0,0,0.5,0,270,578,76561198097013814
222420,56448607,this game is sick. If you like vanilla better you can select the neogeo version in game. It has great input detection,True,1572827403,2,0,0.523809552192687988,0,326,1087,76561198077776676
222420,35029253,💗💗💗💗🖤,True,1505670121,0,0,0.5,0,316,316,76561197962318796
222420,22637066,Another great entry in the series. I like 2002 and XIII more though.,True,1461620512,0,0,0.5,1,271,322,76561197968842056
222420,16385168,"The best game in Orochi Saga makes a triumphant comeback. This time on Steam.

In short: if you loved the arcade game - you'll love this.

Longer:

This is an updated port of King of Fighters 98, with some added online functions. I am aware that the PS2 port was also an updated one, but I only played the arcade and this one, so the comparisons will be made between the two.

New:

* 10 more playable characters (Including Orochi officially playable for the first time)

* Several new stages and music, mostly lifted directly from KoF 96 / 97

* Rugal is not the only available boss. Now it's either Rugal, Orochi or Goenitz and the boss team before that also changes depending on this.

* New power gauge bar (Ultimate) in addition to old Advanced / Extra setup

* Customization options for  pixel graphics (original / blurred (smoothed))

* Online features


Some changes were made as well. These include:

* Different / new special moves for certain characters

* More characters have alternate form (by holding down the start button on the select character screen)

* The fighting is more fluid. Hit detection / counters / dodges were tweaked for greater balance.

___________________________________________________________


Overall - this is one of the best 2D fighting games currently available on Steam. And at a super fair price. Hundreds of hours of fun await me. Here I go!",True,1434282154,0,0,0.5,1,235,879,76561198063588685
222420,101596807,Be prepared to face 98'ers,True,1635155465,2,0,0.516814172267913818,0,310,831,76561197995914063
222420,13455961,"Good port of the arcade version of the game. Lots of whiny kids are complaining that there are no remastered music or 3d scenarios. This a port of the ARCADE, which didn´t have those things. What matters here is the KoF experience, and, in that regard, thi port delivers. There are some problems with the online at the moment which are being looked on by the developer. Even so, I didin´t have many problems playing with people from my area. Highly recommended game for true fighting fans.",True,1419018175,13,0,0.580499410629272461,1,435,1641,76561198065686492
222420,74573113,The best KOf around.,True,1597859729,0,0,0.5,0,380,14990,76561198006626067
222420,32040628,"The definitive version of KOF *98

Excellent game, a classic, nice price and on PC!",True,1496061260,1,0,0.533678770065307617,0,512,1025,76561198046313632
222420,46105643,"It's an updated version of KoF '98 with more characters, more versions of characters, some balancing, training modes and other useful tools, a god-awful UI, and no arcade mode ('cause nobody really cared about it in a dream match). It's a big fun sandbox of KoF for you and your friends to play in, and that's a great time. Heartily recommended.",True,1542848737,0,0,0.5,0,239,10236,76561198132792574
222420,94021873,Best KOF of all time,True,1624129913,0,0,0.5,1,493,721,76561197970887163
222420,121390567,"KOF98 is great game that I have been playing since it came out. It had everything I wanted; a extended roster with all kinds of characters, crazy supers called desperation moves, deep movement/gameplay options and great graphics. The 3 fighter team format is great, giving you flexibility in your approach to fights. And now this game has a great functioning net code. For the low price this is a great buy.",True,1661718331,0,0,0.5,0,287,4372,76561198010166774
222420,68791560,Still one of the best games in the fighting genre. Get it.,True,1588945763,0,0,0.5,0,252,1044,76561198082825001
222420,93606777,Spent way too much time in high school in the arcades on this game. Nice to see it on steam. ^^,True,1623479824,0,0,0.5,0,323,323,76561197996741228
222420,13537277,"KoF 98' Es uno de los grandes casicos, deben tenerlo si o si,
lastima que no se puede ver en Full Screen, pero despues de un par de batallas se arregla todo (ni cuenta te das)

Problema sigue siendo luchar Online, muy lento en online",True,1419303731,2,1,0.498678922653198242,2,238,476,76561198121798092
222420,101690479,One of the best fighting games and the netcode is a cut above,True,1635300718,1,0,0.503928184509277344,0,600,1177,76561198140514303
222420,101319867,r o l l b a c k   n e t c o d e,True,1634690694,1,0,0.454652637243270874,0,367,1348,76561198014326162
222420,101563074,"It's old KOF, but it feels less janky than 02um imo. Recommended for those that don't like Max Mode (there's max mode tho)

Still a great fun game for multiple skill levels.",True,1635093910,0,0,0.5,0,317,5795,76561198044218794
222420,205457705,"Legendary game, 98 / 10",True,1759132505,3,0,0.523809552192687988,0,447,518,76561198033512126
222420,114196500,"body ga, amee ze",True,1650493979,0,0,0.5,0,475,2549,76561198105369832
222420,202117683,classic! a decent port too. one of the best KoFs ever made.,True,1755185548,5,0,0.58754122257232666,0,405,457,76561197987588664
222420,13420551,Finally a good port ! The online mode is still a bit laggy even for close connections... but it's better than i expected !! Hope to see more players online ! :D,True,1418846358,2,0,0.499435216188430786,0,304,2679,76561197961064785
222420,111236636,Beautiful like old days!,True,1646055071,0,0,0.5,1,260,485,76561198000568386
222420,211505598,Mashuje,True,1764364969,1,0,0.52173912525177002,0,259,482,76561199059017634
222420,101333821,"Best game ever, genuinely so much fun with a friend.",True,1634719811,1,0,0.5,0,250,727,76561198139088576
222420,13415077,very nice game fo kog 98..this is my game,True,1418818054,2,0,0.517064452171325684,1,452,900,76561198131951572
222420,13442949,"As others have said, this is indeed the Final Edition of King of Fighters 98UM. However, that means it's the final rebalancing. It doesn't include the features the PS2 one does because that's not the version that was ported. It's a port of the XBLA version with all the balance changes applied to it. It's about as close to arcade perfect as you'll get. I can understand why people would be disappointed by that, but all things considered this is a good port. Now let's talk about the part everybody cares about most.

The netcode itself seems to be about KoFXIII's levels of quality. So it's very playable, but not perfect. This has been my experience with player matches only with players ranging from 100ms to 200ms. Yes, it displays the ping times, thank God. When someone's connection has issues, you can definitely feel the delay, but it resyncs pretty quickly.

Single player consists of small challenges, arcade mode, 1v1 matches, etc. All the stuff you would expect from a fighter. It also includes the NeoGeo version of KoF98 if you want to play that.

So to sum it up: few SP modes, no PS2 features, only way to play FE outside of arcades, netcode is good for input delay based netcode. So you're getting an arcade faithful version of KoF98UM FE with online play. I'm happy with it, but you can't please everybody. One little thing I'm personally happy about is that everybody is unlocked from the start, too.

EDIT: Rollback netcode has been added; disregard the previous impressions. Buy without hesitation if online play is the deciding factor.",True,1418964933,49,1,0.737909972667694092,1,348,1605,76561197974497919
222420,16613465,"Low resolution pixel candy, fun fighting mechanics and fantasticly campy story stuff. The King of Fighter series is awesome, and this version is the closest to the '96/'97 one two punch that is my favorite run of the series.",True,1434955333,0,0,0.5,1,217,217,76561197961547407
222420,145523232,https://youtu.be/8vFIESfnIeI,True,1693662563,4,0,0.583333313465118408,0,312,312,76561198154496313
222420,105443248,WANNA PLAY SOME KOF?,True,1638933820,1,1,0.527559041976928711,0,312,484,76561198017344961
222420,13468194,"59 characters vry balanced, excellent fun with friends",True,1419068228,4,0,0.405311048030853271,0,224,357,76561197964136025
222420,101525502,Enjoy this game heavily when the beta is public.,True,1635037881,0,0,0.5,0,320,3164,76561198098054470
222420,65972615,Nice remake of an all time classic with characters from previous games. Nice to play with friends too!,True,1585354313,1,0,0.515151500701904297,0,529,695,76561198887734354
222420,202636981,code mystics goated,True,1755854821,2,0,0.513245046138763428,0,238,238,76561197995723922
222420,80756397,"Good netcode, best KOF game, what's not to love?",True,1606524347,0,0,0.5,1,638,638,76561198107437901
222420,101565264,mr. big,True,1635096614,0,0,0.5,0,280,2087,76561198966645591
222420,142318755,vice is in it,True,1689671106,2,0,0.547301232814788818,0,539,540,76561199014680981
222420,29799994,"Awesome game, it's worth every penny. Can I get somebody to practice/play with?  II like this game better than Street Fighter and I've been playing Street Fighter since I was 6.",True,1486642214,0,0,0.5,1,438,844,76561198144417617
222420,13462068,99/10 would kaiser wave again,True,1419039242,21,9,0.543028175830841064,1,506,1302,76561198018985975
222420,155948634,VERY GOOD FIGHTING GAME> Play it cuz it has a high skill ceiling,True,1705219539,0,0,0.5,2,556,1922,76561199480531842
222420,73840188,"[table]
    [tr]
        [th][h1] My Playthrough [/h1][/th]
        [th]https://youtu.be/6-pXvQgIVfE[/th]
    [/tr]
    [tr]
        [td][h1]The Review[/h1][/td]
        [td]It is just THE KING OF FIGHTERS '97 but enhanced.[/td]
    [/tr]
[/table]",True,1596676557,4,0,0.397397816181182861,0,244,244,76561198064568395
222420,14507666,Takes me back to the good old days :D,True,1424133904,0,0,0.499980807304382324,3,548,1282,76561198038697692
222420,86596857,"now that this game is getting a rollback, i hope xiii get the same treatment too",True,1613275808,0,0,0.5,0,305,624,76561199024314389
222420,51016695,"THE BEST PORT AND BEST VERSION OF KOF 98 ULTIMATE 
I have the ps2 version on my ps4 and I must say that this version blows the ps2 version out of the park. Even though this doesn't have the 3d stages and the arranged soundtrack(the arranged ost can be modded in) this game runs like a beast on a decent pc. I have been using an HP Envy m7 Notebook for about 4 years. The frame rate and refresh rate of this game on my laptop is so good. Unless if you have a TV with a high refresh rate option for your ps4 (ps2 port of KOF 98 ultimate version) then this version on steam beats it bar none.
   Playing fighters on a much higher and smoother frame rate is the best way to relive classics and play fighters.",True,1559493465,1,0,0.523809552192687988,0,398,1450,76561198149293218
222420,15808302,Buat nebus dosa dulu main kof dari emulator neo rage. Cuma versi ini sayang roll waktu jatuhnya sukar.,True,1431493304,0,0,0.5,0,556,1862,76561198075046759
222420,170845782,...,True,1722044783,0,0,0.5,0,619,619,76561198841037568
222420,14682091,"This game is really good as long as you don't plan too much with the online. It runs pretty smooth on my computer even though my computer is pretty bad, and as long as you have friends to come and also play, you can have great experiences from the fighting alone. It's a good port and for this price, definitly get it.",True,1425076415,0,0,0.497858673334121704,1,459,754,76561198148891159
222420,14975970,"Pretty good fighting game, but the online is pretty shit.

7/10 Omega Rugals",True,1426876910,0,0,0.5,1,566,2083,76561198118455307
222420,203635337,"i fully recommend this if youre big into fighting games, or wanting to start out with the genre",True,1757103372,2,0,0.523809552192687988,0,342,739,76561198359645695
222420,13599948,jogo massa! vamos disputar?,True,1419551167,0,0,0.497858673334121704,1,366,1071,76561198124842908
222420,146019085,"KOF '98 was regarded as the best original KOF (don't get me wrong here - KOF 2002 was good, with that MAX cancels and all, but lackluster roster and balance issues kinda ruined the fun).

KOF '98 UM is a retooling that goes beyond what the original did.

It's the second best of older KOFs, 2002 UM being the best one, IMO.",True,1694305238,0,0,0.5,0,258,2287,76561199525794769
222420,13408035,"I'm really glad KOF98 was released on Steam. It brings lots of memories from all those years ago skipping school in shady arcades...

PROS:
- Neo Geo mode: huge throwback, especially for those who owned a Neo Geo CD and recognized the menus and so on.
- Controller ""Rumble"": I don't remember seeing that listed as a feature but I enjoyed it.

CONS:
- Experiencing slowdown when playing on Fullscreen.
- Chiptune music. Usually, I like chiptunes but I am used to playing the Neo Geo CD KOF versions and those PCM tracks were absolutely gorgeous to listen to... Anyway, Chizuru Kagura's ""Fairy"" is still contagious! :)

Overall, I recommend it for those who have played KOF98 before and want the best fighter selection available. Now excuse me because I must...

SHINGO KICK!!!",True,1418766574,23,2,0.537591993808746338,0,222,620,76561198097855508
222420,106550354,"Good rollback, bad experience for a new player because this has been out for 23 years.

I also don't find it fun enough to get good at it. But if you already like KoF, or are interested, this has some of the most robust netcode the franchise, and SNK as a whole, has ever seen.",True,1640495851,0,0,0.5,0,517,567,76561198069141686
222420,149494506,"Started playing this game really last year and immediately fell in love with the gameplay, becoming one of my favorites in the franchise. 

Roster is incredibly diverse (though some EX characters feel fairly lackluster compared to others) and the game just feels incredibly smooth, the impact of hits is also extremely satisfying.

Do miss the super cancelling from KOF games i'm still familiar with but the game having 2(3) different systems makes it fairly unique as well. 

KOF '98 was already considered one of the greatest fighting games of all time (for very good reason) and this is just a clear upgrade in almost every way IMO - 

I would say this is about as good as 2002 UM and has a very valid argument as the best game in the franchise.",True,1699079162,0,0,0.5,0,233,2625,76561199053988237
222420,36545050,"I love this game. I'm a real veteran of the KoF franchise and without any doubt it's the '98 the one i played the most. 
Well, this version of the game is a ""must have"" for every KoF fan, it is the dream match that finally assembles all the characters of the previous games into one.",True,1510809507,0,0,0.5,1,347,7665,76561198177788547
222420,170118000,"The most classic entry in the series, and in my opinion, the second best (behind KoF XI)! A great port!",True,1721256931,0,0,0.5,0,372,385,76561199581512362
222420,13766727,"After a crashy start with a game with tons of bugs and awful netcode, code mystics fixed the game to give us the final experience of KOF 98. A game which finds the best balance of the whole series (goodbye krauser) with tons of improvements from the original game, making the gameplay more excting and modern

It doesn't had AST and 3D backgrounds but who cares, if you are a fighting game fan this is a MUST, and the netcode is good enough to figh with other people",True,1420142091,18,0,0.679782986640930176,0,565,5493,76561198079438391
222420,27443852,The best version of the KoF 98 which is also one of the best entries of the KoF series.,True,1480077765,0,0,0.5,0,445,594,76561198037543661
222420,120855890,Great Old Game,True,1660861297,0,0,0.5,1,325,1933,76561198409274650
222420,75636709,"great game of its time,nice flash back for us older gamers",True,1599553112,3,0,0.52903372049331665,0,226,271,76561197961694660
222420,14369028,"For one, this game gives me the hardest nostalgia boner just from the intro.  I mean, die-hard KOF fans like me would glady bash someones skull in for another KOF game, and I think that even if this is a remastered addition, it appeals as it has all the original aspects of the loved series.







(P.S. I wish there was a community)",True,1423317371,0,0,0.499980807304382324,1,292,1103,76561198106270752
222420,105041272,El mejor juego de todos los tiempos broder,True,1638407536,0,0,0.5,0,365,585,76561198063413022
222420,89408205,^^,True,1617162189,0,0,0.5,0,333,601,76561198031679027
222420,108495489,Great online netcode and fun game.,True,1642808063,0,0,0.5,1,374,764,76561197991113164
222420,13455839,"I love it <3

It have full screen option. 

Help and Options> Settings > Display settings > Full Screen> YES.

Help and Options> Settings > Display settings > Border> NONE.",True,1419017818,0,0,0.497858673334121704,1,583,972,76561198108274130
222420,62313554,This game make my thumbs hurt hard....8/10 ==> I Prefer 97',True,1579852163,0,0,0.5,1,554,554,76561198158989969
222420,14508329,"A fantastic, deep fighting game. I loved vanilla KoF 98, but this rebalanced version of KoF98UM blows the previous versions of out of the water I'd say. Of course, some features from the PS2 version of original KoF 98um aren't there, but omissions those are marginal compared to the rest of this title. It has the best online featured in an official KoF title, or at least that I've seen.  Like fighting games? Just get it.",True,1424138288,3,0,0.542099714279174805,0,588,2605,76561198043873689
222420,102508917,Nice Kof.,True,1636498163,0,0,0.5,0,418,1271,76561198053175559
222420,66512334,A classic,True,1585930100,0,1,0.5,1,212,485,76561198094924059
222420,13576563,Great version of a great game. Fairly dead online though so unless you have friends into the game I wouldn't expect to be spoilt for choice for sparring partners.,True,1419456006,1,0,0.497858673334121704,1,292,746,76561198016286630
222420,101838344,"PROS
  - The rollback method netcode
  - Up to 140~160 ping you shouldn't have any problems 
    (if you play at the recommended settings displayed in the lobby)
  - KOF 2002 UM doesn't make this obsolete, because of ultimate mode and the extra characters
     so you can enjoy both of them without missing anything from the other
  - It also has the NEO-GEO version but it doesn't have online multiplayer
  - Good amount of characters, 45, 66 Counting EX versions 
    so you get a total of 61 characters in multiplayer counting the EX versions and excluding 
    bosses and orochi iori, orochi leona

   CONS
  - The training mode has a record feature but it's non intuitive and archaic
  - The game doesn't feature 3D stages as in the earlier PS2 version
  - Nor does it have character colour edit
  - If you're completely new to KOF the challenges won't help you
  - It doesn't have a good tutorial
  - Doesn't have character specific challenges
  - The training mode doesn't have frame data 
  - No hitboxes in training mode either
 
   So why would you buy this game after all the cons?
   Because it is a solid balanced game with good netcode
   You just can't expect good features around it, after all it is an old game
   
   7/10 all things accounted.",True,1635539570,0,1,0.5,1,341,4067,76561198139164040
222420,104943545,"Rollback, Bestback.",True,1638339773,1,2,0.523809552192687988,0,575,768,76561198376123432
222420,140513457,"The game features a roster of over 60 characters from previous King of Fighters games, each with their own unique abilities and fighting styles. The game's combat system is fast-paced and responsive, with a range of special moves, combos, and super attacks that the player can perform.

One of the standout features of The King of Fighters '98 Ultimate Match Final Edition is its balance. The game has been carefully balanced to ensure that no character is overpowered, making for a fair and competitive gameplay experience. The game also offers a range of gameplay modes, including Arcade, Team Battle, and Endless, providing a variety of ways to play and enjoy the game.

The game's graphics and sound design are also impressive, with detailed character models and environments that are faithful to the original King of Fighters '98 game. The Final Edition also features updated character sprites and backgrounds, making for a more polished and visually appealing experience.

Additionally, the Final Edition includes a new ""Ultimate Mode"" which adds a range of new gameplay mechanics and features, including new combo systems, enhanced graphics and sound effects, and new characters and stages.

Overall, The King of Fighters '98 Ultimate Match Final Edition is an excellent fighting game that is sure to please fans of the genre. Its fast-paced combat, balanced gameplay, and range of gameplay modes make it a must-play for anyone looking for a competitive and engaging gaming experience.",True,1687461620,8,0,0.632059693336486816,0,349,918,76561198101064176
222420,56876574,"A Classic, never played but I can see why it was a cult hit",True,1573338470,0,0,0.5,0,432,1179,76561197980318635
222420,37117330,"No one is ever online. Good kick for nostalgia sake.
Too bad no real story mode (but there wasn't one originally) but at least it has tons of characters fitting a 4-episode dream match game.

Not the worst port, not the best either but it's playable. If you're not into KoF can't say this will get you into it. Worst case, get on sale.",True,1511453228,0,0,0.485153764486312866,0,258,258,76561198025243864
222420,101562122,"After several rollback updates from SNK & Code Mystics, we may finally see spectating lobbies added to a retro KOF game. I will update the review with more impressions after that happens but so far it performs just as good as 02UM's rollback.",True,1635092839,1,0,0.517716526985168457,0,316,369,76561198008674581
222420,73517135,Every things is OK! but as we see most of the games comes with the basic moves of the player and the Combos related to it. Like there is a Commands and Combos list in KOF XIII. If this could b there it could be easy to a new player to understand the game quickly. Otherwise it's hard to reveal all the moves.,True,1596121022,0,0,0.5,1,212,525,76561198848094069
222420,63314219,"If I could find a dictionary definition for fighting games, this would be it. Arguably a solid fighting game and SNK game. It's not a graphical marvel like KoF 13 but it still has it's charm with the twitchy spirtes, bit compressed audio, and a deafening thud sound effect. The fighting space is much more cramped which is a bit of a turn off coming from ArcSystem games. Speaking of ArcSystem, the buffer system in this game is not very lenient, which requires some getting used to. The music in yhis game, damn, the MOOSIC. It is a gem. The game itself online is rather dead but is a good fighting game for local play.",True,1581380422,0,0,0.5,0,221,667,76561198359387584
222420,13408977,"Pretty great game. Some issues with netcode at times, but I hope SNK can fix it. Been having fun with bros playing it and I'll be practicing different characters to get better, so it was definitely worth the purchase :) Also whoever puts negative reviews because of no 3-d backgrounds or other silly things, then quit whining you weenies! You lost! 9 out of 17 people deserve to be placed in a trashcan",True,1418771286,11,0,0.548389852046966553,2,394,755,76561198006292088
222420,13995806,it's goddamn KoF '98 get it,True,1421335810,0,0,0.499980807304382324,0,590,915,76561198053172062
222420,199706298,By Fire We Unite.,True,1752411981,0,0,0.5,0,368,704,76561199176959725
222420,128503220,Itssssssss grreat,True,1670960346,0,0,0.5,0,371,449,76561198077996631
222420,93071785,nice lil fighting game to play with friends. playing online w friends works pretty well too.,True,1622668114,0,0,0.5,1,364,12084,76561198063863683
222420,13780558,"Not willing to fail being relevant to fighting game fans today, SNK decided to push the envelope CAPCOM is famous for by re-releasing a re-release of a timeless, classic re-release. Except this time, it's Ultimate AND Final.

10/10, it's the magnum opus of fighting games.",True,1420193988,9,4,0.521655261516571045,0,556,556,76561197992515597
222420,200656793,BASEBALL!!!!,True,1753435900,0,0,0.5,0,292,292,76561198198516702
222420,131766061,shermie,True,1674953531,1,0,0.464662879705429077,1,306,308,76561199192909904
222420,118103300,"i just play the game because Eiji is in it (:
he is a forgotten SNK character that i really wish to play in a modern fighting game!
- also yeah i do love the ost in the game alot 😎",True,1656818210,1,0,0.395973145961761475,2,479,1550,76561198088206502
222420,199519829,good netplay quality and a nice package,True,1752222633,0,0,0.5,0,363,363,76561198074821786
222420,106209268,"It's my favorite KOF game, and now with top-notch rollback and really well done allplay lobbies!",True,1640052618,1,0,0.519230782985687256,0,606,2993,76561198998625964
222420,14155413,"the netplay is awful in ways that I've only experienced before by playing the console version of KOF13, it's truly and utterly bad, and I'm on the current beta and have never had a match that didn't run at half speed with lots of lag and moves being dropped

Otherwise, the game's solid as hell, and I legitimately love how buffed everyone I play is compared to the original 1998 game and compared to the PS2 release. It's great for local play, at least.

Not the best port ever (don't even care about the arrange music or 3D backgrounds, but the lack of color edit from PS2 98UM is extremely disappointing, and the broken netplay is almost certainly a deal breaker), but it works.

I'm recommending the game becuase it's good. But the online is awful.",True,1422158724,0,0,0.499980807304382324,0,478,1295,76561198050247346
222420,17181420,"Any UK / Europian .. even American players out there? 

Add steam ID  ""churskill"" .. lets have some games :)",True,1437616042,0,0,0.5,1,423,980,76561198033152560
222420,98315679,is good,True,1630061647,0,0,0.5,0,227,259,76561198071672985
222420,194048384,"I prefer 2002 UM, but it's really good - classic KOF at it's peak.",True,1746190031,1,0,0.517241418361663818,0,267,268,76561198962786822
222420,16305802,"The best fighting game ever maded, period.",True,1434024509,0,0,0.5,1,545,4160,76561197983563451
222420,13496938,"It had a fairly rough first day but the public beta has shown some really good improvements on CodeMystics' part. The game feels just great as it did and I don't even miss all the PS2 extra stuff (well maybe except colour edit buuuuuut)

The netcode's a bit fair-to-middling but otherwise this release of KOF is brilliant because now Steam gets to play one of the best old KOF games. I honestly hope CM does 2K2UM as well when it comes out because that will rock.",True,1419166232,10,0,0.574060797691345215,2,397,1292,76561198044274362
222420,101562291,"Good stuff, pls let Code Mystics give 13 rollback next",True,1635093032,4,0,0.569378018379211426,0,262,376,76561198983215141
222420,60768334,"[strike]Bad netcode[/strike]

Now good netcode",True,1577554339,0,0,0.484401583671569824,1,356,1583,76561198017929752
222420,23128033,great fun. interesting moves make the game fun. my one complaint is they gave a black character a basketball for his special which is a tad racist. Don't let that stop you from buying the game though.,True,1463880211,0,2,0.427045524120330811,0,275,532,76561198167775366
222420,49020694,10/10 best King of fighters game of universe,True,1550286332,1,0,0.523809552192687988,1,380,466,76561198835234482
222420,144068593,"Now you can pick the boss characters without getting bullied at your Mexican arcade. 

For-fill your dream of showing the wack CPU the TRUE POWER of Orochi, Omega Rugal, and Krauser. 

...Or check out the OG Neo Geo version that was included, your call.",True,1691912270,0,0,0.5,0,442,590,76561199060600802
222420,119395972,cool fight game :) nice and casual to play with friends,True,1658684696,0,0,0.5,0,478,567,76561198095693072
222420,18230954,"best kof ever!! played tons at the arcade as a kid , stil going hard!!",True,1443409609,0,0,0.5,1,295,1320,76561198043198957
222420,101767166,Praise rollbackia,True,1635441738,0,0,0.5,0,646,2640,76561197999964746
222420,15299253,Is good,True,1428715349,0,0,0.5,1,252,408,76561197969502226
222420,154638963,"THIS IS KOF 98 BABY 
THE BETTER VERSION",True,1703781644,0,0,0.5,0,467,1152,76561198135128188
222420,14113628,"Great game i only wish they'd upgreded the graphics?, because it's very pixelated.
you can play with the keyboard and controller and perform all the moves with ease.",True,1421948375,0,0,0.499980807304382324,1,230,809,76561198101858950
222420,132740666,"AWESOME GAME
ONLINE MODE WORKING DEPEND ON WHEN PLAYERS ACTIVE OR YOU CAN INVITE OTHER TO PLAY WITH YOU
ALSO IT IS A CLASSIC GOLD GAME FOR FIGHTING GAME AND KING OF FIGHTERS LOVERS SPECIALLY FOR YOU...",True,1676241392,0,0,0.476190477609634399,0,225,635,76561199213361584
222420,13412766,"I hope they really work on the netcode.  The game however is flawless, I mean it's KOF98, same thing that you've been playing for ages really.

If you don't own another version of this game, it's worth it.  If you do?  Well - wait until they fix the netcode.",True,1418797878,4,0,0.515442013740539551,1,439,2203,76561198018326515
222420,101813622,"Clássico da franquia KOF rebalanceado e com rollback netcode de altíssima qualidade mesmo na versão beta. 
Recomendação máxima pra todo fã de The King of Fighters!
Agora só resta esperar (por pouco tempo) pela implementação oficial do rollback netcode!
Muito obrigado SNK e Code Mystics INC.! 
Vida longa ao KOF!!!!!!!!!!!!!!!",True,1635513866,1,0,0.523809552192687988,0,596,1773,76561198808866071
222420,125787600,"Meu jogo de luta favorito de todos os tempos, fácil",True,1668906580,2,0,0.523809552192687988,0,36459,52838,76561198055895644
222420,107957384,"It's the best KoF game with extra characters, balance changes, and rollback. If you're into KoF there's no reasons not to buy it.",True,1642126101,0,0,0.5,0,2811,3497,76561197975951737
222420,133203652,"I'm a vanilla KoF98 player myself. This version doesn't do anything for me really, and seemingly for almost nobody else. It wasn't even released in arcades in Japan, so you never see tournament footage or casuals for this version outside of old rollback release day videos. You only see footage of base UM. It's not bad, but not great either. I dunno why you can't play vanilla with rollback in this, but I guess there's already Fightcade for that. 

Thumbs up fpr putting in the work and updating the game with functional rollback netcode.",True,1676847671,0,0,0.5,0,969,984,76561198005329623
222420,16085681,"Best KoF game IMO, this is the most definitive release as of now of 98, the game is pretty balanced and every character is good, the online is pretty good but finding matches is hard because not many are playing it",True,1433020223,8,1,0.60445857048034668,1,4985,11604,76561198012138863
222420,60214235,best kof and best fighting game ever,True,1576900773,0,0,0.489212274551391602,0,1032,1378,76561198376982244
222420,83107156,"Krauser is very damn fun. Use and practice him if you like a character that can do everything but hate to use Iori. Don't use him if you plan to be competitive and want to use a character that will show up in more recent titles.

Besides that, Kof98 is a solid fighting game all around compared to 2k2 and even to XIII(where I would say is still incredibly imbalanced because of certain characters, ahem XIII UM pls). So yes, play 98 because its a classic and is still a fighter played and loved by many around the world!",True,1608896754,0,0,0.5,0,6254,45357,76561198085133924
222420,57505434,"Probably the best way to play '98 short of playing the '98 original.  Personally I prefer this game over the Neo Geo classic release.  Steam Remote Play doesn't like it when the game is fullscreen, should stream it windowed.",True,1574212572,2,0,0.518518567085266113,0,6627,29727,76561198009619945
222420,105183830,">be me
>right now
>playing KOF
>be you
>rn
>not playing KOF
>why play video games",True,1638588057,1,2,0.503267943859100342,1,1232,2208,76561198110933232
222420,211432015,.....,True,1764344148,0,0,0.5,0,6410,7630,76561199172706404
222420,13852134,It doesnt have all the cool stuff that the ps2 version had (arrangements/color edit/3d backgrounds/gallery) but its a good ol' time,True,1420483674,0,0,0.499936580657958984,1,1366,2210,76561198043761213
222420,168835453,has american sports team,True,1719967578,0,0,0.5,0,833,2887,76561199262599916
222420,155075855,"[h1] 𝕆𝕝𝕕 𝕓𝕦𝕥 𝕘𝕠𝕝𝕕? 𝕋𝕙𝕖 𝕡𝕚𝕩𝕖𝕝 𝕒𝕣𝕥 𝕕𝕚𝕕𝕟'𝕥 𝕒𝕘𝕖 𝕨𝕖𝕝𝕝 𝕥𝕙𝕠𝕦𝕘𝕙 𝕝𝕠𝕝 [/h1]

The game is fully packaged with new compact settings HUD, that allows you access to a certain amount of gameplay modes such as Versus, Arcade, Survival and Online and guess what, the game's online is still alive... Until you get sick of the Chinese lag and turn it off!

Enter The King of Fighters 98', the OG for many of us where you get to pick a team of three from a roster of very unique fighters with many unique gameplay styles. For instance, Heidern's Lifesucking punch really does transfer enemy hp to your own bar lol. All in all, the combos in this one are quite mild, nothing you can't actually recover from; it's really in the end just a game of wits and whether you're able to counter your opponent's next big whiff. 

All in all, KOF98 was the OG for many (not me, I started with 95 lol) and it's still, to this day, a must-have game on any aspiring fighter's gaming list. It's [b]9/10[/b]... STORM BRINGAAAAA",True,1704217342,7,0,0.577266275882720947,0,940,975,76561198957921881
222420,13523651,"Honestly most people had a lot of issues when the game launched. But CodeMystics and their amazing support have improved the game quality by a lot, be it on netcode, bugfixes and taking feedback from the players.

I was one of the lucky ones who had no problems at all with the game even from launch, I could play online well, my stick worked perfectly and had no crashes or anything at all. So I was already happy with the game, and now even more. I'm sure  CodeMystics will keep up the good work and improve even more.

Oim~",True,1419260275,3,0,0.49536210298538208,0,1523,2337,76561198069778188
222420,189814630,"great game, timeless fighter, great online netcode, ty CodeMystics

if you like a combination neutral mix into a more fundamental game, this game is perfect for you",True,1741547520,2,0,0.535519123077392578,0,1634,3738,76561197979806269
222420,13885225,"It all began in '94.
Kept on rolling in '95.
Pieces fell in place in '96.
It came to the end in '97.
And now it comes and here we go.
The KOF is here again.
Nothing's gonna stop it's 1998.",True,1420666451,54,33,0.577870070934295654,2,696,696,76561198026619329
222420,101728832,a,True,1635372087,0,1,0.5,0,982,1140,76561198009353726
222420,136237418,"⠄⠄⣿⣿⣿⣿⠘⡿⢛⣿⣿⣿⣿⣿⣧⢻⣿⣿⠃⠸⣿⣿⣿⠄⠄⠄⠄⠄
⠄⠄⣿⣿⣿⣿⢀⠼⣛⣛⣭⢭⣟⣛⣛⣛⠿⠿⢆⡠⢿⣿⣿⠄⠄⠄⠄⠄
⠄⠄⠸⣿⣿⢣⢶⣟⣿⣖⣿⣷⣻⣮⡿⣽⣿⣻⣖⣶⣤⣭⡉⠄⠄⠄⠄⠄
⠄⠄⠄⢹⠣⣛⣣⣭⣭⣭⣁⡛⠻⢽⣿⣿⣿⣿⢻⣿⣿⣿⣽⡧⡄⠄⠄⠄
⠄⠄⠄⠄⣼⣿⣿⣿⣿⣿⣿⣿⣿⣶⣌⡛⢿⣽⢘⣿⣷⣿⡻⠏⣛⣀⠄⠄
⠄⠄⠄⣼⣿⣿⣿⣿⣿⣿⣿⣿⣿⣿⣿⣿⣦⠙⡅⣿⠚⣡⣴⣿⣿⣿⡆⠄
⠄⠄⣰⣿⣿⣿⣿⣿⣿⣿⣿⣿⣿⣿⣿⣿⣿⣷⠄⣱⣾⣿⣿⣿⣿⣿⣿⠄
⠄⢀⣿⣿⣿⣿⣿⣿⣿⣿⣿⣿⣿⣿⣿⣿⣿⣿⢸⣿⣿⣿⣿⣿⣿⣿⣿⠄
⠄⣸⣿⣿⣿⣿⣿⣿⣿⣿⣿⣿⣿⣿⣿⣿⡿⠣⣿⣿⣿⣿⣿⣿⣿⣿⣿⠄
⠄⣿⣿⣿⣿⣿⣿⣿⣿⣿⣿⣿⣿⣿⠿⠛⠑⣿⣮⣝⣛⠿⠿⣿⣿⣿⣿⠄
⢠⣿⣿⣿⣿⣿⣿⣿⣿⣿⣿⣿⣶⠄⠄⠄⠄⣿⣿⣿⣿⣿⣿⣿⣿⣿⡟⠄",True,1680822711,3,0,0.390895068645477295,0,2225,2225,76561197970193418
222420,90969897,"So I never really bothered with Fighting games for a long time, because the first game that really caught my attention at the Arcade was Marvel vs Capcom. Eventually I heard of this game and Garou Mark of the Wolves. 
Playing this game has now become one of the best parts of my video games experience, and I would recommend that anyone wanting to learn how to fight download this game.",True,1619466851,2,0,0.52173912525177002,0,1041,10898,76561198440861465
222420,63077640,DOPE SPRITES AND COOL GAMEPLAY,True,1581030261,0,0,0.5,0,1639,1808,76561198156059901
222420,63702717,Amazing,True,1581997775,1,0,0.517241418361663818,0,734,1641,76561198879214022
222420,105492608,"A classic FG what can I say?
They even gave it rollback now the beta for lobbies and spectator mode has ended so those will surely be included soon.
Great roster, great OST, you sure will find a trio to main.
I started and used to play this on kaillera like more than a decade ago with vanilla 98 version.
This one has improved that old version with more chars, bug fixes, balance, more supermoves, etc.
Get it at all costs while we wait for KoFXV!!",True,1639009519,3,0,0.487976759672164917,0,1642,1643,76561198081787138
222420,122100118,One of the best KOF games ever made. Much better than the original one.,True,1662915266,5,0,0.597156405448913574,0,1794,6903,76561198185261497
222420,106456766,Good game but no K9999,True,1640387887,0,0,0.5,0,746,2201,76561198299622943
222420,150801361,Arguably Peak along with 2k2...,True,1700619772,0,0,0.5,0,703,720,76561198200608307
222420,88557190,"[LINUX USER]

Worked perfectly with Steam Proton 5..13-6!

This is a classic of fighting games. It's a shame I never played it on my childhood, but even meeting this game later was worth my time.",True,1615930632,2,0,0.5,0,1951,2032,76561198153118400
222420,196912304,Great game with fluid control.,True,1749583492,1,0,0.505494534969329834,0,3145,6200,76561199786106214
222420,109582109,KOF 98 UM now with rollback netcode,True,1644086998,0,0,0.5,0,1330,1455,76561197967751750
222420,106686168,"Picked Eiji, did qcb+p and I now have a tool against anything but fireballs.
Good game, glad they made the netcode good.",True,1640635883,0,0,0.5,0,1080,1565,76561198014772304
222420,102062002,"Rollback soon + a lobby beta soon, go get it.",True,1635812463,0,0,0.5,0,2345,3357,76561198081961103
222420,13510757,"A classic game in the KOF series and as a relitively new-comer to the brand I can easily see why so many consider this a milestone in the series. 

The AI is a nice look back into the vault of fighting game history by being very tough to battle at the beginning. But once you slave in the lab for days nailing down frame links and combos you'll soon grow and crush your enemies.

The roster is giant with even the welcome sights of boss characters like Rugal, Kaiser and GEEESE, there are plenty of play styles from each distinct character that gathering your own team is simple given enough patience.

Sadly the story is lacking in this game, with the simple arcade and single play modes leading to climatic battle which soon fizzles out into the credits. However, for those that play for the hype of fighting the game will serve you well.

Overall, I would recommend this game for anyone who wants to expand their view on fighters and see why the KOF series is so dear to so many peoples hearts.",True,1419205073,2,0,0.497858673334121704,1,1274,1723,76561198072602674
222420,82678081,"This is probably my favorite video game in existence, but I'm probably biased. The King of Fighters 94 was one of the earliest fighting games I was exposed to, and I quickly fell in love with the franchise.

Both 98 Ultimate Match and 2002 Ultimate Match represent the two pinnacles of the franchise. No other KOF exceeds those two (not 13, and definitely not 14). For me, it's often a toss-up between 98 and 2002, as to which one is truly the best.

98, in my opinion, offers a nearly perfect balance between complexity and simplicity. Without some of the more wild mechanics of 2002 (which I do enjoy), 98 offers the purest form of KOF there is, with the only the best mechanics and best characters KOF has to offer (except Xiangfei).

If you've never played KOF before, get this game, and this game first, since it's either best or second best depending on where the coin lands, and it's one of the simpler ones. If you have played KOF and still don't own this game, well, that would be a bit embarrassing, so don't dawdle.",True,1608370553,1,0,0.506493508815765381,1,1821,4143,76561198110445822
222420,14661579,"Finally won once... after I lost in online mode for millionth time.

10067/0.2 

Would lose a million again.",True,1424958871,0,0,0.470401495695114136,1,1572,3379,76561198124265137
222420,21054174,"SNK are Over-The-Top (OTT) and always in a KAIZEN mode!!

As usual, another masterpiece from SNK!

All SNK staff (Including former employees) are pioneers in the field of gaming industry!

They have a genuine genius mind & hand in animating & drawing as well as creativity, innovation, originality, & STYLISH!!

Our infinite thanks & gratitude to the immortal pioneers Takashi Nishiyama, Eiichi Ogura, Hirokai Hashimoto, Nobuyuki Kuroki, Youichiro soeda (SoeSoe), Kaoru Nonaka (Nona), Senno Aki (TONKO), Asuka Takahashi, Syunsuke Sunagawa, Ken Takahashi, Takaeshi Oda, Kazuya Miyazaki, Shuji Uema, Ritsu Yamaguchi, Kaori Sakata, Masatoshi Ohara, Ritsu Yamaguchi, Kaori Sakata, MAE, Hiroki Nishimura, Maiko Mishiro, Akiko Yamane, Toshiharu Tagami, Toshiyuki Sasuki, Kazuhiko Tsukada, and the rest of SNK staff.

SNK were & always an immortal pioneer in HD 2D sprites graphics with their famous immortal slogan ""Creating Graphics with Soul"", check the following SNK's graphics development process documentation:
http://kofaniv.snkplaymore.co.jp/english/info/15th_anniv/2d_dot/creation/index.php",True,1454946095,0,0,0.5,0,967,3612,76561198025276158
222420,144127746,"This was my go-to game at the local arcade when skipping school. 

Also this is my go-to game on my work laptop when skipping meetings.

Good times",True,1691963132,4,1,0.58442312479019165,0,1097,3218,76561197999527797
222420,82834590,Its Gud,True,1608572695,0,0,0.5,0,1165,2986,76561199092023808
222420,35432329,So glad they put these games on Steam.  Love this game.,True,1506994123,2,0,0.506052255630493164,0,735,851,76561197988780152
222420,53218554,"I played king of fighters 98 a long ago and i think this remake improved the game quite alot, and i recomend the game if you want something with many characters, stages and simple graphics.",True,1562095083,1,0,0.523809552192687988,0,6825,11365,76561198081082063
222420,124539285,fun game,True,1666981003,0,0,0.5,0,5057,5980,76561198199313838
222420,197653309,"this game is the 2d apex for team battle system! i love it. you have to love it too! always, KOF 98. UM and VANILLA. love this, you MUST!",True,1750370684,2,0,0.542857170104980469,0,20017,27556,76561197995680719
222420,38763915,"The King of Fighters '98 is one of the best fighting games and a great example of when they do everything right. Released right after a ""chapter closure"", the game follows no storyline (like Real Bout Fatal Fury Special, KOF 2002 and Tekken Tag Tournament), so for once the developers don't have a chance to throw us a lot of bullshit and mess around with the characters list, they just deliver a package of their best work so far.

10/10 and be sure to check out The King of Fighters 2002 Unlimited Match, another SNK masterpiece.",True,1514429753,2,0,0.478950679302215576,0,1402,2571,76561198077090816
222420,28516923,"The Ultimate Match edition of King of Fighters '98 is the best in home experience that you can have with this fighter outside of buying a Neo Geo. The roster is rather large and includes a good number of exclusive characters, so you'll have a lot of teams to experiment to your liking. While I feel that the series started strongly at '94, '98 is the first King of Fighters that I felt become the powerhouse that most players remember today, with a robust yet easy to pick up system and the presentation and art having a dramatic lift from previous iterations. It also adopted the Dream Match mainstay, expanding from SNK series like Fatal Fury and Art of Fighting, while deliving deeper into more obscure franchises like Psycho Soldier and Ikari Warriors. This version also has the updated Ultimate Match that has returning cast like Geese Howard while also giving the option of playing a Neo Geo rom of the original version of The King of Fighters '98 for the purists.

The only issue is a mainstay in most SNK ports, being that the netplay is bad. While the connections are up in the air, it's hard to even find a decent match online. Sadly, there is not a large community currently available, so unless you have a group of friends, it's best to go in expecting not to get much mileage out of the online play.

Nearly 2 decades later, The King of Fighters '98 still holds up as a very competant fighter and is enjoyable to go back to every now and then. While I recommend The King of Fighters XIII as the best overall representation and evolution of the series, '98 is still a very well made game and worth checking out to see the roots of SNK's most well known fighting franchise.",True,1482358412,1,0,0.500967919826507568,0,1121,1236,76561198001265892
222420,110275602,amazing classic fighting game!!!,True,1644909225,0,0,0.5,0,869,1023,76561198263641214
222420,156255640,Master class of a fighting game,True,1705612114,0,0,0.5,0,2369,2711,76561198955807221
222420,132476768,play,True,1675958748,4,0,0.430841296911239624,0,5066,9841,76561198108942598
222420,34807540,"It all began in '94. 
Kept on rollin' in '95. 
The pieces fell in place in '96, and it came to an end in '97. 
But now it comes, and here we go. 
KOF is here again. 
Nothing's gonna stop it 'cause it's 1998!",True,1504843597,219,27,0.923983931541442871,1,1548,2928,76561198116993190
222420,96887566,it good :),True,1628017886,0,0,0.5,0,1682,3885,76561198262743235
222420,106458118,An update to an update of one of the most revered titles in fighting games. Code Mystics have recently retrofitted rollback netcode and multiplayer lobbies into this game which improves its online playability considerably to the point that I no longer feel guilty recommending it to anyone. This game is truly a masterpiece and those interested in the genre will find plenty to enjoy in this release whether they're newcomers to the KOF series or not. Cannot recommend this game enough for those interested in 2D fighters.,True,1640389728,6,0,0.593618273735046387,1,9968,16500,76561197969654375
222420,101324238,no kasumi j.d :(,True,1634697849,2,3,0.500305056571960449,0,1221,3635,76561198272618638
222420,14046231,"I guess this game will be good for you if you had childhood memory playing this game in places like game arcade. I have been playing KOF series since KOF 95, and just playing this game bring me back to my childhood. For those who have never played KOF series before, I would suggest buying KOF 13 instead. KOF 13 has much better graphics representing characters and their special moves. KOF 13 should be easy on the eyes of the first time players. The combos for these games are pretty difficult to perform unless you practice alot using sticks that is perfectly compatible with this game.",True,1421571600,0,0,0.499980807304382324,1,1282,1591,76561198160372200
222420,14526975,"+ netcode is super godlike
+ rematch button online
- training mode is awkward (to record dummy actions: you have to enable player2, record with p2 controller, then disable player2)

overall, great! the definitive KOF98 edition.",True,1424252491,0,0,0.48068276047706604,0,3212,5941,76561197993077950
222420,13644677,"The King of Fighters 98 Ultimate Match Final Edition is an amazing game for both the casual fighting game player and the hardcore fighting game player. The gameplay holds up very well, amazing soundtrack, awesome characters (64 in total), training mode, challenge mode, arcade mode and so on.

While the Netcode isn't GGPO or rollback based as we would all like in all fighting games, it is still very good for input delay netcode. I would say the Netcode is better or on par with KOF XIII: Steam Edition from the online matches i have played.

Sure it doesn't have the 3D stage backgrounds & AST that were added in the PS2 version of 98UM which is a bummer, but it's still a very good port of the latest version. 

Great Fighting Game i highly recommend checking it out.",True,1419708782,10,0,0.601632654666900635,1,3828,4069,76561198043682144
222420,212618402,On par with KOF2002 UM. I just love this PC port!,True,1764946238,0,0,0.5,0,17125,17405,76561198102871319
222420,116960408,"⣿⣿⣿⣿⣿⣿⣿⣿⣿⣿⣿⣿⣿⣿⣿⣿⣿⣿⣿⣿⣿⣿⣿⣿
⣿ta bueno ⣿⣿⣿⣿⣿⣿⣿⣿⣿⣿⣿⣿⣿⣿⣿⣿⣿⣿
⣿⣿⣿⣿⣿⣿⣿⣿⡿⢋⣩⣭⣶⣶⣮⣭⡙⠿⣿⣿⣿⣿⣿⣿
⣿⣿⣿⣿⣿⣿⠿⣋⣴⣿⣿⣿⣿⣿⣿⣿⣿⣿⣦⡙⢿⣿⣿⣿
⣿⣿⣿⣿⣿⡃⠄⠹⡿⣿⣿⣿⣿⠟⠛⣿⣿⣿⣿⣷⡌⢿⣿⣿
⣿⣿⣿⣿⣿⠐⣠⡶⣶⣲⡎⢻⣿⣤⣴⣾⣿⣿⣿⣿⣿⠸⣿⣿
⣿⠟⣋⡥⡶⣞⡯⣟⣾⣺⢽⡧⣥⣭⣉⢻⣿⣿⣿⣿⣿⣆⢻⣿
⡃⣾⢯⢿⢽⣫⡯⣷⣳⢯⡯⠯⠷⠻⠞⣼⣿⣿⣿⣿⣿⣿⡌⣿
⣦⣍⡙⠫⠛⠕⣋⡓⠭⣡⢶⠗⣡⣶⡝⣿⣿⣿⣿⣿⣿⣿⣧⢹
⣿⣿⣿⣿⣿⣿⣘⣛⣋⣡⣵⣾⣿⣿⣿⢸⣿⣿⣿⣿⣿⣿⣿⢸
⣿⣿⣿⣿⣿⣿⣿⣿⣿⣿⣿⣿⣿⣿⣿⢸⣿⣿⣿⣿⣿⣿⣿⢸
⣿⣿⣿⣿⣿compralo ⣿⣿⣿⣿⢸⣿⣿⣿⣿⣿⣿⣿⢸",True,1655190876,2,3,0.482642024755477905,1,712,1939,76561198085660271
222420,108842264,"It's definitely the most neutral-emphasized KOF considering it's an older entry, not saying that combos don't exist, but they're much shorter on average. I think this game is actually a decent starting point for getting into the franchise. I would say pick this game up to learn the fundamentals, and then pick up 2002UM to actually learn about linking together combos.",True,1643234464,1,0,0.518072307109832764,0,1253,1949,76561198071792904
222420,21038882,"Playable Rugal, Chizuru, and American Sports Team. What more could ask for?",True,1454884917,0,0,0.5,0,2106,7373,76561198142261325
222420,150604541,"Most enjoyed if you have some of those mythical creatures known as ""friends"" to play with.",True,1700593630,8,1,0.555813372135162354,1,59822,97188,76561198263558931
222420,13406978,"I do recommend since the game is now playable and netcode is nice, KOF XI steam when.",True,1418762093,0,0,0.5,0,971,3066,76561198115890057
222420,64535652,is very good game.,True,1583388429,0,0,0.5,0,893,1734,76561198300988975
222420,13427602,"i don't think the game is made good,it can be better!",True,1418895780,2,0,0.497045427560806274,1,1223,7301,76561198122903774
222420,106247315,"This has rollback and lobbies, get your ass in here",True,1640111657,0,1,0.5,0,1148,2044,76561199020200249
222420,13415171,steam kof98 online not work ds why you play vs online n see  win not win vs  play time eroor,True,1418818734,1,0,0.499435216188430786,1,1009,13632,76561198134295905
222420,20675896,"The netcode fucking sucks but it's 98UMFE, the second best KOF game out there.",True,1453457221,0,0,0.5,0,811,1410,76561197993655316
222420,68777617,"THE KING OF FIGHTERS '98, FIGHTING GAME OF ALL TIME, INTERNATIONAL FIGHTING GAME INTERNATIONAL WORLD CUP, UMVC3, WATCH_DOGS, MARIO PARTICLE SAO SOFTBALL, SEGA and may be inaccurately attributed to third parties.
All rights reserved",True,1588925149,3,0,0.497274428606033325,0,1614,1857,76561198277797917
222420,101471356,One of the best KoF games of all time. Really good game to start your KoF journey.,True,1634959814,1,0,0.503268003463745117,0,889,7813,76561199008167526
222420,17052917,King of Krauser 98.,True,1436920080,2,1,0.475081324577331543,1,759,3105,76561198044272704
222420,79216905,"This is the definitive version of KOF 98. I hope Steam adds Rollback netcode to this one as well, it would make this one perfect!",True,1605300175,0,0,0.5,0,729,2417,76561198178910358
222420,195322493,"Classic KOF action, but it's missing the extras from the PlayStation 2 version (gallery, 3D stages) and arranged soundtrack.

⠀⠀⠀⠀⠀⠀⠀⠀⠀⠀⠀⠀⠀⠀⠀⠀⠀⠀⠀⠀⠀⠀⠀⢀⣀⣤⣶⠒⠈⢀⢀⣀⣀⣀⡀⠀⠀⠀⠀⠀⠀⠀⠀⠀⠀⠀⠀⠀
⠀⠀⠀⠀⠀⠀⠀⠀⠀⠀⠀⠀⠀⠀⠀⠀⠀⣀⣴⣾⣿⣿⣿⣿⣿⣿⣿⣿⣿⣟⠋⠉⠀⠀⠀⠀⠀⠀⠀⠀⠀⠀⠀⠀⠀⠀
⠀⠀⠀⠀⠀⠀⠀⠀⠀⠀⠀⠀⠀⠀⠀⢀⣾⣿⣿⣿⣿⣿⣿⣿⣿⣿⣿⣿⣿⣿⣿⣊⢱⠀⠀⠀⠀⠀⠀⠀⠀⠀⠀⠀⠀⠀
⠀⠀⠀⠀⠀⠀⠀⠀⠀⠀⠀⠀⠀⠀⢠⣿⣿⣿⣿⣿⣿⣿⣿⣿⣿⣿⣿⣿⣿⣿⣿⣿⣷⠀⠀⠀⠀⠀⠀⠀⠀⠀⠀⠀⠀⠀
⠀⠀⠀⠀⠀⠀⠀⠀⠀⠀⠀⠀⠀⠀⣾⣿⣿⣿⣿⣿⣿⡿⠿⢿⣿⣿⣿⣿⣿⣿⣿⣿⢫⠡⠀⠀⠀⠀⠀⠀⠀⠀⠀⠀⠀⠀
⠀⠀⠀⠀⠀⠀⠀⠀⠀⠀⠀⠀⠀⢸⣿⣿⣿⣿⣿⣿⣿⣇⠀⠀⠹⣿⣿⣿⣿⣿⣿⣿⣷⡀⠁⠀⠀⠀⠀⠀⠀⠀⠀⠀⠀⠀
⠀⠀⠀⠀⠀⠀⠀⠀⠀⠀⠀⠀⠀⠸⣿⣿⣿⣿⣿⡛⢻⣣⠀⠀⠲⢲⣿⣿⣿⣿⣿⣿⡻⡿⠀⠀⠀⠀⠀⠀⠀⠀⠀⠀⠀⠀
⠀⠀⠀⠀⠀⠀⠀⠀⠀⠀⠀⠀⠀⠀⢻⣿⣿⣿⣿⡻⢷⢷⣆⣶⡾⡿⣻⣿⣿⣿⣿⣿⣷⠈⡄⠀⠀⠀⠀⠀⠀⠀⠀⠀⠀⠀
⠀⠀⠀⠀⠀⠀⠀⠀⠀⠀⠀⠀⠀⠀⠈⣿⣿⣿⢳⠀⠀⠈⠀⢏⡆⢀⠀⣸⣿⣿⣿⠀⠈⠀⠀⠀⠀⠀⠀⠀⠀⠀⠀⠀⠀⠀
⠀⠀⠀⠀⠀⠀⠀⠀⠀⠀⠀⠀⠀⠀⠀⠈⠽⣿⢇⠂⠀⢠⣘⣤⠇⠀⢀⣿⣿⢿⡇⠀⠀⠀⠀⠀⠀⠀⠀⠀⠀⠀⠀⠀⠀⠀
⠀⠀⠀⠀⠀⠀⠀⠀⠀⠀⠀⠀⠀⠀⠀⢀⢴⣟⢆⠁⠤⢤⣭⣧⣤⠘⣴⣿⢁⠀⠀⠀⠀⠀⠀⠀⠀⠀⠀⠀⠀⠀⠀⠀⠀⠀
⠀⠀⠀⠀⠀⠀⠀⠀⠀⠀⠀⠀⠀⠀⢠⣯⣿⣏⠈⢦⡈⠉⠈⢉⣲⣿⢯⣿⣿⡀⠀⠀⠀⠀⠀⠀⠀⠀⠀⠀⠀⠀⠀⠀⠀⠀
⠀⠀⠀⠀⠀⠀⠀⠀⠀⠀⠀⣀⣠⣴⣞⣿⣯⣻⠈⠀⠉⠳⣾⣾⢿⡭⣟⢿⣿⣿⣶⣤⣀⣀⠀⠀⠀⠀⠀⠀⠀⠀⠀⠀⠀⠀
⠀⠀⠀⠀⢀⣀⣤⣴⣶⣿⣿⣿⣿⣿⣿⣿⢿⣿⡔⠀⢢⢆⣀⡿⣿⣽⣿⢿⣿⣿⣿⣿⣿⣿⣿⣿⣶⣤⣤⣀⡀⠀⠀⠀⠀⠀
⠀⠀⢀⣾⠻⣿⣿⣿⣿⣿⣿⣿⣿⣿⣿⣿⣿⣿⡄⠀⢀⡳⣬⡵⣃⢹⣿⣿⣿⣿⣿⣿⣿⣿⣿⣿⣿⣿⣿⣿⣿⣧⠀⠀⠀⠀
⠀⠀⣜⣧⢿⣿⣿⣿⣿⣿⣿⣿⣿⣿⣿⣿⣿⣿⣽⠓⠲⣇⣀⠑⢘⣿⣿⣿⣿⣿⣿⣿⣿⣿⣿⣿⣿⣿⣿⣿⣿⣿⡇⠀⠀⠀
⠀⠀⣿⣽⣿⣿⣿⣿⣿⣿⣿⣿⣿⣿⣿⣿⣥⣿⣯⠇⠀⢄⡡⠀⢸⣿⣿⣿⣿⣿⣿⣿⣿⣿⣿⣿⣿⣿⣿⣿⣿⣿⣿⠀⠀⠀
⠀⣼⣿⣿⣿⣿⣿⣿⣿⣿⣿⣿⣿⣿⣿⣿⣿⣿⣯⣗⡀⢒⡀⠀⣸⣿⣿⣿⣿⣿⣿⣿⣿⣿⣿⣿⣿⣿⣿⣿⣿⣿⣿⠀⠀⠀
⢰⣿⣿⣿⣿⣿⣿⣿⣿⣿⣿⣿⣿⣿⣿⣿⣿⣿⣿⣩⢉⡉⠉⠉⢽⣿⣿⣿⣿⣿⣿⣿⣿⣿⣿⣿⣿⣿⣿⣿⣿⣿⣿⣇⠀⠀
⣾⣿⣿⣿⣿⣿⣿⣿⣿⣿⣿⣿⣿⣿⣿⣿⣿⣿⡿⣜⠌⢀⠂⠀⢸⣿⣿⣿⣿⣿⣿⣿⣿⣿⣿⣿⣿⣿⣿⣿⣿⣿⣿⡿⡄⠀
⣿⣿⣿⣿⣿⣿⣿⣿⣿⣿⣿⣿⣿⣿⣿⣧⣾⣿⡿⡜⠇⠀⢁⠀⢸⣿⣿⣿⣿⣿⣿⣿⣿⣿⣿⣿⣿⣿⣿⣿⣿⣿⣿⣟⣯⠀
⣿⣿⣿⣿⣿⣿⣿⣿⣿⣿⣿⣿⣿⣿⣿⣿⣿⣿⣿⡍⢆⠀⠀⠀⠸⣿⣿⣿⣿⣿⣿⣿⣿⣿⣿⣿⣿⣿⣿⣿⣿⣿⣿⣯⣿⡀
⣿⣿⣿⣿⣿⣿⣿⣿⣿⣿⣿⣿⣿⣿⣿⣿⣿⣿⣿⣭⠀⠀⠁⠀⢨⣿⣿⣿⣿⣿⣿⣿⣿⣿⣿⣿⣿⣿⣿⣿⣿⣿⣿⣿⡽⣷",True,1747793865,3,0,0.550000011920928955,0,838,997,76561199751004032
222420,115412253,this is a really good and underrated fighting game,True,1652485474,0,0,0.5,0,1055,2716,76561198960057582
222420,63847653,"Siiiii, tiene mejor balance, graficos geniales, sin input lag, heidern ahora si puede combear su agarre",True,1582238950,0,0,0.5,0,1531,1531,76561198131276607
222420,98363532,good,True,1630128388,0,0,0.5,0,829,1750,76561198253260104
222420,18932987,"Excellent game. Rollback netcode is now in the game along with lobbies, spectating and other QOL features. Thanks Code Mystics.",True,1446911872,0,0,0.5,1,5357,29043,76561198013360755
222420,101332619,"Plays just as it should, has excellent netcode and it's more strategic and fun than over simplified modern games",True,1634717121,4,0,0.523553669452667236,0,1275,2708,76561198078840097
222420,105881495,"this is the best king of fighters to ever exist.  phonies will tell you 2002, and that is their opinion but they are objectively wrong in just about every quantifiable circumstance.  people that dont like this game have mental problems from years of excessive mortal kombat abuse.",True,1639591456,2,1,0.525924921035766602,0,3580,5524,76561198116305845
222420,14608767,"A classic fighter with an enormous and varied cast. Decent (postpatch) netplay, great music/sprite art, and the developers have been excellent at providing post-release support.

https://www.youtube.com/watch?v=FbpXplP_WFE",True,1424688295,6,6,0.545441806316375732,0,1158,1210,76561198003961978
222420,70560319,Clasicc game,True,1591747419,0,0,0.5,0,1280,1923,76561198170919282
222420,106312918,good classic,True,1640208016,0,0,0.5,0,880,949,76561198447729795
222420,72748030,Best KOF ever.,True,1594840428,0,0,0.5,0,686,1245,76561198051968513
222420,69015563,"If you're looking for a fighting game that rewards neutral, then this is the game for you. If you like classic KOF, then this also is the game for you.",True,1589296676,0,0,0.5,1,2146,6246,76561198084073169
222420,93184319,Pretty cool oldschool fighting for boomers! Kyo Kusanagi is my waifu!,True,1622831693,0,1,0.5,0,1328,1340,76561198401404113
222420,101784457,this is one of those video games that are kick ass,True,1635466588,0,0,0.5,0,1360,3040,76561198025271493
222420,85531653,"Best fighting game ever created netcode sucks though


Edit: IT HAVE ROLLBACK NOW WHATEVER THAT MNEAN",True,1611883205,3,1,0.528795838356018066,0,8174,8828,76561198423291201
222420,118729366,Best to KOF game since it has team american sports,True,1657685865,0,0,0.5,0,810,994,76561199070109981
222420,56782983,expect a lot of kids hopping online soon LOL,True,1573243614,0,0,0.5,0,922,2418,76561198036967239
222420,77273584,probably the best fighting game i have ever played,True,1602235665,16,2,0.662325859069824219,0,34515,38271,76561198346091171
222420,163548410,KOF fans(like me) got this game because of eiji. Its KOF 98 with rollback netcode!!!! Stop playing it on fightcade and support this great title.,True,1714036586,1,0,0.523809552192687988,0,1585,1721,76561198000647851
222420,101564498,Rollback netcode has been added in a recent update and now the game is playable online.,True,1635095676,0,0,0.5,0,1187,2255,76561197997333673
222420,204112628,"Se eu soubesse que esse KOF é uma evolução total do 97, talvez eu tivesse comprado ele primeiro. Apesar de também ser um dreammatch, ele tem tudo que o 97 não tem, como: sala de treinamento, mais personagens uma leve melhorada na gameplay, mas eu tenho que destacar um ponto alto que praticamente todo KOF tem que é a trilha sonora! Todos os jogos dessa franquia tem uma OST maravilhosa que, não ironicamente, escuto todos os dias. Meu conselho é esse, se você quer só gameplay, combos e jogar online, compre esse primeiro, se quer jogar um pela história e música boa, compre o 97 primeiro, de qualquer forma, recomendo os dois.",True,1757627595,6,0,0.601788759231567383,0,726,1433,76561198245827598
222420,87586468,Good.,True,1614489165,0,0,0.5,0,762,1198,76561198398900558
222420,13638062,"One of the greatest 2D fighting game of all time (along with KOF 2002 =P ).
Since the Dev made improvements from the original release, it's so much better and it's a joy to play again this classic (and the online gaming is good).

PS: Last but not least, it will be so good if they put the awesome arranged songs, but nothing that takes merit from the game, it's just a improvement.",True,1419691420,2,0,0.519601404666900635,1,854,2771,76561198038019198
222420,66366363,"one of the best 2d fighting game out there sinice 1998, i think they should release CVS2 on PC too",True,1585767934,6,0,0.605695486068725586,0,6988,7387,76561198016423723
222420,65978987,"Ohh man the more & more I play this KOF the more i realize why everybody says KOF 98 is the G.O.A.T
So The pace of this game to me feels slower then 02 & XIII, but a tad bit faster then KOF XIV. 
So out from the other KOF games 98 feels newcomer friendly & a game where you can learn KOF fundamentals.

-Big Roster
-Graphics look good for 98
-Music is cool
-stages look unique
-American Team (Heavy-D) 
-Good replay value
-60 FPS
-Online is fun but prepare for South America & China to whip your ass 
-Cool intros & special Intros

To be honest I think more people should try this game, stop looking at it & Buy it.",True,1585362492,16,0,0.68090522289276123,0,1693,3389,76561198293533274
222420,24590811,"For $17. This game's replay value pays itself back so well for the vast amount of characters to potentially master.

Be warned you have to find your opponents through SNK fighting game communities like Dream Cancel or Orochinagi though. Since lobby search is deader than dead. When you do find someone it's  only featuring people who play on a DSL modem or a wifi adapter you would find at a dollar store.

As for the gameplay. This game series is a rude awakening if your first game was something like the Street Fighter IV series.  Since Anti Airing, General footsies, execution timing/leniency, how command/super throws, and priority of moves are quite different than what you may have been accustomed to. The combos are pretty forgiving in this game to get adjusted to.

Lastly regarding the netcode of this game. It depends greatly on how far your opponent is from you and how good both of the opponents' ISP package. If one has mediocre internet, then the experience won't be any better even if the other player has the best high speed wired connection in your continent. It's inevitable though you'll get a player with a mediocre Wi-Fi connection though.  When this happens. You'll notice inputs dropping alot and throw timing off for you.

Despite these flaws. This game is really enjoyable if you can find a good match of a player close to you and with a good wired connection.

8/10",True,1469775882,2,0,0.521109044551849365,0,8707,49343,76561198007760547
222420,19667053,"I got this with the new HB. I must say, this is reliving my childhood memories. I wish every game that came with the HB collection was on Steam tbh.

10/10 would Mirror Match Terry B. online and Power Dunk Double KO again.",True,1449980372,3,0,0.518568933010101318,0,693,693,76561198049959644
222420,181177268,"The best KoF. Better game balance, netcode, player room, soundtrack than KoF15",True,1733006883,2,0,0.530203700065612793,0,6599,9248,76561197994220793
222420,106798459,98 98 98 98 98 98 98 98,True,1640752813,0,0,0.5,0,895,1214,76561198079026919
222420,101581581,"Classic game with a giant roster AND now featuring rollback netcode (and soon to be lobbies/spectating apparently)!

An absolute steal, thank you Code Mystics for the hard work. Buy this game if you like large rosters, cool characters and wild combos =D",True,1635121037,0,0,0.5,0,737,3587,76561198088945690
222420,74319204,"One of the best in the KOF series, the hardcore difficulty but the satisfying gameplay.

The online is either really good or clunky, depends really.
Overall is best played with a friend or sibling, so that you'd have a constant challenge to grow.
You win some, they win some, you win alot or get schooled. Its one of the hidden miracles in fighting games.

And this one is really good at that experience of actually becoming better and better
while having near infinite number of possibilities to experiment along the way.",True,1597448703,0,0,0.5,0,3159,7613,76561197988974864
222420,101620995,It's a great kusoge.,True,1635191865,0,0,0.5,0,16038,20543,76561198061754510
222420,101385110,"This is probably the best incarnation of KOF. Now it also has rollback netcode, so its main problem is gone now.  This is the best way of having one of the most popular fighting games of old.",True,1634816389,3,0,0.525862038135528564,0,6737,6983,76561198027005470
222420,18181637,10/10 would blitzball and ここですか again,True,1443159461,0,0,0.437544912099838257,1,1265,2050,76561198119916384
222420,106650485,Recommended. Improved Netcode,True,1640603076,0,0,0.5,0,7885,8513,76561198283262324
222420,46095536,Not a bad port,True,1542846309,0,19,0.49470105767250061,0,783,958,76561198058230663
222420,106258160,98 is probaby the best classic KOF. A must try if you like fighting games.,True,1640126190,0,0,0.5,0,990,5007,76561198073176926
222420,106260529,"[spoiler]https://www.youtube.com/watch?v=dJsPydvuGyg[/spoiler]

[i]something something r word something something[/i]",True,1640129688,12,7,0.499449104070663452,14,2432,2811,76561198836554158
222420,13778401,"2nd best KOF game in the series to 2k2UM in 1st. Online netplay is decent and Inputs are smooth, worth buy if you are a fighting game/snk fan.",True,1420184131,1,0,0.523809552192687988,0,1657,9968,76561197960525299
222420,91077743,"Apart from Omega Rugal feeling a little bit too easy, this truly is the definitive edition of KOF '98. While the new health bars aren't that good in comparison to the original, it more than makes up for it with the addition of boss characters and variations of characters already present in the original roster.",True,1619649774,2,0,0.523809552192687988,2,728,2124,76561198212450500
222420,170497808,The best KOF game ever made. Really hope we get another UM game like this one.,True,1721673263,0,0,0.5,0,1254,2902,76561198799215691
222420,106384158,"I used to only recommend this if you really loved KOF 98, but with the rollback netcode update; that makes this game a must have.",True,1640297508,0,0,0.5,0,2091,4097,76561198802542624
222420,101530341,"This game is very simple and a good improvement from its original incarnation. It has simplified controls that are much more forgiving than the old making it much more new player friendly. 

This is recommended for new people coming into the KOF series as learning is easy and it has a decent skill ceiling.  It teaches a lot of fundamentals for fighting games in general as well.",True,1635045946,2,0,0.517857193946838379,1,2259,7086,76561198294638965
222420,101696999,The best fighting game ever made. #PlayKOF98,True,1635316233,2,0,0.503928184509277344,0,5215,22706,76561198153415500
222420,13462136,"The Good: It's the best King Of Fighters game.

The Bad: It still controls like a KOF game.

The Ugly: The announcer should just stick to voicing King and Blue Mary.",True,1419039517,2,0,0.545454561710357666,0,9300,9321,76561198037441697
222420,15803856,"this game made me look like this 
／ﾌﾌ 　　　　　　 　ム｀ヽ 
/ ノ) 　）　ヽ 
/ ｜　　( ͡° ͜ʖ ͡°）ノ⌒（ゝ._,ノ 
/　ﾉ⌒7⌒ヽーく　 ＼　／ 
丶＿ ノ ｡　　 ノ､　｡|/ 
　　 `ヽ `ー-'_人`ーﾉ 
　　　 丶 ￣ _人'彡)
10/10",True,1431459796,6,20,0.418866515159606934,0,2375,7072,76561198026940701
222420,57798893,The perfect version of a great classic arcade fighting game.,True,1574638803,0,0,0.5,0,7694,9376,76561197980747280
222420,67108428,King of Krauser 98,True,1586626696,0,0,0.476190477609634399,0,860,1184,76561197998880421
222420,102054588,A must have for anyone looking to satiate their hunger for classic fighting games.  The ability to customize your style of play and how you use energy for supers is fun for players of all skill levels.  The entire roster oozes character and charm providing a cast of characters you will never get bored of watching.  Get this for the next competitive or casual gathering you go to.,True,1635801936,0,0,0.5,0,1787,3110,76561198046352533
222420,70337066,"AnyBody Know how to Defeat the Gremlin Lord in the Evil Realm of this Video Game? Lmao. This is an RPG, and Like Boss battle RPGs are Incredibly plus on bloke. This is the shittiest game I have ever played. And then I said : 'No, This is Tekken 7.' And I have Never Seen Him Since.",True,1591369712,0,1,0.433070838451385498,0,6730,7833,76561198253727630
222420,168089262,I love that Vice has a 1f invulnerable grab that makes me panic. 10/10 game,True,1719235782,1,0,0.523809552192687988,0,2281,4917,76561199653766594
222420,159892813,"Both this one and 2002UM are amazing games, but I think this one wins by a hair. The presentation is more like akin to its original counterpart (2002UM's visuals are actually better than its original counterpart but I appreciate 98UM actually keeping some fidelity), and if you want to play the original 98, you can via the NeoGeo mode. The gameplay adds just the right amount, Ultimate Mode lets you be a little more creative, but not too creative a la CVS2's EX Groove modes, everyone from 94 to 98 is here plus some new extra versions for some characters, (EX Yamazaki Level 5 Drill FTW), and while the bosses are still cheap as hell, at least they're not a one-time attempt with a ridiculous amount of health like 2002UM's Rugal boss fight LMAO. And the online is pretty damn good, too. It's tied with KOF XI as my favorite KOF game. (Man, I would LOVE a Steam port of KOF XI someday...)",True,1709628809,4,0,0.589434385299682617,0,3386,4569,76561199012550452
222420,106228421,yes,True,1640087097,3,0,0.53023982048034668,1,2840,3547,76561199089999678
222420,101890185,Rollback Netcode,True,1635604537,0,0,0.5,0,928,6142,76561198355067119
222420,102150120,Great for a fight night with the boys,True,1635946256,0,0,0.5,0,4325,5439,76561199065254361
222420,109017351,"my config fix fps and play in window mode 100% scanlines , vsync off , with a 144hz monitor will be perfect !!",True,1643459315,1,0,0.523809552192687988,0,2129,10708,76561198208943841
222420,18705623,It's KoF 98 with a bunch of options and many settings & modes to find something your pace or play style.  Definitely a must for your library if you're into fighting games at all (and obviously a recommendation for KoF fans).,True,1445914663,0,0,0.5,0,1239,1668,76561197977515982
222420,16341833,"I might not be able to speak for everyone else, but KoF '98, along with this update, is what got me more into fighting games. There's such a delightfully large variety among the cast of characters, whether it's ease of use, skill cap, playstyle, or personality that it's really hard to not like at least a couple of them. There are so many ways to fine-tune your playstyle and mess around with different options, e.g. ordering your characters in different ways or hand-picking the different Advanced or Extra options, that you can really find something that works for you or use stuff way differently than it was intended and still have fun. What's really important, however, is that the game doesn't present it all up-front so as to intimidate newer players. It's all pretty smoothly integrated into the regular gameplay, with the exception of typical fighting game shenanigans like memorizing special moves and such. The game is excellent at really making you feel comfortable with the mechanics and cast and really lets you experiment until you find something that fits you just right, and it's because of this that I recommend it to anyone who might be interested in fighting games. Simple enough and with a wide enough breadth of content on a surface level to draw anyone in, fighting game player or not, yet technically complex and demanding enough to keep veterans interested for a very long time.",True,1434150441,1,0,0.502262473106384277,1,1303,1334,76561198052249727
222420,26225854,"Classic KOF
Secret fighters
Multiple Differents types of control with Advance and Extra options
Fun with friends
Whats else do you want.",True,1477457777,3,0,0.540636062622070312,1,715,823,76561198043965801
222420,94178295,One of the classic fighting games. Also i stan Billy Kane,True,1624385035,0,0,0.5,0,739,1671,76561198154490238
222420,101793241,"A well-balanced KOF game with a lot to do with different modes and more characters. With rollback netcode and a soon-to-be improved lobby system, this game has a bright and amazing future ahead of it. Play KOF.",True,1635481865,1,0,0.5,0,11068,20929,76561198825339743
222420,166264050,"Atleast It's better than Vanilla NeoGeo 98
but it lacks the playerbase since brazilians will take the free versions of KOF Throughout Fightcade2
Recommending for everyone to play if you want a better rollback and better version of KOF 98",True,1716970701,0,0,0.5,0,7634,11789,76561198121096637
222420,68061582,"KOF 98 with Krauser, what more can i ask? Ah yeah, ROLLBACK NETCODE, C'MON DO IT CODE MYSTICS I'M HEREEEEEEEEE.",True,1587911051,1,1,0.523809552192687988,0,676,2541,76561198051009855
222420,60875695,"If you're looking for a fighting game that rewards neutral, then this is the game for you. If you like classic KOF, then this also is the game for you.",True,1577665375,1,0,0.525547444820404053,0,2566,2628,76561198194512355
222420,158566515,peak,True,1708206291,2,0,0.549180328845977783,0,1121,2057,76561199229003506
222420,105332725,"Fantastic update of the classic KOF 98.  They add in all the missing characters from 94-98.  Instant classic.  New special moves, new stages, new balancing...love it!",True,1638760520,0,0,0.5,0,2359,4998,76561198994311675
222420,107201588,"People in this game are pretty crazy. No logic, no reason...",True,1641193315,1,0,0.473625034093856812,0,794,2180,76561198022512109
222420,56932554,epic old fighting game,True,1573401514,0,0,0.5,1,3259,5345,76561198150510627
222420,30366776,It's Just like in the Arcades!!,True,1488861858,0,0,0.5,0,2135,2570,76561197998961878
222420,113371006,My childhood game,True,1649149913,0,0,0.5,1,833,1989,76561198132173507
222420,186686157,"This was the first game I ever played. When I was very young, my parents left me at the arcade saloon with a few coins before they going next to the mall. The only machine there available was kof98. And i put the coin and start playing, this is how i meet games. And that feeling for me priceless",True,1738168897,0,0,0.479452043771743774,0,2555,2555,76561199165669962
222420,105251980,i s great,True,1638662133,1,1,0.52173912525177002,0,1805,3926,76561198175041657
222420,174932651,It's a lovely game.,True,1726316203,0,0,0.5,0,736,736,76561199380091980
222420,105499829,You can finally pit Rugal against Krauser in this game.,True,1639021782,0,0,0.5,0,1877,3186,76561197984433019
222420,101562547,"Really great game. 

The gameplay is fantastic, fast paced with more emphasis on movement options and air interactions with combos that aren't too long, and it also sets itself apart from other KOFs by having three viable modes: Advanced, Extra, and Ultimate (which allows you to mix and match mechanics from either Advanced and Extra) that each have their own advantages and play styles. In addition, there are a lot of really fun characters that aren't too hard to pick up, and the soundtrack is great. 

Code Mystics once again has done a fantastic job with adding rollback netcode and I can play matches from across the country and even with people in Europe and have a very playable connection.",True,1635093320,3,0,0.542546391487121582,1,8559,59233,76561198078988973
222420,42950546,"(Rework on the review of kof 98 um FE)

From kof 1994 to kof 2014 SNK brought up a final edition of the unlimited match version of king of fighter 1998 with a rework of characters such as either nerfs or buffs to balance out the game  itself

and needless to say they did a very great job of doing so to! characters that you may have found useless before may have been improved and now may be of some use to you but be also warned your main might of had a chance to get nerfed
needless to say though they did fix a good amount of bugs (such as athena appearently becoming jesus and being able to low kick you to death) the game itself is most likely in my opinion the best version of 98 heck the nerfs in the game are not even to harsh either if anything EVERYONE got better at the game (billy kane can no longer fear of being bottom tier now to!) 

however the one downside is that there is no arranged soundtrack still BUT in one of the guides someone made a mod that replaces the ost with the AST be sure to check it out to if you missed the ast!

overall it really is the best version of kof 98 it fixed the bugs that actually broke the game or just made it straight up unfair and every character gotten better in general to
its pretty easy to learn as well (don't be afraid to go into training mode cause ya never know if ya gonna need it lol)",True,1529720061,9,0,0.600953280925750732,0,2570,6233,76561198218092588
222420,13410986,I like athena,True,1418784052,10,0,0.494784235954284668,1,818,3743,76561198072291011
222420,43037833,"Full Training Mode with a multitude of settings.
Challenge Mode with informative tips for new players.
Re-Configurable controls with multi-button. (E.G LP+HP).
Contains a perfect port of Original KOF'98.
Has Online (Not tested, but I would hope it would be ok. Not really my thing anyway.)
Has Geese, Wolfgang and Mr.Big. (Not the one from Sex in the City.)

Great enhanced port of one of my favourite fighting games, although its a shame some of the PS2 features like Colour Edit Mode didnt make the cut. Well, Well worth the £3.99 it's going for on deal.",True,1529937340,0,0,0.5,1,1127,8716,76561198272974706
222420,197185353,i love this game and you should love it too if you  dont  i dont love you,True,1749873976,0,0,0.5,0,716,717,76561198964931627
222420,108243733,ta bueno.,True,1642474054,0,0,0.5,2,735,977,76561198931922581
222420,13511997,"*They are continuing to patch this game, even after fixing issues people had. Doing a great job.

Ignore the Negative reviews, 90% of peoples complaints have already been fixed. Don't care about alternate backgrounds/music, I doubt I'd use them anyway. 

As far as the game itself, it's KoF '98 so there's not much to say that hasn't already been said. Great shit. The Super Street Fighter 2 Turbo of KoF.",True,1419209363,15,0,0.621170103549957275,0,2040,2384,76561197992760170
222420,66728555,"I bought the game already knowing it from years before...

One of the best 2D fighting games in terms of technique/balance
(my preferred one - better than SF2 IMO)

/!\ WARNING :this game requires a game pad
(there is cheap ones for sale online for ~10$)

possibility to play online but online players are super hardcore players",True,1586155272,2,0,0.505543231964111328,0,2436,2500,76561198263133193
222420,46207963,Awesome game. Brings back memories when i used to play them 25 years ago on cabs. Works perfectly with windows 10. No errors on my side so far and i've had it for over 1 year i think.,True,1542874745,0,0,0.49470105767250061,1,6777,18352,76561198002764629
222420,147754161,"Highly Recommended. 9/10*
Love this game, the art style, the music, the characters, the controls, the animations, the gameplay, everything is so perfect... i go back to my teenage self playing in arcades with my school friends.",True,1696615655,0,0,0.5,0,1569,1812,76561198250991816
222420,175860291,"Of all the legacy KoF games, I think I like this one best, but it's a very close tie with '2002 and XIII, which are both awesome games.

I feel '98 UM FE has the best mix between the quality of its combat mechanics and presentation, with a big mix of characters to play with. Honestly, the difference between this and '2002 is pretty small as far as I can see, and although I've not played that one as much as this,  I just personally prefer some of the character move-sets and voice acting in this game. 

XIII has better graphics, some nice character customisation and other good modern features, and in some ways is a bit easier to pick up and play as a beginner, but it's also more complex in terms of the combo potential. 

I'm what you'd call an intermediate level fighting game player, in that I can get very good at them when I practice long enough, but I'm not quite dedicated enough to practice over and over enough for the very highest levels of play. For this kind player I think '98 might well be the best game of the series, as it's learning curve is kind of steep, but once it clicks the whole game opens up to you without needing to study very advanced combo-chaining systems.

I also like how difficult the default single player Arcade mode is in KoF '98. I think I beat '2002 on my few credits, whereas KoF '98 I still cannot even get to the boss after 14 hours of play, no matter how many credits I use. This is really good for legacy games, and gamers like me who're content to play offline when they're not in the mood for online matches. 

I've not played this one online, so can't comment on whether it's much good or not. There's an estimated 60-90 players a day for KoF '98 all in all at the time of writing, but that may cover consoles as well, and there's a fairly healthy number of people playing it over on Fightcade. But I'd advise getting this Steam version as the presentation is really nice, and there's tonnes of content to play with before you'll want to move over to online play.

Definitely one of the best fighting games I've played, 10/10",True,1727422915,6,0,0.598311960697174072,0,853,1175,76561198131230522
222420,38593770,"""It's fun and has some really cute boys and girls""-GCNess (2017)",True,1514060352,3,0,0.506197571754455566,1,1541,2878,76561198255141773
222420,88349435,takes me back to the days before george bush ruined video games,True,1615626470,0,1,0.5,0,4609,5068,76561198119663514
222420,198627465,all time great,True,1751360949,0,0,0.5,0,14167,14872,76561198981802426
222420,101563852,"IT ALL BEGAN IN ‘94.
KEPT ON ROLLIN’ IN ‘95.
PIECES FELL IN PLACE IN ‘96.
IT CAME TO THE END IN ‘97.
AND NOW IT COMES AND HERE WE GO.
THE KOF IS HERE AGAIN.

NOTHING’S GONNA STOP IT’S 1998.",True,1635094866,8,1,0.617391288280487061,0,1415,4142,76561198072265463
222420,63191866,"best version of 98 by far. it fixes the balance issues that plagued 98 and 98 um while making it more fun to play other characters. online netcode is ok though. some people with good looking netcode will run poorly while others that look bad might end up running better. don't trust the numbers. 

8/10 till the online gets fixed 10/10 if it does.",True,1581213861,0,0,0.5,0,1017,1855,76561198212437563
222420,90232549,This version of the game is much smoother than the original. a nice upgrade for an already great classic fighting game.,True,1618304373,3,0,0.525708198547363281,0,4727,8088,76561199136083217
222420,13834370,"with the new patches, there's no online problems for me",True,1420397552,2,0,0.529411792755126953,1,1141,2009,76561198028153014
222420,51546531,best fighting on steam,True,1561771865,0,0,0.5,0,3095,4525,76561198146055033
222420,13521607,"GREAT TOMAHAWK

netcode works pretty good same coast, the devs are actively updating the game as of this writing so it's been a bit better",True,1419253299,3,0,0.548544585704803467,1,786,794,76561198004421377
222420,59350550,"Why do I need the vanilla/original version while this version is waaaaaay better? I honestly don't understand why people prefer the vanilla version. This is a ""must play"" game, because it all characters from KOF'94 to KOF'97. I know the netcode is always slow and laggy too the point that is almost unplayable, and I know some of you would rather download the PS2 emulator just because it's free while the Steam version is not, but let's be real, buying the game means you're supporting official release, and as for netcode, I know you guys want to play this game with random people or your friends, but all you need is to fix network settings, and that's it. You're good to go. Personally, I think the game is still fun with or without online mode.

Updated/Edited: Now that rollback is finally made, now's your chance on buying this game. It's worth it.",True,1575644692,0,1,0.5,0,2906,8165,76561198175671115
222420,137282959,Timeless classic. A real fighting game where you can't simply win by pushing random buttons unlike games like Tekken. Highly recomended.,True,1682439984,0,0,0.5,0,698,712,76561198161289655
222420,20674746,"Possibly the best fighting game ever made, made even better, with good online multiplayer capability.",True,1453449833,0,0,0.5,1,3600,6080,76561197960273775
222420,122375599,It is really good,True,1663421705,0,0,0.5,0,1207,2343,76561199365577856
222420,24447334,best kof no doubt!,True,1469130687,3,0,0.559050261974334717,0,3690,6315,76561197991236570
222420,117947421,best kof game 10/10,True,1656616119,1,0,0.523809552192687988,1,726,2467,76561198308775496
222420,14505589,"Il faut l'acheter, c'est le jeu de la vie.
11/10 IGN",True,1424123109,1,5,0.478392928838729858,1,1580,5271,76561198004655455
222420,17119521,"One of the BEST fighters to ever exist hands down, puts SF(of the same time) to shame in terms of depth and gameplay. Wide roster with an excellent soundtrack and 10/10 gameplay. '98UMFE fixes so much from previous versions its amazing and worth the 15$. Netcode on this port is ok but the online is dead. Get some friends to enjoy it with you",True,1437287272,6,0,0.599379777908325195,1,3002,18863,76561198013061326
222420,101562415,"The ""super turbo"" of kof, a timeless class now with rollback netcode",True,1635093168,0,0,0.5,0,1237,8433,76561198006609836
222420,36284839,Rashomon,True,1509843458,10,1,0.565332293510437012,2,8098,10580,76561198360050195
222420,15060708,"One of my all time favorites, along with Third Strike. I honestly believe that this is a game that will always be played somewhere in the world, seeing as it's still going on strong in china. An absolute masterpiece, more than 4 characters are viable on high level play, in comparision to vanilla 98. Definetely reccomend it to anyone, and the netplay is also pretty dope! Hope KoF14 will go back to it's roots and be similiar to 98.
NOTHING IS GONNA STOP IT CAUSE IT'S NINETEEN NINETY EIGHT",True,1427381395,6,0,0.616724729537963867,0,1891,16461,76561197989318188
222420,74109611,"The most important thing to note here is that this isn't the same KOF 98 Ultimate Match that was on the PS2. That was a revision that did more harm than good and somehow managed to make the game less balanced and less fun.

This version on steam is Ultimate Match Final Edition which is actually a second, and much better thought out, update to the game. The vanilla version of KOF98 is available but you can't play it online. It does not have the 3D stages and arranged soundtrack of the PS2 version. I don't know if that will be a deal breaker for you.

The appeal of KOF 98 is that it has the best balance between stuff. Not characters (though UMFE helps a lot here) but STUFF. Projectiles are good. Throws are good. Pokes are good. Combos are good without being obnoxiously long. Defensive options are good without hijacking the game. The movement options are good. The various uses for special meter are all good. This isn't like most fighting games where if you don't like a specific playstyle then you won't enjoy any of it. Do you like zoning? Grappling? Rushdown? Counter-poking? Gimmicks? There will be a character for you here. 

If you want an idea of how much of a difference the balance tweaks make: the USA sports team is good in this game. Not 'decent'. GOOD. 

It's a short combo, high damage game so it's pretty easy to pick up.

Unfortunately the online play is behind the times. It uses delay based netcode and the 'lobbies' max out at 2 players. Hopefully it will get updated to rollback netcode like some of SNK's other games on Steam.",True,1597106858,84,0,0.877196967601776123,0,1295,1346,76561197963397868
222420,13408999,"Pretty good game.  With 64 characters you can find yourself on here for a while playing with friends.  A pretty good amount of modes, good controller/fightstick support,  The netcode can have its ups and downs but I played with people in my own country and got no lag and didn't see lag until I played with europeans.

Overall a good buy for anyone who likes SNK games.  Can't wait for KoF 02 UM,",True,1418771404,17,0,0.540301740169525146,0,695,742,76561198012717466
222420,101618264,"Great fighting game, a great KOF, and the base and must play if you want to understand the core of the series.",True,1635187863,0,0,0.5,0,1692,7699,76561198014978762
222420,32304993,"TL;DR

1. This is not only the best KOF, but IMO the best fighting game period.

2. The port is solid, works really well offline, but doesn't have the best online and is missing features from the PS2 port.

3. This game needs more exposure!




INTRO: A BRIEF HISTORY OF KOF 98

KOF 98 at its first release quickly became one of SNK's biggest blockbusters in the arcades. Having just wrapped up their first significant story arc, the Orochi Saga, in 97, SNK decided to make their first Dream Match game, where the cast was not bound by any canon restrictions. As a refinement upon gameplay concepts explored in KOF 97 and featuring characters who had died during the Orochi Saga, 98 was received with open arms.

In the years that followed, KOF 98 stood as a legend in fighting games and remained one of the pinnacles of KOF. Through new KOF entries and even SNK's own demise, 98 remained a constant in the KOF community and still has strong widespread communities today.

To celebrate the 10 year anniversary, SNK released a remake in KOF 98 Ultimate Match, where a lot of positive changes were made to the original, including the rework of the previously weak and gimmicky Extra mode, and cool new characters were added. 98UM brought back the '96 boss team (Geese Howard, Wolfgang Krauser, and Mr. Big) as well as Kasumi and Eiji. In addition to these, 4 new EX characters were added (EX Blue Mary, EX Yamazaki, EX Geese, and EX King: the former three being based on their appearances in Real Bout Fatal Fury 2, while EX King being based off her Art of Fighting appearance).

These 9 additional characters round out the cast to a whopping 59!

However, there were some significant balance problems that plagued it, the most infamous of which being Krauser's dominance: his overwhelming strength was enough for him to end up on the teams for most players. After Tougeki 2008, KOF 98UM had lost a lot of popularity. Most in the 98 community preferred the original to the Krauser fest.

A couple years later in 2010, a new revolution in the arcade industry was introduced in the form of NESiCAxLive, an online distribution service for arcade games ran by Taito. SNK Playmore chose to release 98UM and 02UM on the service. 02UM already having been an amazing success for them, they wanted 98UM to attain similar success. And here is where we get to...


KOF 98 UM [FINAL EDITION]

For KOF 98 UM's NESiCA release, SNK Playmore decided to update 98UM. This update brings about a host of balance changes (great list compiled here http://dreamcancel.com/wiki/index.php?title=King_of_Fighters_98UM_Final_Edition) to fix the problems of the first 98UM. With the exception of Krauser receiving a host of nerfs and touches to Iori's command grab and Eiji's MAX projectile super, the entire cast received buffs and/or quality of life changes, and certain system mechanics were standardized (Extra meter charge times, charge motion input times).

It's absolutely astounding how well refined the balance became. EVERYONE is strong, EVERYONE is a threat. The tier list is SUPER compressed as a result of how viable everyone in the game is. Everyone has fun and interesting tools. Honestly this may be the closest to perfection humanity may see in this lifetime.

So yeah this game is fucking amazing on the gameplay end of things, but let's take a look at this port finally.

3 years of thinking we may never get this game, and it finally comes.




TECHNICAL REVIEW

This is a pretty solid port, but unfortunately not quite as incredible as the game itself is. Code Mystics ported over the 360 version of the game and implemented the Final Edition balance changes with new netcode. WHAT DOES THIS MEAN?!?!?

Well unfortunately that means this version doesn't include certain features from the PS2 version.

-No 3D stages (your mileage may vary, I don't like these very much personally)
-No arranged music (easily modded in if you look at the guides, but not having options is the slightest touch annoying)
-NO COLOR EDIT (this I'm actually really tight about. It's probably possible to mod the color palletes in the game but UUUUUUUUUUUGH)

All the other stuff is there though, and the game runs really well. The button config is also way better than the 360 version as not only can you just select the button you want to configure and hit your button, BUT YOU CAN TEST YOUR BUTTONS IN THE MENU. No more menuing through all those buttons and being utterly confused as to which buttons on your nonstandard controller/stick are which!

Code Mystics was also REALLY COOL and patched in options to see your inputs in training mode! No frame counter on it but still cool.


ONLINE

Online multiplayer is basically a requirement these days, aaaaaaaaand that 360 version's online was really really bad. How's this version? Not ideal unfortunately, but servicable enough in some cases I guess?

Despite GGPO's revolutionary rollback netcode implementation being a tried and true method, having cultivated large communities together for older games, it's unfortunately not here. Instead using the clearly outdated method of just adding input delay to compensate for lag.

This leaves me to address something that's outside the scope of this port.



THE COMMUNITY

One of things that curses 98UMFE is that the only platforms it's been released on are Steam and NESiCA. This ends up actually limiting some of the outreach this game can get as

1. NESiCA isn't the most widely spread arcade platform. A lot of KOF tournaments for older games are held on the original boards they came out on, including 02UM.

2. Steam (and PC in general honestly) isn't the most popular platform for tournaments in general. Most games utilize consoles or arcade boards where applicable.

It'd be really cool if 98UMFE was released on MORE platforms so it could hopefully get more exposure.",True,1497053320,2,0,0.451980799436569214,3,3682,12176,76561197987164958
222420,20640211,"Witness the glory of the AMERICAN SPORTS TEAM

Definitive version of one of the best fighting games ever made",True,1453289530,3,0,0.442442148923873901,0,893,1213,76561198044934210
222420,94253061,Pretty good game that would be much better with rollback.,True,1624511564,2,0,0.52173912525177002,0,3838,3851,76561198052889052
222420,105475988,Best fighting game ever,True,1638986321,0,0,0.5,0,925,965,76561198064771029
222420,14921721,"AWW MAN IM JUST A CASUAL who does not play fighting games. So I am going to say things only a ****ing casual would say. NO ARANGED SOUNTRACK because when I play my fighting games the god danm music is so important. I can't edit the color of my characters, because let's face it guys, if I cant make my character look super cool with my color sprites and such, how am I suppose to be able to beat up on other players with out awsome color customization. This game has no full screen mode: BECAUCSE LET ME TELL YOU PLAYING A FIGHTING GAME ON A 1920x1080 IS SO IMPORTANT. I mean really guys it's so important that if i don't have it my balls will not drop! AWWW MY GOD, this game is so bad, But I would like to make this important statement guys. I am a true KOF fan, I mean just look at how much time I clock into the game I mean playing kof13 for but a mere 24 hours makes me a real fan rite? RITE? Also every single one of us that is talking crap about this game. we actually know what we are talking about, trust us, we actually went into training mode and practiced the entire 30 min before we went online =3, we are pretty elite if you guys could not tell. I never use HD mode in KOF13 though just because that for losers =p. (I'm so ****ing good at this game I think I know what i am talking about.",True,1426524620,0,2,0.5,2,3373,3869,76561197999837860
222420,152307871,the best KOF game. make sure to play saisyu kusanagi.,True,1701125224,2,0,0.523809552192687988,0,19945,20903,76561198384672782
222420,210737388,i loooooooove kof,True,1764125500,0,0,0.5,0,777,899,76561198031587008
222420,36521038,"It is very fun to play with friends, but bots are hella cancer. 
Also I enjoy erotic Iori and Kyo fanfictions.",True,1510701583,2,1,0.452473223209381104,0,751,3073,76561198154295492
222420,27073127,"This game deserves the ""Game Within a Game"" award for having the original KOF98 within it. And people tend to play the original over 98UM anyway.",True,1479975784,1,0,0.500831961631774902,0,1282,1797,76561197995271110
222420,139711037,It’s perfect!!!,True,1686180320,0,0,0.5,0,688,1310,76561199097009079
222420,81745507,"Literally the best KOF to date, AND it now has rollback? You gotta buy this game bro, way better than 02UM",True,1607285634,2,1,0.49714285135269165,0,3862,4608,76561199084978784
222420,172075105,The roster of fighters in this game is huge. Great background sets as well,True,1723592279,1,0,0.523809552192687988,0,1483,1483,76561198217635055
222420,66701637,Definitely the game to get. Brings back great memories. Huge roster and great amount of stages to choose from. This game gives you the option to play the original version of KOF 98.,True,1586119467,0,0,0.5,0,692,2055,76561198877376070
222420,69593607,"Great, classic game and UMFE changes are a welcome addition giving us more viable characters and ways to play. Netcode is surprisingly decent too (though it's delay based). 
Cons: UI is pretty rough, training and online options are limited,",True,1590140060,1,0,0.525547444820404053,0,1615,2854,76561198006016531
222420,27353055,"This game is a true classic, a monument among fighting games.",True,1480033958,0,0,0.5,1,1931,4778,76561198036190944
222420,29235580,must have,True,1484351084,0,0,0.468483805656433105,0,769,2499,76561198084044398
222420,167522345,This is simply one of the best games in history. I wish I had more time to play it like back in the day. Thanks a lot for bringing it to steam! The only thing I'd like to get in future updates would be color editing.,True,1718571365,2,0,0.5,2,841,841,76561198163785948
222420,88190720,Best Kof Ever!!,True,1615385083,0,0,0.5,0,14384,26279,76561198052013768
222420,145053115,best Kof,True,1693050612,0,0,0.5,0,14063,17762,76561198365056804
222420,65567704,Another of my favorites growing up. One of the best.,True,1584897909,0,0,0.5,0,1707,2123,76561198123349577
222420,103652727,Rollback pretty good,True,1637814045,0,0,0.5,0,3488,3913,76561197968997932
222420,150335152,👍,True,1700286069,0,0,0.5,0,950,1034,76561198044340901
222420,176234468,Still one of the sickest fighters to ever exist...,True,1727891463,3,0,0.542326509952545166,0,729,994,76561198056948310
222420,13496154,"Update: when switching to Beta. The online is amazing and very smooth.
definitly the best SNKP port so far
I hope KOF2002UM will be even better port

--------------------------------------------------------------------------------------------------------------
I played one game online with a friend at my city
ping was jumping from 80 - 4000 and the match was freezing at many points
I'm enjoying offline matches with my brother though
I hope you will be able to fix the net code ASAP",True,1419163640,2,0,0.519601404666900635,1,1230,1848,76561198104995722
222420,21401797,"If you are a KOF fan, it is a MUST have game.

Compare to 1st Edition of KOF 98, KOF 98 Ultimate Match Final Edition provides other characters such as Eiji Kisaragi, Kasumi Todoh, Geese Howard, Wolfgang Krauser and Mr. Big in this roster.

Of course, you also can use the bosses of '96, '97 and '98. 

They are many pros in the online battle too.",True,1456217960,0,1,0.5,0,1074,1157,76561198158340550
222420,26927748,The best KOF of all time,True,1479940978,3,0,0.5546150803565979,1,3694,4851,76561198017722684
222420,26952244,A classic fighting game that I will definitely play over and over.,True,1479945407,1,1,0.500831961631774902,0,2025,6611,76561198273323466
222420,40334281,Good game better than mame versions.. Totally balanced game fun on online.. Good,True,1519409823,3,1,0.540192961692810059,1,1149,4535,76561198445228280
222420,30045375,one of my favorite games of all time. i highly recommend it for fighting fans,True,1487541070,0,0,0.455617010593414307,0,756,2022,76561198071698217
222420,111376097,SOOOTARÈÉÉÉ!!!,True,1646225537,0,0,0.5,1,5892,5973,76561198094140249
222420,52361430,"It all began in '94
Kept on rollin' in '95
Pieces fell into place in '96
And it came to an end in '97
'98 is good stuff. It has Mature AND Rugal, and you just can't say no to them.",True,1561885395,0,0,0.5,0,1292,1769,76561198028483782
222420,58177411,The best kof game classic masterpiece.,True,1574861066,0,0,0.5,0,720,1370,76561198082861511
222420,56424517,Being playing this game for years on the Arcade and now I'm really happy to own it on Steam.,True,1572805889,0,0,0.5,0,2478,5390,76561198327631548
222420,104869928,Nice.,True,1638294204,0,0,0.5,1,4194,6049,76561198063955523
222420,174494008,"Classic timeless fighting game, A++++++++",True,1725768926,0,0,0.5,1,1904,8325,76561198063170429
222420,117384030,"10/10 in every aspect.
(it also looks better than any of the newer 3d kofs)",True,1655857623,0,0,0.476190477609634399,0,847,893,76561198060239777
222420,70954285,good,True,1592431513,0,0,0.5,0,743,1512,76561198080085118
222420,13418887,"This is THE old school fighting game, amazing gameplay, sound & graphics.
The online is still a bit rusty, but the developers are saying they are working on it, hopefully they will improve it.
I still manage to get quite a few games online så it's not that bad, can just be a lot better.",True,1418838110,6,0,0.53753817081451416,0,1155,19961,76561197992742642
222420,100271267,Truly amazing game. The King of Fighters'98 was already awesome. KOF'98 UMFE makes it even better,True,1633053256,0,0,0.456431567668914795,0,3826,474096,76561198829358506
222420,13902168,"Great old school fighter. Has a great character roster, with much slower paced (but still fun) gameplay than modern fighters. The AI is quite difficult if you crank it up, in an obviously cheaty way.",True,1420764814,0,0,0.5,0,2236,2236,76561197984204216
222420,122985895,the best game forever,True,1664406604,0,0,0.5,0,6053,16222,76561199240934423
222420,133717344,:),True,1677470217,0,0,0.5,0,2539,2796,76561198026986106
222420,101356481,great game and the netcode is really good now too,True,1634756181,0,0,0.5,0,1202,3469,76561198219559572
222420,107273273,Good game!,True,1641267594,0,0,0.5,0,1832,2870,76561198847780123
222420,14304771,"+ Roster size and diversity, 3 modes (extra, advanced, ultimate), geese and all the old-cool-boss chars from FF and AoF, new EX chars and all chars from KOF 94 to 98, better balance, less bugs, decent online after the new patch, good gameplay, nice music (even if its the classic ost and no ast), nice KOF feel :)

- no Ast, no Color edit, no new filters for gfx, desyncs, some rare bugs, bad netcode for cross-continent play.

For KOF fans 9 out of 10, for non KOF fans but fighting game fans in general 7.5 out of 10. Still a solid buy, with great gameplay, nice depth and replay value and decent online netcode after the new patch.",True,1422926116,24,0,0.705040514469146729,1,1681,12252,76561198116141192
222420,186021529,Don't make them like this anymore!  not retard friendly. No auto combos... It will take your money! If ran on quaters,True,1737386563,2,1,0.510076582431793213,0,840,853,76561198056974374
222420,115659186,"I can certainly understand why many people consider this to be the best KOF game. It's my 2nd favorite KOF game (only barely behind KOF 2002 UM). I use to have trouble with the AI, but I've managed to adapt and improve my playing. The music is amazing and pretty much everyone from the Orochi Saga is here! This is definitely one of the most fleshed out games in the series",True,1652908623,0,0,0.5,0,6261,145785,76561198164280760
222420,18781414,"Over 60 playeable chars.
New stages added.
Kof 96 & 97 content added.
A must for Kof lovers.
The best of the series.",True,1446255619,0,0,0.5,0,951,1997,76561198113247644
222420,25209073,good game,True,1472399819,0,0,0.5,1,1578,23849,76561198127113972
222420,56944603,is very gud pls play,True,1573412775,4,3,0.581749081611633301,0,1376,5454,76561198126327634
222420,106338342,Perfect game with updated rollback netcode.,True,1640243331,0,0,0.5,0,1094,3489,76561198079901897
222420,55868335,second best fight game ever,True,1572308636,4,0,0.581749081611633301,0,1834,5326,76561198799300833
222420,89289735,The Best Fighting Game Of All Times !,True,1616986637,0,0,0.5,0,21393,21554,76561198998142989
222420,14509452,"Pros:
+ A very solid 2d fighter now balanced for good
+ Each character in the roster is unique, unlike certain overhyped game...
+ Krauser was a god in the PS2 version, now he is a cockroach
+ Perfect old school arcade port
+ Rollback Netcode


Cons: (The nice features that where in the ps2 where flushed in the toilet)
- Lack of AST
- No color edit
- No 3d backgrounds
- No art gallery/movies

I recommend this game for those old school hardcore fighting enthusiast, if you don't care about the ps2's nice features.",True,1424146384,9,0,0.633673906326293945,2,9069,11723,76561198130096352
222420,138345366,One of the most polished fighting games I've ever played. A massive improvement over Vanilla '98.,True,1684169164,1,0,0.503268003463745117,1,4945,16713,76561198008060801
222420,13432913,Best game ever~ Enough said.,True,1418926717,1,0,0.491760402917861938,1,1590,1967,76561198142985591
222420,167734933,"best street fighter, great work capcom :)",True,1718852769,3,3,0.5625,0,989,1241,76561199378992593
222420,110093216,"One of the greatest fighters of all time now with the best netcode of all time!

If you don't have it yet get it now.

Thanks SNK and Code Mystics!",True,1644700945,0,0,0.5,0,2269,2329,76561198126872746
222420,130845418,"KoF98 is one of my favorite games and while UM is mostly the same game, I still consider vanilla 98, which is easily playable on fightcade, is the superior experience.

PROS (compared to vanilla):
Larger roster with more color choices
Characters that were decidedly weak in vanilla were appropriately buffed; overpowered characters were given reasonable nerfs
Random elements removed (damage, stun, smiley, teammates interrupting certain grabs and combos during stun)
Engine slowdown has been completely removed
EXTRA mode can no longer spam supers when the player's health as low due to a cooldown
EXTRA mode gives the player a faster walk in exchange for the inability to run
ULTIMATE mode allows you to mix and match ADVANCE and EXTRA system mechanics

CON (singular) (compared to vanilla):
EXTRA Mode players are able to tech throws - one of the biggest hurdles new/intermediate players have to overcome is learning how to punish bad rolls; the easy solution is usually to throw the opponent during the roll, but the opponent is able to tech during their roll, so this simply doesn't work against anyone choosing to abuse throws. You therefore have to learn to punish the roll during the vulnerability frames after the roll with a meaty attack or a command grab. Unlike rolls however, spot dodges do NOT have vulnerability frames, they can be spammed without consequence if you are not using a character with a command grab. The player spamming dodges still has to be careful to not use the dodge's followup attack to avoid being punished, but this puts way more of the onus on the attacker to punish the defender's poor decision-making. Of all the the changes made to 98, this is easily the most egregious and the core reason I consider vanilla the better game overall.

It's still KoF98, it's a still a great game, just know it's not a straight upgrade to the original, go play it.",True,1673719582,1,0,0.494699656963348389,1,1776,1792,76561198112952021
222420,31411163,"classic king of fighters. the first 'dream match' in the series, after the orochi saga. a well balanced fighter; tweaked, and retweaked into this final revision. huge roster, with plenty of different characters to choose from. i've personally spent thousands of hours easily in the arcades playing this back in the day, and it's good to be able to revisit it here in this reiteration.",True,1493367197,0,0,0.5,0,2083,2144,76561198343746367
222420,101219146,Best in the series ! ! !,True,1634503713,1,0,0.5,0,1359,2184,76561198040871374
222420,140597158,very cool,True,1687585056,0,0,0.5,1,880,2191,76561199163754466
222420,33160809,trae muy buenos recuerdos.,True,1499042898,6,0,0.516166090965270996,1,3891,8527,76561198009246369
222420,13428041,One of the best fighting games of all time.,True,1418899643,0,0,0.5,5,1412,2338,76561198005882918
222420,145493208,"this is probably the best way to experience KOF '98, and i totally recommend it for kof fans and fighting game fans in general. hell, i recommend KOF '98 in any incarnation considering how great the original neogeo version is as well as the PS2's version of UM",True,1693622401,0,0,0.5,0,773,998,76561198894774291
222420,156608983,"this game is broken, but that's what makes it fun as hell, the only thing I can say is a problem is that they didn't use the arranged tracks, there's a mod out there in the community hub to replace the soundtrack with the arranged one, but... why didn't just SNK added the arranged tracks, God dammit.

good game, btw",True,1705995242,2,0,0.552238762378692627,1,1167,1705,76561198211621428
222420,68578109,this game is endless for fighting game players when it comes to combos and game play. not easy tho,True,1588628743,0,0,0.5,2,720,1661,76561198173962195
222420,136811799,good,True,1681661205,0,0,0.5,1,837,7556,76561198345602068
222420,14697075,BEST GAME EU,True,1425152507,1,0,0.49611198902130127,1,900,14459,76561198008519586
222420,13542765,"Awesome game. The netcode isn't perfect, but the dev team seems driven to make further improvements while taking advantage of community feedback. They've already made a lot of progress, and it runs quite nicely when playing against friends.",True,1419332382,6,0,0.565819084644317627,1,1462,6808,76561197977173037
222420,118928452,"Este juego esta, muy bueno. Uno de los mejores juegos de pelea y mi favorito. Yo vengo jugando al KOF desde hace ya 2 años y tengo que decir que es el mejor juego del NEO-GEO",True,1658012697,0,0,0.5,0,1190,1495,76561199089808638
222420,46959615,"[h1]The Short[/h1]
[i]A controller with a stick, such as your standard dualshock style, is highly recommended for this game.[/i]

[i]King of Fighters '98[/i] is a fighting game that was released into arcades and for the Neo Geo in—when else?—1998, a whopping two decades ago now.  This [i][u]Ultimate Match Final Edition[/u][/i] is an updated re-release whose primary change is the addition of more characters and gameplay modes.  The original release was always a superb game, quite well remembered in the history of fighting games, and this update does nothing to detract from that original glow.  It brings all the updates you could [i]want[/i] to first release.

For even a casual fan of fighting games, this is a great selection.  It's polished in gameplay, has an expansive and diverse roster, and is memorable to the last punch.

[h1]The Long[/h1]
King of Fighters is a classic 2D fighter in the vein of the more well known [i]Street Fighter[/i].  The big innovation KOF brought to the genre, in its time, was [b]team battles[/b]: instead of selecting [b]one[/b] character and fighting best two out of three rounds against another character, you pick [b]three[/b] characters and select an order for them, and they fight knockout style in one-on-one rounds until all the opponents are exhausted (or until your team is).  As is typical, every character comes equipped with your standard punches and kicks and then also a set of command-input special moves and super moves (lists of the command inputs are provided in-game for you), and the game itself has a few basic battle mechanics which are easy to use but difficult to master, such as dodging, move canceling, and so on.

Picking teams immediately encourages learning multiple characters, which the game provides in droves.  There are [b]forty-five[/b] character tiles available on the selection screen but, even better, several characters have [i]alternate versions[/i] hidden under their tiles which you can access by holding the select button.  Most of the alternate versions are the same character with an adjusted movelist taken from some prior game appearance.  Counting the alternates as unique selections brings the roster up to [b]sixty-four[/b].  [i]Every last character[/i] from the first four KOF games is included, which is a nice upgrade from the original release which, though it had many characters, was always missing just a handful.  Nothing needs to be unlocked either; it's all available to you right out of the gate.

Primary gameplays modes are [b]Arcade Mode[/b] (7 stages, including the one-of-three final bosses), [b]Vs Mode[/b] (against human or CPU), [b]Single Mode[/b] (Arcade Mode à la Street Fighter instead of team matches), [b]Vs Single Mode[/b], and [b]Endless Mode[/b] (not literally; you pick one character and fight all sixty-four other characters one at a time).  There are a few [b]Challenges[/b] available as well, which are mostly an excuse to practice the game's mechanics.  The original Arcade/Neo Geo release is also included and selectable from the main menu, missing characters and all, as a bonus for the purists and historians amongst us.

The music is a [i]""Best Of""[/i] from the prior KOF games, and it's a great soundtrack to fight to.  There are themes associated with every team, some themes associated with specific characters, and even occasionally themes for specific match-ups.

There's no story component to the game.  The history of such is that all four prior KOF games had an ongoing storyline which resolved in KOF '97.  So the '98 release was a celebratory party game with no story, just lots of past characters.

In flaws, this game only has small nitpicks:
[list][*]There's no fast-reset option, so if need to get back to the main menu then you always have to get [i]into[/i] an active match before you can finally quit to the menu.
[*]At the end of a round the screen clutters with some extra information, occasionally blocking your view of a character's victory pose.
[*]Though movelists are provided, the game does very little to explain its mechanics and you're left to know them from past experience or to look them up online.
[*]The way Arcade Mode is set up means there's a whole block of characters you [i]almost never[/i] fight, and a few which you [i]constantly[/i] fight, which is a little disappointing for a game with such a large cast.
[*]Like many fighting games of this nature, the difficulty setting is a little finicky.  Some CPU-controlled characters are inherently more difficult than others, the CPU occasionally enjoys bouts of precognitive intuition, and so forth.  Even on a fixed difficulty setting you'll get CPUs who brutally go ham on your ass alongside polite ones who will lift very few fingers to defend themselves, and even on the single character level it's inconsistent when the CPU will be drunk or go into a trance of ultimate fighting zen.  Here as everywhere else, battling a human player is a test of [i]skill[/i] and battlng the CPU is a test of [i]smarts[/i].[/list]
All the flaws are minor things like that, some of which are simply the things you can't escape if you're playing fighting games.

All of them together don't nearly tarnish the shining excellence of this game.  For fighting games, it's a premier example of the genre.  This is one to collect for dedicated fighter fans, but also a fantastic choice for someone looking to get into fighters on even a basic level, or to get into the KOF universe.  I've known KOF '98 for almost two decades now, and I'm still coming back to it.

[b]Ready?[/b]

[b][i]Fight![/i][/b]",True,1543168946,0,0,0.477941185235977173,0,4913,5337,76561197960608243
222420,178286201,Great classic,True,1730604564,0,0,0.5,0,4903,5962,76561198286772634
222420,13465742,"Just like the X Box 360 version but with new balance changes, lag is a problem like always in SNK(P) games, if you don't play on GGPO buy it, still enjoyable.",True,1419056323,1,0,0.512344062328338623,0,1182,2873,76561198004498305
222420,210321534,"THE KING OF FIGHTERS ’98 ULTIMATE MATCH FINAL EDITION on Steam represents a rare example of a fighting game that has not only endured but continued to thrive decades after its original release. Developed by SNK CORPORATION with modernization support from Code Mystics and published by SNK CORPORATION, this edition proudly honors the legacy of the franchise while updating it just enough to meet contemporary expectations. KOF ’98 has long been regarded as the series’ most refined and beloved entry, often referred to as “The Dream Match” thanks to its roster and absence of strict narrative continuity, and this definitive version ensures that legacy remains accessible to both longtime fans and new players discovering it for the first time. Instead of overhauling mechanics or presentation, the developers wisely chose to preserve the original’s pacing, structure, and competitive identity, creating a version that feels authentic rather than reconstructed.

At its core, the game remains a pure expression of traditional 2D fighting design—fast, technical, and deeply strategic without sacrificing personality or approachability. The four-button control scheme is deceptively simple, enabling players to ease into the fundamentals without feeling overwhelmed, yet beneath that lies a vast layer of nuance defined by hops, rolls, cancels, blowback attacks, guard mechanics, conditioning, and spacing battles. Movement is central to the experience, and mastering the timing of short hops and hyper hops becomes just as important as executing special moves or combos. Unlike many modern fighters that lean into long strings and cinematic execution, KOF ’98 prioritizes neutral footsies, reads, and momentum shifts. The three-character team system deepens this even further, encouraging players to think about order selection, matchup advantages, and meter distribution across the full duration of a fight.

The roster remains one of the game’s greatest strengths and a major reason it continues to be played competitively. With more than 60 playable characters, the selection spans multiple SNK franchises and eras, offering everything from established tournament staples like Kyo, Terry, Iori, and Chizuru to more experimental fighters with unusual toolkits. Each character feels handcrafted, with distinctive normals, movement speeds, specials, mix-up options, and combo opportunities that reflect a specific fighting philosophy. What stands out, especially compared to other retro fighters, is the surprising level of balance. While tiers exist, the majority of the cast remains viable, and skilled players can succeed with personal favorites rather than being forced into a narrow meta. The choice between Advanced and Extra playstyles allows players to tailor their strategy further, providing different approaches to meter building, defensive options, and offensive pressure.

Code Mystics’ enhancements elevate this edition beyond a simple port, ensuring its longevity in an online-driven era. The implementation of rollback netcode is transformative, allowing smooth online matches across long distances, something essential for a competitive fighter built on precise timing and tight neutral engagements. Online lobbies, ranked matchmaking, spectator functionality, and multiple connection customization options show a clear dedication to community-driven play. The training mode has also been expanded to facilitate lab work, testing combos, punishes, setups, and defensive responses. Importantly, none of these improvements interfere with the original mechanics, animations, game speed, or timing windows—elements competitive players depend on remaining consistent.

Visually, the game exudes retro charm without feeling dated. SNK’s sprite work remains expressive, kinetic, and full of personality, achieving clarity and animation quality that many modern pixel-art games still struggle to match. Character animations convey weight, intent, and emotional flair, making every punch, throw, fireball, and anti-air feel distinct. Stages showcase a variety of international settings, each filled with colorful crowds, atmospheric details, and memorable musical themes. The soundtrack is equally timeless, mixing rock, jazz, synth, and orchestral influences into energetic battle themes that still resonate with players decades later. Together, the visuals and music create a competitive atmosphere that feels energetic without overwhelming the senses, allowing concentration while still delivering excitement.

As polished and feature-rich as this edition is, it remains a product of its era, and those qualities may not resonate with every player. The game offers little in the way of narrative presentation, cinematic flair, or single-player depth—its arcade mode serves as a traditional endurance ladder rather than a story-driven campaign. Tutorials remain minimal, requiring newcomers to research techniques such as option-selects, safe jumps, hop pressure, buffering, and character-specific combos. Some older roster quirks and matchup imbalances persist, especially at the highest level of play. Yet for many fans, these elements contribute to its authenticity rather than diminishing it, reinforcing the game’s identity as a competitive-focused fighter grounded in skill development and long-term mastery.

Ultimately, THE KING OF FIGHTERS ’98 ULTIMATE MATCH FINAL EDITION is more than a historical re-release—it is an active competitive platform, a celebration of SNK’s fighting legacy, and a testament to how well-crafted mechanics can outlast technological trends. Its fluid combat, massive roster, balanced systems, and intense neutral game continue to draw players who appreciate depth earned through practice rather than shortcuts. For returning veterans, it serves as the definitive way to revisit a foundational classic. For genre newcomers, it offers an opportunity to experience one of the most influential and enduring fighting games ever made. Few titles maintain relevance for over 25 years, yet this one not only survives—it continues to thrive, proving why many still regard it as the pinnacle of 2D team-based fighting design.

Rating: 9/10",True,1764049678,0,0,0.5,0,846,846,76561198367471798
222420,110115427,"Excelent game, decent online performance",True,1644725292,0,0,0.5,0,1285,1569,76561198338789200
222420,144262567,"Everyone's favourite KoF, and mine too. Played tons on this version and most of the other versions available on... everything else? It has a giant roster, tons of likeable stages, great music and a fantastic system. And the updated (simplistic but oh so effective) lobby is just fantastic.",True,1692107874,0,0,0.5,0,792,792,76561197990573938
222420,106316984,"Regarded as one of the best entries in SNK’s iconic fighting game series and up there with some of my favourite fighting games of all time, The King Of Fighters 98 Ultimate Match Final Edition is one of the best offerings of fighting games available on Steam

Featuring the solid and consistent gameplay the series is known for, an expansive roster of characters with a variety of playstyles, beautifully timeless 16-bit visuals, incredible soundtrack and amazing online capabilities thanks to the latest update implementing rollback netcode and lobbies for one of the smoothest netplay experiences available

Whether you are a newcomer or an avid fan, this game is absolutely worth every penny and I cannot recommend it enough. Buy it, play KOF",True,1640212743,0,0,0.5,0,4068,6171,76561198294946944
222420,33087075,"Honestly, this is my favorite fighting game of all time HOWEVER please read the end of this review to consider your purchase. It has a perfect in-between of offensive and defensive tactics. Yeah, you can do combos in like every good fighting game, (even games you don't expect have them like Mortal Kombat II), but you don't win fights solely on that (and they're not very long combos either), you have to space, evade, and use certain special moves, normals, combos at the right opportunities. NOW this sounds all generic, but it's how The King of Fighters handles this makes it even more prevalent. It's a very simple fighter to pick up, but still deep enough to make it very engaging and worth while to learn. Controls are very tight, and while the input timing is strict, it's very rewarding and I honestly feel it helps the game since you have to work harder for the more damaging special moves and supers. Of course how I can forget to mention the large variety of characters. 

A lot of what I said could be applied to the vanilla version of The King of Fighters '98, and honestly, this version is only slighty better! You got retuned balance, which the original was already nicely balanced as is, and the added characters and added ex versions is of course very welcomed, making it feel more complete. You have 40+ characters to pick from, 50+ if you count the EX versions, so you'll be bound to find a favorite, let alone three. 

HOWEVER, there is one major flaw with this game. The netplay isn't that great. As you may know, I'm from Florida (GEE WIZ how could anyone figure that out!?), and I played with a friend from California. Our experience was alright, we got some epic matches in, but we for sure faced several problems with lag, and at times the game would even hang awkardly for a few seconds. This game goes for about 15 US bucks, and I am recommending this because I love this game. I recommend playing the original first, you can have online matches through FightCade, and if you really like that, get this version. Right now it's about $5.09 USD (i'm writing this during the 2017 summer sale) so you can't find a better time to get this amazing game. But if you're hesitant because of the poor netplay, that's understandable, and while $15 dollar is a good deal for a game like this, with such a large roster and such a great quality of the game itself, there are however features missing from the previous UM version such as color edit mode, 3D backgrounds, and arranged soundtracks (something you can get as a mod). If this had better netplay I give it a much more confident Thumbs up, but here it's a more It's a thumbs up, BUT it's something to think about, that's for sure.",True,1498920992,24,0,0.749408423900604248,0,1681,2329,76561198030197162
222420,177345986,"KINO FAITER! LAUN UAN FAIT! LEG TOMAHAWK TORPEDO DE GREBAS EN LA CARA, doble strudel, genocide cata, lenichagi, ichitava, skavio happy guy, suriuken, ukudeska, doveru strike, GORDO BOLA PAVAROTTI, yamazaki, todo lo que necesitas para cagarte a palos con tus amigos 10/10",True,1729356165,0,0,0.5,0,5370,6537,76561198073759643
222420,102055910,"To be honest: MOST KOF games are terrible! Filled with bugs/glitches/character imbalances. And unfortunately 98UMFE isn't far off. 

Game naturally has terribly strict, stiff, and jank inputs. Game naturally has a really stupid glitch that makes projectiles, from characters with command throws/advancing attack throws/teleports, UNBLOCKABLE (this is really stupid and after more than one update this should have been removed a long time ago). And game naturally has really jarring slowdown after certain projectiles are thrown and after certain command evasive movement (like teleports or command dash, etc.). 

So these are ALL ISSUES that SNK (or whoever they hire) really should fix and adjust to really make for a much better and higher quality product. Most of the community is okay with how the game currently is. And I really fault them for that. Because these things would NOT STAND or be accepted in today's expectations of games made/played. So 98UMFE shouldn't be ANY DIFFERENT IMO. Especially with a MAJOR UPDATE on the horizon! Shame on those that support how the game currently is, when IT COULD BE ENHANCED with a single patch...and made better.

Game also has limited combo/juggle routes. Not a huge fan of that either. But it's whatever. I can forgive that.

Other that those gripes mentioned above. KOF 98UMFE CAN BE pretty fun. It's a very charming game! With a wonderful all-star cast of characters from all the Orochi Saga KOF games. Visually, it has beautifully detailed character sprites and stages. And the game probably has one of the best AND most memorable sound tracks in fighting game history.

This combined with the absolute networking power from Code Mystics (with soon to be featured rollback netcode), makes this game a MUST BUY, and a MUST PLAY, game for ALL KOF fans. 

I would be a ""KOF' fan too, if SNK actually made a quality KOF game from the start. Here's to hoping they finally get the memo with KOFXV!

That's all I have to say...

This review is based on my personal and honest opinion/experience. While you're welcomed to comment on it. Just know I don't have to agree with the majority of the KOF competitive community or anyone for that matter.",True,1635803627,2,0,0.46938776969909668,1,9070,25369,76561198006642288
222420,68599909,KOF 98..the best versus fighting game ever to be conceived by humanity..,True,1588665445,0,0,0.5,0,1916,2083,76561198017536069
222420,13416213,Best 2D fight  games ever <3,True,1418824963,4,1,0.46181449294090271,2,1036,5921,76561198093655166
222420,71792166,"The most complete version of KOF 98 ever finally hits PC. 

[b] Pros [/b] : 

- Update: Rollback netcode added! :D

- There are EX version of half the cast, which make a lot of the characters play very differently. There are all the boss characters playable too! 

- Has the original vanilla KOF 98 game with original menus, OST etc if you want to experience.

- Huge diverse roster, not many games like it.

- Universal defensive and movement options.

- Challenging and satisfying gameplay/combos, worth the training time. (This game is aimed at legacy KOF players but you won't struggle with any 2d fighting games if you master the execution in this game)

- Often on sale (there is a kof collection with 98 um, 2k2 um and kof 13 for dirt cheap on summer sale right now im sure)

- Training mode is decent enough, I think it has record function but haven't figured it out yet.

- Really nice animations and music for the time it was made.

- If you lose in arcade mode you can continue with options to severely handicap the CPU to make hard fights winnable.

[b] Cons: [/b]

- Default arcade difficulty is kind of insane, took me like 3 hours+ to beat it's no joke and i'm NOT new to fighting games (have hundreds of hours on other 2D fighters). Set it to lowest difficulty first time around to avoid rage/wanting to uninstall.

- Boss fights are straight up unfair BUT there are exploits to beating the you just have to experiment. (Fast moves that cover horizontal space and knockdown work wonders, e.g Terrys Burning Knuckle move)

- UI a little uninspired and NO gallery mode (I love seeing the game dev and concept art etc)

- No big lobbies, just two man private lobbies.

- You will have to ask for games in an SNK fighter discord.

Overall score : 8/10 (Solid and fun, dream match roster, will give you as many hours of fun and challenge as you want from it)",True,1593594210,6,0,0.577672779560089111,1,3534,3777,76561198079384343
222420,101561612,I'm not an expert at this game yet but I'm having a lot of fun just coming up with tactics and being creative. There are many possibilities in this one.,True,1635092261,0,0,0.5,1,1478,117157,76561197968661155
222420,135988956,"It all began in 94,
Kept on rollin' in 95
Pieces were in place in '96,
And came to an end in '97,
And now it comes, and here we go,
K O F is here again,
Nothin's gonna stop us 'cause it's 1998.",True,1680471274,1,0,0.523809552192687988,0,965,1186,76561198371875707
222420,101564679,"rollback netcode baybeeeeeeeee

too the Saudi crown prince owns at least a 33% share in SNK. Great game, and I bought it before he bought up that stake in the company so I don't feel guilty about it, but, like... yeah.",True,1635095900,0,0,0.5,0,1656,1656,76561198034107990
222420,13450397,"TBH about the netcode 
i dont have problem with the netcode i played maybe 20 games with a guy from turkey ( i live in saudi arabia)
and i don't have any problem and played with people from japan and it was playable 
about the color editing 
yeah it's sad that it doesn't have it BUT 
the only problem is that the achievements is so small 

--------------

sorry for my broken english",True,1419000726,15,0,0.51483684778213501,1,795,2641,76561198083655207
222420,207109582,"It's so peak. The artwork is great, the gameplay is endlessly fun, the only possible con of this game is the very existence of Omega Rugal.
Play KOF, even if you're not Latin/South American. This shit will change your life and your fashion sense.",True,1760894232,2,0,0.5,0,689,689,76561199589142953
222420,104844362,"Good 20+ year old game to play with your friends that can't get over it. Online is awful, even with the update, either I had bad luck or people playing this game are happy with a minor update that's still nowhere near decent. This really is a meh score but ok, thumbs up for old time's sake.",True,1638282748,0,0,0.5,0,1896,1991,76561198210449393
222420,133126186,"One day I decided to step into the world of SNK fighting games, I figured I'd start with KOF and based on its reputation, went with 98, and I'm glad I did.
No better place to start than the game with the catchy theme song.

If you've played any of the Street Fighter games, then you should have no problem picking this up and diving right in.
Everything you need to know about the game's mechanics is explained in the How to play option which can be accessed both on the main menu and the pause menu.

And once you're in, well, it's your classic arcade fighting game. Just don't get caught out by the fact that the fights are 3 on 3 tag matches like I did. Just assemble your team of 3 fighters, dive into the action, and try not to smash your controller after you lose to Omega Rugal for the umpteenth time.
It's called SNK boss syndrome for a reason.

(Huh, nice to be able to keep the review short for once.)",True,1676752470,0,0,0.470588237047195435,0,1403,1720,76561198345660700
222420,96027127,"Great game, the netplay is either crap or just don't exist so if you're buying it for that reason to be a bedroom warrior it's a waste of time

If however you're playing offline with people or just on your own it's a great game i would recommend, while  there are obvious tiers in the game snk did a really good job making some of the lower tier chracters in vanilla more viable and much more fun  like bryan rugal ect ect
Pretty much every chracter has something different from vanilla 98 which shows a hell of a lot of care and passion",True,1626712931,0,0,0.5,0,3149,3853,76561198191163071
222420,107101860,best kof free,True,1641088472,0,0,0.5,0,2761,12163,76561198382377843
222420,112320728,"There are a few fighting games that can not only stand out, but also come back in even better form.
The KOF legacy and the FGC are blessed with yet another upgrade that builds upon everything that makes KOF 98 great. Not only that, KOF 98UMFE also has a classic mode for those looking for a nostalgia hit.
It is refreshing to see a company understand the needs and intricacies of a fighting game as well as Code Mystics does.
KOF 98UMFE is an absolute must play for anyone who likes fighting games.",True,1647482187,4,0,0.561022639274597168,0,2527,8143,76561198041578755
222420,13407567,"The netcode is awful, even after the delay.

And there's no 3D backgrounds or arrange soundtracks. 

So thanks for the worthless delay, SNK",False,1418764530,23,0,0.453031390905380249,0,13,17,76561198102336574
222420,59326669,"One would assume with a name like ""Final Edition"" that it would be a definitive port/version of the game, but it has even LESS features than the PS2 version released a decade ago.

My main problem? No Gallery Mode with unlockable art, thus no incentive to bother with single-player long term. Luckily I didn't pay too much for this.",False,1575612208,2,2,0.482203513383865356,0,46,46,76561197975521888
222420,13411922,"Don't get me wrong. I love this game. King of Fighters is my favorite video game franchise and I have been playing it for years now. even though I have the PS2 version of this already, I was psyched when this was coming to Steam. I'm happy to support SNK because they deserve it. They make quality games. BUT, this particular version of the game is terrible. It honestly pissed me off pretty bad. Allow me to explain the reasons. 

1. True full-screen mode is not optional.

What is with this? In the PS2 version of '98 Ultimate Match, the game is in full screen like it should be.  I get that this is an arcade version, but this really could not be stretched for the steam release. The sidebars are distracting and I don't like playing my games in a tiny window in the middle of the screen. It's a good idea to have the sidebars if you're setting up an arcade cabinet with this game. But, it should be optional. Boo to them on that.

2. No arranged music option.

WHY? The PS2 version had it. Why not this? Would it have been so hard to include it? I think not. This is a big let down. I like both the OST and AST. But, the option should have been there. 

3. No color editing.

Once again, WHY NOT? The PS2 version had this too! This would have added even more depth into the game if they had included it. It's fun to create your own unique color palettes for your characters. Very bad decision not to include this.

4. The online.

Oh boy. As much as I love KOF, I have to say that the online in KOF titles has always been terrible (At least XIII on steam is a little better). This is no exception. The online is awful. It's extremely laggy. The first match I played had about 3 second late input delay. I'm not kidding. I see why the online is dead already. It's a shame.

All in all, the KOF '98 Ultimate Match is a good game. But the Steam version is not. These fatal flaws just make the game much less enjoyable and souless. If you have a PS2 or a backwards compatible PS3, get the PS2 version. It feels much more complete and joyful than this. Or, if you don't have KOF XIII on Steam or console yet, get that instead. You'll enjoy yourself a lot more. I was hoping to be able to give this a positive review. But, I can't. These stupid mistakes have ruined this version of the game for me. Let's just hope they'll do better with KOF 2002 UM when in comes to Steam. (And hopfully KOF: Maximum Impact: Regulation A)

By the way, the 3D backgrounds from the PS2 version are missing. WTF?",False,1418790669,240,13,0.566349923610687256,48,90,609,76561198069894871
222420,13502353,"1.I use keyboard to play this game ( but keyboard will hang,dont know why)
2.what kind of full screen is this?
3.online match no players found?
In summary,this is ""Final edition"" or ""Worst Edition""? I rather use Emulator Neoragex to play KOF 98,wasted my money,ufff.",False,1419180747,3,0,0.438115388154983521,0,128,2256,76561198018026173
222420,164195152,briancopter,False,1714772626,0,0,0.5,0,105,459,76561198383568497
222420,56153166,"It is a disaster when setting the buttons, it always switched P1 buttons to default when setting P2 buttons, and it can't be exit until all keys had being setup!",False,1572618808,0,0,0.5,0,12,418,76561198866393783
222420,13502350,"1.I use keyboard to play this game ( but keyboard will hang,dont know why)
2.what kind of full screen is this?
3.online match no players found?
In summary,this is ""Final edition"" or ""Worst Edition""? I rather use Emulator Neoragex to play KOF 98,wasted my money,ufff.",False,1419180737,5,0,0.448355674743652344,0,128,2256,76561198018026173
222420,13976543,"this should be ban from steam,  $5 should be  the real price, if you use ggpo or mame stick to those,
control bugs, sound bugs , horrible port.",False,1421195891,3,0,0.463844716548919678,0,40,238,76561197960800403
222420,13502355,"1.I use keyboard to play this game ( but keyboard will hang,dont know why)
2.what kind of full screen is this?
3.online match no players found?
In summary,this is ""Final edition"" or ""Worst Edition""? I rather use Emulator Neoragex to play KOF 98,wasted my money,ufff.",False,1419180726,4,0,0.438115388154983521,2,128,2256,76561198018026173
222420,101327393,"It´s a classic game for a reason. Good cast of characters and oldschool hard AF gameplay. The online is amazing thanks to rollback netcode. My only gripes are the controllers. It does not recognize the A button on the main menu and a few ones. It's whack.
It's a minor fix. Hope they patch it out soon",False,1634705065,4,0,0.448456019163131714,0,83,83,76561198123957698
222420,29341683,"Only for KOF 98's hardcore fans....too hard against the AI as it can predict your move.Even at the 1st Stage....but if you like challenging AI like this,go ahead.",False,1484763606,4,2,0.361532062292098999,1,127,127,76561198068493415
222420,113443000,"MBS OWNS 96% of SNK DONT BUY THIS YOU ARE SUPPORTING A MURDEROUS DICTATOR.

Google Jamal Khashoggi MBS",False,1649272226,0,1,0.345694541931152344,0,6,6,76561197968285815
222420,24025695,"One of my childhood favorites. Its to bad online play lags very bad, never more than 3 ppl online and is unplayable, i guess the 3 $ i spent is ok for the single player experience.",False,1467487768,0,0,0.5,0,62,75,76561198067353641
222420,41593926,"KOF '98 is an excellent game and Ultimate Match is a wonderful improvement on the original. However, this port is prone to random crashing and graphical glitches, and the netcode is subpar. If you want to play Ultimate Match, pick it up on the PS2 instead.",False,1524260478,2,0,0.436037749052047729,0,114,114,76561198067933769
222420,203269978,"Didn't recognized my controller, just a regular Xbox controller, sometimes it would work (half the buttons) and sometimes it would forget the controller existed, it even conneted the same controller twice when I plugged the USB cable, the same controller was player 1 and 2.",False,1756662416,2,2,0.498098880052566528,0,8,8,76561198067371601
222420,61579545,"Where do I start If you want poor Graphics and same with gameplay. 

I was to late trying this game I would have asked for my money to be refunded its a ripoff Block graphics on a modern 1080 display OMG BAD. 

For me it's 0 out of 10 

If you want poor graphics on a modern computer and not very good gameplay then its right up your street PS I feel conned.   

Graphics are no where near as good as the logo very deceptive To be honest if I saw the real graphics I would pass this by when buying.",False,1578586702,0,5,0.215404689311981201,0,28,28,76561198012552521
222420,202006772,waaw,False,1755037809,0,0,0.48955613374710083,0,104,104,76561199761618996
222420,28876915,"If you are a fan of fighting games like Skullgirls, MELTY BLOOD, or BlazBlue you wont like this game.

I'm not saying that it is bad I am just saying that it is slow, choppy, and very limited as far as what moves you can use in any situation. This game feels a lot like Street Fighter II (slow and more strategic) except you only have 4 buttons which limits the amount of moves you can use. there are some moves that are changed by what direction you input but usually one per character. This game's combat seems to stay on the ground for most characters if you like that sort of thing.

The biggest problem I have with this game is that it doesn't seem to register the moves I put in correctly. I know it isn't me or my controller because I have no troubles with Skullgirls, Street Fighter IV, or MELTY BLOOD. I guess I should try playing it more to figure it out but the training mode sucks soooooooo badly that I can't use it the way that I want to (at least it has a training mode).

VERDICT:
It seems like a good game but just not a game for me.",False,1483206984,4,1,0.298148483037948608,1,55,55,76561198017905605
222420,132568979,"Amazing game, but saudi arabia owns SNK. will change review once this is fixed.",False,1676072312,0,0,0.277766972780227661,0,21,21,76561198028118941
222420,13874283,"Aside from being able to play KOF'98 within STEAM, against players from every corner of the world, this game is a disappointment.
Allow me to explain: SNK released this game two times: First in arcades, using Taito X2 hardware and some time after in Playstation 2.
The version currently in STEAM is a direct arcade conversion. The arcade version is the NEO-GEO version with all the characters and fancy menus.
The PS2 version of this game features a enhanced soundtrack, taken from arranged albums of the KOF series, 3D rendered backgrounds and several improvements over the arcade.
It's kinda sad that SNK pushed an inferior port to STEAM in order to make more money. You see, the Taito X2 hardware is essentialy PC hardware, so they have done a minimal effort to bring this to us. The PS2 version should take more money, so they went with the cheaper solution.
Do not buy it, unless you don't have access to a PS2 or you desperately crave online matchmaking.",False,1420602796,11,0,0.433415204286575317,1,50,172,76561198079918958
222420,15330988,insanly laggy. theres no way you can play it online. I really dont appreciate steam for charging $15 for this game. dont buy it,False,1428890314,4,0,0.457972496747970581,0,86,86,76561197978719503
222420,13417987,"You're gonna crash. A lot.
This release is plagued with technical issues.

Selecting a sound or display option can crash the game, or it might eat your processor and bog your system I/O down for no discernible reason--leaving you with a black screen. This can sometimes happen at loading screens, or even startup.

Resolutions above 848x480 fullscreen and 854x480 windowed can cause transparent menu graphics to vanish, leaving big white boxes behind menu option text, as well as little white boxes in place of button graphics in the movelists, rendering them unreadable.

More things that can crash the game:
Pressing the Esc key or Start button of a Madcatz Fightstick TE during a match.
Pressing down in the options when moving from sound options to graphic options.

Hopefully the developers can resolve these issues.

---

As I test on multiple machine configurations, some issues might be limited to XP, but as you can see from the requirements on the store page, Grandma's toaster is still supported.

--

On Windows 7, the game runs better, and the new beta (1.02) actually improved the NeoGeo mode gameplay by fixing the slowdown.",False,1418833782,19,0,0.474307864904403687,1,156,210,76561197996612678
222420,13408709,"So far, I'm really enjoying digging into the characters and their changes, and that's where it's all good. 
I haven't yet played online, but it seems the ping is just spiking all over the place... is that normal? 

You've mentioned you delayed the game's release to make the game much better. Doesn't look like the netcode was one of those things, though....

I'm hoping to see this fixed soon.

So for now, I can't really say I recommend the game until the netcode gets patched.",False,1418769957,10,0,0.440542846918106079,0,426,1283,76561198112417199
222420,13861020,"KOF 98 is Fun thats not the bad part but its a good game with a bad release the netcode is still booty and it kills the fun and nothing much to do in single player and if you came from KOF XIII, and if that was your first KOF this is a significant downgrade which is to be expected seeing how this is the 98' but still avoid it if you expect anything like KOF XIII especially in comboability. 4/10 for a game overall I do not recommend it unless you are  a big fan and plan on playing either Offline or with a close friend.",False,1420532404,7,0,0.357171803712844849,0,394,394,76561198094491423
222420,85992688,"The Matchmaking is a joke, and the menus looks like they were made by a student.",False,1612515682,2,1,0.477362751960754395,0,361,416,76561198048766641
222420,147753164,"[b]Merits:[/b]
▪ Charming pixel art style
▪ Classic arcade gameplay
▪ Online matchmaking with rollback netcode
▪ Spectator mode & lobbies
▪ A total of 64 playable characters

[b]Flaws:[/b]
▪ Sparse tutorials
▪ Repetitive gameplay
▪ Limited content
▪ Thin narrative, serving as a backdrop

[b]Verdict:[/b]
This edition brings the iconic game to modern platforms with new features and improvements, while retaining the core gameplay that made it a beloved title in the fighting game community.
Unfortunately for players like me, who are looking for a good story and a single player experience first, KoF only has a thin plot serving more as a backdrop.

[b]Rating:[/b] ★★★☆☆ - Above Average",False,1696614535,0,0,0.44078361988067627,0,378,378,76561198063941528
222420,13472176,THIS FUC*** GAME HAVE THE WORST ONLINE EVER!!! PLAYMORE YOU  FUC*** GIVE BACK MY MONEY!!!,False,1419082170,5,0,0.461523741483688354,2,189,950,76561198086242354
222420,100030090,"Unacceptably bad controller support. Bad online. Avoid like the plague.

I plug in ONE controller, it's a Qanba Obsidian that acts like a 360 controller. I attempt to go to the controller config screen only to find out that RT is back and select is accept. I try to change my controller on P1 side to my Obsidian, by clicking on ""KEYBOARD"" on the left side. *no response*. When I say ""no response"", I mean nothing happens on screen. I try to do as people say and press a button on my controller, and nothing happens. My directional keys still control the right side of the screen. There is no solution, both sides of my screen say ""KEYBOARD"", and I can't remap my buttons.

But sure, say I get past this, and I go to play online. Prepare for some of the laggiest delay-based netcode you've seen, 2-man lobbies, and the only people you'll ever find online (good luck) are from some third-world country. I understand I'm supposed to expect that last part with KOF, but you could at least make it rollback so it doesn't feel as bad.",False,1632728060,1,0,0.488811850547790527,0,134,575,76561198081282228
222420,186560726,"輸入接收問題濫倒有剩, 莫名其妙的輸入接受延遲, 搞得 跑 > 跳/擋 接收不到, 更別說一些需要同時按兩個以上的招式",False,1738011081,0,0,0.479452043771743774,0,367,790,76561198075507518
222420,25014288,"https://youtu.be/cHfDiRwU1a0

Any fighting game that starts with a rap song has to be good, and KoF '98 UMFE is still a quality game for being nearly 20 years old.  The roster is overflowing with characters and the game offers a feast of modes to play.  The low resolution holds back the game visual in current days despite having high grade sprite animations.  

As usually steam is limited to a simple yes/no recommendation for any game.  In the case of KoF '98 UMFE there is no argument that this was an amazing part of fighting game history.  However, it as great as it was, recommending it today for new players is a tough sell and ultimately a game better seen through nostalgia.",False,1471620204,0,0,0.424456357955932617,0,171,171,76561197970602587
222420,13426839,the game not like the ps2 version that is baaaaaaad SNK,False,1418888528,13,0,0.435310900211334229,0,258,2016,76561198167745196
222420,13430272,"WOW, hen playing the online mode, I thought I was using 56K modem to surf the net !!!!!!!!!!!!!!

how could this happen again and again....

sigh...",False,1418913317,6,0,0.481977909803390503,0,141,3549,76561198105237346
222420,13410490,Frame skips offline and online not recommended ...,False,1418780712,12,0,0.398225873708724976,0,207,1010,76561198035224164
222420,13407465,"This will be a little different from my usual reviews, it'll be more a first impressions/summary thing.

Pros:
- Awesome base game to begin with. Tons of characters, arenas, and 2 games in one.

Cons:
- There's no 3D backgrounds or arranged OST
- Messy translation
- Online is currently very hit-and-miss

Currently, online is a mess. However, Code Mystics (the developer) have addressed this issue and are working on fixing it. It shows they actually give a damn about criticism and I commend them from that. 

I will change my review to a Recommended rather than a Not Recommended when they fix the online.",False,1418764068,17,0,0.372723996639251709,2,191,454,76561198106051326
222420,78609002,runs choppy on windows 10 ryzen 3700x,False,1604344292,1,0,0.391974329948425293,0,449,2360,76561198066521631
222420,90798535,"I picked up a bundle for like 3 dollars. This game sells for 15 separately seriously? For a 22 years old game with no graphical or mechanical upgrades whatsoever? 

The devs realize that I can get unlocked pirated version of every single kof games for free right?",False,1619208843,2,4,0.284025013446807861,6,268,8308,76561198131657529
222420,15123284,It's a good game. But where is the AST track? I want the AST.,False,1427715254,0,0,0.5,0,157,1039,76561198181926149
222420,38797191,shit game,False,1514499867,1,0,0.52702707052230835,0,3293,3789,76561198079442572
222420,13464258,Online experience is really really bad,False,1419048947,5,0,0.469492226839065552,0,1028,3107,76561198146207305
222420,13409122,"First of all, this game itself is not that bad. Most people complain about the bad netcode and I don't blame them, it kind of sucks; but hopefully this will get fixed. Another thing is the lack of content. Where are the arranged tracks, the 3D backgrounds, gallery, and other unlockables  at? Not that they affect gameplay, but it just feels incomplete. Some might say, ""The only thing that should matter in a fighting game is the fighting"", but then you realize that  it's almost 2015. Modern games not only offer the satisfaction of challenging yourself and beating the game, but they offer other extras too.   Should of included these, especially when its competitors offer them.  So the original 98 is included with this port, but really I don't see much diference between this 98 UM and the original 98, only thing diferent is the game display (menu, character/order select screen, win/lose screen). This is not worth the $14.99. Looks like they brought the wrong port (XBLA) to Steam. 

Honestly, I rather play the emulated (Kawaks/MAME) version of the original '98 :P
Only got this because I'm a die hard fan of the KOF series; and if you're one of them you should only get it during sales for collection or haven't played this title at all. 

I doubt I'll play this in the future for some time, unless an update comes out or something.",False,1418772078,24,0,0.509195268154144287,1,494,1262,76561198106714977
222420,17636820,slow down version of original kof 98,False,1440115013,0,0,0.5,0,476,478,76561198029309661
222420,106944078,fightcade is just more consistent,False,1640908925,0,2,0.449495583772659302,0,826,1525,76561197995451044
222420,51531953,"Tags: Tournament Combat
Additional Tags: Delete Local Content & Remove from Library

TLDR: Outdated entry in the franchise. Move on to KoF XIII instead.",False,1561743135,1,0,0.520201981067657471,0,524,524,76561198027267313
222420,134773780,3D backgrounds when?,False,1678998730,0,1,0.41306796669960022,0,3400,3650,76561198398958965
222420,16822459,"[h1]Great game. Great remake. Disappointing port.[/h1]
KOF 98 was one of the greatest games in The King of Fighters franchise. And when KOF 98 Ultimate Match first came out in consoles, it has major improvements compared to the original, including ALL the characters from KOF 94 to KOF 97. Unfortunately, the Steam port is a crippled version of the console versions, especially regarding visuals and music. While in the PlayStation2 version you could choose between the classic 2D and re-vamped 3D stages, and between the original soundtrack from the NeoGeo arcades and the arranged soundtrack that played in the original console ports, the Steam version comes only with 2D stages, and the NeoGeo's OST. No options to choose 3D stages or arranged music at all. This was a disappointment to me. Overall, the game itself still retains most of the original's essence, but it lacks features the console versions had.
And in my opinion, some of the arranged versions of the soundtrack are FAR SUPERIOR to the NeoGeo tracks.",False,1435735177,41,2,0.55959165096282959,4,504,1350,76561198000631340
222420,122876465,"Great game but the online is barren, so it's difficult to recommend.",False,1664210936,7,0,0.56723707914352417,0,8218,8629,76561197964334958
222420,13494099,Keeps crashing randomly.,False,1419159233,8,0,0.49339720606803894,0,1248,2451,76561197991922927
222420,13416514,"Hope they ll try their best to fix this mess.Go for the Ps2 version, it has more content than this and functions better -  but no online.Keeping my fingers crossed they fix the netcode and input bugs


Initially gave the game a bad review.After the beta CM put today i can say these guys are hard at work giving the game the polish it desperately needs! Netcode worked great with a friend closeby and decent with 150 ms ping.IF you play with people close by with decent internet you are good to go!



PS: back to being unplayable .... last time i ever buy anything from you SNKP! back to being unplayable online .. .this game is a JOKE!",False,1418826660,6,0,0.488042235374450684,1,1519,2413,76561198054333150
222420,71855645,"Great fighting game marred by whack PC port.

Cons: God-awful online. Also nearly always dead. Probably better streaming the game to a friend instead of actually playing online. Best option is probably fightcade though.

PC port itself is pretty bad, resolution options are pretty nonfunctional.

Tons of missing content from the PS2 game:
No music options, only way to get the CD quality OST is by modding it in. 

No 3D backgrounds. 

No palette editing system.",False,1593667402,9,3,0.485595464706420898,1,728,728,76561198064361552
222420,188904497,Dead online...& AI is spamming sht..,False,1740708003,1,1,0.477439671754837036,0,725,2105,76561199160180308
222420,30916285,"KOF '98 is an excellent FG and rollback makes this game feel even better to play. Besides it is a pretty customizable experience since you can play as characters who weren't present in the original version, and it lets you mix and match abilities that were impossible to have at the same time before this version came out.

However I cannot in good conscience recommend that you get this because of two main reasons :
- SNK was known for making arranged soundtracks of their Neo-Geo games for their various releases on CD/DVD-based platforms. Since there *is* an AST for KOF'98UM on the PS2, I have to ask why they didn't include it in this release, as it sounds miles better than the original. Should've at least given us the option to choose between both.
- The cryptocurrency/NFT bs they've been fiddling with recently just makes me not wanna buy anything from SNK until they drop out of this market.",False,1491197150,0,0,0.5,0,1009,1101,76561198162987078
222420,138146884,snk budget definitely not going into DOGSHlT KEYBINDING FOR THIS FLUCKING GAME,False,1683826647,0,0,0.5,0,1554,2816,76561198993832391
222420,81279975,"A foundation solely owned by the crown prince of Saudi Arabia recently entered an agreement to buy a controlling stake in the company that makes this game. I do not agree with the policies of the Saudi Arabian government, so I cannot recommend this game (even though it's one of my favorite fighting games).",False,1606769886,2,1,0.399623900651931763,0,1918,1973,76561198036185942
222420,106339542,Steam sale 2021...Why the effing game is 3.50 bucks(78 pesos) but the soundtrack is 15 dollars(254 pesos)....that makes no sense..,False,1640245477,1,2,0.49824562668800354,0,1391,1909,76561197966721627
222420,17894021,명작 98의 이름을 개 먹칠한 쓰레기 무겐,False,1441461769,1,1,0.459023803472518921,0,1843,4716,76561197973174357
222420,125319195,"Horrendous input lag/miss, a fighting game where a quick response is crucial, this game sometimes even ignores your input entirely. I've used many different gaming keyboards, so I know it's not keyboard ghosting, it just doesn't register your command. The game itself is great, but the company who ported this game made it rubbish. Well done Code Mystics. Also I hate the stage which has a spinning Orochi sign in the background. What kind of idiot put something like that? To distract the player and make their eyes hurt? What an idiotic design",False,1668206720,0,1,0.5,0,68121,92449,76561198034472831
