appid,recommendationid,review_text,voted_up,timestamp_created,votes_up,votes_funny,weighted_vote_score,comment_count,playtime_at_review_minutes,playtime_forever_minutes,steamid
1574270,130727761,"Honestly, one of the best meta roleplaying games I've played; and this perfectly filled my Mettaton-shaped hole in my heart, if you know what I mean.

Although it may seem like a funny dating simulator on the surface, this game rang the same bells with me as Undertale did way back then. Beautiful hand-drawn anime art style, banger soundtrack (that jazz track in Darling's bedroom, oh my God!), unique twist on its genre with the premise (dating goddesses of eldritch/Lovecraftian horror), adequately delivered horror elements, charmful characters and meta game mechanics that really kicked me in the balls when I tried to 100% the game and made feel really bad for my actions (the game knows what actions you take and goes smirky about it, like Undertale).

The game really did an Undertale-style knockback at me when [spoiler]I tried out the breakup spell in an alternate timeline after completing the romantic kissing ending in Chapter 1 and in Chapter 2, Ln'eta knew what atrocity I did to her in another world; like how Flowey knows how the player manipulates the game world[/spoiler].

Sucker for Love is a very impressive roleplaying game on its own with lots to love about it, but fans of Undertale would appreciate the game the most. It's like one those anime games Alphys would play to geek herself out.

This is the perfect game to get your meta RPG fix if you did not like Deltarune as much.

My only complaint about the game is that I played through the endings I was interested in 3 hours. That's very short, this should have been an 8+-hour-long game.

Besides that, this is a 9/10 masterpiece that dating sim and meta RPG fans, especially of the Undertale and Doki-Doki Literature Club variety, would likely regard as a modern classic.",True,1673565836,4,0,0.554637789726257324,0,137,138,76561198324862906
1574270,155627832,"didnt expect the embodiment of a squid god to lecture me on healthy relationships, 10/10 game",True,1704813764,14,0,0.653892397880554199,0,181,237,76561199468546552
1574270,113210643,I wanna fuck every character in this game,True,1648894842,0,1,0.5,0,66,112,76561199054436845
1574270,115564322,"i don`t wish to be horny anymore
i just want to be happy...",True,1652734539,1,1,0.497925341129302979,0,172,172,76561198063715090
1574270,124574015,cthussy,True,1667027762,75,27,0.8614540696144104,0,186,186,76561198043856487
1574270,118419701,"A true masterpiece of our time, I would have payed a full $60 to play this game. If you don't own this game and have all the endings you're missing out.",True,1657238586,0,0,0.476190477609634399,0,184,258,76561199072080254
1574270,183692610,"Was not expecting this game to be as funny as it was would recommend just for the comedy alone and the artstyle. But what really takes the cake in my opinion is the voice acting, its really good :3 So yeah it gets a recommendation from me. :)",True,1735163426,0,0,0.5,0,160,160,76561199231916660
1574270,134017462,Cute take on a dating game. Every design is a 10/10 and some of the endings took genuine thought to get.,True,1677900337,0,0,0.5,0,174,210,76561198090278614
1574270,129310983,"this game got my heart pounding during the first scenario. That's just how captivating she is : )
help
9/10",True,1672034163,0,0,0.5,0,76,76,76561198975519289
1574270,125131416,"Horrors beyond human comprehension, horniness of human invention 😎🐺📈🕺",True,1667870733,24,6,0.712013483047485352,0,173,173,76561199123798036
1574270,154635088,elder mommy,True,1703778502,0,0,0.5,0,167,167,76561198887548428
1574270,115115740,This game is super fun - really very cute but also has a beautiful eldritch horror aspect to it. I would definitely recommend this as a fun out of the box dating sim.,True,1651956505,2,0,0.52173912525177002,0,85,144,76561198052101522
1574270,113621195,"I have found this game to be hilarious and a lot of fun. I choose the most obvious option in the game, and yes, I pay dearly for it. Definitely worth the purchase. The story line and plot twists are fabulous. I honestly hope that the developers consider making a sequel, or at least more games similar to this in the near future. Big kudos to the voice actor(s)/actress(es), I honestly was expecting to do anything more than reading all parties lines in this immersive adventure in quest of the almighty smooch. All in all, I really, really enjoy this game.

So yeah, I highly recommend it.",True,1649574499,1,0,0.523809552192687988,0,99,242,76561199246716398
1574270,144135485,ln'eta is best girl but man such a fun time falling in love with the cosmic beings,True,1691972367,0,0,0.5,0,136,136,76561199097709134
1574270,122289860,"Who Doesn't love cute tentacle girls UwU
Basically, if you wanna F*ck an ancient evil god whose very existence tears apart the third dimension simply by waking from a nap this is the game for you. 
9/10 needs more Ln'eta",True,1663270710,2,0,0.502189755439758301,0,124,124,76561198835288609
1574270,152325895,"WELL, mark me down as scared AND horny.",True,1701135519,28,7,0.653262317180633545,0,120,256,76561198413184024
1574270,130140453,"Have you ever wanted to have relations with eldritch horrors? Well fear not, this game is for you.",True,1672868988,3,1,0.517241418361663818,0,153,153,76561198379729477
1574270,130770531,look man it gets lonely sometimes ok,True,1673627914,0,0,0.5,0,197,197,76561198837805943
1574270,112653042,I don't play dating games but this is fucking gold.I may be going to hell for playing this but fuck it goat daddy here i come,True,1647968988,0,0,0.5,0,26,129,76561198335781787
1574270,113984219,I swear there's a song with the exact same premise as this game.,True,1650163627,1,0,0.523809552192687988,0,141,141,76561199231650165
1574270,126365341,"The price of one kiss with the lady you love, is the ending of the world as you know it...What would you choose?
 It is quick, funny, and easy to get the hang of. This is not an AAA 40+ hour monster of a game. But it is perfect for what it is. 
Dating, demon rituals and dying in the strangest ways.",True,1669216774,0,0,0.5,0,42,44,76561197985043735
1574270,145879587,the will of D lives on,True,1694126006,1,0,0.5,0,172,196,76561198146279804
1574270,114298828,good,True,1650661991,0,0,0.5,0,179,183,76561198113585489
1574270,133335261,"Short & Sweet! (and sometimes scary, as it happens when you try to get smooches from eldritch beings)
It's very fun, and while being scary enough to, well, scare someone, it's still doable for someone who's a big coward (like me), very nice balance :D
Characters are fun and nicely distinct from one another, and endings are fun to collect and see :3",True,1677029631,0,0,0.5,0,183,183,76561198060041590
1574270,120185186,"Other worldly horrors , thick thighs and even thicker bonds. Even sisterly hate! What else could a man want?
As for the tentacles? A temporary setback. Simply another feature that you'll get over.

[WARNING IF YOU PLAY THIS YOU WILL GET CALLED A FURRY, OR WORSE]",True,1659823020,0,0,0.5,0,130,130,76561199231697703
1574270,118641349,Horrifying and innocent at the same time. Masterpiece. Looking forward to a sequel.,True,1657561922,0,0,0.5,0,175,252,76561198451797587
1574270,119213294,I LOVE HOT ELDRITCH WOMENNNNNNN,True,1658427167,14,3,0.618788659572601318,0,74,137,76561199078168876
1574270,112617116,You know what you're getting and the writing is phenomenal.,True,1647903197,0,0,0.5,0,191,212,76561198060537137
1574270,112630157,"So, more Endritch goddess when? Also, Ln'eta and Auntie Nyan Nyan plushie when?",True,1647928321,0,0,0.5,0,83,215,76561199006532361
1574270,177621398,worth it,True,1729739974,0,0,0.5,0,70,199,76561198091446972
1574270,128894983,is good,True,1671518665,0,0,0.5,0,193,273,76561199052653367
1574270,117947315,"this game was amazing. I bought it and was immediately addicted. The true ending is crazy hard, but keeps you endlessly engaged. overall, i really enjoyed it and would 100000000% buy a sequel. I wish i could delete it from my brain to experience it again.",True,1656616005,1,0,0.508521556854248047,0,88,133,76561198807641991
1574270,207434402,"Funny and sweet and horrifying all at once, worth a playthrough.",True,1761276058,0,1,0.5,0,140,220,76561198040555096
1574270,112578014,i love this game i wish you make more games like this and if you do i will scream!!!!,True,1647838100,0,0,0.5,0,89,132,76561199253360403
1574270,115601656,47 more to go. Would gladly buy each dlc if they were made separate. If they were made all at once too. 10/10,True,1652808132,1,0,0.504792332649230957,0,191,431,76561198369307152
1574270,200419278,good,True,1753251213,1,0,0.5,0,120,120,76561199881271619
1574270,140298349,suck her for love,True,1687119505,19,9,0.706228375434875488,0,23,23,76561198368778036
1574270,123247070,"Very cute (yet terrifying) visual novel with nice interactive elements. As the description suggests, you romance Eldritch gods, three of them to be exact. Each of them has their own book with various rituals to perform in order to win their affections, but the focus of each book is a little different. The first one is straightforward, simply following the instructions. The second involves ""acting out a play"" which requires paying attention to the stage directions and reciting the lines properly. The third is more time sensitive, needing to find the relevant page in the book based on what's happening and carrying out the ritual in time.

There are three chapters, with two true endings in the first and last chapters, and 6 in the 2nd chapter. The checkpoint system makes it not too difficult to get each ending, but at the same time the game itself is extremely short (I got 100% in under 3 hours). At $10, this length would normally make me not recommend a game but... honestly, it's just so cute and charming I still enjoyed it. Each girl has a distinct personality, and even though you might not like them all, it's still entertaining [spoiler]L'neta best girl though[/spoiler]. You also might learn something about Elder Gods from the game while you're at it!

If you like monster girls, definitely a must buy, especially if you can pick it up on sale. However, if game length is important to you, you might want to wait for a steep discount.",True,1664741663,0,0,0.5,0,182,185,76561198025183696
1574270,191735472,"I find visual novels boring most of the time, this was a truly immersive and actually spooky play with Lovecraftian lore where you get to smooch a frisky Cthulhu aka L'neta. Humour was on spot too. Cosmic horror with a playful twist ☆(❁‿❁)☆",True,1743524379,1,0,0.505501627922058105,0,41,41,76561199037436454
1574270,117519324,Nice!,True,1656082581,0,0,0.5,0,194,303,76561198391302744
1574270,113752360,"fun game, i really like the 90s anime style! i wish there was an art gallery so i could easily look at the art without having to play through the story again but thats not too much of a hindrance lol",True,1649787982,0,0,0.5,0,179,179,76561198272348535
1574270,111666819,"very good, Ln'eta is hot",True,1646562830,3,0,0.502283096313476562,0,85,226,76561198305303757
1574270,132351625,Funny game from youtube,True,1675741093,5,0,0.555419504642486572,0,21,21,76561198415476993
1574270,163782202,,True,1714318673,0,0,0.5,0,146,146,76561198276787304
1574270,159811466,Pretty eldritch lady,True,1709511492,3,0,0.541241884231567383,0,31,31,76561198821864698
1574270,163762678,No matter how much I play and replay this game. I always want more relationships with the creatures in this story.,True,1714299070,0,0,0.5,0,152,185,76561198025032082
1574270,136401188,"Never knew I’d need mommy Nya, like really bad and right now",True,1681034405,8,7,0.554131507873535156,0,103,103,76561199129533352
1574270,148251496,10/10 I have a thing for eldritch horrors.,True,1697341090,3,2,0.530201315879821777,0,94,162,76561198878573728
1574270,155180380,"[i]""3D women are fine, but fourth dimensional girls with non-euclidean geometry are smokin'! They've got curves I can literally get lost in.""[/i] 
Darling, Dearest, Dog, a hero we need but don't deserve",True,1704320979,0,0,0.5,0,107,193,76561197998591140
1574270,128655424,"Super good all the way through and especially creative in the last chapter, an awesome twist on a visual novel that combines both my favorite things in the genre: horror and romance. Great writing, voice acting, and the art is especially wonderful in both style and technical execution. Really can't wait to see what else the devs put out!

The only complaint I can come up with is that I ran into a few bugs, but they were hardly experience-ruining. For instance, the window randomly being too large to read the bottom text (fixed by exiting and re-entering fullscreen with alt-enter), the character sometimes disappearing when they aren't supposed to (usually fixed by leaving the room and coming back). Really minor stuff, hardly worth pointing out.

If I had any suggestions, a history feature also would have been nice since I accidentally skipped dialogue a couple times, but that's just my own user error.

The length of the game is in a nice sweet spot, not too long or too short. I noticed Steam only recorded me with 2.3 hours in the game, but it just didn't detect me playing when I started it for the first time. I think it took me around 6 or 7 hours total to finish all the endings?

As for cost, it's totally worth it at full price. In fact I honestly think $10 is a steal. I have a lot more gushing I would like to do, but it would be better if instead of reading this, you were just playing the game. So... you should go do that.

10/10",True,1671187710,0,0,0.5,0,140,140,76561198125866811
1574270,185111201,love this game!,True,1736347906,1,0,0.523809552192687988,0,28,28,76561198992232444
1574270,114443751,Unironically the best cosmic horror game since Bloodborne,True,1650874360,70,9,0.830827295780181885,0,144,144,76561198060918253
1574270,113303240,"10/10 game
dating Cthulhu and doing ritual was fun",True,1649022864,1,0,0.523809552192687988,0,169,169,76561198105399622
1574270,198344594,I loved this game it was amazing,True,1751102060,0,0,0.5,0,112,310,76561199759215189
1574270,139373607,jeg kan godt lide at se på eldrige guder som vil give mig kys,True,1685630174,1,0,0.456431567668914795,0,191,229,76561199145118375
1574270,111828310,"not sure what i expected, but was thoroughly entertained by the uhhhh plot
was not expecting it to have some v spooky moments 
got the gist of the game in 3 hours and it was cute, 8/10!",True,1646777399,1,0,0.5,0,189,189,76561198156757422
1574270,191205927,"I only did chapter one, and one path of two, because I wasn't a huge fan of the womanizer angle (me problem, I know), but I may return to it someday when I'm less of a stick in the mud.

Well-written, well-acted, well-drawn. It was spooky, but not scary, from what I played; a positive for me, perhaps not for you. One jumpscare I encountered, but it wasn't so bad, and honestly tame, as they go.  The characters are fun and charming, sound design is immaculate, mechanics are dead simple but good, all in all a breezy little experience worth your time.",True,1742971179,4,1,0.579134583473205566,0,131,131,76561198201495963
1574270,120889155,"Did I regret playing this game? Not really, but I do hate the friend who gifted it to me now.",True,1660921159,0,0,0.5,0,23,23,76561198131254830
1574270,112630929,Made me cry,True,1647930110,0,0,0.5,0,178,178,76561198441214898
1574270,129437810,one moment it'll jump scare me the next i'm dying laughing best 10 bucks i've ever spent.,True,1672156322,1,0,0.5,0,88,337,76561198306980319
1574270,115600587,"What can I say, I'm a sucker for love",True,1652806517,1,0,0.504792332649230957,0,60,173,76561198087204715
1574270,112712290,Its ironic how this is one of the most accurate lovecraftian themed games... i don't really mind it because it is a [GET SMOOCHED NOW] experience,True,1648064805,0,0,0.5,0,125,171,76561198220173909
1574270,157502257,"Short, sweet, and really funny to boot. There is a bug on the hearts for the second arc, but otherwise the game is excellently done.",True,1706976611,2,0,0.504950463771820068,0,184,245,76561198139421975
1574270,156153930,"If Estir has a million fans, then I am one of them. If Estir has ten fans, then I am one of them. If Estir has only one fan then that is me. If Estir has no fans, then that means Azathoth has ceased to dream and I have been obliterated from reality.",True,1705476600,37,11,0.78689199686050415,0,192,192,76561198085523488
1574270,115311303,Good game,True,1652294323,0,1,0.5,0,197,197,76561198881385241
1574270,141632439,"Ln'eta is best girl, Fight me",True,1688852433,1,0,0.5,0,161,161,76561198881952832
1574270,123685592,You end reality for a smooch. What more could you ask for?,True,1665503346,0,0,0.5,0,189,189,76561198049190594
1574270,176671490,PEAK ONG ONG,True,1728442115,0,0,0.5,0,42,69,76561199089053864
1574270,121223841,"I expected an otherwise plain dating sim with eldritch gods reimagined as anime girls.
Sucker For Love actually has tons of great references and weaves the more ""canon"" lore of each Elder God perfectly into their dateable counterparts. It also has some excellent horror moments that left me genuinely tense in-between the well written, if more traditional dating sim parts. Oh, and all three of the main girls are cute in their own right, you really can't go wrong.
Overall, a fantastic game for fans of eldritch horror that also want to date the monsters. Here's hoping there's more to come!",True,1661444839,11,0,0.624184012413024902,0,192,211,76561198075996803
1574270,111128138,"One of the best visual novel/dating games I've played in a long time. Super funny, well made, great voice acting, and lots of great horror moments. I'm looking into making a cosplay as Ln'eta because she is the greatest! 15/10 Try it!",True,1645932161,1,0,0.51171875,0,146,255,76561198068738339
1574270,111222439,"I never thought I'd see the game get its own Steam release, and I'm happy that it happened!
I've been a fan for some time as I enjoyed everything chapter 1 offered (before it was the only one) and they didn't disappoint with the other chapters!
So naturally I recommend!",True,1646034591,1,1,0.523809552192687988,0,67,198,76561198137338095
1574270,133684316,This is why the public domain is a good thing. You can get that great old one bussy.,True,1677434852,1,0,0.5,0,133,133,76561198083464506
1574270,191509507,good,True,1743285881,0,0,0.481682509183883667,0,190,292,76561199379514079
1574270,126664109,hehe eldrich horror waifus go brrrrrrrrrrrrrrrrrrrrrrrrrrrrrrrrrrrrr,True,1669313352,0,0,0.5,0,116,266,76561199023587075
1574270,165399935,"It doesn't get much better than this, going insane for women AND dying yes sirrrrrr

RAAAAAAAAAAAAAAAHHHHH
12/12 would get taste of women altered again!",True,1715768902,0,0,0.5,0,77,77,76561198870061043
1574270,120060151,"Short, sweet, and I have developed a love for 4th dimensional girls",True,1659633564,0,1,0.5,0,181,181,76561198067824379
1574270,112911045,One of the best games i have played. love the colour palette and art style. <3,True,1648381868,1,0,0.519999980926513672,0,56,431,76561199209384065
1574270,112678485,big tiddy gods 10/10,True,1648011305,1,0,0.523809552192687988,0,83,159,76561198179546185
1574270,112491080,"This is a horror game.
About ""summoning ( ͡° ͜ʖ ͡°)"" eldritch gods.",True,1647716478,1,0,0.5,0,143,143,76561198137437350
1574270,111456429,LUST MY FRIENDS... WE LACK THE LUST TO CONQUER THE COSMOS!,True,1646325227,20,7,0.626527845859527588,0,167,171,76561198080219882
1574270,169326972,She can fix us.,True,1720442960,0,1,0.5,0,185,185,76561199199751899
1574270,121983836,hear me out,True,1662737198,86,50,0.857035279273986816,1,60,60,76561198245771844
1574270,131007888,oh my goodness hips,True,1673924971,0,0,0.5,0,48,92,76561198882687023
1574270,114642975,auntie nyan nyan awoke things in me that were never supposed to be.,True,1651198523,67,29,0.817519068717956543,0,176,176,76561199124107338
1574270,175844668,this really is a LOVEcraftian dating sim,True,1727396492,1,0,0.527559041976928711,0,188,188,76561198057579775
1574270,112580703,"———————————No smooches?———————————
⠀⣞⢽⢪⢣⢣⢣⢫⡺⡵⣝⡮⣗⢷⢽⢽⢽⣮⡷⡽⣜⣜⢮⢺⣜⢷⢽⢝⡽⣝
⠸⡸⠜⠕⠕⠁⢁⢇⢏⢽⢺⣪⡳⡝⣎⣏⢯⢞⡿⣟⣷⣳⢯⡷⣽⢽⢯⣳⣫⠇
⠀⠀⢀⢀⢄⢬⢪⡪⡎⣆⡈⠚⠜⠕⠇⠗⠝⢕⢯⢫⣞⣯⣿⣻⡽⣏⢗⣗⠏⠀
⠀⠪⡪⡪⣪⢪⢺⢸⢢⢓⢆⢤⢀⠀⠀⠀⠀⠈⢊⢞⡾⣿⡯⣏⢮⠷⠁⠀⠀
⠀⠀⠀⠈⠊⠆⡃⠕⢕⢇⢇⢇⢇⢇⢏⢎⢎⢆⢄⠀⢑⣽⣿⢝⠲⠉⠀⠀⠀⠀
⠀⠀⠀⠀⠀⡿⠂⠠⠀⡇⢇⠕⢈⣀⠀⠁⠡⠣⡣⡫⣂⣿⠯⢪⠰⠂⠀⠀⠀⠀
⠀⠀⠀⠀⡦⡙⡂⢀⢤⢣⠣⡈⣾⡃⠠⠄⠀⡄⢱⣌⣶⢏⢊⠂⠀⠀⠀⠀⠀⠀
⠀⠀⠀⠀⢝⡲⣜⡮⡏⢎⢌⢂⠙⠢⠐⢀⢘⢵⣽⣿⡿⠁⠁⠀⠀⠀⠀⠀⠀⠀
⠀⠀⠀⠀⠨⣺⡺⡕⡕⡱⡑⡆⡕⡅⡕⡜⡼⢽⡻⠏⠀⠀⠀⠀⠀⠀⠀⠀⠀⠀
⠀⠀⠀⠀⣼⣳⣫⣾⣵⣗⡵⡱⡡⢣⢑⢕⢜⢕⡝⠀⠀⠀⠀⠀⠀⠀⠀⠀⠀⠀
⠀⠀⠀⣴⣿⣾⣿⣿⣿⡿⡽⡑⢌⠪⡢⡣⣣⡟⠀⠀⠀⠀⠀⠀⠀⠀⠀⠀⠀⠀
⠀⠀⠀⡟⡾⣿⢿⢿⢵⣽⣾⣼⣘⢸⢸⣞⡟⠀⠀⠀⠀⠀⠀⠀⠀⠀⠀⠀⠀⠀
⠀⠀⠀⠀⠁⠇⠡⠩⡫⢿⣝⡻⡮⣒⢽⠋⠀⠀⠀⠀⠀⠀⠀⠀⠀⠀⠀⠀⠀⠀
—————————————————————————————",True,1647844204,3,1,0.510570108890533447,0,143,325,76561198342699545
1574270,149193677,"Oh shit, this got dark super fast.

And the game's title is 500% appropriate.",True,1698673771,0,0,0.5,0,30,100,76561197972798026
1574270,188047746,I'm a Sucker,True,1739715272,0,0,0.477272719144821167,0,34,34,76561198304880726
1574270,175325236,Very cute,True,1726772574,0,0,0.5,0,140,140,76561198257155812
1574270,135503435,"Great game, would simp again",True,1679861654,9,0,0.597782552242279053,0,119,119,76561198373835406
1574270,140680762,"Pretty fun, great price point and a great dub and I usually prefer to play VN with no dub if it's in english.",True,1687708153,0,0,0.5,0,130,132,76561198111164475
1574270,151019808,Nice little game,True,1700662243,1,0,0.5,0,99,339,76561199181155869
1574270,208138212,It really doesn't get better than combining lovecraftian entities with titties. only thing to complain about is how it isnt longer.. i want more. especially more yandere ln'eta,True,1762008831,1,0,0.523809552192687988,0,176,312,76561198804241328
1574270,133400040,I was making fun of games like this and low and behold I have 2.6 hours in game I had no idea I downloaded or bought. WTF? Was I on something? Drunk? I mean I don't drink so I don't understand at all what happened.... Like seriously did I have an out of body experience where I thought this was a good idea????? Anyway no clue... and the 2.6 hours are lost in my life. If that's all I lose in my life I think I can live with it.,True,1677132186,2,2,0.52702707052230835,0,155,155,76561197984484505
1574270,125706308,I played this game for 2.6 hours and 100%'d it and all I got was a lousy crush on Eldritch abominations.,True,1668800663,2,2,0.515567004680633545,0,90,231,76561198102756452
1574270,143781679,markiplier played it and he is cool and based,True,1691674833,1,0,0.439999967813491821,0,58,141,76561198157722947
1574270,111190694,"I have to admit, this is the best 8,19 euros I have ever spent during my time spent roaming planet Earth. I have no words to describe the absolute genius behind this game. Unfortunately, while this masterpiece; this absolute Magnum Opus of contemporary digital art is indeed the closest humans will ever get to perfection, I have to mention my deepest regrets. Unfortunately for me, for you, and for all of mankind, this piece of art takes a very very short time to consume. It's replay-ability, after unlocking every ending, depends entirely on weather or not you suffer from Alzheimer's disease. Therefor, I dare ask for a DLC or perhaps, if God himself so desires, a second part to this breathtaking story. Thank you, everyone, for listening to my words.",True,1645994514,3,1,0.539951622486114502,0,93,177,76561198243081084
1574270,125541463,tentacle girl cute 10/10,True,1668547224,0,1,0.5,0,180,183,76561198891497796
1574270,134781475,EWOMEN,True,1679009594,1,0,0.495495468378067017,0,50,160,76561198442500130
1574270,198197782,It's a dating game that I don't dare to continue playing because I'm really scared.,True,1750954018,0,2,0.5,0,9,9,76561199207242631
1574270,160643897,"Awesome mix of horror and dating sim.

10/10 would destroy reality to smooch a cosmic horror again.",True,1710570719,15,0,0.635419368743896484,0,177,351,76561198087337786
1574270,112954687,Down bad for some eldritch women that could kill me and the whole of existence. Worth It.,True,1648445240,1,0,0.476190477609634399,0,64,469,76561199230027851
1574270,116743319,"Sucker for Love: First Date is honestly one of my favorite Visual Novels. I was honestly a little skeptical on playing this one, but I was blown away by the quality and value this provides.

The start to the game really sets the whole tone with the anime-like music and an art style that grasps the player instantly. I was instantly drawn in as hearing the music and hearing the voices for the first character you meet. Yup. Voices! And they are actually wicked well done! The voice actors really seemed like they enjoyed reading their parts and are perfect for who they played.

I really enjoyed how this novel had multiple branches in decisions and endings. Without spoiling too much, you can interchange certain items and it changes how the novel is played out. The novel has a puzzle-like aspect to it and I think that really adds to the whole directive the devs were going with here. Obviously, I had to try and find all the endings and, did I mention secrets?? The final *final* ending was actually pretty tricky. It took me a while to get the hang of it, but definitely worthwhile!

I really, REALLY enjoyed this visual novel. I hope to see more from these devs in the future because I intend to fully endorse anything they put out. Overall, I fully recommend.

[spoiler] Estir best eldritch horror waifu. [/spoiler]",True,1654816917,0,0,0.5,0,150,150,76561198066504847
1574270,113714844,Super fun and cute game!! I loved the plot and the art style reminded me of 90's anime which i am very happy about. I love the different possibilities for endings and my only complaint is that there isn't more but overall i rate it a 10/10!,True,1649719929,0,0,0.5,0,149,149,76561199005916735
1574270,115913668,"I unironically love this game. 
I've always wanted to summon an eldritch god.",True,1653340577,1,0,0.5,0,129,129,76561198046884357
1574270,130327867,_,True,1673073985,0,0,0.5,0,28,28,76561199201428659
1574270,112602766,11/10 would be abused by cosmic entities for smooches again,True,1647882433,0,0,0.5,0,185,185,76561198007444267
1574270,127469826,"A friend told me :""My brother in christ you stack no paper and get no bi**hes"" ,he is right .",True,1669678591,1,1,0.5,0,96,169,76561198268563092
1574270,186396592,"10/10 You get to smooch Cutethulu, what more do you want?!",True,1737832112,3,0,0.542743563652038574,0,151,151,76561198069513316
1574270,184412580,"I love eldritch horrors, and this game allows me to literally love eldritch horrors.",True,1735723853,1,0,0.52173912525177002,0,142,269,76561199100321787
1574270,166121772,"actually hot mc?!? actually good love interest designs?!? cute music?!? great voice acting?!? 

the whole hentai jokes and whatnot aside, genuinely enjoyed the game. solid plot, chill mechs. maybe a bit simple in favour of just appealing to incels but i liked it for sure",True,1716752631,1,0,0.5,0,75,75,76561199254826005
1574270,116168769,Worth It!,True,1653788273,2,0,0.523809552192687988,0,64,308,76561198052024232
1574270,149583052,"Gives one of the best antitheses to Lovecrafts idea the greastest fear is the fear of the unknown in the best way. Its very 
 funny .",True,1699186736,0,0,0.5,0,151,151,76561198031102698
1574270,117476644,good game,True,1656018475,0,0,0.5,0,61,321,76561199099953962
1574270,131792884,Mommy? Sorry. Mommy? Sorry. Mommy? Sorry. Mommy? Sorry. Mommy? Sorry. Mommy? Sorry. Mommy? Sorry. Mommy? Sorry. Mommy? Sorry. Mommy? Sorry. Mommy? Sorry. Mommy? Sorry. Mommy? Sorry. Mommy? Sorry. Mommy? Sorry. Mommy? Sorry. Mommy? Sorry. Mommy? Sorry. Mommy? Sorry. Mommy? Sorry. Mommy? Sorry. Mommy? Sorry. Mommy? Sorry. Mommy? Sorry. Mommy? Sorry. Mommy? Sorry. Mommy? Sorry. Mommy? Sorry. Mommy? Sorry. Mommy? Sorry. Mommy? Sorry. Mommy? Sorry. Mommy? Sorry. Mommy? Sorry. Mommy? Sorry. Mommy? Sorry. Mommy? Sorry. Mommy? Sorry. Mommy? Sorry. Mommy? Sorry. Mommy? Sorry. Mommy? Sorry. Mommy? Sorry. Mommy? Sorry. Mommy? Sorry. Mommy? Sorry. Mommy? Sorry. Mommy? Sorry. Mommy? Sorry. Mommy? Sorry. Mommy? Sorry. Mommy? Sorry. Mommy? Sorry. Mommy? Sorry. Mommy? Sorry. Mommy? Sorry. Mommy? Sorry. Mommy? Sorry. Mommy? Sorry. Mommy? Sorry. Mommy? Sorry. Mommy? Sorry. Mommy? Sorry. Mommy? Sorry. Mommy? Sorry. Mommy? Sorry. Mommy? Sorry. Mommy? Sorry. Mommy? Sorry. Mommy? Sorry. Mommy? Sorry. Mommy? Sorry. Mommy? Sorry. Mommy? Sorry. Mommy? Sorry. Mommy? Sorry. Mommy? Sorry. Mommy? Sorry. Mommy? Sorry. Mommy? Sorry. Mommy? Sorry. Mommy? Sorry. Mommy? Sorry. Mommy? Sorry. Mommy? Sorry. Mommy? Sorry. Mommy? Sorry. Mommy? Sorry. Mommy? Sorry. Mommy? Sorry. Mommy? Sorry. Mommy? Sorry. Mommy? Sorry. Mommy? Sorry. Mommy? Sorry. Mommy? Sorry. Mommy? Sorry. Mommy? Sorry. Mommy? Sorry. Mommy? Sorry. Mommy? Sorry. Mommy? Sorry. Mommy? Sorry. Mommy? Sorry. Mommy? Sorry. Mommy? Sorry. Mommy? Sorry. Mommy? Sorry. Mommy? Sorry. Mommy? Sorry. Mommy? Sorry. Mommy? Sorry. Mommy? Sorry. Mommy? Sorry. Mommy? Sorry. Mommy? Sorry. Mommy? Sorry. Mommy? Sorry. Mommy? Sorry. Mommy? Sorry. Mommy? Sorry. Mommy? Sorry. Mommy? Sorry. Mommy? Sorry. Mommy? Sorry. Mommy? Sorry. Mommy? Sorry. Mommy? Sorry. Mommy? Sorry. Mommy? Sorry. Mommy? Sorry. Mommy? Sorry. Mommy? Sorry. Mommy? Sorry. Mommy? Sorry. Mommy? Sorry. Mommy? Sorry. Mommy? Sorry. Mommy? Sorry. Mommy? Sorry. Mommy? Sorry. Mommy? Sorry. Mommy? Sorry. Mommy? Sorry. Mommy? Sorry. Mommy? Sorry. Mommy? Sorry. Mommy? Sorry. Mommy? Sorry. Mommy? Sorry. Mommy? Sorry. Mommy? Sorry. Mommy? Sorry. Mommy? Sorry. Mommy? Sorry. Mommy? Sorry. Mommy? Sorry. Mommy? Sorry. Mommy? Sorry. Mommy? Sorry. Mommy? Sorry. Mommy? Sorry. Mommy? Sorry. Mommy? Sorry. Mommy? Sorry. Mommy? Sorry. Mommy? Sorry. Mommy? Sorry. Mommy? Sorry. Mommy? Sorry. Mommy? Sorry. Mommy? Sorry. Mommy? Sorry. Mommy? Sorry. Mommy? Sorry. Mommy? Sorry. Mommy? Sorry. Mommy? Sorry. Mommy? Sorry. Mommy? Sorry. Mommy? Sorry. Mommy? Sorry. Mommy? Sorry. Mommy? Sorry. Mommy? Sorry. Mommy? Sorry. Mommy? Sorry. Mommy? Sorry. Mommy? Sorry. Mommy? Sorry. Mommy? Sorry. Mommy? Sorry. Mommy? Sorry. Mommy? Sorry. Mommy? Sorry. Mommy? Sorry. Mommy? Sorry. Mommy? Sorry. Mommy? Sorry. Mommy? Sorry. Mommy? Sorry. Mommy? Sorry. Mommy? Sorry. Mommy? Sorry. Mommy? Sorry. Mommy? Sorry. Mommy? Sorry. Mommy? Sorry. Mommy? Sorry. Mommy? Sorry. Mommy? Sorry. Mommy? Sorry. Mommy? Sorry. Mommy? Sorry. Mommy? Sorry. Mommy? Sorry. Mommy? Sorry. Mommy? Sorry. Mommy? Sorry. Mommy? Sorry. Mommy? Sorry. Mommy? Sorry. Mommy? Sorry. Mommy? Sorry. Mommy? Sorry. Mommy? Sorry. Mommy? Sorry. Mommy? Sorry. Mommy? Sorry. Mommy? Sorry. Mommy? Sorry. Mommy? Sorry. Mommy? Sorry. Mommy? Sorry. Mommy? Sorry. Mommy? Sorry. Mommy? Sorry. Mommy? Sorry. Mommy? Sorry. Mommy? Sorry. Mommy? Sorry. Mommy? Sorry. Mommy? Sorry. Mommy? Sorry. Mommy? Sorry. Mommy? Sorry. Mommy? Sorry. Mommy? Sorry. Mommy? Sorry. Mommy? Sorry. Mommy? Sorry. Mommy? Sorry. Mommy? Sorry. Mommy? Sorry. Mommy? Sorry. Mommy? Sorry. Mommy? Sorry. Mommy? Sorry. Mommy? Sorry. Mommy? Sorry. Mommy? Sorry. Mommy? Sorry. Mommy? Sorry. Mommy? Sorry. Mommy? Sorry. Mommy? Sorry. Mommy? Sorry. Mommy? Sorry. Mommy? Sorry. Mommy? Sorry. Mommy? Sorry. Mommy? Sorry. Mommy? Sorry. Mommy? Sorry. Mommy? Sorry. Mommy? Sorry. Mommy? Sorry. Mommy? Sorry. Mommy? Sorry. Mommy? Sorry. Mommy? Sorry. Mommy? Sorry. Mommy? Sorry. Mommy? Sorry. Mommy? Sorry. Mommy? Sorry. Mommy? Sorry. Mommy? Sorry. Mommy? Sorry. Mommy? Sorry. Mommy? Sorry. Mommy? Sorry. Mommy? Sorry. Mommy? Sorry. Mommy? Sorry. Mommy? Sorry. Mommy? Sorry. Mommy? Sorry. Mommy? Sorry. Mommy? Sorry. Mommy? Sorry. Mommy? Sorry. Mommy? Sorry. Mommy? Sorry. Mommy? Sorry. Mommy? Sorry. Mommy? Sorry. Mommy? Sorry. Mommy? Sorry. Mommy? Sorry. Mommy? Sorry. Mommy? Sorry. Mommy? Sorry. Mommy? Sorry. Mommy? Sorry. Mommy? Sorry. Mommy? Sorry. Mommy? Sorry. Mommy? Sorry. Mommy? Sorry. Mommy? Sorry. Mommy? Sorry. Mommy? Sorry. Mommy? Sorry. Mommy? Sorry. Mommy? Sorry. Mommy? Sorry. Mommy? Sorry. Mommy? Sorry. Mommy? Sorry. Mommy? Sorry. Mommy? Sorry. Mommy? Sorry. Mommy? Sorry. Mommy? Sorry. Mommy? Sorry. Mommy? Sorry. Mommy? Sorry. Mommy? Sorry. Mommy? Sorry. Mommy? Sorry. Mommy? Sorry. Mommy? Sorry. Mommy? Sorry. Mommy? Sorry. Mommy? Sorry. Mommy? Sorry. Mommy? Sorry. Mommy? Sorry. Mommy? Sorry. Mommy? Sorry. Mommy? Sorry. Mommy? Sorry. Mommy? Sorry. Mommy? Sorry. Mommy? Sorry. Mommy? Sorry. Mommy? Sorry. Mommy? Sorry. Mommy? Sorry. Mommy? Sorry. Mommy? Sorry. Mommy? Sorry. Mommy? Sorry. Mommy? Sorry. Mommy? Sorry. Mommy? Sorry. Mommy? Sorry. Mommy? Sorry. Mommy? Sorry. Mommy? Sorry. Mommy? Sorry. Mommy? Sorry. Mommy? Sorry. Mommy? Sorry. Mommy? Sorry. Mommy? Sorry. Mommy? Sorry. Mommy? Sorry. Mommy? Sorry. Mommy? Sorry. Mommy? Sorry. Mommy? Sorry. Mommy? Sorry. Mommy? Sorry. Mommy? Sorry. Mommy? Sorry. Mommy? Sorry. Mommy? Sorry. Mommy? Sorry. Mommy? Sorry. Mommy? Sorry. Mommy? Sorry. Mommy? Sorry. Mommy? Sorry. Mommy? Sorry. Mommy? Sorry. Mommy? Sorry. Mommy? Sorry. Mommy? Sorry. Mommy? Sorry. Mommy? Sorry. Mommy? Sorry. Mommy? Sorry. Mommy? Sorry. Mommy? Sorry. Mommy? Sorry. Mommy? Sorry. Mommy? Sorry. Mommy? Sorry. Mommy? Sorry. Mommy? Sorry. Mommy? Sorry. Mommy? Sorry. Mommy? Sorry. Mommy? Sorry. Mommy? Sorry. Mommy? Sorry. Mommy? Sorry. Mommy? Sorry. Mommy? Sorry. Mommy? Sorry. Mommy? Sorry. Mommy? Sorry. Mommy? Sorry. Mommy? Sorry. Mommy? Sorry. Mommy? Sorry. Mommy? Sorry. Mommy? Sorry. Mommy? Sorry. Mommy? Sorry. Mommy? Sorry. Mommy? Sorry. Mommy? Sorry. Mommy? Sorry. Mommy? Sorry. Mommy? Sorry. Mommy? Sorry. Mommy? Sorry. Mommy? Sorry. Mommy? Sorry. Mommy? Sorry. Mommy? Sorry. Mommy? Sorry. Mommy? Sorry. Mommy? Sorry. Mommy? Sorry. Mommy? Sorry. Mommy? Sorry. Mommy? Sorry. Mommy? Sorry. Mommy? Sorry. Mommy? Sorry. Mommy? Sorry. Mommy? Sorry. Mommy? Sorry. Mommy? Sorry. Mommy? Sorry. Mommy? Sorry. Mommy? Sorry. Mommy? Sorry. Mommy? Sorry. Mommy? Sorry. Mommy? Sorry. Mommy? Sorry. Mommy? Sorry. Mommy? Sorry. Mommy? Sorry. Mommy? Sorry. Mommy? Sorry. Mommy? Sorry. Mommy? Sorry. Mommy? Sorry. Mommy? Sorry. Mommy? Sorry. Mommy? Sorry. Mommy? Sorry. Mommy? Sorry. Mommy? Sorry. Mommy? Sorry. Mommy? Sorry. Mommy? Sorry. Mommy? Sorry. Mommy? Sorry. Mommy? Sorry. Mommy? Sorry. Mommy? Sorry. Mommy? Sorry. Mommy? Sorry. Mommy? Sorry. Mommy? Sorry. Mommy? Sorry. Mommy? Sorry. Mommy? Sorry. Mommy? Sorry. Mommy? Sorry. Mommy? Sorry. Mommy? Sorry. Mommy? Sorry. Mommy? Sorry. Mommy? Sorry. Mommy? Sorry. Mommy? Sorry. Mommy? Sorry. Mommy? Sorry. Mommy? Sorry. Mommy? Sorry. Mommy? Sorry. Mommy? Sorry. Mommy? Sorry. Mommy? Sorry. Mommy? Sorry. Mommy? Sorry. Mommy? Sorry. Mommy? Sorry. Mommy? Sorry. Mommy? Sorry. Mommy? Sorry. Mommy? Sorry. Mommy? Sorry. Mommy? Sorry. Mommy? Sorry. Mommy? Sorry. Mommy? Sorry. Mommy? Sorry. Mommy? Sorry. Mommy? Sorry. Mommy? Sorry. Mommy? Sorry. Mommy? Sorry. Mommy? Sorry. Mommy? Sorry. Mommy? Sorry. Mommy? Sorry. Mommy? Sorry. Mommy? Sorry. Mommy? Sorry. Mommy? Sorry. Mommy? Sorry. Mommy? Sorry. Mommy? Sorry. Mommy? Sorry. Mommy? Sorry. Mommy? Sorry. Mommy? Sorry. Mommy? Sorry. Mommy? Sorry. Mommy? Sorry. Mommy? Sorry. Mommy? Sorry. Mommy? Sorry. Mommy? Sorry. Mommy? Sorry. Mommy? Sorry. Mommy? Sorry. Mommy? Sorry. Mommy? Sorry. Mommy? Sorry. Mommy? Sorry. Mommy? Sorry. Mommy? Sorry. Mommy? Sorry. Mommy? Sorry. Mommy? Sorry. Mommy? Sorry. Mommy? Sorry. Mommy? Sorry. Mommy? Sorry. Mommy? Sorry. Mommy? Sorry.,True,1674989335,3,8,0.505035996437072754,0,56,154,76561199151077773
1574270,111378301,"Never before have i experienced such an awe providing, jaw dropping, ecstasy inducing romance story such as that of Sucker for love : First date
Nay i did not know what my heart wanted until i was blessed with these visions of bodacious, curvy, non-euclidean eldritch horrors
I fear i may never be able to share the love with someone the same way i did to three goddesses at once, for what is 3D compared to 4D",True,1646227987,1,0,0.523809552192687988,0,175,175,76561198067961160
1574270,115265490,Time to summon eldrich gods and ruin entire universes for a kiss. The protagonist is such a big simp that he doesn't even try to clap eldrich cheeks.,True,1652208174,1,1,0.5,0,125,125,76561198202243256
1574270,167782390,"Bro i aint even mad they ended realities bro, I just feel bad for tentacle lady when she stopped dreaming man... ish got me cryin n stuff bro",True,1718911603,0,0,0.5,0,92,147,76561199404954990
1574270,193118637,"Very very short dating sim, game's filled with bugs but the story ain't.",True,1745083701,0,0,0.5,0,181,181,76561198201357587
1574270,139544229,"""There are not more than three eldritch gods, yet the combinations of these three eldritch horrors give rise to more romance than can ever be felt.There are not more than three eldritch gods, yet in combination they produce more insanity than can ever been seen.There are not more than three eldritch gods, yet combinations of them yield more love than can ever be tasted."" - Clark Barnett",True,1685892167,1,1,0.523809552192687988,0,160,291,76561199090660670
1574270,121316022,"Cute, lighthearted story ( ͡° ͜ʖ ͡°)",True,1661603867,0,0,0.5,0,144,144,76561198025738669
1574270,134069873,mmmmm cthulussy,True,1677959679,20,17,0.695993244647979736,0,173,201,76561198829704804
1574270,116152538,A squid is fine too.,True,1653762102,35,12,0.739362776279449463,0,159,159,76561198000171025
1574270,157382441,This is probably the best game iv ever played,True,1706847454,0,0,0.5,0,139,150,76561198404260387
1574270,183742684,Fun game with cute cosmic horrors- what's not to love? Real nice game if you're just wanting to have some fun and not commit to a suuuper long game :),True,1735213855,0,0,0.5,0,184,184,76561198144031214
1574270,187854560,"https://youtu.be/4R6ZuLtR_HI


such a good , funny game. Really fun story with cute characters.",True,1739496218,0,0,0.5,0,89,89,76561199079220685
1574270,154863342,A fun lighthearted “dating sim” filled with Lovecraftian nightmare ladies who just want your love(death). The art is beautiful and the game is both fun and funny. I enjoyed the short time it took me to see the end. If you enjoy visual novels or dating sims I recommend it. It was a fun time.,True,1703993696,0,0,0.5,0,162,162,76561198079096334
1574270,128951541,"It's pretty good but also pretty short, kind of what you'd expect. I couldn't unlock the 3rd ending, even using a walkthrough. Not sure what I was doing wrong, but I still enjoyed it. A really good game for Twitch streamers who are good voice actors.",True,1671603823,0,1,0.5,0,158,158,76561199341635663
1574270,144300006,"It's a great concept but I thought it was a visual novel! Great game though <3
How can anything be so cute and so scary at the same time?",True,1692145915,0,0,0.5,0,20,20,76561198170869129
1574270,129896874,12/10 I love the tall cat girl,True,1672617255,0,0,0.5,0,34,148,76561198833599820
1574270,112897799,"I don't know what it is about this game, but I think it has engrained its self into my brain. Might be the multiple rituals, might be that when I look in the mirror I see blood everywhere, or it could be the boppin soundtrack, can't really put a tentacle on it.",True,1648360514,0,0,0.5,0,81,185,76561198124299481
1574270,187943513,defined my taste in woman,True,1739606846,0,0,0.5,0,132,255,76561199454616089
1574270,122181200,"I smooched Cthulhu
10/10",True,1663070855,3,1,0.53562009334564209,0,175,181,76561198089794533
1574270,149597912,"She is beauty
She is grace
She wrapped her tentacles around my face",True,1699201328,61,26,0.848825514316558838,0,154,154,76561198111488766
1574270,125941984,Based.,True,1669140682,8,0,0.598540186882019043,0,152,155,76561197972657960
1574270,132869450,"Was pleasantly surprised about this little interactive experience. The writing is nothing to scoff at and it manages to be humorous at times, too. 

The voice acting is very competent and it brought a lot of character to the eldritch horrors that you're ""dating"". The voice actresses sound like they had a lot of fun recording.

The ""reading"" mechanic could be a little bit more forgiving with the slow speed that it expects you to perform the incantations.

My highlight was how all the little mechanics learned throughout the game came together in the 3rd chapter.

The length of the game is perfect for what it's trying to accomplish.",True,1676425788,0,0,0.5,0,181,181,76561198074699257
1574270,114548143,"Forget Sinking City, this game delivers more cosmic horror at half the price. Voice acting is disturbingly good, and the art is non euclidean.

10 / 10",True,1651043792,1,0,0.5,0,182,486,76561198036877993
1574270,188153595,"I had this game on my pending list for a while but man I'm glad I played it.

Its quite a good laugh mixed with some dark stuff in between followed by amazing voice acting and dialogue that it just works. And the most amazing thing of all? LUST wins!",True,1739832097,3,0,0.559321999549865723,0,189,189,76561198135415645
1574270,115351752,cool game subverts the gameplay expected of a dating sim,True,1652373688,1,0,0.5,0,190,446,76561198994758462
1574270,207508339,Eldritch Breasts,True,1761355732,5,3,0.573546171188354492,0,118,118,76561199830151765
1574270,165188093,"I bought this as a damn joke, and ended up thoroughly enjoying it. Worth it on sale. Lets see if the 2nd one is just as entertaining.",True,1715484196,0,0,0.5,0,154,154,76561198159284481
1574270,154511476,"Im not a huge fan of dating games, as an asexual demiromantic person i lever really found darting games too apealling but whenever i found this i knew i had to play it the horrific twist on a topic i barely ever like as a fan of horror I LOVED IT aswell as the personality of all the characters really allows me to connect to them and appreciate the effot put into this game. the art style is beutiful and voice acting is amazing and L'netta is just the sweetest girl ever.",True,1703651295,2,0,0.486757129430770874,0,175,192,76561199133122661
1574270,112017347,fantastic game that actually had me laughing out loud even though i played it alone. on top of that some great and lovable characters with amazing voice acting. 10/10 would love to wipe my memory and experience this masterpiece again!,True,1647062135,0,0,0.5,0,193,193,76561198144455281
1574270,113308764,WTF is this game,True,1649033158,1,0,0.511278212070465088,0,84,214,76561198999554582
1574270,115591290,"Good voice acting, visual design, and a story that is funny and engaging. Very well priced for what the game has to offer, I would definitely recommend playing this game. Only complaint would be that replaying to get all the different endings can be tedious.",True,1652792928,0,0,0.5,0,188,690,76561199111528956
1574270,208483687,"Current favourite game for SURE - An absolute blast to play, and surprising at times!! Definitely does well at combining horror, fun mechanics, and classic dating sims!!",True,1762357551,0,0,0.5,0,159,294,76561198200051147
1574270,169776871,this includes a lot of very specific preferences that i didn't know i had.,True,1720884987,7,1,0.5703125,0,80,90,76561199242114867
1574270,159280870,We could harness antimatter energy from just how fast Howard is spinning right now.,True,1708896836,3,0,0.530201315879821777,0,167,167,76561198099233834
1574270,121095414,"11/10, would trade sanity for smooches again",True,1661230467,1,0,0.517241418361663818,0,168,168,76561198070336593
1574270,133526172,SMOOCHING FURRY GODDESESS 10/10,True,1677274026,7,0,0.56301724910736084,0,127,127,76561199245235230
1574270,155854487,"It is what it is
6/10 Eldritch horrors",True,1705109648,0,0,0.5,0,127,127,76561198242128526
1574270,166546295,Actually pretty funny,True,1717351459,0,0,0.5,0,139,139,76561198267664026
1574270,113712693,Fantastic game. Great writing and fun mechanics. Half the fun is figuring out new ways to fail and go insane. 100% worth the price!,True,1649716043,0,0,0.5,0,47,48,76561198065171297
1574270,117959562,Honestly was a joke but its sweet in a weird Eldritch Horror way.,True,1656630193,0,0,0.5,0,193,193,76561198271978807
1574270,148674493,sigma OHIO!,True,1697984662,1,0,0.44411960244178772,0,57,57,76561198813438243
1574270,189836738,Beautiful women 10/10,True,1741568001,1,0,0.523809552192687988,0,182,475,76561198967804098
1574270,174442925,Mommy L'neta is my safe space,True,1725717980,1,0,0.523809552192687988,0,81,204,76561198166146376
1574270,117583396,Eldritch horror dating sim? you think that will unravel me? HA only my childhood already did that,True,1656166230,0,1,0.494117677211761475,0,186,320,76561198367160555
1574270,114969339,"A funny and cute (despite the blood and horror stuff) short visual novel. Has a handy timeline view of all the paths you take in each of the three chapters so you can get to the other endings quicker. Overall its a fun experience that is largely marred by a less than enjoyable third chapter which is more of an exercise in frustration than anything else. Luckily the comedy and tender moments in the preceding two chapters make it more worthwhile. 

Dunno if it's quite worth the £7 asking price though...
ᵃˡˢᵒ ˡⁿ'ᵉᵗᵃ ᵇᵉˢᵗ ᵍᶦʳˡ",True,1651723114,0,0,0.5,0,138,154,76561198001558786
1574270,112448450,"It's a funny game, and worth the 10 USD, BUT it's probably not for all. There isn't really replay value and fairly short, so don't expect to get 100 hours out of it. Expect about 5 hours out of this. 


I could of sworn there used to be achievements, am i wrong..?",True,1647661091,2,0,0.519999980926513672,0,42,42,76561198079582802
1574270,116762888,"Do you love cosmic horror? Do you enjoy smooching beautiful deities? Well look no further! This game has all of that and more!! 

P.S
If anyone find an 18+ patch lemme know, for research of course...",True,1654861253,0,0,0.5,0,110,138,76561197995455666
1574270,176161733,"This was a hilariously cute adventure. The dialogue was amazing, voice acting was top and I could not help my self and took a peek XD IYKYK",True,1727798140,0,0,0.5,0,92,302,76561198952270882
1574270,117895671,"Father, forgive me, for I have succumbed to the Cthussy",True,1656549889,39,33,0.784018278121948242,0,128,128,76561198013795945
1574270,118729535,where is the cthussy,True,1657686202,1,0,0.486747235059738159,0,29,29,76561198197251346
1574270,144766397,"10/10 its hilarious, all the endings are great",True,1692676133,0,0,0.5,0,181,188,76561199106527007
1574270,116080369,Estir sucks Ln'eta is way better,True,1653646452,50,8,0.735544860363006592,0,106,106,76561197995776610
1574270,140141107,Some of the endings are hilarious,True,1686892797,0,0,0.5,0,143,257,76561198255256373
1574270,126913290,"It's an Eldrich otome game, what more could you want?",True,1669421025,0,0,0.5,0,124,124,76561198080600365
1574270,144899426,Never knew one day i would smooch a eldritch God,True,1692853100,0,0,0.5,0,124,133,76561199122448156
1574270,142318253,Horrors beyond human comprehension? more like Beauty beyond human comprehension,True,1689670226,1,1,0.490740746259689331,0,42,76,76561198130089888
1574270,138572560,great story,True,1684532731,0,0,0.5,0,177,177,76561199147638187
1574270,202071791,it cute,True,1755122279,0,0,0.476190477609634399,0,194,194,76561199833023262
1574270,148543507,i'd get a smooch too if i was him,True,1697812308,1,0,0.476377934217453003,0,56,56,76561198854632783
1574270,113071339,"I'll probably will die if I actually summon an Eldritch God and date them, I mean what a price to pay right??

But for real, it's actually a decent game, the story is good, the art is amazing, the soundtrack is great and the characters is somewhat lovable,

Also there's a bunch of endings and a bunch of choices you can do, every time I choose a different answer the progression of the story will change, for a price of this game, it's surely worth to play.

Is there any problem that I encounter from playing Sucker for Love??, well not really, I don't encounter a problem from playing it, probably the save state??, I don't know if there's a save game in the menu screen and I just can't find it but I don't think there's a save button in the menu, maybe there is and I didn't look for it carefully, but still the game is fun.

Final thoughts, like what I said, I actually like the game and the story, what the game offer, I do think it's worth the price, I'll give it a 10/10.",True,1648651327,1,0,0.523121416568756104,0,132,132,76561199024814490
1574270,127282331,This is a cursed game.,True,1669577882,2,0,0.51327437162399292,0,11,132,76561198168665472
1574270,125610746,"If I had a nickle for every time I saw nyarlathotep depicted as an anime catgirl, I'd have 10 cents.
Which isn't a lot but is weird because I've literally never seen nyarlathotep depicted in any other context.",True,1668665267,1,1,0.493827134370803833,0,175,175,76561198869286275
1574270,118045888,Eldussy got me acting beyond mad,True,1656746982,16,5,0.612141847610473633,0,152,152,76561198148394390
1574270,193374025,"absolute cinema
⣿⣿⢿⠛⣿⣿⣿⣿⣿⣿⣿⣿⣿⣿⣿⣿⣿⣿⣿⣿⣿⣿⣿⣿⣿⣿⣿⣿⣿⣿⣿⣿⣿⣿⣿⣿⣿⣿⣿⣿⣿⣿⣿⣿⣿⣿⣿⣿⣿⣿
⠟⠅⠀⠀⢸⡿⠉⢻⣿⣿⣿⣿⣿⣿⣿⣿⣿⣿⣿⣿⣿⣿⣿⣿⣿⣿⣿⣿⣿⣿⣿⣿⣿⣿⣿⣿⣿⣿⣿⣿⣿⣿⣿⣿⢿⣿⠿⣿⣿⣿
⠀⠀⠀⠀⢨⠃⠀⣿⣿⣿⣿⣿⣿⣿⣿⣿⣿⣿⣿⣿⣿⣿⣿⣿⣿⣿⣿⣿⣿⣿⣿⣿⣿⣿⣿⣿⣿⣿⣿⣿⣿⣿⣿⣧⠈⢿⠀⠀⠈⠛
⡄⠀⠀⠀⠀⠀⣸⣿⣿⣿⣿⣿⣿⣿⣿⣿⣿⣿⣿⣿⣿⠋⠁⠀⠀⠀⠀⠈⠙⢿⣿⣿⣿⣿⣿⣿⣿⣿⣿⣿⣿⣿⣿⣿⡄⠀⠀⠀⠀⠀
⡇⠀⠀⠀⠀⠀⠛⠛⠛⢿⣿⣿⣿⣿⣿⣿⣿⣿⣿⣿⠁⠀⠀⠀⠀⠀⠀⠈⢷⣄⢹⣿⣿⣿⣿⣿⣿⣿⣿⣿⣿⣿⠟⠛⠿⠀⠀⠀⠀⠀
⡇⠀⠀⠀⠀⠀⣠⣶⣿⣿⣿⣿⣿⣿⣿⣿⣿⣿⣿⣧⠀⠀⠀⠀⠀⠀⠀⢀⢸⣿⣿⣿⣿⣿⣿⣿⣿⣿⣿⣿⣿⣿⣿⣷⣄⠀⠀⠀⠀⠀
⡇⠀⠀⠀⣴⣿⣿⣿⣿⣿⣿⣿⣿⣿⣿⣿⣿⣿⣿⡟⠀⠀⠀⠀⠀⠀⠆⠁⢻⣿⣏⣿⣿⣿⣿⣿⣿⣿⣿⣿⣿⣿⣿⣿⣿⣇⠀⠀⠀⠠
⠀⠀⠀⣤⣽⣿⣿⣿⣿⣿⣿⣿⣿⣿⣿⣿⣿⣿⣿⣇⠀⠀⠀⠀⠀⠀⣸⣄⠀⣿⣿⣿⣿⣿⣿⣿⣿⣿⣿⣿⣿⣿⣿⣿⣿⣿⣤⣤⣴⣶
⡄⠀⠀⢿⣿⣿⣿⣿⣿⣿⣿⣿⣿⣿⣿⣿⣿⣿⣿⣿⣆⠀⠀⠀⠀⠀⠈⡟⢻⣿⣼⣿⣿⣿⣿⣿⣿⣿⣿⣿⣿⣿⣿⣿⣿⣿⣯⡍⠀⢰
⡷⣤⣿⣿⣿⣿⣿⣿⣿⣿⣿⣿⣿⣿⣿⣿⣿⣿⣿⣿⣿⠃⠀⢀⠀⢀⣠⣴⣼⣿⣿⣿⣿⣿⣿⣿⣿⣿⣿⣿⣿⣿⣿⣿⣿⣿⣿⡧⣤⡸
⡿⣽⣿⣿⣿⣿⣿⡿⠛⠋⠉⠉⠉⠉⠉⠉⠉⠉⠉⠉⠀⢰⡄⠀⠀⣉⣿⣿⣿⣿⣿⣿⣟⣉⣿⣿⣿⣿⣿⣿⣿⣿⣿⣿⣿⣿⣿⣿⣽⣷
⣿⣿⣿⣿⣿⣿⣿⣃⡀⢀⠀⣐⣿⣽⣿⣧⢸⣿⣗⣶⠄⡿⡧⢀⡼⠛⣿⠙⣽⣿⣿⣿⣿⣿⣿⣿⣿⣿⣿⣿⣽⡿⣿⣿⣿⣿⣿⣿⣿⣽
⣿⣿⣿⣿⣿⣿⣛⡟⣳⣽⣿⠁⣺⣷⣿⣿⣭⣿⣵⠌⢰⣃⣾⠋⣴⠂⠃⠀⠋⠙⣿⣿⣿⣿⣿⣿⣿⣿⣿⣿⣿⣿⣿⣿⣿⣥⣸⣿⣶⣿
⢿⣿⣿⣿⡿⣽⣿⣿⣿⣿⣿⣿⣿⣿⣿⣿⣿⣿⡏⢀⣿⠟⣠⠞⠁⠀⢠⠀⠀⢀⠠⢸⣿⣿⣿⣿⣿⣿⣿⣿⣿⣿⣯⣭⣿⣿⣿⣿⣿⣿
⣈⣭⣿⣿⣾⣿⣿⣿⣿⣿⣿⣏⣺⣿⣿⣿⣿⣿⣧⣼⡇⠈⢀⣀⠴⠂⠉⠀⠆⠈⠀⣼⣿⣿⣿⣿⣿⣿⣿⣿⣿⣿⣿⣿⣿⣿⣿⠿⠿⠽
⣿⣿⣿⣿⡉⠉⠋⠛⣿⣿⣿⣿⣿⣸⣿⣿⣿⣿⣏⣿⠗⠌⠩⠀⠀⠀⣤⢤⢠⠀⣰⣿⣿⣿⣿⣿⣿⣿⣿⣿⣿⣿⣿⡿⠃⠁⠀⠀⠀⠀
⣿⣿⣿⣿⣧⢠⣧⣄⣿⣿⣿⣿⣼⣿⣿⣿⣿⣿⣿⡿⠀⠉⠉⠋⠰⠂⢾⣢⡨⠄⣿⡿⣿⣿⣿⡿⣿⣿⣿⣿⣿⣿⣿⠁⠀",True,1745365265,0,1,0.5,0,61,208,76561198999054729
1574270,120955587,"Very fun, very short.

Absolutely go for it if it's on discount and strongly consider going for it if it isn't and you like this kind of stuff.",True,1661022690,0,0,0.5,0,141,141,76561198064363355
1574270,138512063,Fantastic,True,1684446504,0,0,0.5,0,158,162,76561198040360916
1574270,194490569,"NOTE: I played this after the 2nd instalment ""Sucker for love, a date to die for"".

Sucker for love is a brilliant game. The character designs, the voice acting, the gameplay. all amazing. My only issue with the game is that some of the endings are extremely confusing, mainly in chapter 2. The themes of dating gods of eldritch horror is something you don't often see and I found it a nice break from your stereotypical dating sim / visual novel. 7/10",True,1746729686,0,0,0.5,0,167,167,76561199275540409
1574270,126276473,Eldricht deity bussy got me acting crazy,True,1669199772,0,0,0.5,0,64,64,76561198073368573
1574270,112249468,The ladies boutta make me act up.,True,1647368873,0,0,0.5,0,118,118,76561198304456893
1574270,144618956,Hear me out....,True,1692511868,49,28,0.815604567527770996,4,178,178,76561198064869547
1574270,173454611,"I bought this game ironically thinking it was going to be some trashy dating sim but after having played it I now consider it to be one of my favorite games I’ve played
8/10",True,1724687984,0,0,0.5,0,108,272,76561199700025505
1574270,113668172,I have a fucking elder god fetish.,True,1649641028,0,1,0.5,0,136,149,76561198253740445
1574270,152911410,"This is a very cute, fun, and engaging game with great character designs and a unique play style. It has a great sense of humor and was a great take on the oft too-grouchy dating sim parody genre. I look forward to playing the sequel!

That said, despite it being a lightweight game I had a lot of weird issues with glitches and crashing, especially in the latter half of the game to the point I had to look up the end on YouTube. I hope that future installations of the series won't be plagued with those issues.

I still recommend it though which is a testament to how incredibly charming and well done it is otherwise.",True,1701759815,1,0,0.5,0,192,192,76561198159967604
1574270,126451679,squid mommy,True,1669233741,0,0,0.476190477609634399,0,62,63,76561198358907997
1574270,158366935,"Don't never buy no necronomicon from the gas station, bro. How eh, if the cosmic deity ain't in yo contacts, don't never g-go to the gas station bro. I went over there at eleven O'clock last night, tried to get me some eldrich smooches, bro. I sacrificed humanity for that stuff, woke up, and my motherfrikin' mouth was right here (hand), and tentacles right here (face). Explain bro, I gotta go look for this scammer, bro. What the heck did you sell me bro. Look at me bro, I'm HIDEOUS.",True,1707995101,9,4,0.61076509952545166,0,185,185,76561198139681712
1574270,172402707,This game is wonderful! These characters are amazing and the voice actors also! I played this game because it looked fun and it did not disappoint! I would love to see a Sucker For Love Second Date! (Not being Date To Die For),True,1724000748,2,1,0.51449275016784668,0,109,109,76561198987621895
1574270,142037280,"If Lovecraft were alive today, he would hate this with a burning passion. 
But he was a big jerk, so that's probably okay.

The Game can be beaten in a night, but it is surprisingly fun for a dating sim. It knows the material it's riffing on and it manages to be funny in a way that isn't tiresome.

The last act is actually pretty challenging and uses the system it's built to do something really clever.

I have two major gripes with it:
1. The 'reading' is really sensitive and fails often, in a way that feels more tedious and punishing than challenging.
2. I actually want more, it was so cute, and I will never get it.

All in all, really fun. Quirky, but doesn't totally rely on it. Highly recommend.",True,1689310777,43,4,0.805307269096374512,0,189,189,76561198283054231
1574270,127994032,No joke best game I've ever played.,True,1670266731,1,0,0.523809552192687988,0,92,147,76561198380931783
1574270,177356479,"Pretty good, nice characterization and silliness paired with cosmic stuff.

That said, I played the sequel first and it was... more fulfilling, I'd say. It's still fun though!

Also you cant go wrong with the King :p",True,1729367017,0,0,0.5,0,191,191,76561198022517753
1574270,141339312,Finally I can date eldritch beings,True,1688523582,1,0,0.5,0,147,147,76561198836920348
1574270,204284621,banger alert!,True,1757813854,0,0,0.489457845687866211,1,167,172,76561198315700815
1574270,160430900,erg,True,1710306435,0,0,0.5,0,185,187,76561199397064126
1574270,112545474,"The writing is great, the characters are charming. If you're a fan of dating sims and lovecrafts mythos then pick it up.",True,1647791497,0,0,0.5,0,197,259,76561197984582406
1574270,126114350,>:3 👍,True,1669163215,0,0,0.476190477609634399,0,171,175,76561198152104904
1574270,157155107,Ignore my recommendation. Don't simp to the Elder Gods. Don't simp to anyone. Unless they also simp to you!,True,1706575381,0,0,0.5,0,54,54,76561197965718680
1574270,200168163,"JUST SO YOU KNOW,
THIS GAME WILL FOREVER BE MY FAV...<3",True,1752941983,1,0,0.5,0,165,248,76561199866110541
1574270,142266841,I stan La'eta,True,1689600922,0,0,0.5,0,180,180,76561198198822314
1574270,113936542,Game is funny and dope and funny.,True,1650093870,1,0,0.523809552192687988,0,65,391,76561198173319013
1574270,113259477,"Hey, I spend worse $10.00

Kills a good hour or two. Depressing reminder that an incel would doom the earth forever just to get some squid titty.",True,1648963665,0,0,0.353046983480453491,0,178,178,76561197989100521
1574270,202420759,women... BARKBARKJWOOFARFBARKWOOFARRFFFFRFRFJIDHUGF38EYKJ90EZDIDFYFVHUR8,True,1755558534,1,1,0.488324016332626343,0,185,186,76561199147100163
1574270,133763683,"EDIT: i clearly underestemated how much game was left, but i loved every minute of it X)
i believe i have about an hour or two left of the game, but i feel comfortable rating it now.
i have been grinning and giggling more or less all throughout my time with it so far, and at least one of the possible endings even managed to be pretty sweet<3 XD

Im already looking forward to their announced squeal",True,1677532189,0,0,0.5,0,100,322,76561197981900929
1574270,157995647,Johnny Bravo trying to date Eldritch horrors the Game.,True,1707569258,31,7,0.743605136871337891,0,196,196,76561198062870511
1574270,112002231,I want to smooch Auntie Nyan Nyan,True,1647040187,1,2,0.476190507411956787,0,40,70,76561197982544514
1574270,164602115,now this is a real game,True,1714952691,4,0,0.54475247859954834,0,22,448,76561198045277733
1574270,142906074,"as a person who has lots of sex all the time, i can say that this game is 100% accurate to having sex with sexy women. like i do. everyday. this game did not make me horny however. i am not gay. i just have too much sex with real women to spend more than 15 minutes in this game. on the other hand i would recommend this game to people who do not have sex (unlike me because i have lots of sex with women a lot) as there is a naked woman in it and she is naked. she kinda looks like one of my many girlfriends who i have sex with a lot. i have lots of sex. i also an very handsome and women ALWAYS want to have sex with me because i am very muscular and handsome and very good at video games. all my girlfriends say im very good at sex and playing video games and being handsome. one of my girlfriends asked me to have sex with her but i told her i was playing a sex game instead so she started crying and became a lesbian and killed herself because i did not have sex with her. i have sex with women. not men. i am not gay. i am very cool and handsome so girls always have sex with me because i am very cool and sexy. my penis is very big. all my girlfriends like my penis because it is very big and i am very good at sex with my women. every woman ive had sex with is very sexy and so am i. i have lots of sex. i am also very handsome and sexy and i have lots of sex.",True,1690478337,5,19,0.509251952171325684,0,75,75,76561198140321193
1574270,120310692,"This is a really fun visual novel with a unique twist, lots of ways to replay and experience stuff. 10/10",True,1660014141,0,0,0.476190477609634399,0,72,72,76561197997153183
1574270,159601411,"Really great game I  enjoyed playing it,great gameplay although i think the devs could improve it by letting the players choose their character for example add  a female protagonist,more dialog that can add up to the main story not just random talks with the Gods and more endings,maybe add in some more secrets to make the game more interesting.
Overall its a good game worth its money 9/10.",True,1709292594,1,1,0.504132211208343506,0,144,277,76561199562283610
1574270,171818177,"what can I say? Im a sucker for love
Also cosmic horrors are hot af",True,1723287040,0,1,0.5,0,70,109,76561199166090162
1574270,113248423,"i love,,, i wish for more succulent content",True,1648944152,0,0,0.5,0,184,184,76561199213926727
1574270,149969149,"Dont mgr'luh yogor ahf' lovecraft's cat yaah mgepah.


(Y' Y' gotha ahor marry ln'eta)",True,1699748405,4,0,0.452949225902557373,0,19,19,76561198059745288
1574270,118735951,Cute and spooky,True,1657699560,0,0,0.5,0,48,251,76561198208327663
1574270,143551669,would,True,1691359044,70,24,0.81870877742767334,1,196,212,76561199122668189
1574270,115359491,Worth it.,True,1652386258,16,1,0.652594983577728271,0,60,270,76561198091812695
1574270,165901370,"came here for cthulu mommy, played through for ancient catgirl",True,1716456608,8,0,0.551724135875701904,0,53,53,76561199595391795
1574270,199723139,"I've enjoyed their second game (Date to die for) a bit more than this, that one was deeper, moodier and scarier, but this was much, much funnier. So still worth it!",True,1752426436,1,0,0.5,0,83,85,76561199002631583
1574270,194050607,"this game was really fun, i really enjoyed kuthlu (idk how to spell >.<)",True,1746192330,0,0,0.47413790225982666,1,48,48,76561199098364831
1574270,151895999,"fast but cool game
that's all",True,1700942320,0,0,0.5,0,175,175,76561198144490561
1574270,116416741,"Oi! Fishface! Lose something? Eh? Scungilli! Come to negotiate, eh? Have you, you slimy git? Look what I got.
I got a scary book, I got a scary book, and guess what's inside it!",True,1654251016,0,1,0.5,0,62,65,76561198346678612
1574270,135468430,These eldritch horrors are well within my comprehension. AND my kissing range.,True,1679829867,10,6,0.580705106258392334,0,188,239,76561198011384595
1574270,144020217,Enters room... leans into microphone... WOULD,True,1691863026,2,1,0.480018377304077148,0,56,380,76561198957201982
1574270,112377061,"Unironically a 10/10 game, seriously.",True,1647555292,128,3,0.862172305583953857,0,148,148,76561198057679693
1574270,113868426,mommy millkies and tentcles 10/10,True,1649986494,28,11,0.640272915363311768,0,72,72,76561198070949687
1574270,112680373,"Fun.
The only thing the sun spins around is the earth.",True,1648015848,0,0,0.5,0,45,45,76561198126213879
1574270,142111069,La gata esta buena,True,1689402328,3,0,0.541666686534881592,0,40,40,76561198890188923
1574270,129696719,it was better than i though,True,1672412667,0,0,0.5,0,149,149,76561198256852201
1574270,176261364,absolute hog ass,True,1727928085,0,0,0.5,1,181,181,76561198343195113
1574270,155305351,"---{ Graphics }---
☐ You forget what reality is
☑ Beautiful (Every character design is ""unworldly"", and I loved it)
☐ Good
☐ Decent
☐ Bad
☐ Don‘t look too long at it
☐ MS-DOS

---{ Gameplay }---
☑ Very good (They actually make a point&click game fun and challenging with new mechanic introduced each chapter. Even the final chapter has a freaking boss fight. My main complaint is that the hit-box isn't matched with the hand-mouth icon, so a lot of times I failed to read the spell/acting-dialogue)
☐ Good
☐ It's just gameplay
☐ Mehh
☐ Watch paint dry instead
☐ Just don't

---{ Audio }---
☑ Eargasm (The voice acting is phenomenal, the sound effect and soundtrack are extraordinary too)
☐ Very good
☐ Good
☐ Not too bad
☐ Bad
☐ I'm now deaf

---{ Audience }---
☐ Kids
☑ Teens
☑ Adults
☐ Grandma

---{ PC Requirements }---
☐ Check if you can run paint
☐ Potato
☐ Decent
☑ Fast (I believe there is some poor optimization, I have a 2000$ PC and somehow still lagging at menu, sometime I even crashed mid game)
☐ Rich boi
☐ Ask NASA if they have a spare computer

---{ Game Size }---
☐ Floppy Disk
☐ Old Fashioned
☑ Workable
☐ Big
☐ Will eat 10% of your 1TB hard drive
☐ You will want an entire hard drive to hold it
☐ You will need to invest in a black hole to hold all the data

---{ Difficulty }---
☐ Just press 'W'
☐ Easy
☑ Easy to learn / Hard to master
☐ Significant brain usage
☐ Difficult
☐ Dark Souls

---{ Grind }---
☑ Nothing to grind
☐ Only if u care about leaderboards/ranks
☐ Isn't necessary to progress
☐ Average grind level
☐ Too much grind
☐ You'll need a second life for grinding

---{ Story }---
☐ No Story
☐ Some lore
☐ Average
☐ Good
☑ Lovely (Why is story so good!?!?)
☐ It'll replace your life

---{ Game Time }---
☐ Long enough for a cup of coffee
☐ Short
☑ Average
☐ Long
☐ To infinity and beyond

---{ Price }---
☐ It's free!
☐ Worth the price
☑ If it's on sale
☐ If u have some spare money left
☐ Not recommended
☐ You could also just burn your money

---{ Bugs }---
☐ Never heard of
☑ Minor bugs (There still some visual bugs during the 2nd chapter like the heart's icon during Cthulhu girl, just ignore it)
☐ Can get annoying
☐ ARK: Survival Evolved
☐ The game itself is a big terrarium for bugs

---{ ? / 10 }---
☐ 1
☐ 2
☐ 3
☐ 4
☐ 5
☐ 6
☐ 7
☐ 8
☐ 9
☑ 10",True,1704460458,18,2,0.651898562908172607,2,132,164,76561199046249105
1574270,123536602,"Was pretty fun, was surprisingly gory. The final chapter was actually scary. 10 Smooches out of 10",True,1665237398,0,0,0.5,0,136,136,76561198116388979
1574270,115522033,"I had Sucker for Love on my radar for a little bit, having seen it first as part of a Dread X collection that I can't for the life of me recall the name of right now. Regardless, the game immediately caught my eye, because spooky visual novels are usually pretty great.

And I have not been disappointed, the game is pretty masterful at keeping a tone that can balance between creepy, funny and even emotional at times. The four characters (counting the protagonist) are all really fun and memorable, and the fact that I can't say who my favorite is says a lot about how good they all are.

Gameplay-wise, it's actually quite fun, and uses its mechanic (the spell chanting) in very creative ways, especially in the final secret chapter. The checkpoint system also allows for hunting endings pretty conveniently, and it thankfully never gets too tedious. My only gripe may be with the second chapter, as its endings can be very confusing and hard to unlock.

Otherwise, Sucker for Love is a very cute visual novel with some nice spooky elements, though I wouldn't call it an outright horror game. Definitely worth your while if you're looking for something funny and well-written to get through in a night.",True,1652652191,10,0,0.583649575710296631,0,189,189,76561198202714404
1574270,126741494,My friends need to stop buying me these kinds of games,True,1669343557,0,3,0.476190477609634399,0,82,135,76561198800665248
1574270,113312605,I am down horrendous for the cthulussy :PepeLewd: :>,True,1649040527,0,1,0.5,0,105,286,76561199013601804
1574270,135785683,"I'm a sucker for the woman cthulhu 
is there a 6 hour scene",True,1680245143,1,2,0.48611113429069519,0,53,53,76561198132811626
1574270,179805676,"I will leave the cat here, so that everybody who passes by can pet it and give it a thumbs up and awards
　　　 　　／＞　　フ
　　　 　　| 　　 l
　 　　 　／` ミ＿xノ
　　 　 /　　　 　 |
　　　 /　 ヽ　　 ﾉ
　 　 │　　|　|　|
　／￣|　　 |　|　|
　| (￣ヽ＿ヽ)__)",True,1732561324,7,4,0.607142865657806396,0,167,167,76561198397916183
1574270,149480142,Hear me out..,True,1699057401,0,1,0.5,0,48,167,76561198359961878
1574270,198689476,in love,True,1751413311,0,0,0.5,0,46,46,76561198303450765
1574270,135585357,"Played this back in January (I know I'm late) via piracy. Why would I even wanna play in the first place you asked? Well I'm both ""horny"" and curious at the same time I found this game. It's also pretty familiar since I saw some random YouTuber played before years ago (dashie probably, but only the demo) and now I have finally decided to support the dev by paying it.


This game is pretty much a ""funny monster (or elderly god whatever the heck you wanna called) dating sim"" with some simple story and memorable characters to interact with.

Kudos to the dev for making a very touching ost in the end of the game, absolutely satisfying ending :)",True,1679978494,6,0,0.58270108699798584,0,166,166,76561198998686294
1574270,126028235,Pretty good,True,1669149049,0,0,0.5,0,117,117,76561198166857071
1574270,128815858,"well, where do I start? You are trying to get a smooch from an eldritch god, and you are dooming humanity in the process... this is the best plot for a game ever. 10/10  I would do the same",True,1671397350,20,4,0.701021790504455566,1,196,196,76561198374052603
1574270,115859550,"I really enjoyed the music, art-style and voice acting.",True,1653243226,0,0,0.5,0,110,143,76561198200254117
1574270,114711785,Works perfect on Steam Deck!,True,1651313447,2,0,0.549935698509216309,0,33,33,76561197970617097
1574270,116878001,"Sucker for love is a Lovecraftian horror dating visual novel. you get to date 3 gods. all decide your fate. It's really well written and the art is great too. 

 Ln'eta is the best",True,1655053519,1,0,0.5,0,30,30,76561199111731643
1574270,117347334,What an absolute treat,True,1655807563,1,0,0.52173912525177002,0,196,286,76561198133397829
1574270,177946217,The writing is phenomenal and the art style is PEAK. I'm normally not the type to play dating sims but this one actually made me tear up and laugh hard asf. BIG W for the dev,True,1730160315,1,1,0.5,0,192,200,76561199222892499
1574270,136331366,Werf every horrific transformation,True,1680951866,1,0,0.5,0,98,98,76561198364256818
1574270,123166590,"couldnt smash a 4 dimensional pussy


good anyways",True,1664647234,0,1,0.5,0,124,124,76561199011654976
1574270,189131141,Absolute Cinema    ✋😐🤚,True,1740888312,0,0,0.5,0,161,161,76561198867577021
1574270,126153318,"What can I say, dying is a whole lot easier when an Old God is looking mighty fine.",True,1669171272,0,0,0.455985903739929199,0,131,315,76561198041431370
1574270,149792974,"Good game!  Two hours is a good gameplay length for me (especially since I got it in a Humble Bundle)!  I decided to 100% this one because I liked it so much, and the gameplay loop is quite fun!  It's just a very funny game, and the horror elements add to that.  The ending is quite challenging!",True,1699501707,0,0,0.5,0,178,178,76561198158413648
1574270,116384470,"I might have purchased a few copies for my friends...
While some might consider this a gag gift, it was very well written.
At multiple points I couldn't stop laughing, and at others I did feel a chill down my spine.
Well worth the price.",True,1654188301,0,0,0.5,0,85,429,76561197994833498
1574270,112366117,Good game. Very good game; from aesthetic to voice acting. Would go into further detail but I'm procrastinating at the moment. Highly recommend and look forward to seeing what the future holds.,True,1647541743,0,0,0.5,0,92,92,76561198175105167
1574270,126009033,"The story of a man who closes his windows a little too tight, gets carbon monoxide poisoning, starts hallucinating, and mutilates himself before having one last wet dream. Peak horror.",True,1669146898,1,1,0.523809552192687988,0,58,349,76561198368942898
1574270,114363985,"Eldritch Lust beyond human comprehension.
Delightful 10/10.",True,1650754886,27,4,0.685837090015411377,0,194,2020,76561198288868745
1574270,111283248,Cthussy got me acting unwise.,True,1646109955,3,0,0.523809552192687988,0,85,225,76561198157913482
1574270,191166750,10/10 would end the world for eldritch shawty again,True,1742924754,0,1,0.5,0,31,31,76561198368466395
1574270,112496714,good funny game but don't play chapter 3 =))),True,1647723088,1,1,0.5,0,131,131,76561198261370750
1574270,156026108,good,True,1705313732,1,0,0.523809552192687988,0,74,74,76561198118334551
1574270,138306966,its just really fun to play in my opinion,True,1684092111,0,0,0.473933637142181396,0,192,206,76561199485631335
1574270,116362118,bubbly riff on lovecraftian fiction thats cute about it without diluting the lore. dark wholesome fun,True,1654141986,0,0,0.5,0,136,136,76561197970738675
1574270,127092368,Hot squid,True,1669493309,2,0,0.5,0,105,105,76561198380070694
1574270,112696386,"It's funny, it's crazy, it's AWESOME.
If you're a Cthulhu nerd with a twisted sense of humour like me you'll probably love it.",True,1648043135,2,0,0.523809552192687988,1,145,145,76561197999911080
1574270,152628937,"10/10 i love sexy eldritch gods, lynetta is forever my one and only baby girl!",True,1701408998,0,0,0.5,1,185,185,76561199465636633
1574270,116365460,"From kissing one simple tentacle cosmic horror named Ln'eta to kissing the King in Yellow Estir, to battling for your life from a two story milf cat lady to save the books to continue smoochin cosmic horrors. This game will also have you scared and horny at the same time, the game also has some pretty decent comedy as well

100/10 for a game where I can kiss a tentacled creature and not be judged for kissing an octopus while at the zoo",True,1654150456,1,0,0.5,0,194,194,76561198063397401
1574270,113275110,"That C'thussy got me actin' Strange

GAGL'NAF TYFUGIN HAL C'THULU'FHTAG'N",True,1648988243,1,1,0.523809552192687988,0,36,83,76561197998688490
1574270,117261091,cthussy got me wildin,True,1655676275,73,62,0.840025842189788818,0,122,122,76561199095939835
1574270,134842446,"I never really gotten into the whole dating sims games but this has big things that I love, eldritch horrors (my tattoo themes) and comedy (gotta smooch em all). Thank you dreadX and Mr Sark for introducing me! PS. I cant wait for the 2nd one.",True,1679090273,0,0,0.5,0,81,81,76561199081889738
1574270,114248088,10/10 i like octopuses now,True,1650579638,1,1,0.510570108890533447,0,145,729,76561199081651336
1574270,123615982,Loved it. Super funny and loving. Excellent game. I think ill look guides for all endings and secrets cuz im too dumb to figure it out. So much fun.,True,1665363407,0,0,0.5,0,91,106,76561198353593495
1574270,111211506,"Sweet man made horrors beyond our comprehension.

Sucker for love: First date is the full release of the dread X 2 game Sucker for love. It is a visual novel where you are a guy who wants to kiss cuthulu. It is a funny game with a cutesy artstyle that half way thru you remember oh right this is a horror game. 

pros:
great comedy
simple but effective story
short bite sized game

cons:
Bugs (some objects and characters stay in place when they should not be their, some audio repeat)
most jokes only work is you know anything about lovecraft or cuthulu mythos


in short: 
a horror comedy visual novel that makes fun of cosmic horror

p.s. turtle does not care that world is ending, like a boss",True,1646018958,0,0,0.5,0,182,182,76561198039802118
1574270,154396300,smooch,True,1703535482,0,0,0.5,0,192,332,76561199352893540
1574270,144361318,I love women. I love monsters. I love this game,True,1692218674,4,1,0.541984736919403076,0,43,108,76561199183785730
1574270,119262625,"Got married, kissed a squid, and outwitted a cosmic entity with the power of lust.
11/10",True,1658500988,0,1,0.5,0,141,141,76561198041180117
1574270,127330709,Was I the sucker for love all this time?,True,1669605470,1,0,0.523809552192687988,0,34,43,76561198079987149
1574270,126715036,Pretty good game i you want to bang a primordial being,True,1669329459,0,0,0.5,0,173,308,76561198304083454
1574270,163148272,.,True,1713506988,0,0,0.469973862171173096,0,184,184,76561198046844999
1574270,113668796,estir bestir,True,1649642098,1,0,0.523809552192687988,0,122,122,76561198447814101
1574270,113453932,What if we kissed in the sunken city of R'lyeh?,True,1649291555,50,16,0.789930522441864014,0,90,171,76561198059694059
1574270,197665928,PLAP PLAP PLAP PLAP PLAP PLAP PLAP PLAP,True,1750385500,77,30,0.795527994632720947,1,142,142,76561199452758091
1574270,111430240,"Funny writing, great voice acting. Fun enough to want to go back and get the multiple endings. Pretty straightforward game but the last section actually does take some thought and will keep you on your toes. 

Took me 3 hours to do everything, so not the longest game. Hope to see more from this creator. Some of the concepts used here could really go far if they were fleshed out more, whether in a sequel or new setting.",True,1646290809,1,0,0.5,0,177,177,76561199229580121
1574270,178942137,"This was and still is, one of the OG GOTY of it's period, I really prefer this first title then it's sequel.",True,1731506180,3,0,0.541984736919403076,0,182,182,76561198174387101
1574270,114352355,everything for the Smooches !!!,True,1650738409,1,0,0.525862038135528564,0,167,484,76561198835639645
1574270,135563033,I've never seen a dating simulator that had character's so horrifying yet so attractive at the same time.,True,1679944732,0,0,0.5,0,138,166,76561199091099252
1574270,111601905,YES LN'ETA ALL THE WAY!!!,True,1646491407,2,0,0.523809552192687988,0,155,155,76561199184639799
1574270,120509339,broke demon god's heart :(,True,1660326890,6,3,0.591836750507354736,1,42,128,76561198320234969
1574270,202134058,i don't know what i like anymore man,True,1755203037,11,4,0.649516642093658447,0,48,124,76561198047453315
1574270,144114190,"Sucker for Love is an adorable twist on Lovecraftian horror and the dating sim. The point and click anime styling adds to the cute aesthetic along with the music and sound design. I had so much fun playing Sucker for Love that I want to play it again to see what other outcomes, endings or secrets I can find. I highly recommend this game if you're looking for a fun dating sim, big bobas and fun time this is where it's at!",True,1691950559,0,0,0.5,0,169,169,76561198962120009
1574270,112073479,Loved the man in white ending,True,1647128039,1,0,0.523809552192687988,0,193,193,76561198799359534
1574270,147651196,was playing liek any other day when suddenly all the text became chinese and french bulldogs walked in and started eating my waifu. i do not like this game anymore because of the censorshipo,True,1696461446,0,0,0.5,0,52,52,76561198213587075
1574270,111876126,I kissed the squid,True,1646852347,2,3,0.52173912525177002,0,172,172,76561198189863741
1574270,125742192,ln'eta is thicc as fuck,True,1668851885,0,2,0.5,0,79,79,76561198348320690
1574270,127446768,"⣿⣿⣿⣿⣿⣿⣿⣿⡿⠿⠛⠛⠛⠋⠉⠈⠉⠉⠉⠉⠛⠻⢿⣿⣿⣿⣿⣿⣿⣿
⣿⣿⣿⣿⣿⡿⠋⠁⠀⠀⠀⠀⠀⠀⠀⠀⠀⠀⠀⠀⠀⠀⠀⠉⠛⢿⣿⣿⣿⣿
⣿⣿⣿⣿⡏⣀⠀⠀⠀⠀⠀⠀⠀⣀⣤⣤⣤⣄⡀⠀⠀⠀⠀⠀⠀⠀⠙⢿⣿⣿
⣿⣿⣿⢏⣴⣿⣷⠀⠀⠀⠀⠀⢾⣿⣿⣿⣿⣿⣿⡆⠀⠀⠀⠀⠀⠀⠀⠈⣿⣿
⣿⣿⣟⣾⣿⡟⠁⠀⠀⠀⠀⠀⢀⣾⣿⣿⣿⣿⣿⣷⢢⠀⠀⠀⠀⠀⠀⠀⢸⣿
⣿⣿⣿⣿⣟⠀⡴⠄⠀⠀⠀⠀⠀⠀⠙⠻⣿⣿⣿⣿⣷⣄⠀⠀⠀⠀⠀⠀⠀⣿
⣿⣿⣿⠟⠻⠀⠀⠀⠀⠀⠀⠀⠀⠀⠀⠶⢴⣿⣿⣿⣿⣿⣧⠀⠀⠀⠀⠀⠀⣿
⣿⣁⡀⠀⠀⢰⢠⣦⠀⠀⠀⠀⠀⠀⠀⠀⢀⣼⣿⣿⣿⣿⣿⡄⠀⣴⣶⣿⡄⣿
⣿⡋⠀⠀⠀⠎⢸⣿⡆⠀⠀⠀⠀⠀⠀⣴⣿⣿⣿⣿⣿⣿⣿⠗⢘⣿⣟⠛⠿⣼
⣿⣿⠋⢀⡌⢰⣿⡿⢿⡀⠀⠀⠀⠀⠀⠙⠿⣿⣿⣿⣿⣿⡇⠀⢸⣿⣿⣧⢀⣼
⣿⣿⣷⢻⠄⠘⠛⠋⠛⠃⠀⠀⠀⠀⠀⢿⣧⠈⠉⠙⠛⠋⠀⠀⠀⣿⣿⣿⣿⣿
⣿⣿⣧⠀⠈⢸⠀⠀⠀⠀⠀⠀⠀⠀⠀⠀⠟⠀⠀⠀⠀⢀⢃⠀⠀⢸⣿⣿⣿⣿
⣿⣿⡿⠀⠴⢗⣠⣤⣴⡶⠶⠖⠀⠀⠀⠀⠀⠀⠀⠀⠀⠀⠀⣀⡸⠀⣿⣿⣿⣿
⣿⣿⣿⡀⢠⣾⣿⠏⠀⠠⠀⠀⠀⠀⠀⠀⠀⠀⠀⠀⠀⠀⠀⠛⠉⠀⣿⣿⣿⣿
⣿⣿⣿⣧⠈⢹⡇⠀⠀⠀⠀⠀⠀⠀⠀⠀⠀⠀⠀⠀⠀⠀⠀⠀⠀⣰⣿⣿⣿⣿
⣿⣿⣿⣿⡄⠈⠃⠀⠀⠀⠀⠀⠀⠀⠀⠀⠀⠀⠀⠀⠀⢀⣠⣴⣾⣿⣿⣿⣿⣿
⣿⣿⣿⣿⣧⡀⠀⠀⠀⠀⠀⠀⠀⠀⠀⠀⠀⠀⢀⣠⣾⣿⣿⣿⣿⣿⣿⣿⣿⣿
⣿⣿⣿⣿⣷⠀⠀⠀⠀⠀⠀⠀⠀⠀⠀⠀⢀⣴⣿⣿⣿⣿⣿⣿⣿⣿⣿⣿⣿⣿
⣿⣿⣿⣿⣿⣦⣄⣀⣀⣀⣀⠀⠀⠀⠀⠘⣿⣿⣿⣿⣿⣿⣿⣿⣿⣿⣿⣿⣿⣿
⣿⣿⣿⣿⣿⣿⣿⣿⣿⣿⣿⣷⡄⠀⠀⠀⣿⣿⣿⣿⣿⣿⣿⣿⣿⣿⣿⣿⣿⣿
⣿⣿⣿⣿⣿⣿⣿⣿⣿⣿⣿⣿⣧⠀⠀⠀⠙⣿⣿⡟⢻⣿⣿⣿⣿⣿⣿⣿⣿⣿
⣿⣿⣿⣿⣿⣿⣿⣿⣿⣿⣿⣿⠇⠀⠁⠀⠀⠹⣿⠃⠀⣿⣿⣿⣿⣿⣿⣿⣿⣿
⣿⣿⣿⣿⣿⣿⣿⣿⡿⠛⣿⣿⠀⠀⠀⠀⠀⠀⠀⠀⢐⣿⣿⣿⣿⣿⣿⣿⣿⣿
⣿⣿⣿⣿⠿⠛⠉⠉⠁⠀⢻⣿⡇⠀⠀⠀⠀⠀⠀⢀⠈⣿⣿⡿⠉⠛⠛⠛⠉⠉
⣿⡿⠋⠁⠀⠀⢀⣀⣠⡴⣸⣿⣇⡄⠀⠀⠀⠀⢀⡿⠄⠙⠛⠀⣀⣠⣤",True,1669664922,1,0,0.465517252683639526,0,187,187,76561198198383849
1574270,122837861,"Love it, some good puns in here!",True,1664144124,0,0,0.5,0,47,47,76561198038861129
1574270,141826880,"Got this after playing the section of dread x collection 2. Improved in pretty much every way, voice acting and art is top notch. can't wait to play the sequel. I don't like dating sims but this is genuinely well written and better than a traditional cringey dating sim.",True,1689076615,0,0,0.5,0,114,158,76561199187148267
1574270,111621905,its exactly what you want as a lovecraft fan,True,1646508799,0,0,0.5,0,184,184,76561198316067212
1574270,141083983,this game got me barking at 2D women,True,1688248284,5,1,0.558807194232940674,0,120,120,76561198410921630
1574270,163803196,I need to get a gf bad.,True,1714338174,3,3,0.538787484169006348,0,12,52,76561198325098375
1574270,154051738,Vittu Mitä Helvettiä?! Mutta ihan OK,True,1703153661,0,1,0.5,0,168,168,76561198352184339
1574270,126245383,"i got so connected to l'yneta and it made me sad

13/10 fuck you",True,1669192881,0,0,0.5,0,184,184,76561198393701032
1574270,132217547,Thought this was going to be a Lovecraftian Monster Prom and was pleasantly surprised. Make sure to play that Chapter 3 tho (definitely the best chapter),True,1675547264,0,0,0.5,0,193,193,76561198041323853
1574270,114319329,If you have the craving to be kissed by a tentacle faced goddess and her family.. this is the game for you. Welcome brothers and sisters to this new cult following.,True,1650694804,17,4,0.635360121726989746,0,182,184,76561198098090830
1574270,122415650,I need help,True,1663480860,1,0,0.5,0,172,174,76561198798332286
1574270,113243986,yes.,True,1648936965,0,1,0.5,0,97,97,76561199114076992
1574270,126178483,"“The oldest and strongest emotion of mankind is fear.”
― H.P. Lovecraft

People wanting a kiss: doubt.",True,1669176952,1,0,0.518518567085266113,0,69,78,76561198057605890
1574270,141243146,xd,True,1688417444,0,0,0.5,0,185,310,76561198245446270
1574270,128465088,The indifferent cruelty of the universe when the indomitable human spirit walks into the room,True,1670904978,36,8,0.787560224533081055,0,189,189,76561198027164095
1574270,199612935,"Short and fun, didn't overstay its welcome. I enjoyed this and got all the different endings in less than 3h. If you like anime/visual novels and lovecraftian lore, give it a go.",True,1752320881,1,0,0.5,0,176,176,76561198066935531
1574270,111982077,booba,True,1647015109,1,0,0.523809552192687988,0,133,133,76561198124652277
1574270,111334237,"I initially downloaded this game without paying for it. I finished it, and then immediately bought it. Might actually be my game of the year, despite the fact that it's only a few hours long. I am eagerly awaiting a sequel where I can smooch Shub-Niggurath and Azathoth too.",True,1646172284,1,0,0.523809552192687988,0,7,8,76561198054273847
1574270,150129762,Would.,True,1699988193,6,1,0.530938982963562012,0,157,157,76561198077359192
1574270,111958139,"Its an amazing game through mechanics, graphics, and even voices. Yes! Its voiced!
Its not too difficult (Unless you're going into Estirs route..)

Good luck on date night!",True,1646976923,0,0,0.5,0,74,74,76561198995267782
1574270,141475420,i like eldritch b00bies. what more can i say?,True,1688675367,0,0,0.5,0,39,156,76561198850298300
1574270,204455669,Its pretty good just buy it,True,1757998110,1,0,0.523809552192687988,0,102,102,76561199386139974
1574270,202542926,"It's fun, silly and the writing is decent.
I liked it, even if it only took 2.5 hours to beat with all endings.
It could do with a skip previously read text button.",True,1755721368,2,0,0.533381223678588867,0,153,153,76561198025297364
1574270,191189635,Fun and well written,True,1742947113,0,0,0.5,0,109,109,76561198009572845
1574270,118111558,10/10 got to marry a planet and smooch eldritch horrors beyond my comprehension,True,1656830816,1,0,0.523809552192687988,0,181,227,76561199135962930
1574270,131626361,"I'm both asexual and a coward.
This game had me crying, laughing, shaking in cold terror, and absolutely overjoyed at the end of the third date.
11/10 would recommend to friends and enemies alike.",True,1674786551,84,15,0.788155317306518555,0,29,100,76561198151770625
1574270,196649483,"Pretty silly and unique VN. Short, but doesn't overstay its welcome; its worth the few hours it takes to see all the content.",True,1749324216,21,0,0.709990143775939941,0,183,183,76561198185736709
1574270,151388970,"""3D women are fine, but fourth dimmensional girls with non-euclidean geometry are smokin' hot! They've got curves I can literally get lost in.""

Sucker for Love is a silly, romantic horror game that was fun to play through blind. Estir is best eldritch girl.",True,1700764528,3,1,0.5,0,120,120,76561198089403519
1574270,116554101,"This is amazing. First chapter and I already felt like I got my money's worth, and then chapter two kicked it way up in the visual novel choice department. The design work and voice acting are top-notch, the writing is hilarious, the horror is genuinely scary, and the little details of the mythos show real expertise and love. Highly recommend.",True,1654477517,1,0,0.5,0,184,541,76561198055454084
1574270,133825111,"Who knew that this game would awakening my love for himedere

10/10 would marry the King in Yellow again",True,1677619972,1,0,0.529147982597351074,0,119,303,76561198198139177
1574270,201215815,You know what? [b] Worth it. [/b],True,1754059630,1,0,0.5,0,150,150,76561199365687603
1574270,116271077,pogging irl,True,1653966706,2,1,0.512987017631530762,0,166,166,76561198079476232
1574270,119663338,This game's premise is so stupid i love it.,True,1659041245,5,2,0.568345367908477783,0,50,50,76561198168295948
1574270,122202979,"Short but intense, with lighthearted datesim and horror elements mashed together. You even get a boss battle way harder and more satisfying to beat than you'd expect.",True,1663104617,9,0,0.612507939338684082,0,154,154,76561198012840465
1574270,113021186,"Why simp for 3D women, when you can end realities for 4D women",True,1648564266,2,0,0.519230782985687256,0,122,178,76561198068573436
1574270,112217883,Now I am on the quest to LITERALLY Smooch every Eldritch God there is,True,1647315423,2,0,0.5,0,154,154,76561198046129136
1574270,126489135,"Cthussy, The King in Yellussy, and Nyanlathussy, something for everyone.",True,1669247852,0,0,0.5,0,187,187,76561197966313738
1574270,117311166,i love big hot women,True,1655758456,1,0,0.476190477609634399,0,77,105,76561198262683941
1574270,141222039,Very realistic.,True,1688398464,0,0,0.5,0,146,151,76561198015236842
1574270,137891899,eldritch mommies,True,1683390729,1,0,0.5,0,30,53,76561198293961182
1574270,175844906,"Cute little game with great art and voice acting. Has the perfect blend of comedy, horror, and the occasional heartwarming moment. Worth pointing out that OVERALL this is a horror game and has some disturbing imagery.

It's not long, you can get all the endings in a few hours, but it's definitely worth it on sale.",True,1727396904,0,0,0.5,0,149,149,76561198010868812
1574270,140087232,It's very fun,True,1686816399,0,1,0.5,0,267,427,76561199048341761
1574270,175203199,"A super fun game with stunning voice acting.
only true emotions can pierce the heavens and maybe smoosh some Outer Gods!",True,1726609013,3,0,0.531779646873474121,0,276,276,76561198280550657
1574270,146684245,The most powerful emotion.,True,1695264930,4,3,0.51736748218536377,0,201,201,76561198054884169
1574270,178600844,i love you my king,True,1731043714,0,0,0.5,0,266,266,76561198165576060
1574270,138052981,"Wonderfully charming way to kill 3-4 hours. The voice acting is pretty great, the designs are cute, and the game has a surprising amount of substance for its premise as a seemingly generic Lovecraftian dating sim. There are a few hiccups here and there with the game being picky about the actions you perform and some things being buggy, but as long as you're willing to excuse the lack of a save feature (the game opts for checkpoints instead), it's pretty decent.",True,1683649283,1,0,0.507575750350952148,0,203,203,76561198257489753
1574270,158674634,Great art and story... 13/10 would smooth horrors beyond all human comprehension again.,True,1708298620,0,0,0.5,0,228,228,76561198049168907
1574270,197987956,Fun+ chapter 3 is difficult,True,1750709689,0,0,0.5,0,233,233,76561199505754729
1574270,111720327,Cthulssy hits different.,True,1646622238,31,16,0.681632459163665771,0,248,418,76561198195330530
1574270,112468157,I lost,True,1647691050,2,0,0.523809552192687988,0,236,305,76561198257472848
1574270,132961325,10/10 would smooch estir again,True,1676546182,6,1,0.584905624389648438,0,247,265,76561198913579021
1574270,126479988,Yellow Omori Sweetheart.,True,1669244314,0,0,0.5,0,244,244,76561198039492088
1574270,126577891,queen in yellow>ln eta,True,1669286986,1,0,0.476190477609634399,0,262,280,76561198202731176
1574270,111902720,This game is hilarious with some gore and creep mixed in,True,1646894778,0,0,0.456616252660751343,0,227,227,76561198913442544
1574270,189672115,Anime women pog,True,1741429302,1,0,0.518518567085266113,0,258,258,76561198440788576
1574270,111149171,3D women? mo thanks. I'm all about them 4D non-euclidean girls now.,True,1645955821,16,5,0.64966350793838501,0,238,377,76561198453202086
1574270,124082280,"I think people are quick to write this off as a ""streamer game"" but I believe it comes from a genuine appreciation of visual novels, 90s anime, and cosmic horror fiction. I'm normally not the type to play horror games and I'll admit the comedy aspects of the game disarmed me, but it's approach to horror is well-composed and very effective.

All the characters (including the protagonist) are very fun and well-written. The game is admittedly pretty short but it makes good use of its time.  Definitely among my top 10 for 2022.",True,1666204890,13,0,0.630598545074462891,0,259,259,76561198018495565
1574270,114533430,"This is a fun twist on horror. I played the Prelude and this game is not what I expected it to be, but it is even better that I expected. I did find it difficult to try to get some of the ending . But over all it gave me hours of entertainment that I truly enjoyed",True,1651016171,1,0,0.5,0,221,231,76561198295213191
1574270,131124529,"It's really funny and charming! I just love L'neta and is a total waifu for real! She makes the game for me and I want more games with her! That being said... I didn't really like the other girl. She's in almost half of the game so it really becomes tedious replaying her chapters as the whole game's enjoyment comes from us liking them. The third character only serve to complete the real ending and, even if I liked her character, I wouldn't replay the mini-game you have to complete in order to get the hilarious ending! Overall, I think that the game is worth buying and experiencing! I love L'neta and will condemn the whole universe just to spend more time with her :)",True,1674100786,0,0,0.5,0,210,210,76561198313913356
1574270,193505643,big cat lady  10/10,True,1745526269,0,0,0.5,0,205,205,76561198846046891
1574270,117103477,"Expected to get some cthussy, got into quite the ride instead. And I'm not complaining. It got sad, it got funny, it got scary and then just haha let me smooch you. 

Actually a good game, I would recommend it. Albeit, it is pretty short, and I do hope a sequel or expansion update comes out, but it is still good as it is, so if ya got some time to spare, give it a try, it won't disappoint.

And if they are actually planning the aforementioned stuff, oh boy, I'll gladly wait for it.",True,1655430956,0,0,0.5,0,229,229,76561198803712717
1574270,123838349,I get 0 bitches,True,1665786554,0,0,0.476190477609634399,1,265,698,76561199013535712
1574270,117549508,"I don't know why I played this, but it's actually good.",True,1656120364,1,0,0.52173912525177002,0,255,255,76561197999271738
1574270,193345316,Mommy...,True,1745338722,0,0,0.5,0,209,209,76561199121558265
1574270,175576913,Being so lustful that you summon eldritch horrors and fight off ungodly entities just for a smooch is such a mood. Game is peak,True,1727045377,0,0,0.5,0,263,263,76561198212361431
1574270,175791884,Phenomenal game where you date eldritch gods. A short but interesting concept of a game. A romance VN with nice touch of horror and gore aspect to it. The girls you date are also really cute and hot (especially Nyanlathotep). Would recommend to anyone who wants to play romance comedy visual novels with tad bit of horror.,True,1727330343,0,0,0.5,0,225,225,76561198315653933
1574270,159821269,Till death do us part,True,1709525232,14,2,0.606228470802307129,0,270,270,76561198429307439
1574270,131564968,gimmethecreampuff,True,1674704272,0,0,0.5,0,217,217,76561198314022964
1574270,138445726,I do love me some non-euclidean eldritch cheeks.,True,1684345850,0,0,0.5,0,236,236,76561198083934018
1574270,123587735,This is the most hillarious dating sim ever.,True,1665321615,0,0,0.5,0,224,224,76561198015741839
1574270,186686259,eldritch,True,1738168990,2,0,0.545454561710357666,0,216,390,76561199059363072
1574270,144179529,This game made me realize that anyone that can say worcester sauce without stuttering is an outer god.,True,1692019141,27,10,0.69403916597366333,0,251,251,76561198962592929
1574270,133360791,"Less of a dating sim and more of a elder god cookbook.
Silly, and just long enough to not get old by the end.  Voice acting and writing provided chuckles.
A bit of ending hunting and branch options to provide a little bit of an achievement hunt for completionists.",True,1677075106,1,0,0.5,0,236,236,76561197999247038
1574270,146565689,"A 11/10 game, the dev is super cool, the game is funny and appealing, i'll never get bored of it no matter how many times i play it, i can't suggest enough ot buy this game",True,1695087010,0,1,0.5,0,219,219,76561199239973274
1574270,126680234,need big tiddy eldritch god gf uughhhhhhhhhhhhhhhh,True,1669318155,0,0,0.5,0,266,520,76561198314352151
1574270,131809062,Hot,True,1675005463,2,0,0.510067105293273926,0,270,270,76561199122132324
1574270,112939233,"Bought this for story and was not disappointed, still not 100% completed but i love the second good ending, it is worth all the pennies spent/",True,1648416143,1,0,0.523809552192687988,0,205,205,76561198052368175
1574270,192983291,Dating Elderitch women. Need I say more?,True,1744938307,2,0,0.541960239410400391,0,264,264,76561199070956391
1574270,135271647,All around fun game with a lot of laughs. Feels very wholesome with the cheeky humour. Ever feeling down give the game a play.,True,1679617697,1,0,0.5,1,239,280,76561199347069627
1574270,121761016,"Honestly this is such a hidden gem of a game and I love the unique premise of it and the interactions between the player and the characters in this game. There can be a mix of horror, comedy, and just some plain satisfaction waiting to be had in this game and you'll enjoy every bit of it I am sure of it. The fact there's a sequel being worked on is exciting news, so I am excited for when it drops!",True,1662335017,0,0,0.5,0,251,251,76561199242161890
1574270,188100145,the ideal women,True,1739768014,0,0,0.477272719144821167,0,223,223,76561199248878343
1574270,133153467,Auntie Nyan Nya my beloved,True,1676788927,0,0,0.5,0,200,200,76561197992536205
1574270,185396412,cute game,True,1736641556,0,0,0.5,0,207,208,76561199002463925
1574270,166376469,i love the squid,True,1717131829,0,0,0.5,0,246,288,76561199054839441
1574270,112658408,"Honestly, I thought this game was going to be another one of those stupid meme games that you play for twenty minutes to laugh at and send stupid pictures to friends. And in a way, yes, it IS that, but it also plays itself incredibly straight at the same time despite the jokey nature of the game. I like it, it's not a very long game, but it manages to make a pretty solid impact and has a variety of fun ways to die if you're into collecting a bunch of bad ends.

The character designs are nice, you can see the original basis of all of them with fairly unique spins on them. I particularly like what they did with Hastur because it's more subtle than the other two eldritch abominations, but also a clever take on the lore.

I was surprised that even with the tone being overall lighthearted, the game is very good at twisting it into horror in just a moment, and a few of the scares actually got me. The ending is also fairly intense and can get kind of nerve-wracking, which I was not expecting from what I thought would just be a slightly glorified visual novel.

I would say maaaaybe don't get this for full price just because it IS short, if you're strapped for cash. But I would definitely recommend it for anyone who's looking to have a fairly unique horror experience, or someone who just really, really likes Lovecraftian horror. This game knows what it's doing and does it well in its brief time.",True,1647976515,3,0,0.529607236385345459,0,211,302,76561198083942593
1574270,136962505,Worth it,True,1681919354,1,0,0.5,0,244,246,76561199079194502
1574270,179703003,auntie nyan nyan makes me feel things,True,1732431837,3,0,0.565217375755310059,0,214,214,76561198868156290
1574270,111094479,this game exploits my conscience,True,1645898705,0,1,0.5,0,217,256,76561198845164016
1574270,171616858,"nyanlathotep makes it worth £7.19 and more, more giant cat lady content please",True,1723037995,1,0,0.527559041976928711,0,245,311,76561198242663044
1574270,208118346,"Fun visual novel with a great art style and fantastic voice acting.

Played it for halloween with some friends and we got so into it we stayed up way too late trying to get the  different endings.

Its not that scary if you don't deal well with horror but certainly has some tense and disturbing moments.",True,1761990812,2,0,0.545454561710357666,0,199,199,76561197970151570
1574270,149318949,"what can i say, I'm a simple person, i could never say no to eldritch terrors beyond my comprehension",True,1698855553,89,15,0.860886573791503906,0,246,252,76561198851971307
1574270,139821749,I'm a lesbian,True,1686381226,139,22,0.81262671947479248,0,204,204,76561198268530611
1574270,169278645,please make the plushes purchasable beyond makeship. I want a lil nyanlathotep and ln'eta plush to smoomch myself.,True,1720387186,0,0,0.443686008453369141,0,218,218,76561198034705146
1574270,113268975,all that for a smooch got damn,True,1648979928,0,0,0.5,0,237,237,76561198119589332
1574270,118212053,"Very impressive! And the ending was awesome. Sooo, dig for it!",True,1656959764,1,0,0.508521556854248047,0,229,229,76561198184914749
1574270,126771506,ferocious mamacita bodacious senorita delicious bonita,True,1669362144,19,7,0.719506978988647461,0,198,198,76561198205832132
1574270,177975388,very fun,True,1730209552,0,1,0.5,0,202,202,76561198887339028
1574270,125328220,Estir best gril,True,1668222042,0,0,0.490196079015731812,0,210,210,76561198082877335
1574270,198723060,"Really good game, but did NOT like the MC, had an okay idea of what I was in for, so it's not much of a shocker to me lol",True,1751450808,0,0,0.5,0,212,212,76561199543120691
1574270,188298594,supr dupr,True,1740003171,0,0,0.477272719144821167,0,222,241,76561199085746762
1574270,116679299,Great game with 'unique' girls and great humor.,True,1654700324,0,0,0.5,0,269,269,76561198258338954
1574270,168268663,A love story about eldritch gods and worcestershire sauce,True,1719425708,32,5,0.769977927207946777,0,264,264,76561198080706767
1574270,112037677,"Having played the Dread X version, I thought the Ln'eta part would be retreading old content. I was kind of right, but it's clear they put more effort into the story and visuals for t his standalone version. A little sad the parts that reached outside of the game are gone, but meh.
The second date, with out spoiling things, was fun and the voice acting was nice. It struck the balance between silly cartoon voices and something a bit more grounded. Though, the lack of an option to get a Bad End by being a perv was something I wouldn't realize I missed. If this game gets an update, I fully suggest more ""MC is a dumbass, but it was worth it!"" moments.
That third date? Actually fun. Like god DAMN I can see why she's the favorite now. Also...she tall. Also that there's no art of her ""Dancing"" is surprising. Like actually surprising. What the hell, internet!? Get on that!

Oh wait..right...reviewing.

My main complain was, and I shit you not, that I was too pretty. Like I seemed more like some hipster than someone who would be simping for eldritch horrors (Eldritch Whores?). But, luckily, my pretty face was going to hell. Maybe also that it's a bit short, but for the price and trying to figure out different endings, I feel like it's a good length. That there's a plethora of other lovecraftian things to dabble with at least lets me hope for addons one day.

All in all, if you want a fun VN about mutilating yourself in the name of love, then I strongly recommend it. Like a certain protag peeping on some eldritch tiddy, it's totally worth it.",True,1647090750,0,0,0.5,0,256,256,76561198062552530
1574270,112133826,"So god damn good,
The secrets are good, the eldritch abominations are better, absolute quality.
The mirror and stuff like the mask stand is bugged so it'll show you some weird shit, but it doesn't affect gameplay.
The power of love? The power of swords and violence, that's where it's at!",True,1647201841,0,0,0.5,0,248,248,76561198081842545
1574270,115595076,"——————————————————————————————
⠀⣞⢽⢪⢣⢣⢣⢫⡺⡵⣝⡮⣗⢷⢽⢽⢽⣮⡷⡽⣜⣜⢮⢺⣜⢷⢽⢝⡽⣝
⠸⡸⠜⠕⠕⠁⢁⢇⢏⢽⢺⣪⡳⡝⣎⣏⢯⢞⡿⣟⣷⣳⢯⡷⣽⢽⢯⣳⣫⠇
⠀⠀⢀⢀⢄⢬⢪⡪⡎⣆⡈⠚⠜⠕⠇⠗⠝⢕⢯⢫⣞⣯⣿⣻⡽⣏⢗⣗⠏⠀
⠀⠪⡪⡪⣪⢪⢺⢸⢢⢓⢆⢤⢀⠀⠀⠀⠀⠈⢊⢞⡾⣿⡯⣏⢮⠷⠁⠀⠀
⠀⠀⠀⠈⠊⠆⡃⠕⢕⢇⢇⢇⢇⢇⢏⢎⢎⢆⢄⠀⢑⣽⣿⢝⠲⠉⠀⠀⠀⠀
⠀⠀⠀⠀⠀⡿⠂⠠⠀⡇⢇⠕⢈⣀⠀⠁⠡⠣⡣⡫⣂⣿⠯⢪⠰⠂⠀⠀⠀⠀
⠀⠀⠀⠀⡦⡙⡂⢀⢤⢣⠣⡈⣾⡃⠠⠄⠀⡄⢱⣌⣶⢏⢊⠂⠀⠀⠀⠀⠀⠀
⠀⠀⠀⠀⢝⡲⣜⡮⡏⢎⢌⢂⠙⠢⠐⢀⢘⢵⣽⣿⡿⠁⠁⠀⠀⠀⠀⠀⠀⠀
⠀⠀⠀⠀⠨⣺⡺⡕⡕⡱⡑⡆⡕⡅⡕⡜⡼⢽⡻⠏⠀⠀⠀⠀⠀⠀⠀⠀⠀⠀
⠀⠀⠀⠀⣼⣳⣫⣾⣵⣗⡵⡱⡡⢣⢑⢕⢜⢕⡝⠀⠀⠀⠀⠀⠀⠀⠀⠀⠀⠀
⠀⠀⠀⣴⣿⣾⣿⣿⣿⡿⡽⡑⢌⠪⡢⡣⣣⡟⠀⠀⠀⠀⠀⠀⠀⠀⠀⠀⠀⠀
⠀⠀⠀⡟⡾⣿⢿⢿⢵⣽⣾⣼⣘⢸⢸⣞⡟⠀⠀⠀⠀⠀⠀⠀⠀⠀⠀⠀⠀⠀
⠀⠀⠀⠀⠁⠇⠡⠩⡫⢿⣝⡻⡮⣒⢽⠋⠀⠀⠀⠀⠀⠀⠀⠀⠀⠀⠀⠀⠀⠀
—————————————————————————————",True,1652798383,85,67,0.783239603042602539,0,254,255,76561198835494602
1574270,113460339,good,True,1649304577,0,0,0.5,0,253,294,76561198069214364
1574270,126654035,"I love this game so much.  I've always joked I'm a lovecraftian horror, and so a dating game about smooching one was extremely up my alley, over and over this game felt like it was written -specifically- for me, for my humor, for the sort of jokes I like.  I played this on stream on Valentine's day and the whole day was just a blast, with me just fawning over how perfect the game was for me.  It's just a cute little dating sim that's a bit linear, not a lot of choices, but wonderful writing, great visuals, a great soundtrack, and while the ending was a little frustrating, an overall fantastic experience.",True,1669310297,2,0,0.518248140811920166,0,238,238,76561198035383629
1574270,155250765,"What can a fellow gentleman do when posed with the question ""Ass or Tits""? to simply answer in the affirmative is to conform to societies crude doctrines, nay, a true gentleman knows a third answer. A true gentleman surveys woman in search of one thing: The writhing calamity, the squelching heap, the black sun, pure unadulterated indescribable and unspeakable terror.",True,1704396828,85,28,0.883965253829956055,0,234,234,76561198040189789
1574270,121824637,"""I am not trap in a facility full of cosmic horrors. YOU ARE ALL TRAPPED IN HERE WITH ME!""",True,1662450525,0,0,0.5,0,276,276,76561199083183534
1574270,127491453,"I actually forgot to review this game when I finished it, but from what I can remember it was a fun experience. The story is very intriguing even though it's blatantly meant to be comedic. There are lots of routes to take and endings. The game is easy to pick up and interactive enough to have you engaged opposed to just reading walls of text like some visual novels. 

My only complaint is the final boss for the true ending is extremely frustrating to do all the objectives in time. Maybe I'm bad or just not used to this type of game enough, but I struggled for an hour there. Be prepared for a lot of repeated reading (or if you can, memorization.) All while under the stress of a very unforgiving timer. You have 3 chances and if you get hit the 3rd time it's back to the beginning of the fight. 

From the looks of it, there may be another game to expect. If so, I'll be purchasing it.",True,1669693752,1,0,0.5,0,276,276,76561198844111447
1574270,115114874,worcestershire,True,1651955370,2,0,0.523809552192687988,0,226,226,76561198319098123
1574270,118455890,"Fantastically well written, incredibly funny and occasionally horrifying",True,1657293290,0,0,0.5,0,260,260,76561198081162418
1574270,207567494,"Sucker for Love, or SFL as I will likely call it the rest of this review, is a fantastically written monster dating sim. While the runtime is short for an initial play through, there are branching endings and paths that make replaying a worthwhile option. Each of the three chapters have multiple endings, with chapter 2 in particular having 6 possible outcomes for the story! This was a really fun game to play on Twitch, my viewers had a great time seeing each chapter come to a close and I had a blast being a down bad goober for a few hours.

SFL was a pleasant surprise for me, and it was just the right amount of a subversion of the dating sim genre to get me interested. I'm not usually one to dabble in these types of games but the writing and the surprise gameplay mechanics that presented themselves made this a game worth checking out. I will very likely play and check out the sequel as well, SFL did a fantastic job at setting up plot lines that can be explored in sequel titles.

Pros:

* Great writing, each girl has their own quirks and personality. D, the player character, likewise has differing attitudes and responses to each girl.
* The three chapter setup offers each girl multiple endings, making replays worth it to see everything.
* Chapter 3 specifically throws in a new gameplay loop that offers a fun subversion to the dating sim genre.
* Story felt tight and concise, giving the player enough to be satisfied with what was offered while leaving enough open for sequels.

Cons:

* Short runtime may be a turn off for some players, game only takes about 3 hours to complete if you only intend to play each story once.
* Controls in some chapters are a tad sluggish. Feels like you are fighting the controls to complete your objective.",True,1761413600,3,0,0.545454561710357666,0,243,243,76561199575931294
1574270,128393198,I got three outer god smooches 25/10,True,1670798293,2,0,0.536784708499908447,0,268,268,76561198078148403
1574270,123237777,"Cannot be Lovecraftian without love and this game has a lot of that. Easily one of the funniest titles I have played in a while - the character interactions and dialogue are both hilarious and memorable.  The game is not very long and the difficulty ramps up in the last third of the game, but it is certainly worth all of that. Would most definitively recommend.",True,1664731580,0,0,0.5,0,212,212,76561198023749260
1574270,173848663,"I think I had the same reaction as most people whenever I saw this within the Dread X Collection 2, which was that this would be a shitpost. As funny as the idea is, I thought it would just be a bunch of cheap shots at the mythos and not a whole lot else. While it lacks the tenser atmosphere of its successor, this game contains as much horror as the amount of cutesy jabs at the mythos that you would expect. The ebb and flow of the comedy and horror is a perfect balance which shows not only the developer's knowledge of the subject, but a passion to bring their own perspective to the table. Excellent voice work and writing that blends perfectly with the source material is enough to make a weirdo like me happy. I highly recommend this to anyone with a cursory knowledge of H.P. Lovecraft who could use a good laugh!",True,1725063317,0,0,0.5,0,255,505,76561198027009158
1574270,118458850,"Unfortunately, It's a pretty short VN with a couple of nice gimmicks but the last section (CH3) makes me want to give it a negative review.",True,1657296855,0,0,0.473684221506118774,0,239,239,76561198047421121
1574270,165025662,SMOOCH,True,1715298062,2,0,0.497925341129302979,0,202,202,76561198039416381
1574270,197988721,"It is CRIMINAL that this game isn't more well known.
Yeah, theres plenty of bugs and stuff but the art is great, the story is fantastic and the game does a perfect job of making a fun and cute atmosphere while maintaining horror elements.",True,1750710501,0,0,0.5,0,198,198,76561199812840549
1574270,168105228,Eldritch Hoes,True,1719248541,1,6,0.52173912525177002,0,207,207,76561198825120834
1574270,119779742,Very cool,True,1659211267,0,0,0.5,0,206,221,76561198064205225
1574270,111709558,Came for the C'thussy. Stayed for the C'thussy.,True,1646606775,163,74,0.914451718330383301,0,203,203,76561198048345332
1574270,114078517,"Excuse me, but what the fuck?",True,1650310009,0,0,0.5,0,218,229,76561198322652004
1574270,150203572,I love unknown horror and now im ones pet life couldn't be better,True,1700105627,0,0,0.5,0,256,299,76561199184804513
1574270,172316835,great game!,True,1723900358,0,0,0.5,1,243,523,76561199408917608
1574270,150184589,"[h1][b] TLDR: A short and funny visual novel that despite the name and theme, manages to be tasteful and deliver a good message. [/b] [/h1]
[h1]PROS: [/h1]
+Solving ritualistic puzzles can lead to some humorous moments, especially when you deviate from the main path. 
+Some witty and cute narrative moments.
+Unique occult setting.

[h1]CONS: [/h1]
-Controls are primitive.
-No achievements.
-Some stereotypical anime tropes.

[h1][b] Gameplay (Controls/Mechanics/Loop/Difficulty) – [7/10] [/b] [/h1]
As typical with most visual novels, the vast majority of Sucker for Love (SfL) is simply reading through the story. The part that is different from other VNs becomes the ritualistic puzzles you need to solve for the story. I thought it was a nice change of pace using various items like a knife, robe, candles, lights, and chalk symbols in a very specific manner to solve the puzzles. 
The controls were a bit primitive. You cannot even use WASD or arrow keys to move back and forth in your room. Otherwise, normal KB & M controls. 
The difficulty I found pretty easy for all but the final storyline where you have some fairly ambiguous puzzles thrown at you and no explanation for failure. Still, these can be brute forced. 

[h1] [b] Graphics (Quality/Art style/Animations/UI) – [5/10] [/b] [/h1]
Typical anime-style graphics. There is no animations, just new drawings of the characters. Overall, pretty simplistic, probably able to run easily on a PS3. 

[h1] [b] Audio (Sound Effects/Score/Voice Acting/Ambient) – [5/10] [/b] [/h1]
I found the musical score to be largely forgettable. The voice acting is decent enough, though your character isn’t voiced despite having no customization or choices. 

[h1] [b] Content (Game world/Narrative/Lore) – [6/10] [/b] [/h1]
I found the world too simplistic, as there are literally only 3 zones, but perhaps that’s a given for such a short game. 
The story is also simplistic where [spoiler] your character pretty much summons a demon and dooms all of humanity for a smooch. [/spoiler] Still, SfL isn’t really trying to be profound, it’s just goofy fun. 

[h1] [b] Replay Factor (Side quests/NG+/Player Choice) – [2/10] [/b] [/h1]
There is no NG+ to partake, nor achievements, so this really tanks the replay value. There are branching storylines, [spoiler] but each leads to an ending where you most likely die, so it creates an illusion of choice. [/spoiler] With only one real path, the game will take you about 2-3 hours to complete. 

[h1] [b] Final Verdict – [6/10] [/b] [/h1]
Overall, I enjoyed my time with Sucker for Love. The unique puzzle aspects were something I wish was built out more in a longer visual novel. 

[h1] [b] Recommend? [Y/N] [/b] [/h1]
[h1]Yes [/h1]
But only if it’s on a deep sale. It’s such a short game with no replay value or branching paths that I wouldn’t pay for a few dollars for it. 

You can find my curator page here: https://steamcommunity.com/groups/Synik_GR",True,1700075670,0,0,0.5,0,219,219,76561198003129733
1574270,198480621,"The game is very good. BUT a bit short for me.
I know this will not be a gem like ""slay the princess"" but ... one can hope.

Worth IMO, I would buy it just to see a more sizeable game from the developer.",True,1751219242,0,0,0.5,0,225,225,76561198199200737
1574270,132559644,titties  👍,True,1676065606,67,8,0.823615789413452148,0,207,244,76561199123605327
1574270,195217931,You get what it says on the tin. Silly eldritch-creature-dating fun for a few hours for a cheap price.,True,1747667642,1,0,0.527559041976928711,0,262,262,76561198076311823
1574270,113757907,"I had fun playing this! At times, it was definitely too gorey for me, but this game did a good job of being both a silly, silly premise, with even sillier lines, and a dark horror story. Excellent voice acting, too, and the aesthetics are solid as well. Despite the fact that the whole story doesn't take itself seriously for the most part, it is well-written and had me hooked pretty quick, interested in knowing how it would end. It also does checkpoints, which is great to explore multiple endings, as there's never a need to go back to the start unless you wish to experience the whole story again - I tend to find that tedious in dating sims and enjoyed the shortcuts that Sucker for Love offered me! In the 3 hours I played until now I got every single ending in all the chapters.

My only warning would be that it does get pretty gore-y despite the pastel exterior. IMO that's something to be aware of going into this game.",True,1649796286,1,0,0.523809552192687988,0,198,198,76561199049713186
1574270,212728769,sugoi,True,1765059666,0,0,0.5,0,221,221,76561198158146574
1574270,170133948,main character aah,True,1721277332,1,0,0.5,0,262,329,76561199158972770
1574270,111252451,"This surpassed my expectations. Alternately funny, creepy, and endearing, you try to survive dating alien cuties as your reality unravels around you. 10/10, would smooch again. 

Though I suspect old HPL would be turning in his grave...",True,1646071988,3,1,0.545454561710357666,0,211,684,76561198261121966
1574270,148413499,good enjoyable game,True,1697589352,4,0,0.507042229175567627,0,200,243,76561199013126515
1574270,158565107,For the smooches!,True,1708205325,1,0,0.523809552192687988,0,278,278,76561198030451917
1574270,169513868,*Smooch*,True,1720625581,1,0,0.5,0,215,215,76561198059925794
1574270,116919994,"While the game is not that long it's worth the few hours you'll spend on it, it's funny, cute and does actually get disturbing at some points (in the way you'd want a game about cosmic horrors to be that is), the voice work, the art and the overall story and writing is also pretty good. but the best part...

is Aunty Nyan Nyan.

in short Sucker for love 10/10 i'm completely biased, i don't care and i want Nyanlathotep to crush me!

if any of you are not interested in extra-dimensional girls from beyond the veil and above mans comprehension then quite frankly you are a coward, if you aren't into casting humanity into the void to get some of that horrific comic c'thussy, you a b*tch!",True,1655123729,1,0,0.51171875,0,266,266,76561198822640882
1574270,122011642,big cat ladys hot,True,1662783420,28,2,0.743643462657928467,0,268,399,76561198931503812
1574270,176942799,Yeah this games pretty based,True,1728792894,0,1,0.5,0,276,276,76561198057349433
1574270,113092165,yes,True,1648682947,0,0,0.5,0,261,261,76561198207254601
1574270,126157666,This game was one of the highlights of this year. Worth it.,True,1669172239,1,0,0.523809552192687988,0,263,263,76561198067109557
1574270,168902354,boobs are cool I guess,True,1720029019,13,3,0.639541268348693848,0,227,227,76561198799640764
1574270,118789228,mix of really cute and terrifying with an ending that was more challenging than i was expecting. great time. ln'eta is best girl,True,1657787342,1,0,0.511627912521362305,0,212,212,76561198030037265
1574270,164190539,Funny and good game!,True,1714770457,0,0,0.5,0,224,224,76561198409481882
1574270,111126949,"I know Elden Ring just came out but this is easily my game of the year! It's incredibly charming, funny, well made, scary and doesn't take 5 years to finish. 

It somehow nails the stresses and fears of dating while keeping the fun of a game all while having the most actual  gameplay I've encountered in a dating sim. I really love this game, the voice acting is outstanding, the writing is amazing and tonally perfect, every sentence is crafted perfectly and performed perfectly. This game should be used as the gold standard for voice acted dating sims imo. Something that's not a big deal but I'd like to see personally is the ability to choose your gender as the player character, it's not really necessary for this game though as most of the time your called darling which is a pretty gender neutral term. 

I don't think a game has made me feel less lonely which is something I never thought I'd say before Covid but something that is extremely welcome with everything going on in the world right now. Who knew dating some eldritch beings and helping them end the world would become my happy comfort place when things go to shit.

I love this game so much, I fell in love when I played the demo in the Dread X Collection 2 it was everything I didn't know I wanted! I can't recommend this game enough! I really mean this game is my game of the year too, I can't wait to see what this dev does next!!",True,1645930868,0,0,0.5,0,237,1547,76561198099819050
1574270,113416782,"I loved this game and the characters. Ln'eta was my favorite character, she's sweet and cute. The game play also seemed original even for a dating game.",True,1649228016,1,0,0.518324613571166992,0,217,221,76561199142061921
1574270,141282584,Auntie Nyan Nyan. 10/10,True,1688467833,4,1,0.516322433948516846,1,234,234,76561198119885540
1574270,132872007,"Amazing game, did it as a drunken valentines day play through, was worth it, will surely check out the sequel.",True,1676429730,0,1,0.5,0,241,241,76561198253325292
1574270,148711511,Worth it!,True,1698031515,1,0,0.465893775224685669,0,257,322,76561199033270241
1574270,133768323,"This game is wonderful. 

I absolutely fell in love with Ln'eta and the story line between her and my character made me tear up with the second ending with her. 

The voice actors are wonderful and help you really gets you into the story and the endings are a bit of as challenge on top of that. The last chapter offers some real challenge especially for a dating sim.",True,1677537943,0,0,0.5,0,215,215,76561198103636484
1574270,138280891,I came for the eldritch squidussy but left feeling something more,True,1684055877,40,8,0.757567644119262695,0,232,232,76561199161819465
1574270,175926855,"Gazed into the infinite and lost my mind at what I could not comprehend. And by infinite I meant peeping on a mind-flayer while she was showering to catch a glimpse at some of that eldritch booty.

5/5 Worth It",True,1727503234,2,0,0.518518567085266113,0,257,257,76561197990197899
1574270,136846728,"I love the kind of Fourth Dimensional woman that will actually just kill me. When I left my apartment, I thought ""Damn. I really hope some hot Eldritch chick paints my brains all over some fucking hallway."" And here we are at Sucker for Love.",True,1681717968,33,11,0.770904064178466797,0,276,276,76561198111267674
1574270,123239995,You can pet a cat. :),True,1664733851,0,0,0.5,0,273,273,76561198171639427
1574270,111370098,"A short and sweet game. The writing is swell and the gameplay is serviceable. 

I love the art and the story is hilariously on the nose. All in all it's a good game.

Only two complaints:
1. You can't re-watch scenes without doing almost every step again. (This is only an issue for the final acts and non-loyal routes) 
2. I want a gallery to see the ending pictures again.",True,1646218213,0,0,0.5,0,253,255,76561198069410553
1574270,167124631,"No gun, played it for 3 hours waiting for it to show up. [spoiler] There is a romanceable milf tho so [/spoiler] all in all a good game.",True,1718069625,4,0,0.519774019718170166,0,232,232,76561198168918790
1574270,114765377,"This is the best game ive ever played and everyone who has never played it needs too, this game is amazing in everyway possible, highly recommend (especially for Yeetos) 10/10 Darling is my new personality.",True,1651391197,0,0,0.463483124971389771,0,227,249,76561199102290913
1574270,130656808,s̵̙̗͕͓̭͎̳̫͓̗̓̋̈̋̔͋͆͆̌͆͑̉͗̓̔̿̀m̷̢̨̫̹̘̞̱̖̗̠̺̏͆̒͗̒͛̐̐́̄̉̏͂͌̈͊͂́̅͊̐͌̓̎̓̊̕̚͜͝ö̶̢̢͖͖̼͈͚̮͖͓͆̎͒̈̈́̏̊̏͑̾̾́͑͊́͛̽̒̓̓̅̀̍̆͒̌̌̓̃͊̾̾̕̚͠ơ̸̡̛̛̦͖̠͎̜͚̭͇̭̪̝̲̪͋͂̏̓̿̎̍̊̌͛̀͑̓̆͆̆̉̾͊͋͋̑̈́̔̄̈́̀̎̔̅̚̕̚͘͜͝͝͝c̵̡̧̨̢̝̳̜̣͙̖̮̣̙̻̙͉̲̺̦͔̑̅̒̔͋̆̍̂̎̉͛̋̾̎̚̕͘͜ͅh̶̡͇̣̗̙̲͇̺̖̫͎̞̯̱̘̳͆̈́̀̇̄̒̐̒̍̚ ̶̧̛͖͖̖̤̗̙͕̅̾̏̒̂̔̓̓̿͊͋͌̍̎͊̇͋̍͋̐̂̈́̀͑͘̕̚̕͘͠ͅţ̵̹̩͔̺͔̤̱̗̩̜͙̙̰͎͔͈͈͚̻͖̠̤̏͛̆͂͋͆̆̽̀̊̄͑͊̈́̈́͌͂͆̚̚͝͝ͅh̴̲̪͇̱̱͍͙̻̜̺̩̗͓̝͓̙̪̠̺͈̯̙͔͓̝̮̮͆̽ͅȩ̷͎̠͕͇͓̭͇̪̬̞̠͖̳͇̜̗̭͍̖͈̺͖͂̿͊͌̀͐͐̾̑͒̈̊͘͠͝ͅ ̷̢̗̮̪͉͍̫̱̪̪̹̄̔͆̓̈́̐̎͆̎̏͒͛̐̋̌̍̂̏̌̔̃̒̾̓͐͑͛̽͌͂̈̇́͑͝͝͠͝͝g̵̨͎̎͆̀̀̀̉̿͋̐̕̚͜r̴̨̡̨̨̧̼̗͍̖͉̳͓̯͉̯̪̜͇̻̗̲̫̼͚͊̃̃͒̆͆̑̏͊̒͂̐̉̽̉̑̐͗͆͑̈́͋̀̆̅̈́̄͌̇͘̚͜͜͝͠ͅȇ̶̡̛̪͍̦̗̟͙̖̓̐͆̋͊̔͂͋͐͆̈͐̀͊̈́̋̐͛̽̾̍͐͘̕̚͝͠a̸͇͊͂́̅̅́̆͑̈́͑̾̍̇͗̅̂̌̚̚̚͠t̵̡̨̛̝͈̮͍̥͖̞̱̳̤̻̲̰̭̯̰̰̻͂͋͌̌̅̈̽̔̈́̿̏́̊̂͆̈́̐̄͗͛̀̏̈́̍͛̔̇́̋͛̏̚͜͜͜͝ ̸̧̢̢̛̗̜̗̹͓̰̺͍̫̟͎͚̤̱̼̖͇̜̯̫̖͚̜̗͆̇͑̀̈́̿̍̒́͒̆͂̔͆̊͋̓́͋̑̌̐̎͆̚̕̕͜͜͝͠ͅų̶̡̢̖͕̞̞̻̼̹̯͇̝͕̭̜̤̦̹̼̞̼̟̩͎͍͚̠̱̣̪̩̮͙͙̯̭̏̋̉̊̄̃̔͐̇̌̀́̆̍̋͌͒̈̍̂̃̓͑̕̚͠ͅͅͅṅ̴̨̛̛̜̜̮͈̹͍̤̲̦͔̙̙͈̭̟̺͎̠͓̱͇̪̜̱͎̭̼̮̝͎̜͚̲̼͌͆͑̋̓̊͌̆̄͌̈́̌̂́͜͝͠ķ̴̧̧̛͎̠̜̞̱̼̮̟͖̙̦̝̰̝̥̻̖̖̹̺̮͕͓̦̩͔̿̆́̂̑̏́͋̇̅͐͛́̎̃͂̽̒̊̇̄̀́͒̃̂͊̑̌̔̚͠͝n̶̨̢̡̧̡̢̧͕̳͈̱̝͕̗̰͈̣̰̖̙͍̙͓͍̝̯̜̙̭͖̪͉̳͉̮̫͔͎̗̼͖̍̓̋͒̌̀̎̓̊̀͋̎̆͗̏̑̊̎̏̇̊̈́͌̓̇̄̒̉́͆̒͆̿̚͘͝ơ̴̡̢͍̬̯̜̖̝͙̩͔͎̼͈̗̭̰̅̍̔̎́̊̄̐͌͑̊͊̀͑͌̈́̂̈̇͗̏̐̈́̈́̉̆̔̊͒̃̚̚͘͝͝͝ẅ̴̧̧̨̧̤͉͎͖͙̱͓̖̺̥͎͓̥̦̤͚̖͍̠̯́̄̒̿́͊̒̄̔̋͑̃̆̿́́́̕̚̚͘͘͜͠͠n̸̹͖̮̙̝͔̼̲͇̤̑̂̈̄̌̂̀̄̓͊͊̇͗̐̕͘͘,True,1673467849,0,0,0.5,0,210,210,76561198069723557
1574270,115975136,"I'm sorry, Nyanlathotep is *HOW* TALL?",True,1653457406,0,0,0.5,0,198,217,76561198129834422
1574270,112317464,"absolutely amazing game. i hope theres more content in the future. i really enjoyed it, simple as.",True,1647476881,0,0,0.476190477609634399,0,237,477,76561198100976809
1574270,164486892,The price for kissing eldritch beings beyond human comprehension: [strike]madness[/strike] [strike]unimagineable horrors[/strike] [strike]end of reality[/strike] priceless.,True,1714911220,0,0,0.5,0,240,240,76561198012211015
1574270,131733274,"[url=https://store.steampowered.com/curator/34863696-Some-Novel-%2528s%2529-called-Otome/?appid=787970] Follow me to see more reviews like this [/url]

[b]Type of Game: [/b] Visual Novel – Reading + ""Speaking"" (Hovering your mouse over text)
Additionally: Timed sequence in 3rd chapter, where you need to ""survive""
[b]Length: [/b] About 4h
[b]Story: [/b] Smooch/10 
[b]Art: [/b] 10/10

First of all, I’m actually too much of a chicken to play the secret ending or secret route part myself because well, I was creeped out enough by the other two chapters…

Another thing: DDLC was compared to this game in some reviews I saw and I want to kind of disagree with that comparison. To me DDLC had totally different vibes than this game and I actually found DDLC a lot creepier.

Basically, this is a short novel with horror elements and some jump scares (for me at least). There are at least three romanceable options: Ln’eta and Estir and in the secret route Nyanlathotep. Your character works as a host and has a weird obsession regarding eldritch gods. Long story short, the character manages to summon one and makes a deal with the summoned Ln’eta. He has to perform various rituals to increase her affection and, if he succeeds, she will reward him with a [strike]kiss[/strike], I mean “smooch”. Seems easy enough, right? Well, just play the game and see for yourself…

Let’s talk a bit about the characters and the corresponding routes. 
Ln’eta is the protagonist of the first and of the second chapter. The first chapter is meant to be an introduction to the whole gameplay and setting: The novel feature of this game is that you need to hover your mouse over the words that are written in your Necronomicon to “speak” them and perform the corresponding ritual. Additionally, you will realize fairly quickly that this novel has indeed horror elements to it.

Estir is one of the protagonists of the second chapter. The second chapter is actually a bit different than the first chapter. While in the first chapter you have a pretty much straightforward story line, where you do not have any choices and are basically only performing the rituals, the second chapter has multiple endings and choices. Additionally, there is a “penalty” for performing rituals wrongly. 

The third chapter is about Nyenlathotep and its focus are timed rituals. Basically, the first two chapters “prepare” you for the “boss battle” so to say. However, like I said, I did not play it myself, but watched a Let’s Play. It actually takes multiple trials to win there and it’s kind of both creepy and challenging.

To summarize, I enjoyed playing (and watching) this game a lot. The idea that you “chant” spells by hovering with your mouse over them and you “fail” them, if you move your mouse too quickly, is cool and novel for a visual novel. Additionally, the story line and the characters were very interesting and enjoyable, so I had fun playing this game. I’d recommend it to everyone, who has a few hours to spare, enjoys a funnily written original story (with horror elements) that you shouldn’t take very seriously and wants to challenge themselves a bit.",True,1674920294,0,0,0.5,0,212,212,76561198116668487
1574270,113211587,"chapter 1 has the creepiest moments, chapter 2 is filled with content, and chapter 3 is a fun ""FNAF"" styled game mode where you have to learn the mechanics of a bunch of different attacks. It has the perfect mix of comedy and horror. This game is hella worth the buy. If you liked DDLC at all, this is a must play.",True,1648896365,1,0,0.511278212070465088,0,227,227,76561198299206913
1574270,114524460,This game oozes charm from every single one of its extra mouths and orifices! The voice acting especially is a real highlight.,True,1650999963,0,0,0.5,0,235,235,76561198074751147
1574270,115866595,very good,True,1653252577,0,0,0.5,0,208,230,76561199027544202
1574270,113929994,True anime chad conquers the cosmos itself with the power of love 10/10,True,1650081442,0,0,0.5,0,254,254,76561198131217968
1574270,200924270,THIS GAME IS PEAK!!!,True,1753718401,1,0,0.5,1,250,250,76561199783735549
1574270,122833893,One of the best games ive played in the past 2 years,True,1664138610,0,0,0.5,0,215,220,76561199198864972
1574270,111409161,"Finally, a Giga Chad who stands against Eldritch horrors",True,1646260125,0,0,0.5,0,238,298,76561199112709393
1574270,116469096,"If you were hoping to see some enormous eldritch ""entities"" from these extra-planar ladies, sadly I have bad news for you. However, you will find some good jokes, and more actual interactivity then your average visual novel. Beware, you may just lose your mind with how much you'll be pleasantly surprised with these lovecraftian beauties.",True,1654344056,2,0,0.455985903739929199,0,242,242,76561198027877576
1574270,135505781,Short but solid game.,True,1679864031,0,0,0.5,0,226,226,76561197970324374
1574270,111660036,hot godesses,True,1646554710,1,0,0.498466253280639648,0,249,626,76561198324404171
1574270,117503933,"This game is the perfect balance of meet-cute dating sim, chthonic horror (and yes, it can get horrifying), and comedy.  If you like visual novels and/or dating sims, this is a good send-up of those.  It's fully English voiced, which is nice.

Fair warning, the true ending is much harder than the rest of the game.  It's like ""story, story, story, BAM quicktime events!"" 

It is short, but I think it's the right length for the humor and story.  

Also, if you're looking for nudity, this is not your game.  It never gets more lewd than a smooch.",True,1656061847,67,0,0.836258292198181152,0,228,228,76561197960501934
1574270,141271064,Short but funny,True,1688452275,1,0,0.527559041976928711,0,239,239,76561198041443743
1574270,166555015,goated eldritch gods to kiss,True,1717360521,0,0,0.472440958023071289,0,236,427,76561198318714022
1574270,114108387,I'll need to request the other 47 Eldritch Gods. I've accomplished everything.,True,1650343760,100,11,0.877338588237762451,0,211,211,76561199045206906
1574270,112617855,"I laughed, you win",True,1647904483,0,0,0.483870983123779297,0,221,221,76561198093187928
1574270,113675394,"A terrific puzzle visual novel with an awesome sense of humour that made me laugh out loud at multiple points. If you've ever wanted to smooch an elder god before, then this is the game for you. My only complaint with the game is that it was aggravating trying to ""chant"" slow enough for the game to accept. Otherwise, it is a fantastic game that I can't recommend enough.",True,1649655937,0,0,0.5,0,245,245,76561198065500877
1574270,111921267,funny game that put classic horror into a dating scene would definetly recommend it if people want a fun laugh or a cute scene,True,1646923754,0,0,0.5,0,267,268,76561198038427091
1574270,113986299,so overcome by lust that he can comprehend the uncomprehendable,True,1650167144,0,0,0.5,0,199,419,76561198438898522
1574270,136739262,i'm coming for the whole family,True,1681563702,20,8,0.606879949569702148,0,251,251,76561199139366946
1574270,134294064,ln'eta best girl,True,1678280990,0,0,0.5,0,251,251,76561198957107075
1574270,171372733,,True,1722709788,0,0,0.5,0,201,351,76561199383840822
1574270,120024612,"I am gay, why the fuck do I want an eldritch mommy because of this",True,1659576140,26,19,0.643750488758087158,3,207,228,76561198400263361
1574270,118546791,"i always wanted to smooch nyarlathotep, this game allowed me to do so",True,1657420459,1,0,0.517045438289642334,0,207,207,76561198148391268
1574270,116092163,such a fun game.great art.great voice acting.funny story,True,1653665737,0,0,0.5,0,277,277,76561199134961050
1574270,118615122,"A light-hearted and humorous tale of romance and horror. The amalgam between this dichotomy is performed wonderfully and provides a great deal of enjoyment. The characters are all distinct and superbly voice acted, the challenge will be not falling madly in love with them.

Eldritch terror has never been so alluring.

7/10",True,1657521081,0,0,0.5,0,260,260,76561198025398275
1574270,121305543,Its cute! Pretty women too! Although I think 10 bucks might be a slight bit much. If you ask me around...maybe 7 is a more reasonable price but I still had a lot of fun! I say 100% give this game a shot if you have the time!,True,1661585009,1,0,0.523809552192687988,1,268,268,76561198169442841
1574270,120106236,"Sucker for love is almost everything you'd want in an eldritch dating simulator; 
I first played through the first chapter on the Dread X Collection 2 in 2020 and was delighted to see that it was becoming a fully realised game.
it was a genuine joy to play through multiple chapters of this, its cute and cheery while having those fun Lovecraftian elements and overall has fun with its concept.",True,1659706206,0,0,0.5,0,259,259,76561198095257483
1574270,122849168,The perfect blend of Lovecraftian Horror and a dating sim.,True,1664163210,0,0,0.5,0,265,265,76561199065156890
1574270,183229514,"Do you think HP Lovecraft would date cthulhu? So a long time ago me and my best friend found a cthulhu dating sim in the past and went on that adventure. It was sure was something else... He than found this gem of a game for us to adventure through and let me tell you , its alot better than that 1st one. Sexy play boy actor kinda is lonely and a cultist. He must summon Chuthlu for he is calling you. However when he finds out He is a she. He gets the Hots on and will do anything for her. Plunging the world into damnation for some slip and slide action. However as the parody genre is, this is dark and twisted game with no real happy endings. Sure there are 2 other eldrich gods you can date but its hopeless. The game is like Dokki Dokki Lecture Club, but with alot more tentacles. The stories are interesting way to do horror with alot of lore from HP Lovecraft writings in them. The 3rd one even has a FNAF style boss fight that stressful to pull off. I think that main lesson from this game to learn is if a man is horny enough that he can over power the spirit of fear and any monster in his path. Man's lust is worse than any evil gods from space! I think that what the message that HP Lovecraft was trying to tell us... maybe... 7/10",True,1734731202,0,0,0.5,0,269,269,76561198062272116
1574270,112001869,"Exactly what you expect, but better than you can imagine. Would smooch again.",True,1647039704,0,0,0.5,0,262,262,76561198040647191
1574270,210739077,its peak,True,1764126050,0,0,0.5,0,236,236,76561199771773704
1574270,112729078,gonna start asking everyone i know how they pronounce worcestershire,True,1648091910,1,0,0.5,0,221,223,76561198079308740
1574270,113148356,"Fantastic. Great UI, innovative puzzles and game design for a visual novel. Gripping from start to finish.",True,1648785509,1,0,0.5,0,200,294,76561197985136814
1574270,114409739,"Really good game, has its charm with its mix of romance and horror.  A few bugs here and there that kinda dampens the experience, but more ups than down",True,1650819056,0,0,0.5,0,275,275,76561198106186752
1574270,118170710,"Sucker for Love is a short, but delightful dating sim which balances elements of romance, cosmic horror, and comedy masterfully. Let's be clear at the start: This is a cosmic horror dating sim. It warns you at the start that there is blood, self-harm, and a lot of tentacles and they absolutely deliver on those warnings. If you are able to get beyond that, however, Sucker for Love is a delightful game which plays on both the tropes of the Dating Sim/Visual Novel while still having the dread and fear that comes with the Cosmic Horror genre. As if that isn't enough, it's also hilarious. I found the level of horror/gore/etc. to be tasteful, enough to stoke that sense of fear, but not so much that it made me want to stop. This commendable level of restraint also extends to the game being quite chaste, focused instead on the romance and themes of cosmic horror, rather than something more obscene.

If I have any complaints, there are some times where the game can be a little buggy, and you cannot tell if something correctly triggered or not, which was a larger issue when dealing with the challenges in the third chapter. Given how short the game is, and how easy it is to load in a check point, this was not a huge issue for me.",True,1656903511,6,0,0.551392853260040283,0,260,265,76561198015064192
1574270,146570539,very hot,True,1695095359,2,1,0.523809552192687988,0,205,205,76561199022035188
1574270,118013628,"The idea to merge Lovecraftian horror with dating sims is a stroke of genius. At times charming, horrifying and hilarious, this is a fun game to to play through.

Give me a sequel, you cowards",True,1656702760,1,1,0.473233014345169067,0,215,215,76561198086837496
1574270,155676199,"Sucker For Love: First Date is certainly one of the most unique game's I've played; it's not exactly everyday that you attempt to smooch eldritch beings beyond your comprehension all because, quite frankly, the main character is kinda a loser (incredibly relatable really).

Needless to say though, the premise alone makes the game shine in its uniqueness; so coupled with an adorable (yet terrifying when it needs to be) art style and hilarious dialogue, you get a short game experience that's a first date to remember! 

Also, Nyanlathotep is pretty fine; so really it's a 10/10 game for me",True,1704875894,4,0,0.545454561710357666,0,215,217,76561198806604922
1574270,166573826,"10/10 will by agen for 9$ to play these agen like it was new :)
you shold play these it was some good fun and it helped with life ngl :}",True,1717389064,0,0,0.468164771795272827,0,213,218,76561199563981802
1574270,121036626,"Cute, funny, and dark in some wonderful ways, a delight of a game for sure c:",True,1661148016,0,0,0.5,0,232,232,76561198261538638
1574270,127493691,A very cute game with a ton of nerdy Easter eggs,True,1669695574,0,0,0.5,0,198,198,76561198154849669
1574270,116340942,good,True,1654102441,0,0,0.5,0,235,597,76561199267620225
1574270,111430823,I can not understate how impressed I am,True,1646291851,0,0,0.5,0,231,231,76561198308570069
1574270,135997649,I have never laughed harder at a video game,True,1680482914,0,0,0.5,0,234,234,76561198129041116
1574270,119915112,"[h1]A fun experience that'll [i]suck[/i] you right in![/h1]
Things have come a long way from the original in the Dread X Collection 2. More paths, an expanded cast, more things to do, updated visuals for the MC... Everything for a short & sweet VN that'll tickle your funny bone (and your frontal lobe... unless that's Ln'eta's tentacles again). Definitely worth the price.",True,1659406936,0,0,0.5,0,199,199,76561198874259068
1574270,112821909,lust is stronger than fear,True,1648247036,123,37,0.882167279720306396,0,229,674,76561199066810866
1574270,125233853,"destroyed all of reality for the cthussy, 10/10",True,1668057893,1,0,0.509803950786590576,0,231,420,76561198799464753
1574270,184855517,"A dating sim turned eldritch horror, turned dating sim again, always hilarious. Last part is a genuinely challenging horror game.
The end result surpasses the sum of its parts, culminating into a celebration and declaration of mankind's unbreakable spirit and supremacy over the cosmos.
That's right, THE STARS ARE OUR BIRTHRIGHT!",True,1736099003,2,0,0.544197678565979004,0,239,239,76561198042291575
1574270,165105358,"The game is quick to complete and honestly the time played would have been shorter if I hadn't left my computer on for so long. The game is a short, fun horror comedy dating sim. There are horror aspects but, nothing too bad if you can get through a Junji ito story.",True,1715391494,0,0,0.5,0,226,226,76561198834876400
1574270,119616305,This game was truly beautiful in it's absurdity. One of the best times I've had in a long time.,True,1658976970,0,0,0.5,0,251,537,76561198065173213
1574270,209028086,"This game could simultaneously raise HP Lovecraft from the dead AND kill him again.

10/10",True,1762952463,0,1,0.5,0,200,223,76561198076895182
1574270,139975188,Fourth dimmensional gods making me act up,True,1686621645,7,0,0.57095712423324585,0,217,217,76561198385212641
1574270,113659178,"Genuinely the best dating sim game I've ever played. The way the different paths work is amazing, the plot doesn't take itself over-seriously but still tells a compelling story, and the game mechanics are genuinely incredibly fun. It's not often a visual novel style game like this has a gimmick that's so enjoyable. And the way that the concept of eldritch horror is discussed is incredibly interesting! 

I wish there was more of this. I'm very sad that I only had 3 hours worth of story to go through, I'm left wanting more. But that's not to say that the story feels incomplete - far from it. The final (secret?) chapter ends on a note that feels incredibly triumphant, which isn't a theme found in cosmic horror. It was a surprise that left me feeling fantastic. 

I would also like to add that I didn't feel like a total creep playing this. Sure, D is horny as hell, but it doesn't feel like he's assaulting any of the romance interests, on purpose or by accident. This game was fantastic, and I hope to see more things like this in the future.",True,1649626045,0,0,0.5,0,219,342,76561198409153715
1574270,183733000,I'm a sucker for love.,True,1735204085,1,0,0.523809552192687988,0,218,218,76561198057966111
1574270,112647522,"Greetings stranger, fortuned fellow, Tis a part y for which i bellow.
I invite The King In Yellow, so come all ye in Yhtil.
Wear thine masks upon you to my masquerade until....
'HE' may come to lost Yhtil.
Hope for us there may be still.",True,1647961222,0,0,0.5,0,221,221,76561198845692581
1574270,197845486,"This game has both solid Lovecraftian writing as well as fairly good romance writing as well. Each of the girls have distinct personalities and are all cute in their own way. If you are turned off by their looks, their personalities should more than make up for it. 

While the rituals you have to perform are cool at first, they become extremely tedious if you trying to get all the endings, it is also rather disappointing as you never really have the chance to manipulate the rituals for different endings/outcomes. 

The last thing i say is that the game is far to short to be priced at ten dollars. Their are many visual novels with far longer stories with equivalent and higher quality for the same price. I would suggest only buying this during a sale unless you desperately need a new fix for your visual novel addiction.",True,1750565232,1,0,0.5,0,209,209,76561198271899405
1574270,168448621,honestly it's cute and fun and has a nice somewhat retro style,True,1719619258,5,1,0.560906529426574707,0,254,329,76561198968044041
1574270,148402383,I will gladly cut my heart open for my eldritch girlfriends. Worcester being an eldritch loan word made me audibly exhale. Overall funny horror lore accurate dating sim. 10/10,True,1697570819,0,0,0.5,0,272,272,76561198298974063
1574270,144712337,Super cute and funny <3,True,1692621289,0,0,0.5,0,241,269,76561198009175077
1574270,113191228,"I might've ended my reality because of one or two smooches, but hey it was SOOO worth it.",True,1648859424,1,0,0.5,0,266,470,76561198419551326
1574270,112817995,"Honestly an absolutely incredible game. I played it with my friends over discord and the whole thing was just a barrel of laughs; super funny and witty scripting, the art is great, the actual gameplay is so unique and fun - overall just an 11/10 would recommend to anyone as a hilarious game to play with your friends. Or if you're really into anime women and eldritch gods.",True,1648241439,1,0,0.522058844566345215,0,236,236,76561198091720939
1574270,111418762,I personally have never been much of a fan of parodies nor visual novels... Yet for some damned reason I want there to be more of this shite.,True,1646273348,0,0,0.5,0,242,242,76561198279388398
1574270,181305369,Funny and cute,True,1733058494,0,0,0.5,0,261,261,76561198090479665
1574270,176205498,"Amazing,love it.",True,1727856581,0,1,0.5,0,238,247,76561199176095859
1574270,112620867,The Cthussy makes a man go MAD,True,1647909949,0,0,0.5,0,234,308,76561198117935088
1574270,165471678,"A daft dating[spoiler]/cheating[/spoiler] sim with rituals whose existence I enjoy teasing eldritch horror fans with.

Funny with a spoonful of horror and sprinklings of sweetness, Sucker for Love isn't a contender for my favourite visual novel (please play [i]Slay the Princess[/i]), but a nice enough diversion over an evening or two. Kudos to the voice actors for their work.
The main way you interact with the game is by finding the ritual you need for the situation, gathering items and arranging the room as required before performing the incantation with a careful click and drag.

While there was a jumpscare lazy enough to make me roll my eyes, my main criticism is the frequency of typos. It's distracting.

Man too horny to die. I am curious about its sequel: woman too ace to die.",True,1715873067,6,0,0.554054081439971924,0,252,252,76561198049764359
1574270,111200563,Short and sweet.,True,1646005526,1,0,0.5,0,255,255,76561198030959502
1574270,170752094,mmmmmm i heart women good gameeee,True,1721960293,0,0,0.5,0,255,258,76561199029845188
1574270,112997961,Good,True,1648518500,0,0,0.5,0,206,397,76561198260832995
1574270,122476618,"A funny, cute, and spooky game about dating cosmic entities and bringing about the end of realities. Has virtually everything from the free prelude version, while also adding some new features, including 2 new chapters with characters and multiple endings of their own.
Still has amazing humor, awesome art, and a story that is both sweet and dark. Well worth the purchase for the added material in my opinion!",True,1663584014,0,0,0.5,0,276,276,76561198011554130
1574270,119289001,Was way funnier than I've expected. Good job 😂,True,1658533884,0,0,0.5,0,199,199,76561198118968846
1574270,113084050,I smooched the eldritch being,True,1648669064,1,0,0.5,0,235,716,76561198982356687
1574270,112083442,it has hot alien girls. 10/10 i looooooooooooooooove this game sooo much please please please buy it🙏,True,1647141909,0,0,0.5,0,215,223,76561198315151585
1574270,138729104,I'VE ALWAYS SAID LOVECRAFT ACCIDENTALLY CREATED THE PERFECT HENTAI MONSTER,True,1684717768,18,1,0.6699371337890625,0,203,203,76561198128309693
1574270,176891228,"Came for Ln'eta, stayed because of lust",True,1728738031,0,0,0.5,0,241,241,76561198060208350
1574270,125349347,yes,True,1668258041,0,0,0.476190477609634399,0,238,566,76561199182888689
1574270,127356899,It has waifus of questionable quality and dimensions.,True,1669624571,0,0,0.5,0,212,212,76561198815343261
1574270,167117526,I love the sexy slither of a lady's tentacle... Oh baby <3.,True,1718058893,0,0,0.5,0,234,234,76561198042981456
1574270,137864848,yeah i totally beat nyan nyan......... definitely didn't give up after two tries and look up the ending on youtube,True,1683351339,0,3,0.5,0,203,203,76561198067417453
1574270,112382903,"played this with friends (streaming to them) and expected a  horror thanks to the prelude but was disappointed  (until chapter 3 but no spoilers) however the jokes and eventual like for the art style ( and chapter 3) made it worth it 100%
recommended",True,1647564168,0,0,0.5,0,203,203,76561198145168331
1574270,113177395,v                 ghhhhrhthfffgtrfhtr,True,1648837888,0,0,0.5,0,199,320,76561199231561846
1574270,182033078,"I'd known about this game for a long time but had written it off an a particularly odd dating sim... but saw a review for it recently and decided to give it a go. (I mean there's always stream returns right?) And you know what? This game is fun. 

While it is a particularly odd dating sim, it's a lot more than that. That's what it is on the surface, but underneath there's a good dash of lovecraftian style horror mixed in with self aware humour almost poking fun at the whole dating sim aspect that means you just can't take that seriously... but of course you kind of do need to somewhat do so unless you want reality as we know it to fall into the abyss. 

My only real complaint is sometimes the line reads can be very finicky. If you move just slightly too fast across the line it fails which can get a bit frustrating. It'd be nice if the devs lightened off on that a bit.

Anyway, as visual novels go, this one is fun. If you're a fan of the lovecraft mythos I'd give it a look and not be put off by the dating sim category.",True,1733488785,0,0,0.5,0,265,265,76561198232440356
1574270,153392258,Pretty fun,True,1702320584,0,0,0.5,0,275,275,76561199136637986
1574270,149171085,Smooches were worth it,True,1698634522,0,0,0.5,0,253,253,76561198392836380
1574270,111861476,I wanna tap that,True,1646833738,2,0,0.527735352516174316,0,224,225,76561198229981348
1574270,166586790,i meaaan its pretty fun,True,1717414113,0,0,0.476190477609634399,0,212,212,76561199006792100
1574270,205843683,"Hello devs for the next project can you please make Ln'eta real so I can marry her? 
tysm",True,1759572656,11,0,0.635359108448028564,0,219,219,76561198123473341
1574270,113094420,Literally a story about a man too horny to die,True,1648687531,122,44,0.890969336032867432,0,214,305,76561198256226487
1574270,116229736,"I loved this! Sucker for Love is kind of a dark-comedy, horror visual novel pretending to be a dating sim. Although there are sweet moments in this game, once you reach the third chapter you will get sucked into the horror-like game territory. Overall, it was a quick one-and-done game, the creators really focused on the lore of the eldritch terrors (making it pretty interesting), & it surprised me how much I enjoyed this game. :)",True,1653891628,1,0,0.5,0,238,238,76561198369521713
1574270,138159795,"Pure nightmare fuel wrapped in a cutesy anime dating sim wrapper. I'm almost upset that an indie dating sim visual novel is better at interpreting Lovecraftian cosmic horror than most every other AAA video game flaunting ""Cthulhu"" as an influence. As much ""existential terror"" as ""terror of the giant space octopus so horrific that a single glance at its true form can shatter our sanity."" It's not that something beyond our comprehension exists, but that it is so massive, ancient, and incomprehensible that it think of us as much as we think of the ants beneath our feet and delivers excruciating suffering and death as absentmindedly as breathing without an iota of malice.

Reading spells in-game is a hassle, but it's the only real challenge the story offers, so I give it a pass. The frustration of the feature actually plays really well into the end-game. And it's all balanced by a healthy sense of humor.",True,1683846111,6,0,0.535353541374206543,0,270,358,76561198060623109
1574270,116072442,this game is so good i love it,True,1653628235,0,0,0.5,0,255,255,76561198845761660
1574270,121133751,"[i]“The oldest and strongest emotion of mankind is fear, and the oldest and strongest kind of fear is fear of the unknown.”[/i]
[b]― H.P. Lovecraft[/b]

H.P. Lovecraft once said that fear of the unknown is the strongest fear of mankind, but what if you want to grab that unknown by the shoulders and plant a wet, sloppy smooch all over it's face? Well, this game basically tells you what happens. The game is literally what you would expect from it. You do dark rituals to summon eldritch horrors, you date them and try to win their smooches all for yourself. 

The writing in Sucker for Love is charming and funny throughout, but you still feel the pangs of fear once things start to go sideways. I think this is due to the time pressure from few of the scenes plus the more intense time pressure of the secret route, which is something you don't see in VNs that often. The gameplay involves talking to and performing rituals for your lovely lady horrors. The theme for these rituals change for each girl, as such it keeps the main mechanics of the game fresh even though you're still doing pretty much the same things. 

If you look past the thirsty meme reviews talking about how they want to bang that Cthussy and leave your expectations of cringe behind you, this game will un-ironically be amazing. The game parodies on dating sim games, human nature and Lovecraftian elements while also somehow doing all of them justice very well. The humour is also very funny and had me laughing out loud multiple times. 

And with the words of the protagonist: ""3D women are fine, but fourth dimensional girls with non-euclidean geometry are smokin' hot! They've got curves I can literally get lost in."" I leave you to choose for yourself: Are you ready to smooch those Lovecraftian Horrors? The answer is yes. obviously.

and Aunty Nyan Nyan can step on me any day.",True,1661290361,63,10,0.818474113941192627,0,199,199,76561198239922912
1574270,139755442,"i came in expecting nothing and got an actual really good game. chapter 3's true ending is actually really fun and really difficult



ESTIR >>>>>>>>>>>>>>>>>>>>>>>>>>>>>>>>>>>>>>>>>>>>>>>>>>>>>>",True,1686260922,2,1,0.540069699287414551,0,215,215,76561198281721465
1574270,204456329,fuck chapter 3,True,1757999222,0,0,0.5,0,271,271,76561199175648580
1574270,121634611,Too horny to be scared,True,1662141996,61,13,0.823015749454498291,0,269,269,76561198177797777
1574270,140687142,"I'm sure this is what H.P. Lovecraft intended to happen someday.

Estir Best Girl",True,1687715389,1,0,0.5,0,238,238,76561198043900438
1574270,112306604,"The Cthussy got me feeling some Non-Euclidean way...

All jokes aside, I love this game. The first chapter with L'neta is a beautiful introduction to the game mechanics that preps you for Chapter 2 and 3. It's the first time I've played a game that has these mechanics, with the books and the rituals and such, and I've loved it. I did find frustration with how slowly I had to drag the mouse to recite the incantations, and it shot me in the foot on occasions where there was a time constraint, however that didn't stop me from liking this game.

The art is beautiful. The sprites for L'neta and Estir are great, very expressive and just down right adorable. I'd maybe like more variety for the Cat MILF in a future update, since the only thing that changes on her sprite was the eye. However I will give props to the developers in that they were able to show a range of emotions with just an eye. Great job y'all!

10/10 would love to have my reality erased by the Cthussy so I could play this all over again.",True,1647460433,1,1,0.516129076480865479,0,232,283,76561199093498738
1574270,111288640,As someone who study's Lovecraftian Myth a lot I was so happy to see this game. I'm glad you took inspiration off of more then just Cthulhu and made them into your own characters. 9/10 can't wait for the sequel.,True,1646118545,1,0,0.5,0,214,305,76561198362248785
1574270,165568747,"Despite encountering some crashing and freezing issues, I had an absolute blast playing ""Sucker for Love: First Date""! The unique blend of Lovecraftian horror and dating sim elements is brilliantly executed, making for an experience that’s both thrilling and hilariously charming.

The game's art style is vibrant and captivating, perfectly complementing the quirky, offbeat storyline. Each character is wonderfully designed, with distinct personalities that make every interaction memorable. The voice acting and dialogue add a lot of flavor, making it easy to get engrossed in this bizarre yet delightful world.

Even though I faced some technical hiccups, they didn’t detract from the overall enjoyment. The developers seem committed to improving the game, and I’m confident these issues will be ironed out soon. The game's charm and creativity shine through, making it easy to forgive a few bugs here and there.

If you’re looking for a dating sim that’s refreshingly different and aren’t afraid of a few eldritch horrors, ""Sucker for Love: First Date"" is definitely worth your time. I wholeheartedly recommend it to anyone seeking a fun, unique gaming experience!",True,1715998156,0,0,0.5,1,276,276,76561198441761091
1574270,114993591,"I wanted to write a more comprehensive review than those I've seen promoted on this page, as those are your usual one-line memes.

Slight gameplay spoilers, obviously. Don't read if you want to go in blind, but I personally wanted a bit of an explanation of what the game was like before I bought it.

So, this is really quite a clever little dating sim, which has you enacting rituals to smooch the various cosmic horrors. The gameplay is your typical VN fare, shifting items in and out of your inventory and progressing through dialogue, but you also have a grimoire that has you read incantations to progress along the routes, which is a nice touch and I really like how you have to slowly drag your mouse across each incantation for you to cast it, you can't go too fast or else it doesn't work. There's only one location, the apartment itself, and the items don't really change between routes. You're also told what you're missing if you cast an incantation without everything set up properly, which is very helpful and appreciated.

The writing is very fun and lovingly parodies both dating sims and cosmic horror. There's some surprisingly tender moments, mostly with Ln'eta (the Cthulhu-girl). The art is fantastic, too, very 90s anime, which is one of my personal favorite styles.

The third act is a twist on the formula of the first two acts, and is very fun and engaging. I love how it played out, but I won't spoil that here.

I think my only critique is I kept running into glitches and little bugs. Moving to different routes to get all the endings was a bit wonky, as some flags and triggers didn't match up quite right, and there's one instance where I flat out couldn't select a particular bookmark, despite having it unlocked. I also had a bookmark unlocked that I technically shouldn't have at that point in the game. There's some weirdness in selecting items covered by other ones, and you can't switch routes if you have your grimoire up. These can all be ironed out, though, and didn't detract from my experience.

One other thing I wanted to mention: there's an instance of (implied) animal abuse in Act 1. I don't recall that being listed in the trigger warnings at the beginning of the game, but worthy of note nonetheless.

All in all, I quite liked this despite an initial negative reaction upon first seeing it, and am definitely interested in seeing the sequels!

(Estir best girl obv)",True,1651766719,0,0,0.5,0,270,270,76561197972860079
1574270,148194158,I wish i could marry Ln'eta.,True,1697281487,21,6,0.6658439040184021,0,249,249,76561199087922359
1574270,168608807,"I only like non euclidean eldritch deity women with impossible fourth dimensional geometry now, I am forever changed.",True,1719759367,12,3,0.653930544853210449,0,233,289,76561199023053244
1574270,113309617,"I played the game when the prototype was first showcased on the Dread Ex collection 2 and I definitely enjoyed it then. It was funny, it had an odd, intriguing concept and it was charming. When I played it then, I liked it, but I was unsure how it could be a full game and I didn't even follow its development to see if it was being made into a full game.
       Then the full game came out and couldn't help but buy it to see how it had turned out. I was once again filled with all the laughs, charm, and intrigue of before and I had to eat my own words because this is a wonderful, multiple hour long, full game. It took everything it had in the Dread Ex collection, then improved and fleshed-out everything.
        [b] For the New Players, [/b] Sucker for love is a visual novel style, semi-horror game with a great sense of humor. It plays on a lot of tropes of the Lovecraftian genre and does it well. It had a couple good scares in it, but most of the time I was too preoccupied with the game, story, and laughs to be afraid. It has a couple hours of game, (roughly 3-6 hours) depending on if you are bad at the game like me, and if you decide to get all the endings and explore its secrets.
                                      [b] Definitely worth the 10$, Id have happily payed 15-20$ [/b]
        Chapter 3 of the game is actually what inspired me to write this review because it incorporates all aspects of humor, horror, and gameplay so seemlessly well. I thought it was a pretty good game before but after  chapter 3, I thought it was a great game. 
        [b] The only gripes I have with it are some bugs and lack of polish. It is still completely playable and enjoyable but there are a couple quality of life changes and bug fixes that could definitely help. It has trouble with my ridiculously big monitor resolution, it can be a little annoying trying to comb all the secrets out of it, and It has very noticable lack of settings [/b]",True,1649034788,2,0,0.5,0,271,271,76561198064586501
1574270,163477546,"Worcestershire Sauce Recipe:

Ingredients:
1⁄2 cup apple cider vinegar
2 tablespoons low sodium soy sauce
2 tablespoons water
1 tablespoon brown sugar
1⁄4 teaspoon ground ginger
1⁄4 teaspoon mustard powder
1⁄4 teaspoon onion powder
1⁄4 teaspoon garlic powder
1⁄8 teaspoon cinnamon
1⁄8 teaspoon black pepper
and a lot of love!

Preparation:
Step 1: Place all ingredients in a medium saucepan and stir thoroughly. Bring to a boil, stirring constantly. Simmer 1 minute. Cool.
Step 2: Store in the refrigerator.
Enjoy!",True,1713925312,110,29,0.803918659687042236,0,271,271,76561198072536834
1574270,136265825,"Breaking news:
Man literally too horny to die",True,1680867482,31,19,0.747347533702850342,0,219,401,76561198302614902
1574270,117711959,:),True,1656321413,1,0,0.49643707275390625,0,199,199,76561198884757226
1574270,112679805,Missy is hot,True,1648014385,1,0,0.523809552192687988,0,274,274,76561198106187104
1574270,112614272,10/10 would date Auntie Nyan Nyan again,True,1647898509,0,0,0.5,0,218,218,76561197987382520
1574270,118499418,"Sucker for Love: First Date has a lot of bugs in its event flags and a fair share of typos, but it actually doesn't matter to me whatsoever, because it's still one of the best games I've ever played.  Its self-awareness is sharp as a tack and will constantly surprise and delight you.

The final ending was just so on-point and unforgettable.  Don't miss out!",True,1657356124,0,0,0.476190477609634399,0,217,291,76561198043346855
1574270,120271255,"I got it on a whim and completed it in one sitting. I loved it so much, and I am in desperate need of a sequel.",True,1659957003,2,0,0.534719765186309814,0,242,242,76561198197592194
1574270,146562533,That cthulhussy bout to make me act unwise,True,1695081733,1,5,0.490566015243530273,0,252,252,76561198403982407
1574270,139970352,squid,True,1686612049,0,2,0.5,0,230,239,76561198139439117
1574270,121041868,These cosmic entities are very cute even though they want to bring end to all humanity but I got to get them smooches. :*,True,1661159395,0,0,0.5,0,260,260,76561198117625517
1574270,115085904,Actually really fun. Enjoyed last level,True,1651919992,1,0,0.5,0,219,219,76561198121452179
1574270,209090390,The game is fast paced and offers many secrets as well as endings. I would say for how fast you can play the game the price is a bit steep but overall I would recommend everyone to play this.,True,1763007196,0,0,0.5,0,213,358,76561198780111515
1574270,152624484,Ln'eta <3,True,1701402167,0,0,0.5,0,244,244,76561198035691182
1574270,131580825,"its a really fun and quick game for people who got a thing for powerful women. i fully enjoyed this game, got every ending, and then shared with friends. its got a very small horror aspect to it, and an amazing romance. 10/10. cant wait for the next game!!!",True,1674730871,4,0,0.547757804393768311,0,232,232,76561199040711640
1574270,196490515,Lovecraft would be proud,True,1749160397,18,3,0.654675960540771484,0,258,258,76561198017138999
1574270,125848254,"Yandere octopus goth girl ?
Crazy Tsundere princes ?
Dommy Mommy Tall Cat Auntie ?
Where I can sign ?",True,1668985609,29,8,0.747616112232208252,1,248,248,76561198209953287
1574270,127075022,Short and cute little game with some cute horrors beyond my understanding. Its about three hours worth of game play and is closer to a point and click adventure game than anything else,True,1669486043,2,0,0.519999980926513672,0,243,243,76561198210187056
1574270,112623602,im still sad about ln'eta dumping me it was a sad moment,True,1647914861,0,0,0.5,0,251,251,76561199122186696
1574270,113148543,I very much love the incorporation of ritual mechanics into the game. The boss fight at the end is especially well done and I would support expanded content or a sequel. I think the creator should try to make an point and click investigation game with the mechanics.,True,1648786014,1,0,0.5,0,252,252,76561198061050410
1574270,151653705,"A stylistic horror dating sim that immediately caught my attention due to its classic anime aesthetic and eldritch waifus. I enjoyed this game and recommend it to anyone who's interested in artistic games, body horror, and H.P. Lovecraft. Truly a game like no other.

There are three chapters in the game, each featuring a unique love interest. The chapters themselves are fairly short yet you'll find yourself replaying them to view different routes and consequences. While there is plenty of dialogue, there is also point-and-click mechanics as you engage in rituals with specific instructions the player must follow to complete them successfully.

Do not expect lewd content. There is none to be found.",True,1700850080,2,0,0.5,0,229,229,76561198036908650
1574270,168622292,This game is an amazing story based interactive game that has amazing details and graphics. I would recommend you play this game not only for the great looks but also the depth of each character.,True,1719769119,5,1,0.560906529426574707,1,231,423,76561199213087393
1574270,151475661,"I've had this as a WishList item for a long time and a buddy gifted it to me recently.

This is the first time, I've actually enjoyed a visual novel.  The characters are adorably cute and the artwork is amazing.
The voice acting on the girls is great and seeing their reactions and expressions is spot on. 

The gameplay is typical visual novel story telling. 
But it has you interacting with elements for ritual spells and summonings. Which are detailed in books, which you receive for each chapter.
Each one has a simple puzzle to it, as well as a comical and yet very gruesome effect.

Overall there are 3 chapters. Two main ones and 1 unlocked from hidden prompts.
Each Chapter has a different ending, which gives a bit more variety. I wish there was more to do in the stories and more chapters.
Sadly, the only down side to S4L is that each chapter is to short.
But beyond that, the game is entertaining and adorably silly.

The secret chapter is by far the most engaging with the book spells. They play as a puzzle where you solve it to survive in a time limit. Which took a while too figure out.

OVERALL
+++++ Art
+++++ Voice Acting
++++ Sound Effects
+++++ Characters
++++ Story
- - -  Not enough Chapters
- - Short stories in each chapter",True,1700800584,2,0,0.5,0,210,433,76561197998364699
1574270,145355024,"Not going to lie, I bought this game as a joke and I wasn't expecting much and here I am... I just made it 100% and man this game is amazing in every way from the concept, gameplay, writing, everything is great done and had a LOT of fun. It was worth every penny and I HIGHLY recommend it. Like, for real.

If there was cards and achievements this would be 10/10",True,1693446027,1,0,0.523809552192687988,0,236,341,76561198848961937
1574270,111648004,"This game is a visual novel masterpieces of cosmic, godly standard. Much like all of us, the game doesn't last very long, but every second with this cast is utterly EUPHORIC. The 4th dimensional curves and cuteness of the females cannot be understated and must be cherished and worshiped for generations. Also possessing the single biggest chad in fiction or reality in Darling/Dearest/Dog. Flaunting both his single minded goals and ideals as well as proving the sheer undefeatable power of the erection. His philosophy puts the nier series to shame with its genuine masterful depth. The comedy hits harder than the anything the gods could even dream to do to this absolute giga chad or the feeble reality with which he resides in, and the beauty and unique appearences are always clear in the models and illustrations. Also Ly'neta best girl and I would sacrifice ever single one of you for a smooch from her. Or any of them. Even Darling/Dearest/Dog stole my heart and soul. Purchase this masterpiece before I land my hands on a book and you all bear witness to the catoclism I will bring down upon you for but a single smooch.",True,1646539241,2,0,0.523809552192687988,0,217,275,76561199074129062
1574270,133357554,I thought this was just some cute goofy dating sim but Jesus Christ I got jump scared then when I got to chapter 3 I peed a little.,True,1677070779,3,2,0.561752974987030029,0,255,315,76561198315727870
1574270,184410656,"This game is a fantastic masterpiece of a game and I literally, for the life of me, can get it out of my head. The character design, the voice-overs, the overall design of the game is great. Not to mention the whole ritual thing is a good touch. (Ln'eta best girl)",True,1735722084,1,0,0.523809552192687988,0,231,23070,76561199260963236
1574270,204920407,litteral peak no questions asked,True,1758508989,0,0,0.5,0,215,215,76561199876377677
1574270,125737575,"10/10, would do auntie nyan nyan again <3",True,1668845446,0,2,0.5,0,208,208,76561198147012275
1574270,126028603,A great gift for someone who needs some sweet loving from the unknown.,True,1669149096,0,0,0.5,0,219,219,76561198063898191
1574270,126097753,"Cute, small, game that i enjoyed. Can be tricky too.",True,1669159856,8,0,0.594095945358276367,0,227,227,76561197983835781
1574270,116945630,I regret nothing.,True,1655160221,16,4,0.5987129807472229,0,206,206,76561198118019357
1574270,203069364,"I came looking for cosmic horrors, funny enough, I was the only cosmic whore around.",True,1756411874,2,1,0.541960239410400391,1,227,227,76561198838229270
1574270,207153563,"A really fun short game, though it's a shame it's so buggy. Screen suddenly blinks rapidly or goes blank, had to close the window and open it again. Otherwise, it's very fun, I enjoyed every minute of it.",True,1760946721,1,0,0.523809552192687988,0,206,206,76561198274052814
1574270,117529470,"⡴⠑⡄⠀⠀⠀⠀⠀⠀⠀ ⣀⣀⣤⣤⣤⣀⡀
⠸⡇⠀⠿⡀⠀⠀⠀⣀⡴⢿⣿⣿⣿⣿⣿⣿⣿⣷⣦⡀
⠀⠀⠀⠀⠑⢄⣠⠾⠁⣀⣄⡈⠙⣿⣿⣿⣿⣿⣿⣿⣿⣆
⠀⠀⠀⠀⢀⡀⠁⠀⠀⠈⠙⠛⠂⠈⣿⣿⣿⣿⣿⠿⡿⢿⣆
⠀⠀⠀⢀⡾⣁⣀⠀⠴⠂⠙⣗⡀⠀⢻⣿⣿⠭⢤⣴⣦⣤⣹⠀⠀⠀⢀⢴⣶⣆
⠀⠀⢀⣾⣿⣿⣿⣷⣮⣽⣾⣿⣥⣴⣿⣿⡿⢂⠔⢚⡿⢿⣿⣦⣴⣾⠸⣼⡿
⠀⢀⡞⠁⠙⠻⠿⠟⠉⠀⠛⢹⣿⣿⣿⣿⣿⣌⢤⣼⣿⣾⣿⡟⠉
⠀⣾⣷⣶⠇⠀⠀⣤⣄⣀⡀⠈⠻⣿⣿⣿⣿⣿⣿⣿⣿⣿⣿⡇
⠀⠉⠈⠉⠀⠀⢦⡈⢻⣿⣿⣿⣶⣶⣶⣶⣤⣽⡹⣿⣿⣿⣿⡇
⠀⠀⠀⠀⠀⠀⠀⠉⠲⣽⡻⢿⣿⣿⣿⣿⣿⣿⣷⣜⣿⣿⣿⡇
⠀⠀ ⠀⠀⠀⠀⠀⢸⣿⣿⣷⣶⣮⣭⣽⣿⣿⣿⣿⣿⣿⣿⠇
⠀⠀⠀⠀⠀⠀⣀⣀⣈⣿⣿⣿⣿⣿⣿⣿⣿⣿⣿⣿⣿⣿⠇
⠀⠀⠀⠀⠀⠀⢿⣿⣿⣿⣿⣿⣿⣿⣿⣿⣿⣿⣿⣿⣿⠃ Smooch obtained",True,1656094323,39,12,0.756347060203552246,0,206,207,76561198166308191
1574270,175781601,"Fantastic and funny VN. Multiple endings and simple but thought provoking puzzles and challenges. Despite the comedy of the game it still has great horror elements and the writier clearly has a strong grasp on the themes of Lovecraft. I don't recommend the sequel, Date to die for though. That one sucks",True,1727312541,0,0,0.5,0,226,226,76561199003937924
1574270,115357362,"certainly one of the games i've played

besides being a thing that exists, the gameplay is really interesting, i would summon e̞l̜̙͇͙̗d͍̲͓r̸̗̪͖i̻̜t͚́c͎h҉̼̳̠ ̙͍̞͖̪͢ͅb͔̩̭̥e҉̘͙̜̰̬͓iṇg͔̗̳͕̞s҉̷̛̣̦̙͇̜͍̩͘ a͖͚̖̤͚͜g͏̴̢̻̗̜̤̺̖a҉̮͍̀i̡̲̞̦͉̠̥͟ͅn̴͓̘͍̮͓̥͎̯̞.̢̝̱̤͉̠̹̯͕̕͝

T̢̲̮̰͉͘h͈͎̺̣̻̘̰̤̟̝̜̠͇̦͉̫̖̙́͡è̸̞̭̥̗̤̘͉̘̘͉̺̀͠ͅ ̶̸̹̙͉̖̠̘̲͎̩̜̗̦̦̰̠̱̬͡ͅį̶̵̛̙̱͈͍͖̻̳̜̗͎̩̻d̢͘͏͉̣̝̖̝̲̗̦͍̺̘̙̬͝ę̶̷̦͇͇͕̱͢á̸̛̯̳̠͍̪̦͕ ̵̨̫̩͍̤̩̘̩̖̝͟o̴̴̢͇͎̱͔̥̤̘̹̬͈̜͈̻̫͓̱̖͜f̟̪̲̫͕͕͘͜͡ ͡҉̛͍̣͕͓̪̩̻o̕͏̦̰̥͍̹̟͎͍̼̬͕͎͔͜͟c̡̡̞̟̰̟̳͓͚̲͚̬͉̝̜̝͈͙̗͞͠͡ͅc̸̭͕̠̱̞̻̠͓̕u̢̩͇̣̦͇̗̜͠͡͡l̴͖̟̟̹̭̤̟̯͇͉͕̱̟̙͜ͅͅt̷̖͈̰̠̖̦͝͞͡ ͇̗͉̺͟͞r̶͓̮͓̗͙͎͎̠͓̗̠̘̺̪͕i͈̺̦̗̙̣̯͎̟͙͓͚̟̬̠̞̞̕͝͡t̵̥̩͎̣̹́͜͜͞u̶̥̮͓̦̯̘͟a̡͙̣͕͙̰̪͓̦̪̳̠̘̪͢l̵̡̛̲̟̥̩̟̥͖̥͘͝s̛͞͞҉͙͓̞̟͕͕̖̩̥̀ͅ ̴̶̷̛̘̙͈̙̖̜̥̘̼̫̘͘i̕͏̥͙͍͍͉̻̙̩̠̼̖̭̬̼̼̳͚̪̬s̵̞̤̞̰͍͈̳̮̀ ̸̴͇̱̬̬̟͙à̵̧̯̰̻̪͔͎͎̣͓͖̙͚̳͖̙̱͇̕͡ ̶͇̤̮̣͞͡ͅr̴̡͡҉̪͚̖̙͕͈̰̲͔̮͔̹̖̺̗̼e̛̹͖̯̪̥͕̖̣̘͍̝̰a̷̸̢̠̙̭̝̫̞͠l͞҉̤̗̤̱͔̬̠͔͉̪ͅͅl̷͙͇̬̱̯͓̭̳̖͓͙͡y̵͙͉̹͙̤̭̮͉̭̹̬̪̼ͅ ̫̺̦̝̳̕͞į̴̜̱̯̙̥̲͓͡ͅn͞͏̗̪̩͖̺̟̰̩̠̀͞͠ţ̵̛̦̲͙̰͖͜ͅe̶͙̺͉̗̹͇̩̝̱͚̻͚̻̕r̛̤̠̣e͙̻̝̱̘̜̭̖̞̹̫̥͞͠s̷̕͠͏̘̝̪̬̱͎͓̻̤̼̮̹̹̩t̴͏̵̱̟̺̘̝̫̣̞͖i͏̴̛̠̜̳͔̻͖͖͈͈̳̲̩̫̪͉̣̘͢͡n̷̪̜͓̞͚͖̝̺̱͕̲͈̖͚̞̪̮͈͝g̛̀͜҉̦̼̹̤͔̹̹͈̻͕͚̣̘̯̦̱̲ͅ ̴̸̸̼͓͕̗̪̞̬͙̹̖̀́g̺͍̟̦̳͚̕͝ͅa̲̙͖̯̯̥͔͜͞m̢͞҉̰͕͈͉̲̟̘͇̳͕̠͈͖͕͙ͅͅe̜̪̝̜̕̕͘͠ ̡͏҉҉̠̺̪̯͘c̶̸̺̞͓̦̺̠̥͈̰̞̳̤̣̳͈̤̰o̜̻̫̤̝̲̠̻̤̳͇̻͕̮͎͚͢ń̢̟̞̟̦͙̝̟͍̗͙͘͝ͅc̸͟͢͡͏̗̼͉̝̹̰͇̥͙̞e҉̸̷̹̺͙͕̳̣̝̩̜̰͈͚͓̠̭͎̥͎̭͞p̷̵̶̨̰̜̦̦̗͇̱̥̪͎̯͚͡ͅt̷̪̲͍̻̟̦",True,1652382694,2,5,0.519999980926513672,0,221,273,76561198180497882
1574270,111100155,absolutely adorable. fun writing not difficult to get your head around mechanics. voice acting gave the characters life and made it all more enjoyable. 10/10 short and sweet.,True,1645903494,1,0,0.519999980926513672,0,238,238,76561198192115997
1574270,139707100,"""Local man too LUSTful to die. Sacrifices body and soul to [spoiler]SMOOCH[/spoiler] cosmic horrors.""",True,1686173013,8,3,0.616124510765075684,0,277,277,76561198132805450
1574270,111710583,"I was very on the edge at first but honestly, after 4 hours and 100% got to say, best $10 I've spent in some time. Good job devs. Ln'eta is bae. Gud Gaem. still gud",True,1646608208,0,0,0.5,0,246,247,76561198272077637
1574270,175860903,"This is not horror - per se.
This is not comedy - per se.
This is not hentai - per se.

It is all of these things.
It is none of these things.

It is pretty darn good is what it is. Give it a whirl, won't you?",True,1727423936,2,0,0.544072985649108887,0,218,218,76561198037644210
1574270,126069497,I love this game soooo much!!!!!,True,1669154884,0,0,0.5,0,237,1599,76561198996686597
1574270,115221467,"big titty cat milf goddess. 

10/10 would recommend",True,1652126881,26,4,0.647907018661499023,0,278,397,76561198830289772
1574270,112500562,great short game,True,1647727954,1,0,0.5,0,256,256,76561198139805517
1574270,161822147,i can not comprehend how much i love Lynetta,True,1711822376,18,0,0.654899001121520996,0,278,278,76561198881267231
1574270,198553849,Goated game loved all the characters,True,1751291641,1,0,0.523809552192687988,0,217,217,76561199210674292
1574270,114298656,I kissed a god several times,True,1650661722,0,0,0.5,0,253,381,76561199079957728
1574270,163546166,rAd,True,1714032484,0,0,0.5,0,271,271,76561198328590447
1574270,130160351,l'neta best girl,True,1672890929,0,0,0.476190477609634399,0,220,220,76561198075323137
1574270,154770132,good game id smash all,True,1703906554,0,0,0.5,0,255,344,76561199386076017
1574270,177422489,worth it,True,1729449070,0,0,0.5,1,203,203,76561199478046200
1574270,160115571,too cute!,True,1709916614,0,0,0.5,0,255,263,76561199147815025
1574270,188718797,I have a GF and i Still think this is a PEAK game,True,1740481842,2,1,0.532388687133789062,0,200,200,76561198177239865
1574270,129574260,A surprisingly good game tbh. Made me doo doo with love and fear simultaneously. A solid 8/10 :),True,1672287820,3,0,0.522178232669830322,0,234,267,76561199108125611
1574270,165818339,I had a fun time smooching eldritch gods,True,1716327648,1,0,0.523809552192687988,0,249,370,76561199568835611
1574270,191828447,comprem,True,1743626027,0,0,0.481682509183883667,0,210,210,76561198821521519
1574270,174859153,Zero regrets,True,1726230306,1,0,0.521276593208312988,0,276,276,76561198063012566
1574270,150462343,"It's short and funny. Art, music and voice acting are great. But the reading mechanic gets annoying real fast and chapter 3 can be tedious. Would be nice to have more settings like text speed too, right now when you click the text instantly appears but it also cuts off the voice line.
I'd recommend getting it on sale if you want something light to entertain you for a bit.",True,1700438728,2,0,0.5,0,241,241,76561198024101087
1574270,119161157,"Bro, this isn`t just a game, it`s a piece of gold faceted by angels! It`s impecable with story, girls, OSTs, the game is funny, and also tense sometimes. I recommend this game to everybody!",True,1658352765,1,0,0.5,0,211,518,76561198291350652
1574270,132881451,"I brought the end of all existence in my reality but it didnt matter, ive been smooched by eldritch goddesses and i’ll do it again in every reality i end up waking up into because some eldritch god is still dreaming of me 🤟",True,1676446345,0,1,0.5,0,258,258,76561198043981194
1574270,120736276,I would kill for Ln'eta. Also there's a kitty mommy I cannot pronounce the name of [b]BUY THE GAME[/b],True,1660666873,2,2,0.525098085403442383,0,238,238,76561198882042545
1574270,111216307,I loved everything about this game so much and it was definitely worth every penny I spent on it. My only complaint is I wish Darling was gender neutral or you could pick your gender because it would have been more immersive for me but that wasn’t enough to ruin my time playing it. 10/10 would recommend,True,1646025507,1,0,0.525862038135528564,0,238,238,76561199043450191
1574270,168667681,"damn hated the king in yellow, the cat was hot but them tentacles were somethin else...",True,1719814114,5,3,0.545454561710357666,0,274,274,76561199040097839
1574270,168009171,All my homies love Ln'eta. All my homies reject the Golden King. We staying loyal to mind flayers in this household.,True,1719150827,22,8,0.692101061344146729,0,220,220,76561198094240474
1574270,111628626,Fun game!,True,1646515601,0,0,0.5,0,215,219,76561199041929273
1574270,127291696,"Pros:
Great dating sim!
Cons:
my friends and family see I played this game",True,1669582577,1,0,0.5,0,199,236,76561198159906530
1574270,111414807,"I came in a horny boi...

I left as a satisfied horny man! 10/10 PLAY IT NOW OR ELSE!!

Dream on~",True,1646267782,2,0,0.530385851860046387,0,230,230,76561198260992228
1574270,187195376,would,True,1738727279,1,1,0.523809552192687988,0,274,274,76561198801053653
1574270,134311441,"I would recommend this for people that like comedy but dont mind a ton of gore (blood and stuff), overall good game and WHY IS MOMMY NYAN NYAN SO DAM THICKKKKKKKKK",True,1678302683,0,0,0.5,1,231,231,76561198841650438
1574270,112622424,Great game get that chthussy,True,1647912754,0,0,0.5,0,232,275,76561198127104460
1574270,138026868,"[i]«The oldest and strangest emotion of mankind is [b]horny[/b], and the oldest and strangest kind of [b]horny[/b] is... [spoiler][b]horny for the unknown[/b][/spoiler]»[/i]",True,1683596320,0,3,0.5,0,273,311,76561198274604762
1574270,205519614,3D women are overrated I want 4th dimensional cosmic entities that could kill me by simply breathing,True,1759206592,33,5,0.78442913293838501,0,234,234,76561198152584982
1574270,148200314,"Good game, I love eldritch women who love me",True,1697288661,2,1,0.504792332649230957,1,213,424,76561199474422634
1574270,143046839,Love dating,True,1690668818,0,1,0.476190477609634399,0,230,230,76561199238313329
1574270,112755396,"Pros:
+ Boobs.
+ Ln'eta is a cutie who must be protected at all costs.
+ Feeding cream puffs to a tsundere planet light being has never been a dream of mine before, it is now.
+ Eldritch cat MILF lady. Nuff said.

Cons:
- I'm now addicted and craving for more eldritch beauties to date.

Final Thoughts:
Pls make a sequel :(",True,1648139536,2,2,0.523809552192687988,0,253,253,76561198067506170
1574270,120467495,I love me some dummy thicc old gods. Its a short fun little horror party.,True,1660258950,0,0,0.5,0,202,202,76561198059785687
1574270,141096256,gud game,True,1688263278,1,0,0.5,0,278,345,76561199149539067
1574270,163586026,My taste in women? Will never be the same again...,True,1714082874,57,18,0.807995915412902832,0,261,261,76561198204451167
1574270,123490007,Auntie Nyan Nyan,True,1665157166,0,0,0.5,0,215,215,76561198095895758
1574270,188071332,"Story: I wasn't expecting this game to have such a story. I thought it was going to be a simple dating sim that would be funny because of how bizarre it was, but I was surprised. I really like the story in this and how the characters remember past timelines. It's really cool and I loved it.

Graphics: The graphics in this game are good, but the character designs are what shines. Cthulhu looks a bit weird, but I love her. The King in Yellow looks incredible, but nothing beats Nyanlarthotep, she's simply incredible and I'd allow her to take me away.

Sound effects: The sound effects are good, especially in Nyan's trial. Although nothing mind breaking, it's good.

Music: The music is pretty calming, but can quickly switch to something more sinister and full of tension when needed. It's pretty good.

Gameplay: The gameplay is that of a dating sim, but even then it's quite nice to play. Having to perform the rituals is pretty cool, sometimes having to say the lines can get a bit annoying cause of timing, but it's still good. Nyan's trial is specially incredible and I loved it. I just wish the fake monsters were actually real, cause they seem cool. Although it's pretty good as it is. Loved it.",True,1739734521,0,0,0.5,0,247,247,76561198962302053
1574270,112274608,"A friend bought this for me, for me to stream. I expected it to be a silly novelty game filled with nothing but Lovecraft memes. Instead what I got was a genuinely hilarious, at times honestly spooky, and very fun romp, with fantastic VA, and writing that shows a clear and present love for the source material it's parodying. 

It's absolute gold.",True,1647408897,2,0,0.536516845226287842,0,254,254,76561198001925351
1574270,136489216,Great Game,True,1681156625,0,0,0.5,0,278,278,76561198035605365
1574270,119426984,"10/10
Would loose my sanity again",True,1658729619,18,9,0.669594109058380127,0,257,257,76561198174921235
1574270,193073085,This is the Cthulhu dating simulator you never knew you needed.,True,1745035921,8,0,0.631574273109436035,0,214,214,76561198236481282
1574270,132043672,"The game may be short, but it is a delightfully silly and wild ride. The writing is great, the voice acting is amazing. The style and gimmick combination is unique and adds that special something that really makes the game stand out. All in all WELL worth the price.",True,1675314169,7,0,0.59583592414855957,0,240,240,76561198231656648
1574270,164129501,"Sucker For Love: First Date is something of an enhanced version of the original Sucker For Love made for the Dread X Collection 2 (which I've also reviewed in the past). Seeing as that was a highlight of that collection, I thought it worthwhile to play the expanded version of that initial game, and wanted to give my two cents on it. So, here we are.

Sucker For Love: First Date plays as something of a point and click visual novel. You sit in the shoes of our protagonist, D (yes, that's his name), a man with a single minded goal: To smooch Eldritch beings. To do this, he gains access to a Necronomicon-esc tome that, while not looking like one, is actually a cult ritual book to summon Ln'eta, a waifu-ifed version of the great Cthulhu! In order to earn the smooch, D must complete various rituals, which the player does by flipping through the book, collecting the required items via a simple point and click interface, and then chant the rituals by dragging the mouse over the appropriate incantations slowly. It's certainly a unique mechanic for a dating sim.

However, the game features a checkpoint system with a flowchart, and multiple different endings, both good and bad. This allows the you to see what would happen if D did something in a ritual wrong, or some other thing that causes him to die or go insane (I mean, we are talking about smooching Lovecraftian beings, so what's a little sanity for the promise of smooches?).

Upon completing a date with Ln'eta, you unlock a second episode of sorts, where you can date Ln'eta again, OR you can choose to go after her eternal rival, Estir, a girl modelled after the King in Yellow themself, Hastur the Unspeakable. If you choose to go down Estir's path, the rituals shift into a recreation of the play ""The King in Yellow,"" inspired by the story of the same name's use of said play, which is one of the primary sources of Hastur's lore. But Estir is offering TWO smooches for finishing it, so heck yeah we gotta do it! It's otherwise the same mechanically as the stuff with Ln'eta. Of course, you CAN try to go for both, but it likely won't end well for you.

However, that's not all. If you manage to fulfil some special conditions in your pursuit of smooches, you can unlock the third episode, featuring Nyanlathotep, a waifu version of the Crawling Chaos, Nyarlathotep. However, in her case, you aren't in it for smooches this time. Instead, ol' Auntie Nyan Nyan (she likes this nickname for some reason) wants you to suffer for trying to consort with her nieces, or just going after the unspeakable horrors for smooches in general. This is a survival gauntlet, where you have to use the book to survive an onslaught of small rituals that, should you fail, will end you. It's a tense final challenge. In the end though, you give the ol'Clawing Chaos something to fear when she sleeps: D and his need for endless Eldritch Smooches!

The game is quite funny, especially if you're a fan of both a massive weeb (which I very much am) and a fan of Lovecraft and associates works within the Cthulhu Mythos. There's tons of little jokes that fans of those things will get more out of than the average player, but I assume if you're interested in this game, you're a Lovecraft loving weeb like me, so you'll probably get a kick out of it. The writing is generally really good, and it's clear Akabaka has more than a basic knowledge of Lovecraftian Horror fiction, since, as previously stated, it has a lot of nods to the lore of the creatures that he waifu-ified.

The game also has solid voice acting all around for the three lovely ladies you meet along the way. There are ONLY 3 voices, as D lacks a voice, but that's usually expected in these types of games. There is technically a voice reciting the unholy forbidden spells you use, but it's just a basic sound effect. The sound design outside of that is pretty basic. It does have a fun little anime ending theme inspired song in it, so that's pretty neat. The art direction is also really solid, capturing both cute and horror really well! I don't really have much to say beyond that in terms of anything beyond the writing though, given how short it is.

It's not without it's issues though. There are a few instances of visual glitches, usually with how the text is displayed. I think there are one or two voice lines that also just may not play, which is a little sad, but it's not a total deal breaker. I didn't come across any game breaking bugs or anything, so it's really just a tiny bit of grime on an otherwise solid experience. I do think the price may come off as a touch steep for some, given that it's quite short, clocking in at a little under 3 and half hours for me, and I was aiming to 100% it. There's also a few missing quality of life features for these types of games, like being able to see a log of what characters said. The game is simple enough that a save system isn't really needed, especially with the checkpoints you get, but I'm mentioning that purely because some people want that in a dating sim/visual novel type game.

Overall, I'm gonna give Sucker For Love, First Date a solid 4/5. I think I gave the Dread X Collection 2 original a higher score, but that was within the context of a greater collection of bite-sized games. As a stand alone title, I think it's better than the version from the collection, as it has more content, but I am left wanting more. At time of writing, the long awaited sequel, Sucker For Love: A Date To Die For, has just come out, and I did just finish it, so I'm going to be reviewing that game too.",True,1714741075,4,0,0.541984736919403076,0,202,202,76561198055548638
1574270,114254002,Mommy? Sorry. Mommy? Sorry. Mommy? Sorry. Mommy? Sorry. Mommy? Sorry. Mommy? Sorry.,True,1650590570,1,3,0.510570108890533447,0,231,231,76561198180482325
1574270,115168501,"cute, creepy, cosmic horror. I adore this game and I want more!",True,1652034317,0,0,0.5,0,201,201,76561198323369723
1574270,187029653,Cinema.,True,1738531745,0,0,0.5,0,255,255,76561198849686191
1574270,138277908,"One day a man woke up, pondered the cruel nature of infinite and indifferent cosmos and decided it needed a kiss.

On a more serious note, game is pretty short. You can get all endings in 3 hours.

The last (secret) chapter is a must play and gives you an interesting twist on existing mechanics.",True,1684050490,1,0,0.523809552192687988,0,226,279,76561198074229586
1574270,129825838,"Great game, but a bit short (3h for playthrough).
Great visuals, a funny story (laughed a lot), and overall a great game.
9/10 would recommend.",True,1672546024,0,0,0.5,0,215,267,76561198798485377
1574270,145954884,"Ln'eta best waifu, the idiot lemon can jump out the window.",True,1694230974,0,1,0.5,0,261,356,76561199046911997
1574270,111113407,"There's nothing I can add that hasn't been said better by other reviews. If you want to smooch cthulu, treat yourself, you won't be sorry.",True,1645915807,1,0,0.5,0,262,262,76561198056993739
1574270,137335125,Loved it,True,1682534054,2,0,0.508474588394165039,0,239,321,76561199343767667
1574270,129474464,"I bought this on a whim for a joke... and ended up really enjoying it, this game is hilarious, big recommend",True,1672188398,2,0,0.526336729526519775,0,223,223,76561198053404209
1574270,198575119,"It feels that this game was made by people who are familiar with cosmic horror material. Enough to twist it, pull it, bop it and turn on its side; enough to keep the narrative aspect while adding some spice on top of it, turning it into a somewhat dark romantic comedy.
The voice acting is really good.
The game consists of three chapters, two of them being somewhat linear and structured more like a Visual Novel and the third one being more of an horror-themed interactive puzzle.
I enjoyed all three small stories.

HOWEVER (consider this a PSA)
The 10$ game is super short. My sub-4 hours of gameplay cover pretty much every nook and cranny of the game.
The voice acting for [spoiler] Queen in Yellow [/spoiler] sounds like a squeaky toy, and the poor voice actress noticeably gets a little overwhelmed with old-fashioned theatrical line delivery.
Leaves you wishing for more.",True,1751307513,4,0,0.569101810455322266,0,227,227,76561197987042295
1574270,129374190,Who would have thought that elder gods are so hot?,True,1672093347,1,0,0.5,0,234,234,76561198150301094
1574270,129480475,masterpiece,True,1672194350,0,0,0.5,0,237,237,76561198039284236
1574270,112930548,i want to kiss the big blue woman,True,1648405085,0,0,0.5,0,259,259,76561198170187558
1574270,202627085,"Played with my wife, watched on game grumps. Beat final boss in 4 hours no speedrun.",True,1755837856,7,0,0.591386139392852783,0,245,245,76561198058675259
1574270,167718343,"I like visual novels like this one where you can really interact with the characters and environment, many of the endings were warm and also heartbreaking, W game.",True,1718829479,0,1,0.5,0,217,217,76561198929149738
1574270,113618521,fantasic,True,1649569510,0,0,0.5,0,216,302,76561198131922025
1574270,140836386,"Of all the things I expecting upon launching this game, being genuinely spooked by a jumpscare and genuinely stressed out by a boss fight were not on the checklist. Truly a game to rival the heights of other joke dating sims like Hatoful Boyfriend.",True,1687940649,0,0,0.5,0,256,256,76561198354857468
1574270,116714980,"I'm a Sucker for Love. God I love this game please make more :,)",True,1654767851,0,0,0.5,0,209,209,76561198140199245
1574270,133533801,I want to fuck Eldritch beings beyond comprehension ;),True,1677280961,1,0,0.5,0,219,219,76561198841732815
1574270,111954853,for what this game is it is perfect and I hope they add more to it.,True,1646970788,0,0,0.496527791023254395,0,224,372,76561198054904438
1574270,117833064,Cat MILF best girl,True,1656470075,0,0,0.494914859533309937,0,261,319,76561198448394199
1574270,170774174,gotta smooch them all,True,1721978484,0,0,0.5,0,231,231,76561199119060569
1574270,117825910,It's a good visual novel with a fun gimmick. Play it. Just do it.,True,1656459717,0,0,0.5,0,251,251,76561198846634612
1574270,141785094,It's the best three hours I've spent in a while,True,1689021035,0,0,0.5,0,208,766,76561198094530790
1574270,118407240,loved the prelude and loved this one even more! an amazing survival dating sim!,True,1657222553,0,0,0.5,0,214,214,76561198257989135
1574270,170068721,"This dude is too horny oh my god... literal cosmic entity who could just end his universe in an instant and hes just like ""smash."". He's so powerful that (Spoiler): Not even breakcore could break down his will enough to give up",True,1721205563,0,0,0.5,0,288,337,76561199388990747
1574270,204798932,aBSOLuTELy FIrE. eLDRiCH KaWAiI. GOd GAmE.,True,1758389047,0,0,0.5,0,447,447,76561198203057435
1574270,120959788,"First two sections, where you're trying to smootch Elder Gods, are quite fun. The last section involves reacting to ""hauntings"" in real time, which isn't as fun, and a pretty big departure from the other two, both in game play and tone. I suggest just playing the first two sections and then watching a video of the 3rd section if you want see what happens.",True,1661028504,0,0,0.5,0,360,360,76561197970370776
1574270,149343260,Auntie.,True,1698885021,11,3,0.568720400333404541,2,363,369,76561198372082915
1574270,198301135,Would destroy everything in existence for Cthussy again,True,1751055526,0,1,0.5,0,285,285,76561199146517180
1574270,183148363,It's a cool horror visual novel dating game. Spoilers my favorite girl is Estir,True,1734648545,0,1,0.5,0,329,329,76561198823400047
1574270,128061767,nice game! fun dynamics and characters,True,1670357488,3,0,0.504752397537231445,0,6331,6368,76561199025583040
1574270,154328042,One of the greatest games ever made for Cthulhu Mythos weaboos like me,True,1703456098,0,0,0.5,0,321,321,76561198341828001
1574270,114138962,Ln'eta has made me the real sucker here. I miss her already,True,1650393725,2,0,0.523809552192687988,0,293,293,76561198208694433
1574270,156864516,"I now truly grasp the what power lies within each and every one of us. 
We all share a power that can shake the most powerful of gods and drive fear into the hearts of all.
Our LUST. Humanities greatest gift. It ushers us forward, growing and discovering, reaching into the cosmos for a single goal in mind.
The smooch.
Go foward Ahad, Find your white whale, and my all means give it a smooch, its time to fulfill the destiny of all man. Conquer and smooch everything.",True,1706275001,0,1,0.5,0,549,549,76561199140820592
1574270,140870032,Squids boobs :),True,1687986411,30,1,0.746654152870178223,0,327,327,76561198263687290
1574270,126303137,"This game prepared me for dating an Eldritch/Lovecraftian Being. 
So if there is a lonely Eldritch/Lovecraftian Being out there, just hit me up ;)",True,1669205091,0,2,0.5,0,449,494,76561198237268814
1574270,119899905,"https://youtu.be/osaPdgYT9s0
Gameplay: 10/10
Graphics: 10/10
Audio: 10/10
Story: 10/10

This is the best visual novel/dating sim game I have ever played hands down.",True,1659384777,7,0,0.551117241382598877,0,327,588,76561197966274532
1574270,177009256,"You get to bang non euclidian elderitch horrors and conquer them.  Hot tentacle lady, Theatre kid star planet light lady and tall cat girl mommy with massive milkers. WHAT IS THERE NOT TO LOVE?!",True,1728866053,2,1,0.545454561710357666,0,371,371,76561198979676552
1574270,162579001,cool game,True,1712713958,0,0,0.5,0,288,340,76561199008395475
1574270,131845170,goo gam,True,1675045720,0,0,0.461783438920974731,0,439,3551,76561198847291122
1574270,133259287,mommy squid sorry! mommy squid sorry! mommy squid sorry!,True,1676931180,4,1,0.529798626899719238,0,305,307,76561198106844042
1574270,200044739,"Whelp, I loved this game. Haven't laughed this hard since I saw a nsfw Ulamog on r34. (I lost a bet)",True,1752793329,1,1,0.5,1,310,310,76561199516066954
1574270,113189509,"Holy flippin honker, this eldrussy got me questioning my faith in god.

Good game, big boobs and a turtle.",True,1648856282,0,0,0.5,0,348,348,76561198089929693
1574270,122332945,"I will say that I have no experience with the Japanese dating sim genre, and I bought this because it was a) on sale, and b) looked interesting. I do not regret my purchase. The girls/eldritch abominations are cute, the story is interesting, and the horror is truly horrifying. Getting all endings is a challenge, but not an impossible one, and you are rewarded for your diligence. I got through everything in about 15 hours.

This game is also hilarious, and the writing is great. Definitely check this out if you're looking for something fluffy and fun. And also genuinely creepy.",True,1663349785,3,0,0.566003620624542236,0,908,908,76561198098279052
1574270,165479939,HORNY CULTIST SIMULATOR,True,1715880865,0,1,0.5,0,280,280,76561198013149425
1574270,163879720,"mmm, Thiccthulhu",True,1714441125,30,5,0.720839083194732666,0,1209,1209,76561198103507747
1574270,112954923,Auntie NyanNyan could get it,True,1648445736,1,1,0.5,0,312,325,76561198045515937
1574270,118353305,"This game is tliterally one of the best dating sims I've ever played. I'm obsessed with the art, the story, the characters and the gameplay. It's very short but it will def live rent free in my head for a veeery long time ♡",True,1657149104,10,1,0.550451219081878662,0,280,280,76561198150568066
1574270,119303598,love big lady nyan,True,1658557269,8,1,0.565217375755310059,0,288,312,76561199208529259
1574270,147419060,Good game. First VN I've played where the gameplay is actually fire,True,1696150593,0,0,0.5,0,337,337,76561198089031307
1574270,199230961,"Fun indie game with, fast enough that it doesnt get annoying and interesting enough to keep playing.
All the chars were a fun turn on stereotypes of visual novels personalities and the interactions always made me laugh.

If you like visual novels and like lovecraftian lore, give this a chance",True,1751920170,0,0,0.5,0,286,286,76561198052629032
1574270,156814430,Best game probably ever ngl,True,1706216605,0,0,0.5,0,318,318,76561199464903749
1574270,157617611,w game,True,1707093939,0,0,0.5,0,307,437,76561199062253864
1574270,179347943,Fun,True,1731994457,0,0,0.5,0,298,333,76561199087499784
1574270,112722191,10 out of 10 would recommend it a great game a fun play and show how human will conquer every thing for lust lust. hope to god that there is more on the way.,True,1648079711,0,0,0.5,0,312,313,76561198025372965
1574270,156593451,the absolute creativity in the horror is 10/10,True,1705974801,6,0,0.571166038513183594,0,416,469,76561199005605790
1574270,112628983,Gimmi a Kith,True,1647925536,1,0,0.523809552192687988,0,371,657,76561198119210512
1574270,141572251,"I like this game, I usually find dating games cringe, but trying to date a outerworldy being sounded cool, and wow this game slaps, the True End with Nyan Nyan was so much fun to figure out",True,1688789269,0,0,0.45769423246383667,0,349,394,76561199466571885
1574270,175479467,"""3D girls are fine, but fourth dimensional girls with non-euclidean geometry are smokin´! They got curves I can literally get lost in"".
Decades of countless amazing horror stories had to be created to this phrase to exist, and it´s was extremelly WORTH IT.",True,1726944575,1,0,0.518072307109832764,0,399,399,76561199061957056
1574270,164098065,very entertaining story from the beginning to end,True,1714705854,0,0,0.5,0,379,379,76561198101350827
1574270,139190865,greatest game ever made,True,1685328830,2,0,0.514285683631896973,0,285,285,76561198102923041
1574270,205804454,"I frickin hate this dumbass D. Literally I summon Ln'eta and Estir just so that I could help them talk this through like moral living being (even tho they're eldritch abominations), and thid dumbass mf act like he can get smooch from both of them, thinking he can double strike. NO WONDER HE GETS NO GIRLS!!!",True,1759526086,1,1,0.5,0,393,393,76561198103124199
1574270,112399823,"Great game, but very buggy. It's very difficult getting all the endings to do the finicky nature of the gameplay and having to redo entire segments of the game to properly get the ending you want. The bugs also make the final boss more difficult than it needs to be (such as the game not registering the correct symbol for a ritual)
However, minor annoyances aside, I enjoyed this game quite a bit, and would highly recommend it! It's cute, with just enough horror to keep it interesting. I believe ten dollars is a fair price, even though it's only about a 5 hour game. I believe the length is perfect, and any more or less would most likely lead to its detriment.

TLDR: A bit buggy, but overall very fun and worth the price imo!",True,1647595046,2,0,0.523809552192687988,0,324,324,76561198255622866
1574270,171266992,"What a PERFECT game, I can't even express in words how much it made me happy to sit through the cutscenes and figure out all the endings, it wraps up in such a perfect ending that makes me feel so happy and warm :3

even though i liked some characters more than others (i just didn't see what Estir had going for her) i still think that they're perfectly written and that everyone should try this game out. Thank you dev team for providing such a unique, heartwarming and emotional experience <3",True,1722572317,1,0,0.517045438289642334,1,737,801,76561199087171108
1574270,112556389,"~ DIFFICULTY ~

▢ No Difficulty
▢ Easy
🟩Normal
▢Hard
▢ Impossible

~ PLAYER BASE ~

▢ Everyone
▢ Kids
▢Mature
🟩 Casual Players
▢ Tryhards
▢ Pro Players

~ GRAPHICS ~

▢ What Is This?
▢ Acceptable
▢Good
🟩Great
▢Beautiful
▢ Masterpiece

~ SOUND/MUSIC ~ (Using Headphones)

▢ Bad
▢ Nothing Special
▢ Good
🟩  Great
▢ Beautiful
▢ I´m Gonna Cry

~ STORY ~

▢ This Game Has No Story
▢ Like Playing ""Candy Crush"" For The Story
▢It´s Alright
▢ Well Written
🟩Epic Story
▢ Thinking About It, When I Sleep

~ PRICE ~

▢ Free
▢ Underpriced
🟩 Perfect Price
▢ Could Be Cheaper
▢ Overpriced

~ LENGTH ~

▢Very Short (0-2 Hours)
🟩 Short (2-20 Hours)
▢  Average (20-50 Hours)
▢ Long (50-200 Hours)
▢ VERY Long (200-... Hours)
▢ Multiplayer/Neverending

~ FUN ~

▢ I´d Rather Watch Grass Grow
▢ Hard To Enjoy
▢ Repetitive
▢ It´s Okay
▢ Fun To Be Had For Sure
🟩  The Kind Of Fun You Will Remember
▢ Life Changing



~ WORTH BUYING ~

▢ No
▢ Wait For A Sale
▢ Yes
🟩 I Can´t Recommend It Enough

~ FINAL SCORE ~
8.7/10",True,1647804231,19,0,0.666170358657836914,0,364,556,76561198268822706
1574270,166957190,Oh I get it. It puts the love in Lovecraft,True,1717872788,0,1,0.5,0,387,893,76561199169404438
1574270,142228644,A quick and fun dating sim with both horror and comedy. Estir is best girl.,True,1689542953,0,1,0.5,0,342,342,76561198262197055
1574270,130158808,"I had a really fun time playing this visual novel. The game had great gags that were genuinely funny and made me laugh countless times. Not just that, but in the newer chapters the developers found a way to make it much more active, making each chapter and character very unique. It's also worth mentioning that the game has many secrets, and endings to explore, it's definitely worth your time.

I think it's also important to bring up that voice acting was top-notch and that a really appreciate the effort in the animation.",True,1672889206,9,0,0.635972380638122559,0,410,410,76561198438647750
1574270,121402062,"Need Tsathoggua NEET GF, but I also blame Ow My Sanity for that.

Adoraffying, fun, and even more importantly: funny.

10/10, would terrify eldritch abominations with [spoiler] the fact that they can't stop thinking about me[/spoiler] again.",True,1661738095,0,0,0.5,0,393,393,76561198029405313
1574270,144180921,"HOLY GOD  THIS IS GOOD!!!! 
EVEN IF YOU'RE NOT INTO VISUAL NOVELS!!!

Okay so me personally im not really into visual novels cause 9 out of 10 i get bored within the first 2 minutes. 

But this game!! ITS AMAZING!!  The writing is so good! Its a Great comedy! with moments of pure panic! 
I did all the endings and secrets and all i can say is this was a lot of fun easily a couple hours of fun! i personally had around 5 hours of fun in it! wich for the price is GOOD! how many visual novels can you honestly say you had 4 to 5 hours of constant fun in! most die down quite a bit in the first hour..

So yeah its overwhelmingly positive and i have to agree. 

as said even if you're not that much into visual novels i URGE you to at least try it out. 

9,8/10 for me! (yeah i got frustrated in completing the third chapter)",True,1692020306,0,0,0.5,0,326,326,76561198132471218
1574270,159614454,Would,True,1709305753,0,1,0.5,0,334,334,76561199185928986
1574270,111995160,Auntie Nyan Nyan is a BIG LADY.,True,1647030896,1,0,0.528985500335693359,0,314,314,76561198178951469
1574270,164889202,Never could have expected the way to play Ch3 from what happened on Ch1 and 2. Definetely this frnchise has a bright future. Also all the girls are 100% hot,True,1715137213,0,0,0.5,0,445,445,76561198185642638
1574270,118994843,"entre pensando que era un buen juego salí adorando los tentáculos, semifurro y anti-simp.

Gracias por este juego!",True,1658122513,0,0,0.5,0,375,375,76561199060666286
1574270,118469397,"Worth the money!!!
Ln'eta i love you baby!!!!!!!!!!!!!!!",True,1657309725,0,0,0.5,1,288,291,76561198155899081
1574270,138365011,cthussy,True,1684205811,1,0,0.507575750350952148,0,479,809,76561199259195222
1574270,129838784,best gamer ever,True,1672561287,0,0,0.5,1,304,358,76561199106890384
1574270,195947563,Super fun VN with some puzzle and light horror/ecchi elements. Highly recommend even if you dont usually like VNs (I dont haha).,True,1748576709,8,0,0.562696695327758789,0,447,447,76561198000664165
1574270,153341849,"This was super wholesome and fun! My only complaint is that the game didn't showcase more Eldritch gods! I was having fun and it ended too soon. Even though Sucker For Love 2 looks significantly different in terms of game play from the first, I'm excited to check it out! 

FYI: I'm not usually the type to play graphic dating sims. This game was not at all inappropriate :) If you want to play something relaxing, cute; with good art and a touch of horror, you should check this game out!",True,1702256752,0,0,0.5,0,350,354,76561198272069011
1574270,123465396,such a great use of an afternoon,True,1665109715,0,0,0.5,0,382,382,76561198089327883
1574270,182095312,"unironically great little game. tons of references to Lovecraftian work shows me how much genuine love the dev team have for the source material, would highly recommend for any horror fans who want something a tad lighter every once in a while",True,1733534002,0,0,0.5,0,363,363,76561199527428184
1574270,167873236,"Monster Girls and Comedy
love the story and characters, 
very happy with the Voice acting, everyone involved are fantastic and i hope to hear them all in more stuff!
Ln'eta is WAIFU!

minor glitches every so often...but it's all good, 
The Finale is worth getting to!",True,1719011795,0,0,0.5,0,372,372,76561198023577036
1574270,116503777,"WARNING: SLIGHT SPOILER AT THE END OF REVIEW****
Really enjoyed this game, even though I watched Markiplier's walkthrough, it still was very rewarding to play for myself and be able to experience the game firsthand. My only critique would be that I wish there was more to this game. I understand the convenience of it being a shorter game which only took me a total of 10 hours to play in order to get all of the endings and some people may feel that things could get muddy if there are too many, *****but there is one more Eldrich God mentioned by Nyan Nyan that we never get the chance to date or see, and even just adding in that God I feel would have wrapped the game up with our main character being able to take on and SMOOCH the highest Eldrich God.***** But regardless of that it is still a great game and definitely worth playing through for all the endings.",True,1654399002,1,0,0.5,0,611,611,76561199140857472
1574270,136077904,"Too many puns. Too many inexplicable endings. Too fiddly a control scheme.

But I'll be danged if they didn't successfully merge the ""Cosmic Horror"" and ""Dating Sim"" genres.",True,1680596509,0,0,0.5,0,373,373,76561198012962211
1574270,112084391,9 foot tall cat milf. Enough said.,True,1647143177,1,1,0.515151500701904297,0,284,284,76561198142459620
1574270,163291056,"Interesting concept that is a bit the on the short side, I really wish it were longer. Rough around the edges too when it comes to technical realization, and even after two years after release there are still some spelling mistakes (just three or four). Still pretty nice! I am looking forward to the sequel releasing soon.",True,1713680192,6,0,0.557739555835723877,0,355,355,76561197977255359
1574270,185518320,"An amazingly comedic horror visual novel that would get a laugh out of most people who finds the idea of an eldritch horror dating sim funny, that combined with a surprisingly good amount of world building and you have an amazing end result, couldn't recommend this more",True,1736783179,1,0,0.523809552192687988,0,6223,6223,76561198303615324
1574270,176121013,"So this is really fun! Loved everything, but one question for the devs- before, like a year ago, (before the 2nd one came out) the Auntie Nyan Nyan one was harder. Updated after the release of the 2nd game? Or am I just stupid? Whatever the case, really good game and I hope that the world of eldritch horrors continues to expand! (Also Auntie Nyan Nyan was my fav. Even got her plush~!) Okaayyy bye!",True,1727739843,1,0,0.5,0,1004,1046,76561199208285942
1574270,114359728,"what did i just play

10/10 noodles

go buy it if you want a giant cat lady to degrade you.",True,1650748312,0,0,0.5,0,282,284,76561198172186182
1574270,149904689,"This game teaches you the difference between love, lust and fear. The main character D thinks with his di сk and summons eldritch gods to smooch them; he also brings his world to ruins while he's at it ((he was serious)). You think the male praying mantis knows fear while he's getting some? Hell no!
This was a really good mix of horror and comedy. There are no other games like it! They're either too serious or too goofy. This one, though, takes the cake.",True,1699667927,43,3,0.791902244091033936,0,444,444,76561198083490861
1574270,111612296,Cool game,True,1646500107,0,0,0.5,0,2573,2575,76561199170900931
1574270,180604741,"Really funny, gameplay is fun and the characters are nicely written",True,1732830498,0,0,0.5,0,513,519,76561199189026984
1574270,164524570,Funny squid girlfriend game,True,1714924069,0,0,0.5,0,293,293,76561199261088129
1574270,113312786,"I played this whole game in one day. I absolutely loved it! Getting all the endings and everything was challenging, but a lot of fun! I've never finished a game so fast!!",True,1649040834,0,0,0.5,0,296,296,76561198259472348
1574270,145016094,"Awesome game, stay horny til the ends",True,1693000443,0,0,0.5,0,310,310,76561199261253634
1574270,141994579,"Great game, great writing and fun rituals. Can't wait for the next one!",True,1689262770,0,0,0.5,0,302,302,76561198177320791
1574270,117202179,"I CAN ONLY GET SO ERECT! But seriously, that cursive puzzle was something else.

P.S. I want my emotional support turtle back :(",True,1655586560,3,1,0.518518567085266113,0,317,339,76561198069458794
1574270,112047853,"My friend gifted me this game because he thought that it wold be right up my alley and he was right! It's a very entertaining game with a great story to follow. The artwork and sound design both are incredibly well done and enhance the experience so much. I am not only a sucker for love, but I'm also a sucker for this game!",True,1647101440,0,0,0.5,0,384,384,76561198264091054
1574270,117969151,"I don't often impulse buy a game on steam, but I had to get this one after playing the demo. And I'm very glad I took a chance with this game.

I've never seen a story where one line of dialogue can take the story from tense horror to comedy that cracks me up, and vice versa.

The writing is great, its humorous and scary, and can change at any time keeping you on engaged. It's got a subversive take on Eldritch horror where the old gods follow human emotions, like the Greek Pantheon, but they still have that Eldritch dread and threat. The ending while somewhat silly manged to subvert a typical Eldritch story ending in a clever way. One part I liked in particular was a in-game play you have to perform.

If I had to point out a negative, the second chapter can get tedious when you try to get all the endings. But otherwise this is a great and unique experience I would highly recommend.",True,1656644658,0,0,0.5,0,309,363,76561198037267621
1574270,199725698,"Short but fun comedy game.
Intense final boss, really well made animations, spectacular voice acting, a few bugs here and there but nothing that actually harms the fun in my experience.",True,1752428715,2,0,0.523809552192687988,0,392,392,76561197997806397
1574270,117388798,"Oh Estir, if only you were real...",True,1655866384,18,4,0.615312337875366211,0,346,346,76561198128660660
1574270,114581449,"For a mere 10$ - you get the opportunity to break reality and suffer unspeakable horrors in order to land Eldrich waifus, need I say more? No, I don't think I have to.",True,1651094388,0,0,0.5,0,346,346,76561197975034527
1574270,144880308,"Really fun AND funny visual novel this one, the writing can be unsettling, scary and all of a sudden become funny to the point of making me let out a few chuckles, this is definitely worth your time.",True,1692823486,4,0,0.541778981685638428,0,416,416,76561198020340815
1574270,141585935,"This is what I needed to complete my life, thank you",True,1688807175,0,0,0.5,0,295,304,76561198021201570
1574270,197195144,"Dating lovecraftian waifus, say less.",True,1749885908,7,0,0.487804889678955078,0,427,427,76561198298864825
1574270,128683049,A lovecraftian date sim - what do you need more?,True,1671222832,0,0,0.5,0,358,358,76561197978242822
1574270,140329154,"One of the best Dating Sims out there, I mean you get not one, not two, but THREE Eldritch Waifus to go on dates with, whats there not to like.",True,1687176052,5,0,0.578813016414642334,0,645,1335,76561198983376698
1574270,146665485,"i got to rizz tentacle lady, her mesugaki queen imouto, and their hot single milf aunt

10 out of 10, i want MORE",True,1695236992,3,3,0.52173912525177002,0,293,293,76561199140000693
1574270,115272762,"If you've ever wanted more romance in a Lovecraftian story, or more horror in a dating sim, this game's got you covered.  Witty, challenging (particularly the unlockable third chapter) and creepy in a good way.",True,1652219802,1,0,0.5,0,440,440,76561198305704536
1574270,132868955,good game,True,1676425046,0,0,0.5,0,299,299,76561198866755823
1574270,155868175,"One of the funnest dating sims I've ever played. Strongly recommend, even if you've seen others play it.

Takes about 4 hours to do a full completionist run.",True,1705128119,0,0,0.5,0,289,289,76561198028683405
1574270,122933372,"Made me cry, shit my pants, and feel warmth in my heart all within minutes.",True,1664311831,0,0,0.5,0,367,367,76561198067942901
1574270,167185820,Ln'eta is best girl,True,1718154630,0,0,0.5,0,348,348,76561198358278466
1574270,144918850,H.P. lovecraft's wetdream,True,1692883858,1,0,0.489591717720031738,0,308,308,76561198264028754
1574270,114719474,"Beyond my wildest dreams, it's everything I want in a dating sim. It's cute, cheeky, fun and terrifying. I loved every minute of this sucker, and I whole heartedly recommend it to anyone and everyone.",True,1651324286,0,0,0.5,0,287,287,76561198023587724
1574270,166200236,"Fantastic game!
loved everysingle bit of it and loved the song at the end :)",True,1716871290,0,0,0.5,0,294,299,76561199152611706
1574270,177524584,This game is the embodiment of why you should never underrestimate humans,True,1729606320,2,1,0.538461565971374512,0,381,381,76561199347405964
1574270,112634589,Never felt love in my life y eldritch gods especially LN'ETA no peverted here as in im in love.,True,1647938544,0,0,0.5,0,980,980,76561198954763320
1574270,138200012,"However good or ridiculous you think this game is, its better. Give it a try you won't regret it.",True,1683922545,9,0,0.565217375755310059,0,852,942,76561198046177864
1574270,113949412,"A fun, you could say ""dumb"" but enjoyable story of ""dating"" eldritch gods. A short but fun ride.",True,1650115097,0,0,0.5,0,303,303,76561197992520097
1574270,169011905,"I just finished playing this game along with Sucker For Love: Date to Die For, which I'm also writing a review for... and let me tell ya I had a blast. This game was really interesting and It really was a fun doing all the rituals and struggled a bit with Nyanlathotep! I really enjoy the character design, lore, and art and look forward to more work from the devs!!",True,1720133053,0,0,0.5,0,282,282,76561198995571534
1574270,190553151,"A game featuring a squid, a knight and a cat in their quest to extinguish their dreams.
D is always the winner, right ?",True,1742314209,7,0,0.599568665027618408,0,1416,1416,76561198101776626
1574270,113556768,"Started as a meme, ended up being the hardest I've laughed in awhile.",True,1649475877,1,0,0.523809552192687988,0,279,279,76561198099801677
1574270,130772249,"Came for cthussy, stayed for game's surprisingly enjoyable story, characters and writing.
...And then I came for cthussy.",True,1673629865,0,1,0.5,0,305,305,76561198449243739
1574270,132622344,"Good game.
Hate the second part of the game.  It took so fucking long lmao",True,1676123838,1,0,0.509646296501159668,0,513,513,76561198157070689
1574270,112342794,"Played this game as a joke and streamed it for a friend.
Its surprisingly charming, full of references to HPL's work and the Voice Acting is excellent. Stellar even.

All in all it took me like 5 hours to get all the endings.
Great way to spend some time if you like lovecraftian horrors beyond comprehension, humor and elder god waifus.",True,1647511285,0,0,0.5,0,303,303,76561198018115928
1574270,156741772,"I bought it as a joke until it wasn't a joke.

10/10",True,1706143818,67,20,0.84411853551864624,0,348,348,76561199040084352
1574270,152901046,"Dating eldritch horrors the game.

It's a good game i just kinda wish it was longer to be honest. maybe a bit more game-play mechanics.",True,1701741285,0,0,0.5,0,320,320,76561198971050640
1574270,211597765,"This is a great game absolutely dripping with style! Managing to balance the horror in every situation with a genuinely sweet little love story, it's hard to resist some of these cosmic entities charms! The gameplay is fun, simple and pretty compelling. It's an easy game for most, and doesn't have an insane amount of depth in the early chapters, but it doesn't need to if it's fun. Well crafted with parallels to classic cosmic horrors of literature fame, the game is enjoyable for fans of the genre and is surprisingly high quality, with beautiful art and full voice acting!
Critiques: There are several visual glitches that can happen where certain assets load in over one another when they aren't supposed to, sprites won't load while dialogue audio is playing, animated portions glitch out and only show 3 or 4 frames of the full animation, and of course, the bane of all visual novels: the typos. There is so many typos in this game. If you don't mind them, its fine, but it really gets under the skin for those who care. One would hope they would have patched this by now but no.
Note: I also encountered a game breaking bug. Every time I go into the ""load checkpoint"" menu mid-game to look at my progress, I cannot leave it. Sometimes it won't even let me load the checkpoint. I can't exit and I can't play. I always have to close the game and restart it, loading up from there. It SUCKS, but I got around it by physically writing down the chapter maps and avoiding the menu altogether.",True,1764405861,0,0,0.5,0,347,347,76561198229389108
1574270,170127422,"World destroying waifus, 10/10",True,1721269408,0,0,0.5,1,279,362,76561199487604093
1574270,137025586,"It's always fun to date an Eldritch horror, especially since they are so darn cute! 10 out of 10, but to be honest I would do anything for cosmic smooches... haha all jokes aside, you can tell the creators definitely know how to make a charming horror style game. The graphics and the music bled flawlessly and really set the perfect mood for a game like this. The gameplay is overall pretty easy until chapter 3 where you start to sweat a little, but the jokes are worth it. If you like eldritch horror, games with multiple endings, memes, or dating sims this game is for you!",True,1682028245,5,0,0.523809552192687988,0,672,672,76561199083646726
1574270,118828464,"Good comedy and horror. The gameplay mechanics are unique and fun. It's short, but very enjoyable. There are a few spelling mistakes and the Full Screen toggle can crash your graphics if you click it in succession.",True,1657847194,2,0,0.523809552192687988,0,371,400,76561198321817125
1574270,112781819,"An absolute blast to Play through, loved every second of it, that's all just play the game its worth the money.",True,1648181809,0,0,0.5,0,335,586,76561198114223433
1574270,118668953,all i can say is who would of thought that a game about eldritch horrors could move me in such a way,True,1657587017,1,0,0.52173912525177002,0,286,458,76561198825279078
1574270,141103685,A beautiful game I am not usually a fan of visual novels but I am of this one.,True,1688272511,1,1,0.5,0,289,290,76561198404417359
1574270,185486988,"I got this game as a gift and decided to play it on my twitch stream just for the memes. Turns out the game is amazing and I wish I had played it sooner. It's well written, great story, great themes of Lovecraftian mythology, spooky at times and most importantly, funny as hell. Had me laughing out loud at so many points.

10/10.",True,1736737323,3,1,0.565217375755310059,0,302,413,76561198072526289
1574270,131388338,"iTS AN EXPIERENCE! Make sure to interact with all blue text for the ""secret"" end but boy is it worth it",True,1674457307,4,0,0.547757804393768311,0,391,415,76561198097759006
1574270,188903569,"Absolute cinema, literal peak.

The animation 10/10

The writing and VA 10/10

Wish she was real 10/10

Nah, but a genuinely fun experience, both story-wise and gameplay-wise. Multiple paths allow for replayability, definitely worth it either on sale or at full price.",True,1740706674,2,0,0.523809552192687988,0,739,739,76561198291183768
1574270,191580899,"At first i thought it's just adorable and endearing (in its own eldritch horror way), but the longer i played, the more hilarious the game was getting. The final ending is very funny, very fitting for everything that's been going on, and left me pleasantly impressed.
The game is good.",True,1743354041,5,0,0.594176352024078369,0,295,325,76561197997602081
1574270,116895003,"This game delivered more than I expected, I wanted an escape form reality and that is really what happened ♥♥",True,1655076321,0,0,0.5,0,292,292,76561198044075747
1574270,112608072,"10/10 will date again
I need a second game... please make another one. its so well done.",True,1647889464,0,0,0.5,0,295,942,76561198251958232
1574270,175536336,estir best girl,True,1727008498,0,0,0.5,0,290,290,76561199022290177
1574270,163356111,"I have to admit that after playing the demo for this one, and seeing it in a horror VN bundle, I was expecting a lot more horror.. Don't get me wrong though, the story in this one so off the wall and funny that I still very much recommend you play through it! It's a good game, albeit very glitchy at times and has next to no settings so I had to play it in a tiny window or else it would stretch and look awful. Chapter 3 is definitely my favorite because it has the spookiest tone. Can't wait for a sequel!",True,1713750865,12,0,0.617045938968658447,0,424,424,76561197994690690
1574270,166203172,"An amazing subversion of the visual novel format. The 90s anime artstyle is beautifully executed with its saturated colours and bright appealing character designs. The story balances 3 different love interests without compromising the stories or character of any of them, easter eggs and hidden details being incorporated into the gameplay to add to the mystery of discovering the unknowable. The game balances humour and horror stunningly well, with humour cutting the tension of the more eldritch elements, while the horror creates immersion and adds stakes, grounding in how it re-emerges to add paranoia to the lighthearted nature of the dating sim. It reminds me of Doki Doki literature club in it's subversion of the genre, but it manages to supercede it as the story is able to balance the weight of the horror throughout the story, instead of revealing it as an endpoint. It carries all of it's best elements and improves upon it, having more of what was so compelling to begin with, and having a final battle within the visual novel setup that manages to have real stakes and horror, working with the gameplay elements to make for an eldritch final girl moment. Amazing game, I reccomend it to everyone, I look forward to seeing more content from the franchise as they build from an incredibly strong foundation, with amazing characters and compelling worldbuilding and story.",True,1716877591,0,0,0.5,0,342,484,76561198027401652
1574270,197247764,Smash,True,1749934534,9,0,0.583899140357971191,0,669,920,76561199660777694
1574270,196088608,very good,True,1748712921,0,0,0.5,0,346,346,76561199013865983
1574270,111106033,"Loved all the chapters! 
voice acting is really great! 
and the routes were all interesting to explore.
I would make a cthussy joke but this review is to show my appreciation to the Developers.
Now for a send off, I am gonna speak  Eldritch (kinda)
ahem, 

Thank ymg' llll fahf throdog game Akabaka!
(Thank you for this great game Akabaka!)",True,1645908786,3,1,0.536878228187561035,1,294,294,76561198374802012
1574270,135779157,"Oddly fun and interesting. I didn't realize how much I needed a dating sim game based on Eldritch lore, but apparently I did. The characters are cute and well drawn (though there were some small parts that looked a bit off). I loved the music, and there were parts of it that reminded me of.. I think DDLC. Either way, it definitely added some good atmosphere for the game. I liked that the game has 3 different Outer Gods to date and I loved that there were different endings (a total of 10), but the game felt a bit short. Chapter 3's minigame was different and interesting, but it wasn't something I enjoyed. The game itself is easy and straight forward, so that minigame just didn't seem to match the rest of the game (which isn't bad). I gave up trying to get the ending, at least for now.

I did see a few bugs in-game. The biggest bug was the one where the characters' voices didn't play right after, I believe, a scene finished? A bit sad, since the voice actors are pretty good in this game. I only noticed very few typos, but for the most part, the game was fine. Sometimes, there'd be what looked like a graphical glitch when the scenes changed in chapter 2. 

Overall, I am a sucker for love. I would recommend this game to anyone who is a fan of Eldritch lore and dating sims. That being said, it's not that long for a dating sim, so I'd prob suggest getting it on sale.",True,1680232455,11,0,0.659051716327667236,0,450,450,76561198123916740
1574270,116374575,Smash,True,1654172117,0,1,0.5,1,285,285,76561198037694537
1574270,114428396,"Highly recommend this game!  I love that the dialogue for all the girls is voiced! It combines elements of a visual novel/otome game with puzzle aspects that make it challenging and I haven't played one like this before! Additionally, it's just super funny at the best moments!",True,1650846946,1,0,0.523809552192687988,0,283,283,76561198201326042
1574270,186342005,W...,True,1737775221,0,0,0.5,0,359,359,76561198977000872
1574270,139608822,"I like the characters a lot, fun to play.",True,1685997694,0,0,0.5,0,317,329,76561199481576833
1574270,112779602,"This game is super cute and fun! It takes about 5-ish hours to 100% complete the whole thing with all endings, and I'm really hoping we get a second game with other eldritch cuties! I will say, the suicidal themes in this game could be possibly overwhelming considering you die like 18 different ways, one of them being by CRASHING A DIFFERENT PLANET INTO EARTH, but if that's something your chill with, totally play the game!",True,1648177434,0,0,0.5,0,291,476,76561199134819924
1574270,169501211,its a nice fun little game that i would wip out in the middle of class witch its so funny and i like the combo of light-hearted humor mixed with a little difficult game play,True,1720616313,0,0,0.5,1,534,534,76561199083321217
1574270,156748728,"It's really fun and has a good mix of strategy and just story play. The artwork is amazing and the concept overall is interesting and undeniably hilarious. After getting a laptop and out of all the games I've watched Markiplier play, this is one that hit the wishlist almost immediately. I can officially say I finished the entire game and it was so fun.",True,1706152207,0,0,0.5,0,366,387,76561199580102096
1574270,183752705,cat smooches,True,1735221188,0,0,0.5,0,388,388,76561199238284550
1574270,131067756,booba,True,1674016018,16,2,0.560833454132080078,0,312,321,76561198967597280
1574270,205441245,"I'ts good. Love it, the artsyle and characters. Reminded me one absurd anime Love Tyrant.",True,1759106143,0,1,0.5,0,282,282,76561198218137691
1574270,128950265,This game has revolutionized my perception of reality while giving me the option to smooch a series of extremely attractive beings. 8/8 this shit's gr8,True,1671601551,14,0,0.593648135662078857,0,290,290,76561198154549690
1574270,111939656,pretty fun game overall,True,1646946553,0,0,0.5,0,350,350,76561198370236519
1574270,124792201,im at a low point,True,1667331969,2,2,0.509803950786590576,0,362,1500,76561198859364113
1574270,157733589,hhnnnggg pretty gods,True,1707248404,3,0,0.534335315227508545,0,1448,1568,76561198414519878
1574270,149663731,"Very good game, very fun and cute characters. it had fun story telling and was a fun game to play defiantly worth it",True,1699294865,6,0,0.525862038135528564,0,299,23166,76561199064904867
1574270,129502799,Apologies in advance for anyone who knows me and saw me playing it. Would sell the world for a deadly smooch again tho,True,1672219908,3,1,0.54589080810546875,0,310,577,76561198118862807
1574270,134380528,Nyanlahotep is rocking some truly inspired choices of the thousand forms,True,1678411285,6,4,0.559696555137634277,0,286,289,76561198126692446
1574270,113237718,"Please I need you to make a Chapter 4! 

GOOD GAME 9/10!",True,1648928713,0,0,0.5,0,357,430,76561198124085529
1574270,123854383,"Love hup eldritch uh'eogg like ymg' mgsyha'h ymg' mgepkadishtu needed ngnah mgep mgepgotha. 

ph'nglui mglw'nafh Cthulhu R'lyeh wgah'nagl fhtagn

In short a wholesome game about loving your eldritch goddesses. c: Enjoy... or Endjoy, your choice.",True,1665817771,3,0,0.523622035980224609,0,433,433,76561198087422909
1574270,126592452,The best representation of Lovecraftian mythology I've ever seen.,True,1669292187,0,0,0.5,0,442,442,76561198061226830
1574270,182162795,Why is it soooooo hard to defeat Nyanlathotep!?,True,1733589503,0,0,0.5,0,465,465,76561199016037659
1574270,113865619,"This was such a fun, cute and terrifying experience. May everyone who reads this blessed with enough LUST to overcome eldritch horrors",True,1649981445,0,0,0.5,0,336,372,76561198339193061
1574270,127418418,"Bought this game on sale, i saw the lovecraftian character's and the retro anime artstyle and was instantly gripped!

I originally sat down to play with game by myself but quick my friend in discord saw what i was playing and ask me to stream it. needless to say we all unexpectedly fell in love with the story and characters with the awesome twist of dating sim and horror that just made it all the more entertaining (Ln'eta for life). we finished it in one sitting and enjoyed every second :D",True,1669657803,2,0,0.506849288940429688,0,279,279,76561197980102286
1574270,117960139,This game is really fun,True,1656630998,0,0,0.5,0,327,394,76561198354214739
1574270,155948173,"If you're the type of person who likes romance games not ironically, you may not get much out of this. BUT, if you're a fan of cosmic horror, retro anime, monster women, and visual novels-this is a pretty great choice. It's not very long, but it's really fun and memorable. The right amount of spooky and cute, it marries two very different genres in such a unique and interesting way that I'd say that alone is worth giving it a play. Also has some nice touches of body horror, if you're into that genre.",True,1705218806,1,0,0.5,0,283,283,76561198365478576
1574270,121407570,"Pretty fun, though I'd say the game is like 50% teaching you  how things work, and 50% playing the game. Which is totally fine and the entire experience is fun, just I do think you're missing out big time if you don't 100% the game. Its not terribly long, and its fun seeing what all you can do, and finding every last ending. For sure a fun time(and this coming from someone who's never been into dating sims or point and click type of games)",True,1661749559,0,0,0.5,0,301,319,76561198170203261
1574270,210924010,"L'netha is best girl. Solid 7/10

Funny, nice art and good voice acting. But doesn't stick the landing.",True,1764175760,0,0,0.5,0,290,290,76561198141209820
1574270,166768596,Hell yeah eldritch cat wife,True,1717633205,0,0,0.5,0,299,299,76561198152273421
1574270,120985224,"""Ph'nglui mglw'nafh Cthulhu R'lyeh wgah'nagl fhtagn.""",True,1661072041,28,1,0.731391966342926025,0,836,1898,76561199062646723
1574270,113448289,"Our lives and freedom is an illusion, or rather a big joke. We are not the beloved children of an universal God, but the slaves and playthings of Elders Gods ready to end our reality just by awaken from their slammer.

Not in this reality thankfully. In this one an obsessed person wants to smooth a Rule 34 Cthulhu named Ln' eta by following the instructions of a pink survival guide, for starters. He is 100% focused on completing all the rituals and ready to doom his reality...what.

Just because it is a parody visual novel of the Lovecraft's mythos and Anime of the 90s, doesn't mean that the horror theme of the game takes a back seat entirely. It is a successful mix of comedy and horror together.

More specifically all the dialogues you hear from the talented voice actors that give life to our sexy elde-, I mean young Goddesses can be both hilarious and terrifying based on how you will please them.

In the rituals you also need to perform, you won't be safe either. You need to do a lot of sacrifices to complete them with the first one your own sanity (to be fair you are clearly already insane if you want to kiss a sexy octopus).

The next in line evolve your body. In all seriousness if you hate body horror and gore, you better avoid the game. But yeah, the rituals affect your body in many gruesome ways.

Did I mention even if it is a visual novel at heart, the rituals are in a way your 'dialogues options'? Yes, this reminds me a lot of some other games which follow this kind of trend and I am in love with it.

 won't lie and say I already knew I would love this game when I first played the original release of ""Sucker For Love"", so I am ready to smooch all the girls of the trilogy.

10/10",True,1649280524,1,0,0.5,0,384,384,76561198054994020
1574270,145414429,"I love this game- 
The humor is awesome, I like the voice acting that's cool too, I also love how we fr only want a kiss nothing more just a kiss LMAO  
10/10 def gonna replay this game a lot-",True,1693529895,0,0,0.5,0,716,1203,76561199351541653
1574270,127307870,"10 kisses out of 1 Eldrussy, would play with friends again XDDD.",True,1669591375,3,3,0.523809552192687988,1,286,1027,76561199146621639
1574270,125601317,To any of my friends who see me giving this game a positive review.  Don't judge me.,True,1668647951,32,7,0.736001491546630859,0,428,572,76561199008024782
1574270,209024540,Ln'eta💚,True,1762948073,0,0,0.5,0,354,356,76561199886175837
1574270,182267480,fun :),True,1733676450,0,0,0.5,0,327,444,76561198969892467
1574270,119394723,"Just a game about romancing and going on dates with Eldritch Gods nothing more nothing less. CAUTION: By playing this game your brain might melt from the overwhelming love from these Eldritch gods, you might slightly be responsible by bringing the world the apocalypse destroying the world and everyone in it and having an enjoyable time while doing so.

This game was fantastic the music was good the story was good  the characters were fantastic and the voice acting was top notch the only downside is that it finishes. This game is also worth the full price of getting it or you can just get on sale but its definitely worth it.",True,1658683239,5,1,0.523460924625396729,2,541,639,76561198318325624
1574270,114635192,"This was genuinely a really good time. The theme was what intrigued me into getting it, but the writing is what kept me playing. The writing is actually top tier, it's really funny and made me laugh quite a bit. The horror was well done and defiantly achieved the feeling of dread whenever it presented itself. It does have some gore-ish themes to it which is not really my thing, luckily these occur very little. Honestly for the price of the game it's well worth it, my level of enjoyment peaked early on and remained on a constant high through out. As of this review this is the best game of 2022 for me. Go out and Play it!",True,1651183657,1,0,0.5,0,320,320,76561198352829294
1574270,124417708,"Very good,love it.",True,1666791680,1,0,0.5,0,298,301,76561198134636113
1574270,117667495,[spoiler] Man so horny he conquers eldritch gods and the unknown cosmos. [/spoiler] 10/10 Super fun game!,True,1656264066,1,1,0.513513505458831787,0,290,290,76561198190152269
1574270,127739005,"This game was very fun. IT cost me like $6 and it took me 6 hours to play.

Pros:

Cute Romantic Horror - Do you have a thing for Monster Girls who love you but also want to take over the world/Universe? Then this game is for YOU!

Silly, Fun, and Cute - I enjoyed being able to meet the characters, romance them and kiss them!!

Cons:

Somewhat Short Game - This is probably the shortest game I have played for Dollar to Hours being 1:1 but even so I enjoyed it and would recommend

Not NSFW so if you want that you won't get it. You do get some kisses though.

Conclusion:

Enjoy being destroyed and eventually [Spoiler] becoming the king of their universes! [/Spoiler]",True,1669960981,10,0,0.590206027030944824,0,344,344,76561198928624492
1574270,122518145,"got this game a few days ago, decided to start playing it last night and got 1st and 2nd dates complete fully!
today i beat 3rd date complete aswell! 
this game is vary fun for someone who loves kiaju and monsters and monster-girls between id recommend this game to similar fans of those things!
I cant wait for more lovecraftian girls to be added!!!!",True,1663636347,0,0,0.5,0,486,486,76561199019262321
1574270,152247459,Many tentacles… it’s every hentai lovers dream…,True,1701099537,0,0,0.5,0,899,899,76561198966305895
1574270,119556903,"Genuinely a really cute game that is funny and at times gave me anxiety because the horror aspects genuinely make you feel as if your character is in danger. Getting all the endings can be a hassle, but I'd say it's worth it to see what this game has to offer. Unfortunately that includes making your favourite god Ln'etha or Estir mad/sad at you, but I overall loved this game and would like to see more of these characters in the future",True,1658898163,1,0,0.5,0,319,379,76561198249820918
1574270,199339179,It's a basically perfect game!,True,1752031680,0,0,0.5,0,354,354,76561198866494555
1574270,122915982,amazing top tier incredible awesome hot cool,True,1664287845,0,0,0.5,0,599,1131,76561199233816645
1574270,188587888,"TALL CAT LADY 
TALL CAT LADY
TALL CAT LADY
TALL CAT LADY",True,1740323779,3,0,0.5625,0,347,347,76561198119296697
1574270,205609548,Big Lady Nyyyaaaaaaaaaaaaan,True,1759316923,4,0,0.568627476692199707,0,361,361,76561199150027615
1574270,150471376,"Quick, cute and surprisingly wholesome game about smooching horrors from beyond the stars",True,1700453144,1,0,0.5,0,340,340,76561198038338339
1574270,141188195,"short, yet oh-so sweet. is it really a joke vn if i enjoy it?

i live far outside of god's light, and therefore, outside of god's love",True,1688357609,0,0,0.5,0,306,306,76561198139551608
1574270,115449313,Wow... i want the  sequel to this so bad and achievements! it's a good game to have relax and enjoy a story of weird love or something like that.,True,1652544626,10,0,0.615841865539550781,1,367,444,76561199021529838
1574270,122365304,"DDLC proved horror/dating sim was a great combo.
This is more on the goofy side though, loved the writing and humour.
Had some good spooky moments though.
Definitely worth checking out.",True,1663406676,1,0,0.51890033483505249,0,290,292,76561198046927514
1574270,153824774,"W game, Ln'eta on top fr fr Estir a baddie and Nyanlathotep can get this d***.",True,1702855204,1,0,0.430167585611343384,0,473,662,76561199088909024
1574270,111497247,Oh my god this game is great im usually not the type for dating sims but this has such a cute silly twist to it. its hilarious and such a blast to play.,True,1646374781,0,0,0.5,0,618,618,76561199223856474
1574270,198088863,Peak gaming.,True,1750828553,0,0,0.5,0,594,594,76561198272242030
1574270,112706853,"———————————No bitches?———————————
⠀⣞⢽⢪⢣⢣⢣⢫⡺⡵⣝⡮⣗⢷⢽⢽⢽⣮⡷⡽⣜⣜⢮⢺⣜⢷⢽⢝⡽⣝
⠸⡸⠜⠕⠕⠁⢁⢇⢏⢽⢺⣪⡳⡝⣎⣏⢯⢞⡿⣟⣷⣳⢯⡷⣽⢽⢯⣳⣫⠇
⠀⠀⢀⢀⢄⢬⢪⡪⡎⣆⡈⠚⠜⠕⠇⠗⠝⢕⢯⢫⣞⣯⣿⣻⡽⣏⢗⣗⠏⠀
⠀⠪⡪⡪⣪⢪⢺⢸⢢⢓⢆⢤⢀⠀⠀⠀⠀⠈⢊⢞⡾⣿⡯⣏⢮⠷⠁⠀⠀
⠀⠀⠀⠈⠊⠆⡃⠕⢕⢇⢇⢇⢇⢇⢏⢎⢎⢆⢄⠀⢑⣽⣿⢝⠲⠉⠀⠀⠀⠀
⠀⠀⠀⠀⠀⡿⠂⠠⠀⡇⢇⠕⢈⣀⠀⠁⠡⠣⡣⡫⣂⣿⠯⢪⠰⠂⠀⠀⠀⠀
⠀⠀⠀⠀⡦⡙⡂⢀⢤⢣⠣⡈⣾⡃⠠⠄⠀⡄⢱⣌⣶⢏⢊⠂⠀⠀⠀⠀⠀⠀
⠀⠀⠀⠀⢝⡲⣜⡮⡏⢎⢌⢂⠙⠢⠐⢀⢘⢵⣽⣿⡿⠁⠁⠀⠀⠀⠀⠀⠀⠀
⠀⠀⠀⠀⠨⣺⡺⡕⡕⡱⡑⡆⡕⡅⡕⡜⡼⢽⡻⠏⠀⠀⠀⠀⠀⠀⠀⠀⠀⠀
⠀⠀⠀⠀⣼⣳⣫⣾⣵⣗⡵⡱⡡⢣⢑⢕⢜⢕⡝⠀⠀⠀⠀⠀⠀⠀⠀⠀⠀⠀
⠀⠀⠀⣴⣿⣾⣿⣿⣿⡿⡽⡑⢌⠪⡢⡣⣣⡟⠀⠀⠀⠀⠀⠀⠀⠀⠀⠀⠀⠀
⠀⠀⠀⡟⡾⣿⢿⢿⢵⣽⣾⣼⣘⢸⢸⣞⡟⠀⠀⠀⠀⠀⠀⠀⠀⠀⠀⠀⠀⠀
⠀⠀⠀⠀⠁⠇⠡⠩⡫⢿⣝⡻⡮⣒⢽⠋⠀⠀⠀⠀⠀⠀⠀⠀⠀⠀⠀⠀⠀⠀
—————————————————————————————",True,1648057454,0,0,0.5,0,288,431,76561198123280249
1574270,142875248,"i got all the endings in little time, i left it open but i did not play for 10 hours, in the third chapter the counter evil taken was quite annoying and i was stuck for like 20-30 minutes trying to make him go away, eventually i just got the turtle and let him take it but i think that is the only thing i truly disliked in this game. 6.5/10",True,1690434290,1,1,0.5,0,624,624,76561199185985826
1574270,165375853,"It was good, but a bit on the buggy side. Had to quit the game a few times in chapter 3 because the game wasn't progressing. 

Also a bit surprised to see no steam achievements, those usually help track progress in these kinds of games.",True,1715727222,0,0,0.5,0,653,653,76561198024961532
1574270,166030758,"I forgot to review this wonderful game! I last played it in August 2023 and it was so funny, scary at times and just an amazing game. I loved the characters , especially Ln'eta and Estir!",True,1716641951,1,0,0.5,0,656,656,76561198996081229
1574270,157483158,"Pretty Fun! Dated a few girls, got a Girlfriend. Destroyed the whole world multiple times and most important: Smootches (also multiple)!",True,1706959171,0,0,0.5,0,342,342,76561198143515483
1574270,118235125,It is a good text based game.  There is enough interaction with the player to keep them actively involved.  Leaving me pleasantly surprised with the amount of content.,True,1656990515,1,0,0.508521556854248047,0,340,340,76561199004899048
1574270,159809231,I need that cat,True,1709508630,0,0,0.5,0,661,661,76561198258694107
1574270,115720867,i nice spin on a dating sim where you trying to get a kiss instead from a not normal kind of girl,True,1653024906,2,0,0.523809552192687988,0,284,288,76561198859779915
1574270,175816616,Very Quirky,True,1727363774,0,0,0.5,0,312,312,76561198365849263
1574270,126361694,i like them monster waifus,True,1669216086,0,0,0.5,0,293,293,76561198429903064
1574270,178448642,10/10 super fun and unique game and it feels and IS criminally underrated however it is a little bit glitchy so just expect that before you buy it,True,1730819872,1,0,0.5,0,294,298,76561199445640091
1574270,134034606,"I never ever expected that romancing characters inspired by H P Lovecraft would be a very delightful romantic experience.
My kokoro goes Doki Doki mode whenever i role play with her royal highness Estir",True,1677924368,0,0,0.5,0,456,456,76561198212238105
1574270,181381136,I like being looked down on,True,1733082219,1,0,0.519999980926513672,1,282,282,76561198848908358
1574270,203365848,Great game with a lot of heart and genuine feeling in it.,True,1756787018,1,0,0.523809552192687988,0,382,382,76561198201888593
1574270,116109802,First time ive even been down bad for a fictional character. I simp for The King in Yellow.,True,1653691560,1,0,0.5,0,3879,3953,76561198201796098
1574270,194626495,"No joke, this is the second best Lovecraftian game I've ever played right behind Bloodborne.",True,1746900820,5,2,0.580797016620635986,0,446,446,76561198148564429
1574270,162645083,Got to kiss 4D women so I'm happy. Also big sexy cat lady.,True,1712812502,28,4,0.677727043628692627,0,395,395,76561198422642569
1574270,116702040,I love eldritch horrors beyond my comprehension. 10/10,True,1654737311,10,1,0.555352747440338135,0,426,518,76561198344530081
1574270,133283878,"""The most merciful thing in the world, I think, is the inability of the human mind to correlate all its contents. We live on a placid island of ignorance in the midst of black seas of infinity, and it was not meant that we should voyage far. The sciences, each straining in its own direction, have hitherto harmed us little; but some day the piecing together of dissociated knowledge will open up such terrifying vistas of reality, and of our frightful position therein, that we shall either go mad from the revelation or flee from the deadly light into the peace and safety of a new dark age."" - Some guy who named his cat the n-word

In all seriousness, this is a fantastic strange horror dating simulator that's well worth checking out 9/10",True,1676972696,2,0,0.510948896408081055,0,332,390,76561198451301065
1574270,113854755,"Cute, Fun, Not too much brain power",True,1649964130,0,0,0.5,0,282,282,76561198094028235
1574270,118643833,"No mom, im gaming dont worry",True,1657565143,8,7,0.585981667041778564,0,348,353,76561198380616187
1574270,123942461,mark played it idk,True,1665949555,3,3,0.476878583431243896,0,349,484,76561199405312761
1574270,163952040,"This game is phenomenal. Absolutely just incredible. This game is a dating sim but there's much more than just ""getting the girl."" There is so much passion and heart in this game, and you can really feel it. The art is amazing, the story (while a little silly) is fantastic, the soundtrack, perfection, I have that damn credits song stuck in my head now. Just everything is so good, like I cannot recommend this game enough. Again, incredible, 100/10.  Please play it before judging it.",True,1714524990,0,0,0.5,0,403,405,76561199030944292
1574270,167614949,fun,True,1718700029,0,0,0.5,0,289,289,76561198414473935
1574270,142011726,Played for the story... trust me bro!,True,1689279353,0,1,0.5,0,323,323,76561198123712782
1574270,112602626,"This game is yet another must play visual novel for those looking for something more than just a ""cute girl dialogue simulator"". The voice acting and writing is funny, smart, and at times heartbreaking. Without spoiling too much, the last chapter actually has some fun gameplay quirks that really keep the pressure on! If you're on the fence, get it. Although it's short, I feel like these devs deserve support to see what else they can make in the future! (Ps L'neta best girl)",True,1647882248,1,0,0.5,0,282,282,76561198020078429
1574270,118992648,"Oh, Aunty Nyan Nyan, why can't you see? You enchant me, yet you don't accept my burning love for you. Oh, Aunty Nyan Nyan, why can't you see you are meant for me? I love the way you talk, the way you carry yourself; I cannot seem to live without the thought of you anymore, and as such, I have made a body pillow of you, My beloved Nyan Nyan.",True,1658117693,1,0,0.5,0,420,3509,76561198268227655
1574270,199323521,"came to the game for hot squid girl, and got exactly what I wanted! But even outside of best girl Ln'eta the game is still worth buying for it humor alone as this is one of the consistantly funniest games I've ever played! it's a bit lacking in the gameplay department (in particuler I would have LOVED a harder verson of the Nyanetholep ""Date"" TO REALLY test my skills) but all in all, a worthwhile perchase!",True,1752014178,0,0,0.462962955236434937,0,431,462,76561199275127093
1574270,113723352,Never in my life I thought I would get off to tentacles for mouths,True,1649735926,0,0,0.5,0,280,303,76561199031977608
1574270,151841163,"Very good game, combining comedy and horror.
The designs are appreciable, and the scenario of the three people to smooch is nice (I really liked the fact that the characters are related)
I find that there is a lack of a gallery of endings obtained

Très bon jeu, mêlant comédie et horreur.
Les designs sont appréciables, et le scénario des trois personnes à bécoter est sympa (j'ai beaucoup aimé le fait que les personnages soient liés)
Je trouve qu'il manque une galerie de fins obtenues",True,1700924343,2,0,0.5,0,376,509,76561198814252322
1574270,177882218,What can I say its peak fiction,True,1730068736,0,0,0.5,0,295,325,76561199114834667
1574270,188739674,"Good voice acting and a lot of funny scenarios.

My problem is constantly going ""too fast"" on reciting the chants. I wish there was a way to scale this to an easier more forgiving speed. Especially when you're going back to unlock the other endings.

Other than that nuisance, good game. Short, and the prelude is essentially Ch 1 in this game.

Rec. only on sale or in a bundle (like right now on fanatical)",True,1740503315,0,0,0.5,0,347,347,76561198370147180
1574270,138071508,"This is very legitimately one of the most fun games I've ever played. Only thing I would change is giving it some achievements. But the characters are all incredible, the main character is great the gods are great its all great.",True,1683679132,1,0,0.5,0,364,364,76561198058336032
1574270,129806741,"goodeeeeeeeeee, very ncie ehehehee",True,1672522042,0,0,0.5,0,318,318,76561198209166108
1574270,158361518,"[h3]It got tits and tentacles, what more do you want from me? Recommended.[/h3]

Oh, and the fact that Lovecraft was a deeply troubled xenophobic trashbag of a man is a thing I love to bring up as soon as someone dingles the amazing Cthulhu Mythos in front of me like a slippery tentacle. That said, had Lovecraft lived today he would probably have embraced the unknown and bloomed into a full fledged dweeb like the rest of us, so Sucker for Love: First Date is an instant add to the canon of my own personally curated official Cthulhu mythos. 

This game might honestly be the finest adaptation of Lovecraft's work ever committed to an interactive medium..",True,1707987386,12,1,0.595045626163482666,0,361,361,76561197989766649
1574270,113174327,"Great game, excited for the sequels",True,1648833749,0,0,0.5,0,283,293,76561198011303428
1574270,205152147,succcc,True,1758790034,1,1,0.52173912525177002,0,328,328,76561198193714019
1574270,111969894,top 5 games of all time for sure.,True,1646999626,3,0,0.545394539833068848,0,646,949,76561198957175245
1574270,172414840,The cthussy got me acting mischevious,True,1724012800,1,0,0.5,0,1276,1293,76561199223166261
1574270,121632525,good game,True,1662139170,1,0,0.5,0,1611,1653,76561199225748144
1574270,123759419,An emotion stronger than fear. 10/10 smoking eldritch babes,True,1665646296,0,0,0.5,0,499,499,76561198276155416
1574270,209164525,"women,,,
h-hot.... ./////////.
i have never gotten this much gay panic from a game before XD",True,1763085948,9,0,0.593963503837585449,0,672,672,76561199473668788
1574270,175131741,amazing game and amazing characters in the dating sim. https://youtu.be/Ptownby71dQ?si=U3PRwkb1NsdHQxY1,True,1726527677,1,0,0.5,0,301,301,76561198198539857
1574270,139504307,silly concept fun gameplay,True,1685828938,0,0,0.5,0,354,354,76561199121575206
1574270,194668786,Nyanlathotep my beloved,True,1746953118,0,0,0.5,0,296,296,76561198094014549
1574270,115312106,Give your life to the Cthulussy,True,1652295460,4,1,0.551752209663391113,0,165151,650840,76561197971977590
1574270,124169574,"all i can say is, i wish this was an anime.",True,1666372832,1,0,0.5,0,307,502,76561199303154150
1574270,111967957,"Great game, uh hot curvy woman included in package worth it",True,1646996443,1,0,0.500344574451446533,0,390,397,76561199089840519
1574270,111363991,Good mhm yes I like very much,True,1646209544,0,0,0.5,0,310,572,76561198116919463
1574270,191205110,Thank you... for giving me a dream wonderful enough to remember clearly.,True,1742969754,1,0,0.522058844566345215,0,421,421,76561198279316423
1574270,111223094,No force on any plane is as dangerous or feared then that of a chaotic bisexuals lustful desire,True,1646035542,1,3,0.5,0,398,398,76561198070473969
1574270,126775707,I LOVE CUTE ELDRITCH WAIFUS!!!!!!!!!!!!!,True,1669364581,2,0,0.545454561710357666,0,359,359,76561198087409330
1574270,138555743,DO NOT FUCK THE ELDRITCH HORRORS!!!!!!,True,1684512545,14,6,0.636525750160217285,0,316,318,76561198887859555
1574270,117502186,I get to date the sweetest eldritch girl and a milf cat eldritch thing. 10/10 will sacrifice my reality to smooch them anytime.,True,1656058879,9,1,0.527334451675415039,0,312,395,76561198168432382
1574270,141787607,"Local Man Too Horny to Die. Billions killed, innumerable injured.",True,1689023633,58,17,0.829459428787231445,0,322,322,76561198085271315
1574270,123417230,"A fun silly VN dating sim where you get to date the eldrich gods of your dreams! Or get to be the man of their dreams technically I think? Either way it's a good time. Gets actually a little freaky in the last chapter but overall a great mostly light-hearted time with just a hint of spooky thrown in for good measure.

10/10 would haunt Aunty Nyan Nyan's nightmares again.",True,1665017848,10,3,0.602051734924316406,0,286,286,76561197996910141
1574270,184340769,its very funny and fun to play! Not for kids but funny,True,1735660666,1,0,0.523809552192687988,0,574,11410,76561199258012461
1574270,138105354,"Muu if you're reading this, could you send me a ""survival guide” too. I believe, I have the same type of lust. Thanks!",True,1683744534,26,6,0.716827332973480225,0,356,356,76561198017012962
1574270,171057703,Peak fiction,True,1722291437,0,0,0.5,0,310,310,76561199028515638
1574270,111656415,Ending was complicated but totally worth my time. 10/10 if i could replay it again and try to do everything one more time i would.,True,1646550055,1,0,0.5,0,299,299,76561198418229397
1574270,192519989,"This game is gud, short but very enjoyable, quite funny and very good presentation. Definitely worth the 10 bucks. Plus hot eldritch gods.",True,1744397083,2,0,0.540453076362609863,0,280,280,76561198128241837
1574270,118304499,This game has made me want to date a god with tentacles coming out of her mouth enough for me to realize that I am not sane.,True,1657085308,26,8,0.705217540264129639,0,1041,1042,76561198437045702
1574270,123571324,"Not as long/not as many alt routes as I would've hoped, but I really enjoyed it.",True,1665293444,0,0,0.5,0,308,308,76561197982949789
1574270,198089289,"Relatively short, fun final boss, and date-able eldritch horrors beyond your comprehension. What's not to love?",True,1750829240,1,0,0.5,0,333,333,76561199501941731
1574270,163429463,"just completed everything the game has to offer and went looking for a sequel cause this was dope as hell and I REALLY wanted more, turns out there is one and it comes out in like 6 hours so hell yeah",True,1713863909,1,0,0.519999980926513672,0,342,342,76561199252480630
1574270,126774960,"smash, i mean smash, i mean...",True,1669364202,0,0,0.5,0,355,355,76561198289824055
1574270,141204818,A nice quirky visual novel.  Really enjoyed the characters and looking forward to Sucker For Love 2!,True,1688381201,0,0,0.5,0,297,297,76561198249454456
1574270,126093487,"When I got it for my birthday, I expected lewd stuff including tentacles, but played it, streaming to my friends in discord just for the lulz to show off then gift I received. What I did not expect was insanely clever, humorous writing, adding some of that unsettling Lovecraftian horror remarkably well, and the voice acting is really good. It's clear that the developer truly understands the core reference material, and as such is the case can throw extremely goofy curve balls that would make you laugh. It's not very long, but there are some branching paths which you can easily get since you can jump to relevant checkpoints at any time. So go out there and smooch some elder gods",True,1669159054,0,0,0.5,0,299,299,76561197972888913
1574270,130947709,"The horror elements, cute art style, and retro feel really made this a game I'll always love. Plus, as someone who's a huge fan of mythological lore and games, the fact that the love interests are all eldritch monsters really sold it for me.",True,1673839984,0,0,0.5,0,740,822,76561199284533128
1574270,117340923,"I can't believe I let myself wait to play this game. I had it on my wishlist since before it was available but only now got it and played, and i couldn't stop once i'd started. fantastic work and would love a longer story or more endings in another one :D",True,1655794449,0,0,0.5,0,290,354,76561198031276342
1574270,129822567,I never thought space tentacle creatures were hot until now,True,1672541761,8,1,0.569177508354187012,0,436,436,76561198960412514
1574270,115208389,"I purchased/played this game because I was told it was similar to Doki Doki Literature Club. It does seem to be a little similar, but not really as scary or thrilling as DDLC. That being said, it was super cute and entertaining, so I don't regret anything. It's like a classic VN or dating sim, and clearly had some thought put into it.
A couple of bugs here and there, but a great 4-5 hour game.",True,1652107432,3,0,0.523809552192687988,0,321,366,76561198108920235
1574270,114802088,"2D woman and 3D woman are fine but a fourth dimensional woman that is my kind of taste.

Yes I loved getting smooch by a tentacle woman coming for an another dimensional that you have to do a ritual summoner.",True,1651439411,19,4,0.626887738704681396,0,302,302,76561199033170680
1574270,114198822,FOR THE SMOOCHES!!!,True,1650498469,16,9,0.581945061683654785,0,360,360,76561199100522101
1574270,111581050,i saw this on markipliers channel and i just had to play it through myself great game love all the endings and humor 10/10 would recommend,True,1646470607,0,0,0.5,0,350,350,76561199071644386
1574270,114403203,Best visual novel game I've played lately!!!!,True,1650811496,0,0,0.5,0,547,548,76561198415213648
1574270,135120225,I loved this! Play this game it will bring you joy!,True,1679429112,0,0,0.5,0,285,635,76561198120395647
1574270,112603487,"Loved the concept of eldritch horrors as date but didn't expect much beyond that, and was very pleasantly surprised by everything packed in this relatively short game. Absolutely adored the last date and can't wait for more",True,1647883436,0,0,0.5,0,329,423,76561198839888339
1574270,112903474,"Some may ask why, i ask how.",True,1648370460,1,0,0.523809552192687988,0,283,283,76561198930262095
1574270,113262233,"**Sort of Spoilers**

The twist of the third chapter takes this from good to great. The Lovecraftian dating sim was fun and humorous, but as a fan of the originals the shift in the third chapter was by far my favorite part of the game",True,1648968766,0,0,0.5,0,310,310,76561198042097016
1574270,183755798,Nice,True,1735223170,0,0,0.5,0,405,405,76561198994803852
1574270,121486525,The kiss was worth it,True,1661884879,4,0,0.545483946800231934,0,4141,76593,76561198360892593
1574270,123533312,dating sim about eldritch horrors with body horror and smooches? count me in!,True,1665232768,0,0,0.5,0,447,447,76561198297500910
1574270,113753357,This game really makes me feel like Cthulhu's boyfriend,True,1649789491,0,0,0.476190477609634399,0,341,357,76561198229839212
1574270,113915496,"One of the best games I've ever played, and one of my favourites. If you're expecting something lewd, the best you're gonna get is your dirty mind and those tentacles, but the story and game itself is amazing, well written and hilarious, I've never really been a romance person, but when I found this game, I fell in love with it. My recommendations have been ruined but it was worth it for all the laughs and shrieks of horror. If you're into elderich gods, horror, or romance, then this is the game for you, and even if you're not interested in it, PLAY IT, the story will draw you in and the comedy is gold! Sorry for the long review, I don't usually write reviews, but I needed to share my opinion, the amount of times I've played and the joy it gave me, I want to share that and convince other people to play the game. Worth it.",True,1650057720,0,1,0.5,0,432,470,76561198311531650
1574270,112762019,">bought it as a joke on april fools
>hey this game's pretty cool

9/10 dev do his research",True,1648148800,0,0,0.5,0,281,353,76561198398230192
1574270,113722235,This game is just a masterpiece! Simply wonderful! 10/10,True,1649733522,1,0,0.523809552192687988,0,304,393,76561197968998656
1574270,119432302,Very fun cute horror dating sim.,True,1658740014,0,0,0.5,0,303,303,76561198010443359
1574270,152714534,"I may not know how to talk to girls, but at least I can smooch eldritch gods.",True,1701516121,1,0,0.5,0,478,499,76561198860068060
1574270,165923378,"One of the cutest most, fun games you will ever play. Fall in love with this games and the strong goddesses within it. 
Personally I am team L'neta <3 
Works great on the steam deck !",True,1716486049,1,0,0.5,0,349,349,76561199230983936
1574270,111260240,It's magnificent. Beautiful. Amazing. Spectacular. Glorious.,True,1646080634,1,0,0.5,0,484,1658,76561198850671556
1574270,112444396,its a game,True,1647654872,1,0,0.5,0,337,431,76561199071553180
1574270,163727378,Really great game just got the sequel cant wait to try it out. awesome designs and graphics.,True,1714251342,0,0,0.5,0,285,285,76561199618278786
1574270,167963923,"When faced with the absurdity of the uncaring nothingness of a universe utterly ambivalent to our human existence, the absolute worthlessness of humanity on a cosmic scale, bro said ""would""",True,1719103781,62,31,0.856637954711914062,0,299,427,76561198438418495
1574270,114187753,"I have been enlightened
A new gate has opened
But most important
When is next part coming out!?

⡆⣐⢕⢕⢕⢕⢕⢕⢕⢕⠅⢗⢕⢕⢕⢕⢕⢕⢕⠕⠕⢕⢕⢕⢕⢕⢕⢕⢕⢕
⢐⢕⢕⢕⢕⢕⣕⢕⢕⠕⠁⢕⢕⢕⢕⢕⢕⢕⢕⠅⡄⢕⢕⢕⢕⢕⢕⢕⢕⢕
⢕⢕⢕⢕⢕⠅⢗⢕⠕⣠⠄⣗⢕⢕⠕⢕⢕⢕⠕⢠⣿⠐⢕⢕⢕⠑⢕⢕⠵⢕
⢕⢕⢕⢕⠁⢜⠕⢁⣴⣿⡇⢓⢕⢵⢐⢕⢕⠕⢁⣾⢿⣧⠑⢕⢕⠄⢑⢕⠅⢕
⢕⢕⠵⢁⠔⢁⣤⣤⣶⣶⣶⡐⣕⢽⠐⢕⠕⣡⣾⣶⣶⣶⣤⡁⢓⢕⠄⢑⢅⢑
⠍⣧⠄⣶⣾⣿⣿⣿⣿⣿⣿⣷⣔⢕⢄⢡⣾⣿⣿⣿⣿⣿⣿⣿⣦⡑⢕⢤⠱⢐
⢠⢕⠅⣾⣿⠋⢿⣿⣿⣿⠉⣿⣿⣷⣦⣶⣽⣿⣿⠈⣿⣿⣿⣿⠏⢹⣷⣷⡅⢐
⣔⢕⢥⢻⣿⡀⠈⠛⠛⠁⢠⣿⣿⣿⣿⣿⣿⣿⣿⡀⠈⠛⠛⠁⠄⣼⣿⣿⡇⢔
⢕⢕⢽⢸⢟⢟⢖⢖⢤⣶⡟⢻⣿⡿⠻⣿⣿⡟⢀⣿⣦⢤⢤⢔⢞⢿⢿⣿⠁⢕
⢕⢕⠅⣐⢕⢕⢕⢕⢕⣿⣿⡄⠛⢀⣦⠈⠛⢁⣼⣿⢗⢕⢕⢕⢕⢕⢕⡏⣘⢕
⢕⢕⠅⢓⣕⣕⣕⣕⣵⣿⣿⣿⣾⣿⣿⣿⣿⣿⣿⣿⣷⣕⢕⢕⢕⢕⡵⢀⢕⢕
⢑⢕⠃⡈⢿⣿⣿⣿⣿⣿⣿⣿⣿⣿⣿⣿⣿⣿⣿⣿⣿⣿⣿⣿⣿⣿⢃⢕⢕⢕
⣆⢕⠄⢱⣄⠛⢿⣿⣿⣿⣿⣿⣿⣿⣿⣿⣿⣿⣿⣿⣿⣿⣿⣿⠿⢁⢕⢕⠕⢁
⣿⣦⡀⣿⣿⣷⣶⣬⣍⣛⣛⣛⡛⠿⠿⠿⠛⠛⢛⣛⣉⣭⣤⣂⢜⠕⢑⣡⣴⣿",True,1650480116,1,0,0.523809552192687988,0,546,546,76561198080176216
1574270,154293603,Big funny,True,1703423064,0,0,0.476190477609634399,0,317,317,76561199078611845
1574270,117333625,Need more Ln'eta but 10 out of 10 how ever i will subtract one point for people thinking cat lady is hot. So 9/10,True,1655778981,0,1,0.5,0,2783,2921,76561199129621925
1574270,157849002,"As far as I'm concerned, as long as you're horny or in-love enough, any horror is comprehensible.",True,1707399031,4,0,0.528301835060119629,0,316,326,76561198802095299
1574270,117827115,I get to smooch big cosmic ladies,True,1656461435,0,0,0.494914859533309937,0,339,339,76561198799218754
1574270,147462888,"Unironically a really funny game filled with laughter, 10/10 would recommend playing this while streaming to friends, made us all laugh and was even challenging at times. It took me 5.1 hours to 100% it but its well worth it for its price tag IMO.",True,1696192117,1,0,0.5,0,298,298,76561198129127689
1574270,117629181,A horror dating sim? Highly refreshing and amusing.,True,1656219920,0,0,0.5,0,307,307,76561197998838517
1574270,135851499,This was a fantastic game loved how the Eldrich horrors were portrayed and the amazing puns like the crawling chaos being clawing.,True,1680322323,1,0,0.504504501819610596,0,364,364,76561198335298724
1574270,166236519,the big cat lady didnt step on me :(,True,1716925736,0,0,0.5,0,485,493,76561199365876608
1574270,131138860,"Quick review: If you like DDLC you'll like this game. If you didn't like DDLC or didn't bother playing it try playing this one instead because I assure you it's not as boring.

I played DDLC and the two games are very similar. They are both psychological horror games that disguise themselves as dating simulators. One of the main differences in this game is that you have multiple different endings that are more clear and easily obtainable. Sucker for love is also shorter so you don't have to dedicate a bunch of time to it even if you're trying to 100% it. It also has neat ritual mechanics and fully voiced dialogue to keep you awake where DDLC has lengthy dialogue constantly that my brain can't stand to pay attention to.",True,1674125353,0,0,0.5,0,328,328,76561198304155860
1574270,111358200,NON EUCLIDEAN BOOBIES,True,1646201199,1,2,0.523809552192687988,0,281,281,76561198346294315
1574270,116044349,"i bought the game for cat mommy, now my feeble mortal mind can dream of nothing but her. i desperately need more cat mommy, oh outer gods help me.",True,1653581077,18,3,0.668901205062866211,0,324,344,76561198247144444
1574270,178850324,Wacky And Fun As Fuck!,True,1731361164,0,0,0.5,0,589,589,76561199214135081
1574270,152695795,"I like women and eldritch horrors, I have nothing more to say",True,1701491175,0,0,0.5,0,453,1286,76561199225003595
1574270,121658591,Ever wanted to smooch a cosmic eldritch babe?  get it here folks.,True,1662181449,2,0,0.519999980926513672,0,302,309,76561197999589968
1574270,115051887,10/10 fun to play and get all the endings,True,1651862962,1,0,0.5,0,2113,3650,76561198220026751
1574270,129749184,"Cute! It ended up being a bit more interesting than I expected with the main character being aware of world resets at certain points, and some fun storytelling. A great way to spend the afternoon. If you liked doki doki, then this may scratch a similar itch.",True,1672462958,0,0,0.5,0,282,448,76561198237330016
1574270,112744323,"Hilariously spooky 10/10 best eldritch dating sim.

 All of the characters had way more personality than I was expecting, this quickly became an eldritch comedy romance melodrama and I unexpectedly love it. I'm not into dating sims but this is well worth playing and I particularly enjoyed the banter.",True,1648123419,0,0,0.5,0,300,300,76561198108882735
1574270,187921722,i love this game cuz it has refrences to cryptids and honestly i like cryptids. and the romance apspect isnt to explict. i think its safe enough that you could stream this even on tiktok.,True,1739577300,0,0,0.5,0,349,463,76561198385012000
1574270,201932890,I WILL ALWAYS BE YOUR #1 FOLLOWER LN'ETA RAAAAAHHHHH I LOVE YOU!!!,True,1754942304,0,0,0.5,0,329,339,76561199052454503
1574270,125237732,"Very funny, interesting game. The horror element played much better than I expected; the devs are clearly big fans of lovecraft.",True,1668067458,0,0,0.5,0,670,670,76561198195449755
1574270,122443741,Cthulhu approved.,True,1663520119,0,0,0.5,0,687,1022,76561198831734436
1574270,116822943,Ln'eta fhtagn!,True,1654964142,0,0,0.5,0,302,335,76561198271327135
1574270,146515142,"who doesnt love a good cosmic horror dating sim? One of the best i've played. It has wonderful writing, and engaging characters.",True,1695010548,0,0,0.5,0,308,308,76561198063707747
1574270,157534803,"i've played this on multiple occasions and its always fun to play this with friends in voice acting streams, but be prepared for all the tentacles.",True,1707005992,0,0,0.5,0,516,516,76561198851478818
1574270,118055079,"10/10
Would marry a Planet again.",True,1656759954,0,0,0.5,0,351,536,76561198222728208
1574270,122616096,"You're given three dating choices; a squid, a cat, or an arts girl. All end in misery as you'd expect. 10/10",True,1663826730,19,4,0.70841294527053833,0,286,286,76561199056113369
1574270,208087107,peak game gooned to it after,True,1761952081,1,3,0.476190477609634399,0,289,326,76561199385757197
1574270,112734049,Best visual novel I have ever played. 10/10 I need more. I need more so bad.,True,1648102747,0,0,0.5,0,784,784,76561198083963086
1574270,151938656,"BARK BARK BARK BARK.

I LOVE ALL OF THEM, EVEN AUNTIE NYAN-NYAN. BARK BARK BARK.

Joking aside, good game.",True,1700958650,10,1,0.527003467082977295,0,329,341,76561198419208514
1574270,112127029,Love it. Ln'eta and Nyan nyan is what i like. Recommend 10/10,True,1647195004,13,3,0.590879678726196289,0,318,318,76561198067578823
1574270,129373218,A dating sim I never knew I wanted. Adoriffying.,True,1672092469,2,0,0.5,0,755,755,76561198085633723
1574270,178825023,I get it,True,1731332809,0,0,0.5,0,309,309,76561198854265655
1574270,183017816,I love this game. It's one of the best dating sims I've ever played. The humour is on point and tbh rather aware of actual eldrich lore. The art is pretty. The voice acting is great. And the game play is engaging and completely unique. I can't recommend this game enough.,True,1734495767,5,0,0.581749081611633301,0,331,331,76561198095293908
1574270,111570121,I want to fuck Nyanthalotep,True,1646457152,0,0,0.476190477609634399,0,622,622,76561198399332791
1574270,193976620,"Just yes. Funny, wholesome, if a bit iconoclastic to the source material. I highly recommend this game",True,1746106776,0,0,0.5,0,436,473,76561198064781361
1574270,114878724,this is an amazing game and my bestfriend panda would adore it,True,1651574706,1,0,0.523809552192687988,0,1159,1776,76561199213318289
1574270,116757230,Game is hard.,True,1654848845,0,0,0.5,0,413,419,76561198320213827
1574270,138346146,bought this as a joke. the game turned out to be surprisingly fun! would unironically buy again,True,1684170298,0,0,0.5,0,680,775,76561198796577640
1574270,147595424,the protagonist for this game probably is one of the most funny endearing dating sim mc's ever. should have a separate game /mode where you can just date him,True,1696378845,1,0,0.47413790225982666,0,324,325,76561198838675135
1574270,111215849,The main character is a bard and he's got a tromboner.,True,1646024849,0,0,0.5,0,317,320,76561198842051303
1574270,134305923,(( happy eldritch noises )),True,1678295570,8,0,0.605682909488677979,0,352,534,76561198073870559
1574270,113235067,I gib smoootch/10 !,True,1648925573,0,0,0.5,0,307,307,76561197972312805
1574270,115376639,I want Estir to hurt me more. Also is it bad that my fav ending is the toxic ones?,True,1652425346,2,2,0.525862038135528564,0,431,486,76561199068105804
1574270,150389090,Eldritch horrors beyond comprehension. 10/10 would date again.,True,1700347680,1,0,0.5,0,378,378,76561199073014379
1574270,135837597,yes,True,1680305640,1,0,0.48611113429069519,0,371,371,76561199034113177
1574270,116339789,loved dating cute eldrich girl and ending a couple of reality,True,1654100587,1,0,0.523809552192687988,0,444,444,76561198385702640
1574270,122466155,"I was first exposed to this game at the Dread XP booth at Pax West 2022 and checked it out since it was a goofy looking dating sim. I wishlisted it, got a notification it went on sale, bought it, and had a fantastic time playing it. Can't wait for Date to Die For (ง ͠° ͟ل͜ ͡°)ง

Ln'eta best girl.",True,1663557400,0,0,0.5,0,335,335,76561198821233933
1574270,118178986,"This is literally one of the most fun, spooky, wholesome, and random visual novel i have ever played like wtf its the first time ive been so motivated to earn all the true endings. One thing i didnt like was the MC's unloyalness but i know that was needed to create more fun stuff in the game! <33",True,1656917305,6,0,0.558002293109893799,0,635,635,76561199267723503
1574270,130704838,"quick, fun, not much else to say for it. Looking forwards to the next game too.",True,1673537626,0,0,0.5,0,341,362,76561198030162552
1574270,113272454,very gud,True,1648984486,0,0,0.5,0,317,317,76561198049652857
1574270,113013220,I know it's to early to say for sure but I think this is going to be the game of the year. It is easily in my top 3 games of al time and I would recomend it to anyone who can handle a little gore.,True,1648551071,1,0,0.476190477609634399,0,889,7131,76561198975824868
1574270,140360346,Tall cat mommy is gonna make me act up.,True,1687217592,50,14,0.804514527320861816,0,282,357,76561199485923428
1574270,172053700,"It's glitchy, short, rough around the edges and the puzzles can never find that place between simple and frustrating.

And yet...

The writing is goofy, the voice acting is fun, and the protagonist is... well... ""too stupid to live, too horny to die"" is an underrated trope.

Well worth the time, needs you to meet it halfway, snag it when its on sale.",True,1723567785,7,2,0.608730137348175049,0,345,345,76561198035665256
1574270,142229641,"This game's protagonist took the phrase ""My dick has taken me to places I wouldn't even go with a gun."" to heart.",True,1689544112,5,5,0.560293138027191162,0,424,424,76561198052822971
1574270,199329831,"this is one of the best games I've played in a long time. 100% worth every penny. 10/10 
what are you still reading this for. JUST GET THE GAME ALREADY!!",True,1752021111,0,1,0.5,0,369,369,76561199750980825
1574270,112831622,yes,True,1648262826,1,0,0.52173912525177002,0,391,534,76561198077348266
1574270,112453385,women women women woemn women women women women women wom;en women women woemwon owemwoen,True,1647669349,2,0,0.523809552192687988,0,1551,2222,76561199085724923
1574270,113434856,Step on me Cat-goddes-daemon mommy.,True,1649260352,3,0,0.522293031215667725,0,313,381,76561198130468480
1574270,112582786,After watching the first chapter being played on YouTube I immediately bought it and have not been disappointed! It was fun with a few challenges and always kept both my wife and I wanting to play more. I'd love to see a continuation of this and can't recommend it enough. <3,True,1647848838,0,0,0.5,0,301,316,76561198371239366
1574270,131831034,Her eyepatch changes sides bad game made me only cum twice,False,1675026432,1,5,0.376472324132919312,1,55,71,76561198120806104
1574270,127800482,I got this as part of a bundle. I played 20 minutes and I couldn't take any more. Truly a lovecraftian horror.,False,1670027800,6,3,0.481189221143722534,0,22,22,76561198043380269
1574270,137252796,The chant system sucks,False,1682384166,2,0,0.380789846181869507,0,90,133,76561198143724940
1574270,138916035,"I m sorry to say , but very overhyped .

I like the art direction , but really the second story sucked , and the first was ok but super short",False,1684946034,2,0,0.381148189306259155,0,102,102,76561198291352437
1574270,188108822,"You should play Dark Souls instead. Something cool about the dark souls games is, yeah they are connected and can be done in an order but you can get a similar effect to say Star Wars depending on how you get the lore and which game you play first. You could play DS1 then DS2 and then DS3 and get a basic experience and then watch some Vaati videos... OR you could play DS2, then DS3 THEN DS1. You start DS2 and are introduced into this world and while YES it's no the best souls game you'd be playing it mainly for Lore reasons. Then you would play DS3 and Ashes DLC but NOT ringed city yet, after Ashes and main DS3 you've been fully introduced to a good chunk of characters and areas THEN you play DS1 + all the DLC and you gain a learn so much more about the areas in DS3. AFTER that You go finish (Here you should replay DS3 as well but up to you) DS3 Ringed CIty thus completing your DS journey and if you feel so inclined maybe even play Elden Ring or Bloodborne and tell yourself it takes place after Ringed City. And then if you really wanna just have fun you play DS1 up until Anor Londo and that Chest after that fight and then go and play DS3 and ignore DS3 DLC, DS2 and the rest of DS1!",False,1739782504,2,8,0.361172616481781006,0,42,42,76561198892039705
1574270,122610394,sucks ass,False,1663815152,1,0,0.360906064510345459,0,53,53,76561198305017375
1574270,190848574,destroy the universe for quite literally a kiss just one that's it nothing really rewarding at all do not recommend but the story was kinda decent,False,1742604962,0,1,0.5,0,71,71,76561198068976689
1574270,154762576,Annoying anime vibe.,False,1703898794,0,0,0.348837226629257202,0,6,6,76561198265448686
1574270,118096148,"No matter how slowly I try to move the mouse to ""chant"" (and I have spent close to thirty seconds on several attempts) it always fails on the last letter. Would like to play the game, but can't even get started. It seems like some others have had a good time, and I like the concept, but I cannot recommend it.",False,1656807613,5,2,0.511506736278533936,1,12,12,76561197994171144
1574270,110456642,how the heck did this get so many good reviews? it’s not good,False,1645139573,3,3,0.21106402575969696,2,36,36,76561198013686026
1574270,111976736,"the moment Ln'eta was summoned i immediately started to get an erection that just wouldn't calm down until i closed the game
i couldn't play the game because of this
wouldn't recommend",False,1647009006,27,100,0.491624593734741211,1,57,296,76561199000615294
1574270,121746354,"The story and idea behind the game is great. 
Artwork is also good.
Sadly the main gameplay element - performing occult rituals - is basically completely neutered: Messing up a ritual has no effect other than the game telling you what you did wrong and to try again. 
You also have pretty much no choices, the story is almost completely linear. Not even dialog choices. 

If there were consequences for messing up rituals, I'd recommend it, but as it is, it's a tentative no from me.",False,1662313292,4,0,0.481773972511291504,0,56,56,76561198065775506
1574270,189511953,"Unfortunately the game does not support ultrawide screens, and playing on a tiny window is inconvenient. Wish I could've given it a real go",False,1741269056,3,1,0.49727669358253479,0,5,5,76561198097362876
1574270,115469183,Can't play one-handed,False,1652572333,10,50,0.443985193967819214,2,45,94,76561198447654639
1574270,177131542,"Just play the sequal, the MC in this is such an infuriating asshole.",False,1729044527,1,0,0.472972989082336426,0,173,173,76561198070334257
1574270,149628495,"[b]The game is full of Errors and crashes and became unplayable.[/b] Since it seems no updates are made to the game, I guess this is a forever current issue and it's simply what you'll get if you buy it.

The game keeps constantly showing coding errors, where you can only abort the program, making the game to shut down after the error shows up. It became too frequent and turned out being totally exasperating; I need to keep going back to the last checkpoint, since there is no saving system to save your progress. This issue just made me totally  lose interest in the game!

Knowing that they'll be having a sequel soon without fixing these serious functionality errors in their present game, seems the Devs are just invested in using players for money, not really interested in providing them a nice playing experience. What made me even madder was that I had none of these issues playing the prelude game (""Sucker for Love: Prelude"") which is [b]free[/b]. This [b]paid[/b] game ""Sucker for Love:First date"" includes the sequel to the prelude and also a new version of the prelude (with a new background setting but the same story). So the prelude [b]works in the free game but not in the paid version[/b] which is full of errors.

If you want to enjoy the story a little bit, just play the free prelude. This one is a disappointment.

It's just a waste of money in a broken game!

Whenever or [b]if[/b] they ever decide to fix the game I'm willing to change my review. By how it is right now, it's a NO!

Here are a few examples:
[quote]
___
############################################################################################
ERROR in
action number 1
of Draw Event
for object obj_ib_book:

Memory allocation failed: Attempting to allocate 67108880 bytes
at gml_Object_obj_ib_book_Draw_0
############################################################################################
gml_Object_obj_ib_book_Draw_0 (line -1)
gml_Script_ib_book_draw (line -1)
gml_Object_obj_LnetaCH1book_Draw_0

___________________________________________
############################################################################################
ERROR in
action number 1
of Create Event
for object obj_mouse:

Memory allocation failed: Attempting to allocate 67108880 bytes
############################################################################################

___________________________________________
############################################################################################
ERROR in
action number 1
of Draw Event
for object obj_Checkpoint:

Memory allocation failed: Attempting to allocate 67108880 bytes
at gml_Object_obj_Checkpoint_Draw_0
############################################################################################
gml_Object_obj_Checkpoint_Draw_0 (line -1)

___________________________________________
############################################################################################
ERROR in
action number 1
of Draw Event
for object obj_Ch2Intro_2:

Memory allocation failed: Attempting to allocate 67108864 bytes
at gml_Script_sys_layer_draw_char
############################################################################################
gml_Script_sys_layer_draw_char (line -1)
gml_Script_vngen_object_draw
gml_Object_obj_Ch2Intro_2_Draw_0
[/quote]",False,1699240174,13,1,0.627177000045776367,0,146,732,76561198148950594
1574270,108491134,"The game is funny, cute, and overall interesting, however I currently can't really recommend it as there are a few bugs that are interfering with progression in the story. The checkpoint system seems to be capable of accidentally allowing two scenes to play at once, smooch progress is either visually bugged or does not work properly, and the secret progression seems to be suffering from a similar bug.",False,1642802746,5,0,0.430877864360809326,5,105,105,76561198056907588
1574270,118646083,"A good game you can't enjoy if you don't have steady hands. For someone with hand tremors like me, the stupid ""highlight the words slowly"" mechanic makes the first two chapters frustrating and the final chapter impossible to finish.",False,1657568006,41,6,0.788780927658081055,0,142,142,76561198144781022
1574270,189982157,"Received 2 copies at the same time from 2 of my friends, thanks fellas
The game has a handful of good jokes, that's about it
There is not much content and what is there gets reused, for the first 2 chapters anyways
I don't understand this getting overwhelmingly positive",False,1741735308,3,0,0.514683961868286133,0,107,107,76561198126317896
1574270,122929522,"As far as Milk outside and inside are pretty fun while short, this one feels kinda lacking in content.",False,1664305996,2,0,0.466699540615081787,0,106,106,76561198178271939
1574270,166255280,"I really wanted to give this game a good review, but due to how buggy the game is, I just can't. I can't even complete the chant for the first ritual. I tried looking into the community hub for any insight that might help, but it looks like most people had similar problems and nothing has been touched in about two years. I even tried clicking the ""visit dev"" button in game and it did nothing but freeze up. I bought this game as a bundle and I'm really regretting it.",False,1716953124,2,0,0.52173912525177002,0,114,151,76561199018795256
1574270,123760210,"no hate to the devs, this game just ain't made for me. luckily my partner who bought me this game loved it and had a blast.
To sum it up, it's a text base dating sim with some horror in it. Not really scary and just a good funny haha ""dating sim"" i say it with """" cause it's follow it word for word or start all over. not my cup of tea. 5/10",False,1665648288,4,0,0.502095937728881836,0,111,111,76561198433352688
1574270,153347216,"Looking at how buggy the game is a year after release, how it's missing basic features like achievements or the ability to regularly save instead of a stupid checkpoint system, and how the sequel goes in a completely different direction, it's blatantly obvious the devs don't give a shit about their audience.",False,1702263621,1,0,0.375047564506530762,0,120,120,76561198795607424
1574270,111283749,"this game says the F-word, this is a family friendly household. As nick-eh 30 says in his Fortnite videos.",False,1646110712,0,2,0.251022934913635254,0,171,422,76561198804948451
1574270,112108727,Too little content for paid game.,False,1647176619,3,2,0.324395716190338135,0,161,161,76561198390893851
1574270,113032084,Kinda Cringe NGL,False,1648578898,1,0,0.440751403570175171,0,165,251,76561198132466818
1574270,108437587,"Original Review on Release- 
A fun concept but needs some work to iron out a few of the problems.
It's also rather short for a $14.50 RRP.
At current the developers have a fairly long list of bugs to fix, so I may revise my review once they address things.

Edit - 
A lot of the game breaking bugs now appear to be fixed. There is some jank going on with clicking too fast or too many objects can make the wrong dialogue play. It's a decent 2.5hr game if you get past that.

Still not sure it's worth $14.50 RRP for 2.5Hrs though.",False,1642748779,10,0,0.428025752305984497,0,152,277,76561197978892226
1574270,152822328,"Is it well done? Yes. 
Is it worth more than £2? Not in an eternal aeon of sleepless death.
Two to three hours of fun animation, a couple of mobile phone type mini games. That's it.",False,1701629052,1,0,0.401987940073013306,0,103,103,76561198007290272
1574270,193373961,Not for me in the end. A fun premise but I didn't enjoy the second or third chapters and overall I found the game mechanics tedious.,False,1745365188,3,0,0.523035228252410889,0,211,211,76561199731094388
1574270,110672630,"Interesting concept, decent execution. With all the complexity of doing eldritch rituals, I expected the progression to be less linear.

The mechanics are hit and miss. There were pretty frequent visual bugs with equipping items, especially in chapter 2. Perhaps the game engine wasn't being used as intended, or perhaps the dev team was inexperienced or rushed. Good job to whoever did the art though.

I turned the voices off since they didn't add much, and while the dialogue was pretty clever most of the time, the game and story just didn't have much depth. I don't know how much getting voice actors cut into the budget, but my guess is the game could have been more fleshed out story-wise by not including it.

The price point is also a bit high for how short the game is. It took me like 3 hours including the secret final boss fight, which is easily manageable if you read through the book a few times before starting it (kinda tedious; ending wasn't particularly rewarding either). Almost every ending felt rather abrupt and unsatisfying.

Overall, this game just feels like a big missed opportunity that could have been much more. It tries to do cutesy romance, cool spellcasting, and eldritch horror, but nothing stands out as 'great'. It's all just 'there'.

This is one of those games that make me wish steam let you choose a neutral option for reviews, because I do like the concept and I want to see it done on a larger scale. I'm gonna downvote to make this review easier to find since I have a differing opinion from the mindless cthussy echo chamber. 5/10.",False,1645411140,19,0,0.551448225975036621,3,196,196,76561198874277768
1574270,187298894,I know this is a satire but this is just not that funny,False,1738850856,1,0,0.464571535587310791,0,338,338,76561198192650047
1574270,117496520,"The third chapter spoils an otherwise excellent experience. The whole third chapter is so different and frustrating. I enjoyed repeating the first two chapters to see different outcomes and experience the changes to the story.  I hated being forced to repeat the third chapter.

Seriously, why did the devs do this? It's such an abrupt change in gameplay.

The first two chapters are outstanding. The third chapter is decidedly not.",False,1656049052,4,0,0.485609620809555054,0,282,315,76561197970283619
1574270,122597042,"anyone actually interested in the game please do yourself a favor and only play the free demo
is basically the entire 1st date which is the best part of the game
1st date was cute and fun
2nd date extremely irritating
3rd date absolutely impossible to complete no checkpoints you must play through entire chapter that is a puzzle riddle maze good cause its always random so you can use memory and yeah no checkpoints yet rest of game had them after each spell
there are 13 final spells game gives like 10 seconds to scroll through 13 pages of your book enter different rooms grabbing different items and them chant but not too fast or you will fail
you dont even have enough time to figure out what spell let alone go into the right room collect right item and actually chant the spell absolutley ridiculous
somehow somewhere a $10 game turned into a game I would not play i f was paid $1000 to do so
and I put that on everything
if you think women are difficult in real life...
fuck these developers for not patching ending way too gimmicky
I promise I ended resorting to walkthrough on youtube and was still unable to complete ending doing exactly everything that was done in successful video to no prevail
I would rather allow a steam roller to repeatedly roll over my nut sack then try to play through date 3
so happy to post negative review #28 for this crap game
sucker for the graphics
sucker for what was wrongly depicted in trailer 
sucker for cute asian anime theme songs
sucker for dating sims
sucker for 
anyone who disagrees is what is wrong with society
throw me an award I appreciate your steam points",False,1663789655,4,1,0.397646039724349976,0,457,465,76561198963014241
1574270,125026564,"I like achievements.
This VN does not have achievements.",False,1667707017,1,1,0.336081415414810181,0,342,342,76561198167651511
1574270,198267956,"I expected a dating sim, I got a visual novel with only a handful of decisions and a few gameplay elements mixed into it. The setting is super fresh but can't compensate for visual novel game base. If you like vns it will be a game for you, otherwise look elsewhere.",False,1751028055,2,0,0.416666656732559204,0,421,421,76561197982075450
1574270,123635223,"Was fun until some bug happened with the robe in Chapter 2.

Was a cute, funny dating sim with a nice change of pace. Some of the moments really scared me, although that's not hard to do.
Unfortunately, after a few goes of Chapter 2, the game decided to stop letting MC wear the robe in the bathroom (a necessity for the Masquerade ritual). I spent too long trying to get around it, and now I can't even refund the game.

FURTHER NITPICKS
- There's no ""Are You Sure?"" when you hit ""close game"". My hands move faster than my head, sometimes, and I closed the game that many times when I just wanted to go to the checkpoint menu.
- Full Screen doesn't look good. It's all pixel-y and blurry. Lead to me seeing some weird layers on Ln'eta's art, too.
- Doesn't remember your settings. I have to disable voice and hit full screen every time I open the game.

FURTHER PRAISE
- It's cute and funny. If it weren't for this bug, I could see how so many people are enjoying it and recommending it to others.
- Offers a bit more variety than your garden-variety, Lovecraftian, cephalopodic babe. I don't indulge in horror much but have seen Cthulhu and friends pretty often. Was nice to learn of the King in Yellow.
- You can actually see MC's face. For me, it's a peeve when the MC has bangs covering their eyes. Was a relief to know he had them... for most of the endings, at least...",False,1665407748,7,1,0.549190878868103027,0,203,203,76561198121962921
1574270,138659603,"i got this game as a joke by a clown (thanks walking circus/Kuwuweiner) and i didnt want his wasted money to be in vein. this negative review is based off a coinflip that he said ""heads are negative review"" and it landed heads up. 

this is a massive joke

a game, to lust over eldrich horrors. the first part of three is free as a prolouge. the seccond is the longest and most boring whilst the third one was the shortest but also being the most intresting due to it's intrtesting gimmick. i wont spoil it for you but it takes a bit of searching to get to the third part

part two is the part where its the most frustrating cuz one of the charecters doesnt have the patience for you to mess up and will instantly kill you if you screw up. part three is the most intresting lore wise but i will spare you the details if you wish to play it for yourself.

the visuals was intresting and so was how you progress but to be honest, dating simulators arent my type of game, if it manages to do something completley diffrent like DDLC then ill bite. music is there, fits the theme alright

5/10 okay game, but simply not for me",False,1684641020,1,2,0.351173132658004761,0,248,248,76561198868951790
1574270,136936718,NO hentai. I was promised sexual content. 🖓👎,False,1681868820,4,3,0.38421902060508728,0,403,403,76561198292212863
1574270,112265472,"It will only let me get to the end of chapter 2 and won't allow me to move on with any other chapters, it doesn't even offer any other chapters.",False,1647392523,0,2,0.360490143299102783,0,193,241,76561199251032307
1574270,110527952,"I played the Dread X Collection and was waiting patiently for this and was glad it came out! I think the art is amazing, the voice acting is great, and the puzzles/bigger story is fun. Character designs are camp and fantastic. 

You're going to notice though that I don't recommend this game. 

It's buggy in some ways when it comes to getting endings, so you may end up like me replaying for one of the endings (the top one in Chapter 2) and being unable to get it even though you did the right thing a few times. That was frustrating and I hope it's fixed soon.

Additionally, my biggest problem is the final chapter. I didn't mind having to find secrets to get it, and I didn't mind that it was short if you didn't do the ""fight,"" but what I did mind is how a game that was a slow paced but dark, multiending ""dating sim"" turned in to a quick paced mess that went on for way, way too long. 

Final ""boss"" fight spoilers: [spoiler]The fact that I had to do some of the spells multiple upon multiple times, plus sometimes I got hurt and didn't understand what was even happening. There was a lot going on there, and while I enjoyed the idea of it, the bugs that occurred (the guy who is coming in the door, i literally closed the door 30 times before i just gave up and let him eat my turtle each time, RIP) and the length it went on made it crippling hard and unpleasant. I wish there were like 10 puzzles and you'd have to do like 7-8 or even 9 of them, but in some of my attempts I had to do some of them multiple times, and some of them were overlapping each other and hurting me while I attempted to complete one of them. I gave up when I realized I had made it through 10 different ones, died, and didn't even know how many more there would be.[/spoiler]

I'm not sure if many of the reviewers got to this part in the game, as it requires completion of secrets to get there, but I felt unhappy and stressed out by the end of it, I tried over and over to beat it but eventually realized that it just wasn't fun so I gave up. 

Over all, if you have money to spend and like the aesthetic, feel free to grab it, but otherwise, I wouldn't spend the money again if I knew the final area was like this and I'd end up this frustrated with it.",False,1645232822,13,0,0.543207347393035889,0,277,277,76561198024996031
1574270,189749646,"Kind of a cute little game, but overall I can't recommend it to anyone.  There are other AVNs that are out there with much better story like Leap of Faith if you're looking for relationship/dating sim stuff.  This game felt like a rushed version of Slay the Princess to me with a lot of abrupt endings and very little plot.  It was still fun, but I wouldn't buy it again.",False,1741494045,3,0,0.518518567085266113,0,190,190,76561198059783216
1574270,194097521,"This is a really cute idea with good art and decent music, but I found the game to be too short and too buggy to justify the price. The one control in the game (moving your cursor to chant incantations) was frustratingly janky at times. For such a short visual novel there were also a large number of spelling errors, breaking my immersion.

For the completionists: there are no achievements and it is difficult to unlock the six different endings in Chapter 2, even with the game's checkpoint mechanic.

I'd recommend waiting for a sale or passing on this one.",False,1746242044,1,0,0.47826087474822998,0,181,181,76561198083345371
1574270,200021597,"Fuck this shitty game. It's laggy, the menu loads incorrectly, and the bugs ruin the immersion. I regret spending money on this stupid game and wasting my time playing this crap. Right now, I just wish the developer would die.",False,1752769967,0,4,0.354185819625854492,1,177,178,76561198333351096
